solid drive_wheel. STL generated by ONSHAPE BY PTC INC, 1.218. Units = meters
   facet normal 6.62038e-18 0.108119 0.994138
      outer loop
         vertex -0.0938 0.00484863 -0.0234118
         vertex -0.0938 0.005 -0.02342
         vertex -0.097 0.005 -0.02342
      endloop
   endfacet
   facet normal 1.31631e-17 0.21497 0.976621
      outer loop
         vertex -0.0938 0.00469904 -0.0233873
         vertex -0.0938 0.00484863 -0.0234118
         vertex -0.097 0.00484863 -0.0234118
      endloop
   endfacet
   facet normal 1.95516e-17 0.319302 0.947653
      outer loop
         vertex -0.0938 0.00455298 -0.0233467
         vertex -0.0938 0.00469904 -0.0233873
         vertex -0.097 0.00469904 -0.0233873
      endloop
   endfacet
   facet normal 2.57108e-17 0.419889 0.907575
      outer loop
         vertex -0.0938 0.00441216 -0.0232906
         vertex -0.0938 0.00455298 -0.0233467
         vertex -0.097 0.00455298 -0.0233467
      endloop
   endfacet
   facet normal 3.15686e-17 0.515554 0.856857
      outer loop
         vertex -0.0938 0.00427822 -0.0232196
         vertex -0.0938 0.00441216 -0.0232906
         vertex -0.097 0.00441216 -0.0232906
      endloop
   endfacet
   facet normal 3.70562e-17 0.605174 0.796093
      outer loop
         vertex -0.0938 0.00415276 -0.0231345
         vertex -0.0938 0.00427822 -0.0232196
         vertex -0.097 0.00427822 -0.0232196
      endloop
   endfacet
   facet normal 4.21094e-17 0.687699 0.725995
      outer loop
         vertex -0.0938 0.00403722 -0.0230364
         vertex -0.0938 0.00415276 -0.0231345
         vertex -0.097 0.00415276 -0.0231345
      endloop
   endfacet
   facet normal 4.6669e-17 0.762162 0.647386
      outer loop
         vertex -0.0938 0.00393297 -0.0229263
         vertex -0.0938 0.00403722 -0.0230364
         vertex -0.097 0.00403722 -0.0230364
      endloop
   endfacet
   facet normal 5.06813e-17 0.827689 0.561187
      outer loop
         vertex -0.0938 0.00384124 -0.0228057
         vertex -0.0938 0.00393297 -0.0229263
         vertex -0.097 0.00393297 -0.0229263
      endloop
   endfacet
   facet normal 5.40995e-17 0.883512 0.468408
      outer loop
         vertex -0.0938 0.00376308 -0.0226758
         vertex -0.0938 0.00384124 -0.0228057
         vertex -0.097 0.00384124 -0.0228057
      endloop
   endfacet
   facet normal 5.68834e-17 0.928977 0.370138
      outer loop
         vertex -0.0938 0.00369943 -0.0225382
         vertex -0.0938 0.00376308 -0.0226758
         vertex -0.097 0.00376308 -0.0226758
      endloop
   endfacet
   facet normal 5.90004e-17 0.96355 0.267528
      outer loop
         vertex -0.0938 0.00365103 -0.0223945
         vertex -0.0938 0.00369943 -0.0225382
         vertex -0.097 0.00369943 -0.0225382
      endloop
   endfacet
   facet normal 6.04257e-17 0.986827 0.161782
      outer loop
         vertex -0.0938 0.00361844 -0.0222465
         vertex -0.0938 0.00365103 -0.0223945
         vertex -0.097 0.00365103 -0.0223945
      endloop
   endfacet
   facet normal 6.11425e-17 0.998533 0.0541389
      outer loop
         vertex -0.0938 0.00360205 -0.0220958
         vertex -0.0938 0.00361844 -0.0222465
         vertex -0.097 0.00361844 -0.0222465
      endloop
   endfacet
   facet normal 6.11425e-17 0.998533 -0.0541389
      outer loop
         vertex -0.0938 0.00360205 -0.0219442
         vertex -0.0938 0.00360205 -0.0220958
         vertex -0.097 0.0036 -0.02202
      endloop
   endfacet
   facet normal 6.11425e-17 0.998533 0.0541389
      outer loop
         vertex -0.0938 0.00360205 -0.0220958
         vertex -0.097 0.00360205 -0.0220958
         vertex -0.097 0.0036 -0.02202
      endloop
   endfacet
   facet normal 6.04257e-17 0.986827 -0.161782
      outer loop
         vertex -0.0938 0.00361844 -0.0217935
         vertex -0.0938 0.00360205 -0.0219442
         vertex -0.097 0.00360205 -0.0219442
      endloop
   endfacet
   facet normal 5.90004e-17 0.96355 -0.267528
      outer loop
         vertex -0.0938 0.00365103 -0.0216455
         vertex -0.0938 0.00361844 -0.0217935
         vertex -0.097 0.00361844 -0.0217935
      endloop
   endfacet
   facet normal 5.68834e-17 0.928977 -0.370138
      outer loop
         vertex -0.0938 0.00369943 -0.0215018
         vertex -0.0938 0.00365103 -0.0216455
         vertex -0.097 0.00365103 -0.0216455
      endloop
   endfacet
   facet normal 5.40995e-17 0.883512 -0.468408
      outer loop
         vertex -0.0938 0.00376308 -0.0213642
         vertex -0.0938 0.00369943 -0.0215018
         vertex -0.097 0.00369943 -0.0215018
      endloop
   endfacet
   facet normal 5.06813e-17 0.827689 -0.561187
      outer loop
         vertex -0.0938 0.00384124 -0.0212343
         vertex -0.0938 0.00376308 -0.0213642
         vertex -0.097 0.00376308 -0.0213642
      endloop
   endfacet
   facet normal 4.6669e-17 0.762162 -0.647386
      outer loop
         vertex -0.0938 0.00393297 -0.0211137
         vertex -0.0938 0.00384124 -0.0212343
         vertex -0.097 0.00384124 -0.0212343
      endloop
   endfacet
   facet normal 4.21094e-17 0.687699 -0.725995
      outer loop
         vertex -0.0938 0.00403722 -0.0210036
         vertex -0.0938 0.00393297 -0.0211137
         vertex -0.097 0.00393297 -0.0211137
      endloop
   endfacet
   facet normal 3.70562e-17 0.605174 -0.796093
      outer loop
         vertex -0.0938 0.00415276 -0.0209055
         vertex -0.0938 0.00403722 -0.0210036
         vertex -0.097 0.00403722 -0.0210036
      endloop
   endfacet
   facet normal 3.15686e-17 0.515554 -0.856857
      outer loop
         vertex -0.0938 0.00427822 -0.0208204
         vertex -0.0938 0.00415276 -0.0209055
         vertex -0.097 0.00415276 -0.0209055
      endloop
   endfacet
   facet normal 2.57108e-17 0.419889 -0.907575
      outer loop
         vertex -0.0938 0.00441216 -0.0207494
         vertex -0.0938 0.00427822 -0.0208204
         vertex -0.097 0.00427822 -0.0208204
      endloop
   endfacet
   facet normal 1.95516e-17 0.319302 -0.947653
      outer loop
         vertex -0.0938 0.00455298 -0.0206933
         vertex -0.0938 0.00441216 -0.0207494
         vertex -0.097 0.00441216 -0.0207494
      endloop
   endfacet
   facet normal 1.31631e-17 0.21497 -0.976621
      outer loop
         vertex -0.0938 0.00469904 -0.0206527
         vertex -0.0938 0.00455298 -0.0206933
         vertex -0.097 0.00455298 -0.0206933
      endloop
   endfacet
   facet normal 6.62038e-18 0.108119 -0.994138
      outer loop
         vertex -0.0938 0.00484863 -0.0206282
         vertex -0.0938 0.00469904 -0.0206527
         vertex -0.097 0.00469904 -0.0206527
      endloop
   endfacet
   facet normal -1.8747e-32 -3.06162e-16 -1
      outer loop
         vertex -0.0938 0.005 -0.02062
         vertex -0.0938 0.00484863 -0.0206282
         vertex -0.097 0.00484863 -0.0206282
      endloop
   endfacet
   facet normal -6.62038e-18 -0.108119 -0.994138
      outer loop
         vertex -0.0938 0.00515137 -0.0206282
         vertex -0.0938 0.005 -0.02062
         vertex -0.097 0.005 -0.02062
      endloop
   endfacet
   facet normal -1.31631e-17 -0.21497 -0.976621
      outer loop
         vertex -0.0938 0.00530096 -0.0206527
         vertex -0.0938 0.00515137 -0.0206282
         vertex -0.097 0.00515137 -0.0206282
      endloop
   endfacet
   facet normal -1.95516e-17 -0.319302 -0.947653
      outer loop
         vertex -0.0938 0.00544702 -0.0206933
         vertex -0.0938 0.00530096 -0.0206527
         vertex -0.097 0.00530096 -0.0206527
      endloop
   endfacet
   facet normal -2.57108e-17 -0.419889 -0.907575
      outer loop
         vertex -0.0938 0.00558784 -0.0207494
         vertex -0.0938 0.00544702 -0.0206933
         vertex -0.097 0.00544702 -0.0206933
      endloop
   endfacet
   facet normal -3.15686e-17 -0.515554 -0.856857
      outer loop
         vertex -0.0938 0.00572178 -0.0208204
         vertex -0.0938 0.00558784 -0.0207494
         vertex -0.097 0.00558784 -0.0207494
      endloop
   endfacet
   facet normal -3.70562e-17 -0.605174 -0.796093
      outer loop
         vertex -0.0938 0.00584724 -0.0209055
         vertex -0.0938 0.00572178 -0.0208204
         vertex -0.097 0.00572178 -0.0208204
      endloop
   endfacet
   facet normal -4.21094e-17 -0.687699 -0.725995
      outer loop
         vertex -0.0938 0.00596278 -0.0210036
         vertex -0.0938 0.00584724 -0.0209055
         vertex -0.097 0.00584724 -0.0209055
      endloop
   endfacet
   facet normal -4.6669e-17 -0.762162 -0.647386
      outer loop
         vertex -0.0938 0.00606703 -0.0211137
         vertex -0.0938 0.00596278 -0.0210036
         vertex -0.097 0.00596278 -0.0210036
      endloop
   endfacet
   facet normal -5.06813e-17 -0.827689 -0.561187
      outer loop
         vertex -0.0938 0.00615876 -0.0212343
         vertex -0.0938 0.00606703 -0.0211137
         vertex -0.097 0.00606703 -0.0211137
      endloop
   endfacet
   facet normal -5.40995e-17 -0.883512 -0.468408
      outer loop
         vertex -0.0938 0.00623692 -0.0213642
         vertex -0.0938 0.00615876 -0.0212343
         vertex -0.097 0.00615876 -0.0212343
      endloop
   endfacet
   facet normal -5.68834e-17 -0.928977 -0.370138
      outer loop
         vertex -0.0938 0.00630057 -0.0215018
         vertex -0.0938 0.00623692 -0.0213642
         vertex -0.097 0.00623692 -0.0213642
      endloop
   endfacet
   facet normal -5.90004e-17 -0.96355 -0.267528
      outer loop
         vertex -0.0938 0.00634897 -0.0216455
         vertex -0.0938 0.00630057 -0.0215018
         vertex -0.097 0.00630057 -0.0215018
      endloop
   endfacet
   facet normal -6.04257e-17 -0.986827 -0.161782
      outer loop
         vertex -0.0938 0.00638156 -0.0217935
         vertex -0.0938 0.00634897 -0.0216455
         vertex -0.097 0.00634897 -0.0216455
      endloop
   endfacet
   facet normal -6.11425e-17 -0.998533 -0.0541389
      outer loop
         vertex -0.0938 0.00639795 -0.0219442
         vertex -0.0938 0.00638156 -0.0217935
         vertex -0.097 0.00638156 -0.0217935
      endloop
   endfacet
   facet normal -6.11425e-17 -0.998533 0.0541389
      outer loop
         vertex -0.0938 0.00639795 -0.0220958
         vertex -0.0938 0.00639795 -0.0219442
         vertex -0.097 0.00639795 -0.0219442
      endloop
   endfacet
   facet normal -6.04257e-17 -0.986827 0.161782
      outer loop
         vertex -0.0938 0.00638156 -0.0222465
         vertex -0.0938 0.00639795 -0.0220958
         vertex -0.097 0.00639795 -0.0220958
      endloop
   endfacet
   facet normal -5.90004e-17 -0.96355 0.267528
      outer loop
         vertex -0.0938 0.00634897 -0.0223945
         vertex -0.0938 0.00638156 -0.0222465
         vertex -0.097 0.00638156 -0.0222465
      endloop
   endfacet
   facet normal -5.68834e-17 -0.928977 0.370138
      outer loop
         vertex -0.0938 0.00630057 -0.0225382
         vertex -0.0938 0.00634897 -0.0223945
         vertex -0.097 0.00634897 -0.0223945
      endloop
   endfacet
   facet normal -5.40995e-17 -0.883512 0.468408
      outer loop
         vertex -0.0938 0.00623692 -0.0226758
         vertex -0.0938 0.00630057 -0.0225382
         vertex -0.097 0.00630057 -0.0225382
      endloop
   endfacet
   facet normal -5.06813e-17 -0.827689 0.561187
      outer loop
         vertex -0.0938 0.00615876 -0.0228057
         vertex -0.0938 0.00623692 -0.0226758
         vertex -0.097 0.00623692 -0.0226758
      endloop
   endfacet
   facet normal -4.6669e-17 -0.762162 0.647386
      outer loop
         vertex -0.0938 0.00606703 -0.0229263
         vertex -0.0938 0.00615876 -0.0228057
         vertex -0.097 0.00615876 -0.0228057
      endloop
   endfacet
   facet normal -4.21094e-17 -0.687699 0.725995
      outer loop
         vertex -0.0938 0.00596278 -0.0230364
         vertex -0.0938 0.00606703 -0.0229263
         vertex -0.097 0.00606703 -0.0229263
      endloop
   endfacet
   facet normal -3.70562e-17 -0.605174 0.796093
      outer loop
         vertex -0.0938 0.00584724 -0.0231345
         vertex -0.0938 0.00596278 -0.0230364
         vertex -0.097 0.00596278 -0.0230364
      endloop
   endfacet
   facet normal -3.15686e-17 -0.515554 0.856857
      outer loop
         vertex -0.0938 0.00572178 -0.0232196
         vertex -0.0938 0.00584724 -0.0231345
         vertex -0.097 0.00584724 -0.0231345
      endloop
   endfacet
   facet normal -2.57108e-17 -0.419889 0.907575
      outer loop
         vertex -0.0938 0.00558784 -0.0232906
         vertex -0.0938 0.00572178 -0.0232196
         vertex -0.097 0.00572178 -0.0232196
      endloop
   endfacet
   facet normal -1.95516e-17 -0.319302 0.947653
      outer loop
         vertex -0.0938 0.00544702 -0.0233467
         vertex -0.0938 0.00558784 -0.0232906
         vertex -0.097 0.00558784 -0.0232906
      endloop
   endfacet
   facet normal -1.31631e-17 -0.21497 0.976621
      outer loop
         vertex -0.0938 0.00530096 -0.0233873
         vertex -0.0938 0.00544702 -0.0233467
         vertex -0.097 0.00544702 -0.0233467
      endloop
   endfacet
   facet normal -6.62038e-18 -0.108119 0.994138
      outer loop
         vertex -0.0938 0.00515137 -0.0234118
         vertex -0.0938 0.00530096 -0.0233873
         vertex -0.097 0.00530096 -0.0233873
      endloop
   endfacet
   facet normal 2.62458e-32 4.28626e-16 1
      outer loop
         vertex -0.0938 0.005 -0.02342
         vertex -0.0938 0.00515137 -0.0234118
         vertex -0.097 0.00515137 -0.0234118
      endloop
   endfacet
   facet normal -6.62038e-18 -0.108119 0.994138
      outer loop
         vertex -0.097 0.00515137 -0.0234118
         vertex -0.097 0.005 -0.02342
         vertex -0.0938 0.005 -0.02342
      endloop
   endfacet
   facet normal -1.31631e-17 -0.21497 0.976621
      outer loop
         vertex -0.097 0.00530096 -0.0233873
         vertex -0.097 0.00515137 -0.0234118
         vertex -0.0938 0.00515137 -0.0234118
      endloop
   endfacet
   facet normal -1.95516e-17 -0.319302 0.947653
      outer loop
         vertex -0.097 0.00544702 -0.0233467
         vertex -0.097 0.00530096 -0.0233873
         vertex -0.0938 0.00530096 -0.0233873
      endloop
   endfacet
   facet normal -2.57108e-17 -0.419889 0.907575
      outer loop
         vertex -0.097 0.00558784 -0.0232906
         vertex -0.097 0.00544702 -0.0233467
         vertex -0.0938 0.00544702 -0.0233467
      endloop
   endfacet
   facet normal -3.15686e-17 -0.515554 0.856857
      outer loop
         vertex -0.097 0.00572178 -0.0232196
         vertex -0.097 0.00558784 -0.0232906
         vertex -0.0938 0.00558784 -0.0232906
      endloop
   endfacet
   facet normal -3.70562e-17 -0.605174 0.796093
      outer loop
         vertex -0.097 0.00584724 -0.0231345
         vertex -0.097 0.00572178 -0.0232196
         vertex -0.0938 0.00572178 -0.0232196
      endloop
   endfacet
   facet normal -4.21094e-17 -0.687699 0.725995
      outer loop
         vertex -0.097 0.00596278 -0.0230364
         vertex -0.097 0.00584724 -0.0231345
         vertex -0.0938 0.00584724 -0.0231345
      endloop
   endfacet
   facet normal -4.6669e-17 -0.762162 0.647386
      outer loop
         vertex -0.097 0.00606703 -0.0229263
         vertex -0.097 0.00596278 -0.0230364
         vertex -0.0938 0.00596278 -0.0230364
      endloop
   endfacet
   facet normal -5.06813e-17 -0.827689 0.561187
      outer loop
         vertex -0.097 0.00615876 -0.0228057
         vertex -0.097 0.00606703 -0.0229263
         vertex -0.0938 0.00606703 -0.0229263
      endloop
   endfacet
   facet normal -5.40995e-17 -0.883512 0.468408
      outer loop
         vertex -0.097 0.00623692 -0.0226758
         vertex -0.097 0.00615876 -0.0228057
         vertex -0.0938 0.00615876 -0.0228057
      endloop
   endfacet
   facet normal -5.68834e-17 -0.928977 0.370138
      outer loop
         vertex -0.097 0.00630057 -0.0225382
         vertex -0.097 0.00623692 -0.0226758
         vertex -0.0938 0.00623692 -0.0226758
      endloop
   endfacet
   facet normal -5.90004e-17 -0.96355 0.267528
      outer loop
         vertex -0.097 0.00634897 -0.0223945
         vertex -0.097 0.00630057 -0.0225382
         vertex -0.0938 0.00630057 -0.0225382
      endloop
   endfacet
   facet normal -6.04257e-17 -0.986827 0.161782
      outer loop
         vertex -0.097 0.00638156 -0.0222465
         vertex -0.097 0.00634897 -0.0223945
         vertex -0.0938 0.00634897 -0.0223945
      endloop
   endfacet
   facet normal -6.11425e-17 -0.998533 0.0541389
      outer loop
         vertex -0.097 0.00639795 -0.0220958
         vertex -0.097 0.00638156 -0.0222465
         vertex -0.0938 0.00638156 -0.0222465
      endloop
   endfacet
   facet normal -6.11425e-17 -0.998533 -0.0541389
      outer loop
         vertex -0.097 0.00639795 -0.0219442
         vertex -0.097 0.00639795 -0.0220958
         vertex -0.0938 0.00639795 -0.0220958
      endloop
   endfacet
   facet normal -6.04257e-17 -0.986827 -0.161782
      outer loop
         vertex -0.097 0.00638156 -0.0217935
         vertex -0.097 0.00639795 -0.0219442
         vertex -0.0938 0.00639795 -0.0219442
      endloop
   endfacet
   facet normal -5.90004e-17 -0.96355 -0.267528
      outer loop
         vertex -0.097 0.00634897 -0.0216455
         vertex -0.097 0.00638156 -0.0217935
         vertex -0.0938 0.00638156 -0.0217935
      endloop
   endfacet
   facet normal -5.68834e-17 -0.928977 -0.370138
      outer loop
         vertex -0.097 0.00630057 -0.0215018
         vertex -0.097 0.00634897 -0.0216455
         vertex -0.0938 0.00634897 -0.0216455
      endloop
   endfacet
   facet normal -5.40995e-17 -0.883512 -0.468408
      outer loop
         vertex -0.097 0.00623692 -0.0213642
         vertex -0.097 0.00630057 -0.0215018
         vertex -0.0938 0.00630057 -0.0215018
      endloop
   endfacet
   facet normal -5.06813e-17 -0.827689 -0.561187
      outer loop
         vertex -0.097 0.00615876 -0.0212343
         vertex -0.097 0.00623692 -0.0213642
         vertex -0.0938 0.00623692 -0.0213642
      endloop
   endfacet
   facet normal -4.6669e-17 -0.762162 -0.647386
      outer loop
         vertex -0.097 0.00606703 -0.0211137
         vertex -0.097 0.00615876 -0.0212343
         vertex -0.0938 0.00615876 -0.0212343
      endloop
   endfacet
   facet normal -4.21094e-17 -0.687699 -0.725995
      outer loop
         vertex -0.097 0.00596278 -0.0210036
         vertex -0.097 0.00606703 -0.0211137
         vertex -0.0938 0.00606703 -0.0211137
      endloop
   endfacet
   facet normal -3.70562e-17 -0.605174 -0.796093
      outer loop
         vertex -0.097 0.00584724 -0.0209055
         vertex -0.097 0.00596278 -0.0210036
         vertex -0.0938 0.00596278 -0.0210036
      endloop
   endfacet
   facet normal -3.15686e-17 -0.515554 -0.856857
      outer loop
         vertex -0.097 0.00572178 -0.0208204
         vertex -0.097 0.00584724 -0.0209055
         vertex -0.0938 0.00584724 -0.0209055
      endloop
   endfacet
   facet normal -2.57108e-17 -0.419889 -0.907575
      outer loop
         vertex -0.097 0.00558784 -0.0207494
         vertex -0.097 0.00572178 -0.0208204
         vertex -0.0938 0.00572178 -0.0208204
      endloop
   endfacet
   facet normal -1.95516e-17 -0.319302 -0.947653
      outer loop
         vertex -0.097 0.00544702 -0.0206933
         vertex -0.097 0.00558784 -0.0207494
         vertex -0.0938 0.00558784 -0.0207494
      endloop
   endfacet
   facet normal -1.31631e-17 -0.21497 -0.976621
      outer loop
         vertex -0.097 0.00530096 -0.0206527
         vertex -0.097 0.00544702 -0.0206933
         vertex -0.0938 0.00544702 -0.0206933
      endloop
   endfacet
   facet normal -6.62038e-18 -0.108119 -0.994138
      outer loop
         vertex -0.097 0.00515137 -0.0206282
         vertex -0.097 0.00530096 -0.0206527
         vertex -0.0938 0.00530096 -0.0206527
      endloop
   endfacet
   facet normal -1.8747e-32 -3.06162e-16 -1
      outer loop
         vertex -0.097 0.005 -0.02062
         vertex -0.097 0.00515137 -0.0206282
         vertex -0.0938 0.00515137 -0.0206282
      endloop
   endfacet
   facet normal 6.62038e-18 0.108119 -0.994138
      outer loop
         vertex -0.097 0.00484863 -0.0206282
         vertex -0.097 0.005 -0.02062
         vertex -0.0938 0.005 -0.02062
      endloop
   endfacet
   facet normal 1.31631e-17 0.21497 -0.976621
      outer loop
         vertex -0.097 0.00469904 -0.0206527
         vertex -0.097 0.00484863 -0.0206282
         vertex -0.0938 0.00484863 -0.0206282
      endloop
   endfacet
   facet normal 1.95516e-17 0.319302 -0.947653
      outer loop
         vertex -0.097 0.00455298 -0.0206933
         vertex -0.097 0.00469904 -0.0206527
         vertex -0.0938 0.00469904 -0.0206527
      endloop
   endfacet
   facet normal 2.57108e-17 0.419889 -0.907575
      outer loop
         vertex -0.097 0.00441216 -0.0207494
         vertex -0.097 0.00455298 -0.0206933
         vertex -0.0938 0.00455298 -0.0206933
      endloop
   endfacet
   facet normal 3.15686e-17 0.515554 -0.856857
      outer loop
         vertex -0.097 0.00427822 -0.0208204
         vertex -0.097 0.00441216 -0.0207494
         vertex -0.0938 0.00441216 -0.0207494
      endloop
   endfacet
   facet normal 3.70562e-17 0.605174 -0.796093
      outer loop
         vertex -0.097 0.00415276 -0.0209055
         vertex -0.097 0.00427822 -0.0208204
         vertex -0.0938 0.00427822 -0.0208204
      endloop
   endfacet
   facet normal 4.21094e-17 0.687699 -0.725995
      outer loop
         vertex -0.097 0.00403722 -0.0210036
         vertex -0.097 0.00415276 -0.0209055
         vertex -0.0938 0.00415276 -0.0209055
      endloop
   endfacet
   facet normal 4.6669e-17 0.762162 -0.647386
      outer loop
         vertex -0.097 0.00393297 -0.0211137
         vertex -0.097 0.00403722 -0.0210036
         vertex -0.0938 0.00403722 -0.0210036
      endloop
   endfacet
   facet normal 5.06813e-17 0.827689 -0.561187
      outer loop
         vertex -0.097 0.00384124 -0.0212343
         vertex -0.097 0.00393297 -0.0211137
         vertex -0.0938 0.00393297 -0.0211137
      endloop
   endfacet
   facet normal 5.40995e-17 0.883512 -0.468408
      outer loop
         vertex -0.097 0.00376308 -0.0213642
         vertex -0.097 0.00384124 -0.0212343
         vertex -0.0938 0.00384124 -0.0212343
      endloop
   endfacet
   facet normal 5.68834e-17 0.928977 -0.370138
      outer loop
         vertex -0.097 0.00369943 -0.0215018
         vertex -0.097 0.00376308 -0.0213642
         vertex -0.0938 0.00376308 -0.0213642
      endloop
   endfacet
   facet normal 5.90004e-17 0.96355 -0.267528
      outer loop
         vertex -0.097 0.00365103 -0.0216455
         vertex -0.097 0.00369943 -0.0215018
         vertex -0.0938 0.00369943 -0.0215018
      endloop
   endfacet
   facet normal 6.04257e-17 0.986827 -0.161782
      outer loop
         vertex -0.097 0.00361844 -0.0217935
         vertex -0.097 0.00365103 -0.0216455
         vertex -0.0938 0.00365103 -0.0216455
      endloop
   endfacet
   facet normal 6.11425e-17 0.998533 -0.0541389
      outer loop
         vertex -0.097 0.00360205 -0.0219442
         vertex -0.097 0.00361844 -0.0217935
         vertex -0.0938 0.00361844 -0.0217935
      endloop
   endfacet
   facet normal 6.12323e-17 1 -3.67394e-16
      outer loop
         vertex -0.097 0.0036 -0.02202
         vertex -0.097 0.00360205 -0.0219442
         vertex -0.0938 0.00360205 -0.0219442
      endloop
   endfacet
   facet normal 6.04257e-17 0.986827 0.161782
      outer loop
         vertex -0.097 0.00361844 -0.0222465
         vertex -0.097 0.00360205 -0.0220958
         vertex -0.0938 0.00360205 -0.0220958
      endloop
   endfacet
   facet normal 5.90004e-17 0.96355 0.267528
      outer loop
         vertex -0.097 0.00365103 -0.0223945
         vertex -0.097 0.00361844 -0.0222465
         vertex -0.0938 0.00361844 -0.0222465
      endloop
   endfacet
   facet normal 5.68834e-17 0.928977 0.370138
      outer loop
         vertex -0.097 0.00369943 -0.0225382
         vertex -0.097 0.00365103 -0.0223945
         vertex -0.0938 0.00365103 -0.0223945
      endloop
   endfacet
   facet normal 5.40995e-17 0.883512 0.468408
      outer loop
         vertex -0.097 0.00376308 -0.0226758
         vertex -0.097 0.00369943 -0.0225382
         vertex -0.0938 0.00369943 -0.0225382
      endloop
   endfacet
   facet normal 5.06813e-17 0.827689 0.561187
      outer loop
         vertex -0.097 0.00384124 -0.0228057
         vertex -0.097 0.00376308 -0.0226758
         vertex -0.0938 0.00376308 -0.0226758
      endloop
   endfacet
   facet normal 4.6669e-17 0.762162 0.647386
      outer loop
         vertex -0.097 0.00393297 -0.0229263
         vertex -0.097 0.00384124 -0.0228057
         vertex -0.0938 0.00384124 -0.0228057
      endloop
   endfacet
   facet normal 4.21094e-17 0.687699 0.725995
      outer loop
         vertex -0.097 0.00403722 -0.0230364
         vertex -0.097 0.00393297 -0.0229263
         vertex -0.0938 0.00393297 -0.0229263
      endloop
   endfacet
   facet normal 3.70562e-17 0.605174 0.796093
      outer loop
         vertex -0.097 0.00415276 -0.0231345
         vertex -0.097 0.00403722 -0.0230364
         vertex -0.0938 0.00403722 -0.0230364
      endloop
   endfacet
   facet normal 3.15686e-17 0.515554 0.856857
      outer loop
         vertex -0.097 0.00427822 -0.0232196
         vertex -0.097 0.00415276 -0.0231345
         vertex -0.0938 0.00415276 -0.0231345
      endloop
   endfacet
   facet normal 2.57108e-17 0.419889 0.907575
      outer loop
         vertex -0.097 0.00441216 -0.0232906
         vertex -0.097 0.00427822 -0.0232196
         vertex -0.0938 0.00427822 -0.0232196
      endloop
   endfacet
   facet normal 1.95516e-17 0.319302 0.947653
      outer loop
         vertex -0.097 0.00455298 -0.0233467
         vertex -0.097 0.00441216 -0.0232906
         vertex -0.0938 0.00441216 -0.0232906
      endloop
   endfacet
   facet normal 1.31631e-17 0.21497 0.976621
      outer loop
         vertex -0.097 0.00469904 -0.0233873
         vertex -0.097 0.00455298 -0.0233467
         vertex -0.0938 0.00455298 -0.0233467
      endloop
   endfacet
   facet normal 6.62038e-18 0.108119 0.994138
      outer loop
         vertex -0.097 0.00484863 -0.0234118
         vertex -0.097 0.00469904 -0.0233873
         vertex -0.0938 0.00469904 -0.0233873
      endloop
   endfacet
   facet normal 2.62458e-32 4.28626e-16 1
      outer loop
         vertex -0.097 0.005 -0.02342
         vertex -0.097 0.00484863 -0.0234118
         vertex -0.0938 0.00484863 -0.0234118
      endloop
   endfacet
   facet normal -1 6.12323e-17 0
      outer loop
         vertex -0.097 0.00798241 -0.0216956
         vertex -0.097 0.00639795 -0.0219442
         vertex -0.097 0.00638156 -0.0217935
      endloop
   endfacet
   facet normal -1 6.12323e-17 0
      outer loop
         vertex -0.097 0.00784296 -0.0229779
         vertex -0.097 0.00772273 -0.0232797
         vertex -0.097 0.00630057 -0.0225382
      endloop
   endfacet
   facet normal -1 6.12323e-17 0
      outer loop
         vertex -0.097 0.00757057 -0.0235667
         vertex -0.097 0.00615876 -0.0228057
         vertex -0.097 0.00623692 -0.0226758
      endloop
   endfacet
   facet normal -1 6.12323e-17 0
      outer loop
         vertex -0.097 0.00784296 -0.0210621
         vertex -0.097 0.00792986 -0.0213751
         vertex -0.097 0.00634897 -0.0216455
      endloop
   endfacet
   facet normal -1 6.12323e-17 0
      outer loop
         vertex -0.097 0.00638156 -0.0217935
         vertex -0.097 0.00792986 -0.0213751
         vertex -0.097 0.00798241 -0.0216956
      endloop
   endfacet
   facet normal -1 6.12323e-17 0
      outer loop
         vertex -0.097 0.00772273 -0.0232797
         vertex -0.097 0.00623692 -0.0226758
         vertex -0.097 0.00630057 -0.0225382
      endloop
   endfacet
   facet normal -1 6.12323e-17 0
      outer loop
         vertex -0.097 0.00623692 -0.0226758
         vertex -0.097 0.00772273 -0.0232797
         vertex -0.097 0.00757057 -0.0235667
      endloop
   endfacet
   facet normal -1 6.12323e-17 0
      outer loop
         vertex -0.097 0.00630057 -0.0215018
         vertex -0.097 0.00772273 -0.0207603
         vertex -0.097 0.00784296 -0.0210621
      endloop
   endfacet
   facet normal -1 6.12323e-17 0
      outer loop
         vertex -0.097 0.00798241 -0.0216956
         vertex -0.097 0.008 -0.02202
         vertex -0.097 0.00639795 -0.0219442
      endloop
   endfacet
   facet normal -1 6.12323e-17 0
      outer loop
         vertex -0.097 0.00798241 -0.0223444
         vertex -0.097 0.00792986 -0.0226649
         vertex -0.097 0.00638156 -0.0222465
      endloop
   endfacet
   facet normal -1 6.12323e-17 0
      outer loop
         vertex -0.097 0.00792986 -0.0226649
         vertex -0.097 0.00784296 -0.0229779
         vertex -0.097 0.00634897 -0.0223945
      endloop
   endfacet
   facet normal -1 6.12323e-17 0
      outer loop
         vertex -0.097 0.00757057 -0.0235667
         vertex -0.097 0.00738828 -0.0238355
         vertex -0.097 0.00615876 -0.0228057
      endloop
   endfacet
   facet normal -1 6.12323e-17 0
      outer loop
         vertex -0.097 0.00738828 -0.0238355
         vertex -0.097 0.00717799 -0.0240831
         vertex -0.097 0.00606703 -0.0229263
      endloop
   endfacet
   facet normal -1 6.12323e-17 0
      outer loop
         vertex -0.097 0.00757057 -0.0204733
         vertex -0.097 0.00623692 -0.0213642
         vertex -0.097 0.00615876 -0.0212343
      endloop
   endfacet
   facet normal -1 6.12323e-17 0
      outer loop
         vertex -0.097 0.00638156 -0.0217935
         vertex -0.097 0.00634897 -0.0216455
         vertex -0.097 0.00792986 -0.0213751
      endloop
   endfacet
   facet normal -1 6.12323e-17 0
      outer loop
         vertex -0.097 0.008 -0.02202
         vertex -0.097 0.00798241 -0.0223444
         vertex -0.097 0.00639795 -0.0220958
      endloop
   endfacet
   facet normal -1 6.12323e-17 0
      outer loop
         vertex -0.097 0.00634897 -0.0223945
         vertex -0.097 0.00638156 -0.0222465
         vertex -0.097 0.00792986 -0.0226649
      endloop
   endfacet
   facet normal -1 6.12323e-17 0
      outer loop
         vertex -0.097 0.00606703 -0.0229263
         vertex -0.097 0.00615876 -0.0228057
         vertex -0.097 0.00738828 -0.0238355
      endloop
   endfacet
   facet normal -1 6.12323e-17 0
      outer loop
         vertex -0.097 0.00227727 -0.0207603
         vertex -0.097 0.00242943 -0.0204733
         vertex -0.097 0.00376308 -0.0213642
      endloop
   endfacet
   facet normal -1 6.12323e-17 0
      outer loop
         vertex -0.097 0.00282201 -0.0199569
         vertex -0.097 0.00403722 -0.0210036
         vertex -0.097 0.00393297 -0.0211137
      endloop
   endfacet
   facet normal -1 6.12323e-17 0
      outer loop
         vertex -0.097 0.00305784 -0.0197335
         vertex -0.097 0.00415276 -0.0209055
         vertex -0.097 0.00403722 -0.0210036
      endloop
   endfacet
   facet normal -1 6.12323e-17 0
      outer loop
         vertex -0.097 0.00615876 -0.0212343
         vertex -0.097 0.00738828 -0.0202045
         vertex -0.097 0.00757057 -0.0204733
      endloop
   endfacet
   facet normal -1 6.12323e-17 0
      outer loop
         vertex -0.097 0.00639795 -0.0220958
         vertex -0.097 0.00639795 -0.0219442
         vertex -0.097 0.008 -0.02202
      endloop
   endfacet
   facet normal -1 6.12323e-17 0
      outer loop
         vertex -0.097 0.00630057 -0.0225382
         vertex -0.097 0.00634897 -0.0223945
         vertex -0.097 0.00784296 -0.0229779
      endloop
   endfacet
   facet normal -1 6.12323e-17 0
      outer loop
         vertex -0.097 0.002 -0.02202
         vertex -0.097 0.00201759 -0.0216956
         vertex -0.097 0.00360205 -0.0219442
      endloop
   endfacet
   facet normal -1 6.12323e-17 0
      outer loop
         vertex -0.097 0.00201759 -0.0216956
         vertex -0.097 0.00207014 -0.0213751
         vertex -0.097 0.00361844 -0.0217935
      endloop
   endfacet
   facet normal -1 6.12323e-17 0
      outer loop
         vertex -0.097 0.00242943 -0.0204733
         vertex -0.097 0.00384124 -0.0212343
         vertex -0.097 0.00376308 -0.0213642
      endloop
   endfacet
   facet normal -1 6.12323e-17 0
      outer loop
         vertex -0.097 0.00261172 -0.0202045
         vertex -0.097 0.00393297 -0.0211137
         vertex -0.097 0.00384124 -0.0212343
      endloop
   endfacet
   facet normal -1 6.12323e-17 0
      outer loop
         vertex -0.097 0.00403722 -0.0210036
         vertex -0.097 0.00282201 -0.0199569
         vertex -0.097 0.00305784 -0.0197335
      endloop
   endfacet
   facet normal -1 6.12323e-17 0
      outer loop
         vertex -0.097 0.00331644 -0.0195369
         vertex -0.097 0.00427822 -0.0208204
         vertex -0.097 0.00415276 -0.0209055
      endloop
   endfacet
   facet normal -1 6.12323e-17 0
      outer loop
         vertex -0.097 0.00640523 -0.0193695
         vertex -0.097 0.00572178 -0.0208204
         vertex -0.097 0.00558784 -0.0207494
      endloop
   endfacet
   facet normal -1 6.12323e-17 0
      outer loop
         vertex -0.097 0.00694216 -0.0197335
         vertex -0.097 0.00717799 -0.0199569
         vertex -0.097 0.00596278 -0.0210036
      endloop
   endfacet
   facet normal -1 6.12323e-17 0
      outer loop
         vertex -0.097 0.00772273 -0.0207603
         vertex -0.097 0.00630057 -0.0215018
         vertex -0.097 0.00623692 -0.0213642
      endloop
   endfacet
   facet normal -1 6.12323e-17 0
      outer loop
         vertex -0.097 0.00638156 -0.0222465
         vertex -0.097 0.00639795 -0.0220958
         vertex -0.097 0.00798241 -0.0223444
      endloop
   endfacet
   facet normal -1 6.12323e-17 0
      outer loop
         vertex -0.097 0.00694216 -0.0243065
         vertex -0.097 0.00584724 -0.0231345
         vertex -0.097 0.00596278 -0.0230364
      endloop
   endfacet
   facet normal -1 6.12323e-17 0
      outer loop
         vertex -0.097 0.00640523 -0.0246705
         vertex -0.097 0.00611041 -0.0248069
         vertex -0.097 0.00558784 -0.0232906
      endloop
   endfacet
   facet normal -1 6.12323e-17 0
      outer loop
         vertex -0.097 0.00361844 -0.0217935
         vertex -0.097 0.00360205 -0.0219442
         vertex -0.097 0.00201759 -0.0216956
      endloop
   endfacet
   facet normal -1 6.12323e-17 0
      outer loop
         vertex -0.097 0.00215704 -0.0210621
         vertex -0.097 0.00369943 -0.0215018
         vertex -0.097 0.00365103 -0.0216455
      endloop
   endfacet
   facet normal -1 6.12323e-17 0
      outer loop
         vertex -0.097 0.00384124 -0.0212343
         vertex -0.097 0.00242943 -0.0204733
         vertex -0.097 0.00261172 -0.0202045
      endloop
   endfacet
   facet normal -1 6.12323e-17 0
      outer loop
         vertex -0.097 0.00415276 -0.0209055
         vertex -0.097 0.00305784 -0.0197335
         vertex -0.097 0.00331644 -0.0195369
      endloop
   endfacet
   facet normal -1 6.12323e-17 0
      outer loop
         vertex -0.097 0.00359477 -0.0193695
         vertex -0.097 0.00388959 -0.0192331
         vertex -0.097 0.00441216 -0.0207494
      endloop
   endfacet
   facet normal -1 6.12323e-17 0
      outer loop
         vertex -0.097 0.00558784 -0.0207494
         vertex -0.097 0.00611041 -0.0192331
         vertex -0.097 0.00640523 -0.0193695
      endloop
   endfacet
   facet normal -1 6.12323e-17 0
      outer loop
         vertex -0.097 0.00668356 -0.0195369
         vertex -0.097 0.00694216 -0.0197335
         vertex -0.097 0.00584724 -0.0209055
      endloop
   endfacet
   facet normal -1 6.12323e-17 0
      outer loop
         vertex -0.097 0.00717799 -0.0199569
         vertex -0.097 0.00606703 -0.0211137
         vertex -0.097 0.00596278 -0.0210036
      endloop
   endfacet
   facet normal -1 6.12323e-17 0
      outer loop
         vertex -0.097 0.00738828 -0.0202045
         vertex -0.097 0.00615876 -0.0212343
         vertex -0.097 0.00606703 -0.0211137
      endloop
   endfacet
   facet normal -1 6.12323e-17 0
      outer loop
         vertex -0.097 0.00634897 -0.0216455
         vertex -0.097 0.00630057 -0.0215018
         vertex -0.097 0.00784296 -0.0210621
      endloop
   endfacet
   facet normal -1 6.12323e-17 0
      outer loop
         vertex -0.097 0.00596278 -0.0230364
         vertex -0.097 0.00717799 -0.0240831
         vertex -0.097 0.00694216 -0.0243065
      endloop
   endfacet
   facet normal -1 6.12323e-17 0
      outer loop
         vertex -0.097 0.00668356 -0.0245031
         vertex -0.097 0.00572178 -0.0232196
         vertex -0.097 0.00584724 -0.0231345
      endloop
   endfacet
   facet normal -1 6.12323e-17 0
      outer loop
         vertex -0.097 0.00572178 -0.0232196
         vertex -0.097 0.00668356 -0.0245031
         vertex -0.097 0.00640523 -0.0246705
      endloop
   endfacet
   facet normal -1 6.12323e-17 0
      outer loop
         vertex -0.097 0.00207014 -0.0213751
         vertex -0.097 0.00365103 -0.0216455
         vertex -0.097 0.00361844 -0.0217935
      endloop
   endfacet
   facet normal -1 6.12323e-17 0
      outer loop
         vertex -0.097 0.00365103 -0.0216455
         vertex -0.097 0.00207014 -0.0213751
         vertex -0.097 0.00215704 -0.0210621
      endloop
   endfacet
   facet normal -1 6.12323e-17 0
      outer loop
         vertex -0.097 0.00393297 -0.0211137
         vertex -0.097 0.00261172 -0.0202045
         vertex -0.097 0.00282201 -0.0199569
      endloop
   endfacet
   facet normal -1 6.12323e-17 0
      outer loop
         vertex -0.097 0.00427822 -0.0208204
         vertex -0.097 0.00331644 -0.0195369
         vertex -0.097 0.00359477 -0.0193695
      endloop
   endfacet
   facet normal -1 6.12323e-17 0
      outer loop
         vertex -0.097 0.00584724 -0.0209055
         vertex -0.097 0.00572178 -0.0208204
         vertex -0.097 0.00668356 -0.0195369
      endloop
   endfacet
   facet normal -1 6.12323e-17 0
      outer loop
         vertex -0.097 0.00606703 -0.0211137
         vertex -0.097 0.00717799 -0.0199569
         vertex -0.097 0.00738828 -0.0202045
      endloop
   endfacet
   facet normal -1 6.12323e-17 0
      outer loop
         vertex -0.097 0.00596278 -0.0230364
         vertex -0.097 0.00606703 -0.0229263
         vertex -0.097 0.00717799 -0.0240831
      endloop
   endfacet
   facet normal -1 6.12323e-17 0
      outer loop
         vertex -0.097 0.00558784 -0.0232906
         vertex -0.097 0.00572178 -0.0232196
         vertex -0.097 0.00640523 -0.0246705
      endloop
   endfacet
   facet normal -1 6.12323e-17 0
      outer loop
         vertex -0.097 0.00201759 -0.0223444
         vertex -0.097 0.00360205 -0.0220958
         vertex -0.097 0.00361844 -0.0222465
      endloop
   endfacet
   facet normal -1 6.12323e-17 0
      outer loop
         vertex -0.097 0.002 -0.02202
         vertex -0.097 0.0036 -0.02202
         vertex -0.097 0.00360205 -0.0220958
      endloop
   endfacet
   facet normal -1 6.12323e-17 0
      outer loop
         vertex -0.097 0.00215704 -0.0210621
         vertex -0.097 0.00227727 -0.0207603
         vertex -0.097 0.00369943 -0.0215018
      endloop
   endfacet
   facet normal -1 6.12323e-17 0
      outer loop
         vertex -0.097 0.00441216 -0.0207494
         vertex -0.097 0.00427822 -0.0208204
         vertex -0.097 0.00359477 -0.0193695
      endloop
   endfacet
   facet normal -1 6.12323e-17 0
      outer loop
         vertex -0.097 0.00388959 -0.0192331
         vertex -0.097 0.00419741 -0.0191294
         vertex -0.097 0.00455298 -0.0206933
      endloop
   endfacet
   facet normal -1 6.12323e-17 0
      outer loop
         vertex -0.097 0.00419741 -0.0191294
         vertex -0.097 0.00451465 -0.0190595
         vertex -0.097 0.00469904 -0.0206527
      endloop
   endfacet
   facet normal -1 6.12323e-17 0
      outer loop
         vertex -0.097 0.00451465 -0.0190595
         vertex -0.097 0.00483758 -0.0190244
         vertex -0.097 0.00484863 -0.0206282
      endloop
   endfacet
   facet normal -1 6.12323e-17 0
      outer loop
         vertex -0.097 0.00483758 -0.0190244
         vertex -0.097 0.005 -0.01902
         vertex -0.097 0.005 -0.02062
      endloop
   endfacet
   facet normal -1 6.12323e-17 0
      outer loop
         vertex -0.097 0.00516242 -0.0190244
         vertex -0.097 0.00515137 -0.0206282
         vertex -0.097 0.005 -0.02062
      endloop
   endfacet
   facet normal -1 6.12323e-17 0
      outer loop
         vertex -0.097 0.00548535 -0.0190595
         vertex -0.097 0.00530096 -0.0206527
         vertex -0.097 0.00515137 -0.0206282
      endloop
   endfacet
   facet normal -1 6.12323e-17 0
      outer loop
         vertex -0.097 0.00580259 -0.0191294
         vertex -0.097 0.00544702 -0.0206933
         vertex -0.097 0.00530096 -0.0206527
      endloop
   endfacet
   facet normal -1 6.12323e-17 0
      outer loop
         vertex -0.097 0.00611041 -0.0192331
         vertex -0.097 0.00558784 -0.0207494
         vertex -0.097 0.00544702 -0.0206933
      endloop
   endfacet
   facet normal -1 6.12323e-17 0
      outer loop
         vertex -0.097 0.00596278 -0.0210036
         vertex -0.097 0.00584724 -0.0209055
         vertex -0.097 0.00694216 -0.0197335
      endloop
   endfacet
   facet normal -1 6.12323e-17 0
      outer loop
         vertex -0.097 0.00584724 -0.0231345
         vertex -0.097 0.00694216 -0.0243065
         vertex -0.097 0.00668356 -0.0245031
      endloop
   endfacet
   facet normal -1 6.12323e-17 0
      outer loop
         vertex -0.097 0.00359477 -0.0246705
         vertex -0.097 0.00427822 -0.0232196
         vertex -0.097 0.00441216 -0.0232906
      endloop
   endfacet
   facet normal -1 6.12323e-17 0
      outer loop
         vertex -0.097 0.00305784 -0.0243065
         vertex -0.097 0.00403722 -0.0230364
         vertex -0.097 0.00415276 -0.0231345
      endloop
   endfacet
   facet normal -1 6.12323e-17 0
      outer loop
         vertex -0.097 0.00282201 -0.0240831
         vertex -0.097 0.00393297 -0.0229263
         vertex -0.097 0.00403722 -0.0230364
      endloop
   endfacet
   facet normal -1 6.12323e-17 0
      outer loop
         vertex -0.097 0.00261172 -0.0238355
         vertex -0.097 0.00384124 -0.0228057
         vertex -0.097 0.00393297 -0.0229263
      endloop
   endfacet
   facet normal -1 6.12323e-17 0
      outer loop
         vertex -0.097 0.00207014 -0.0226649
         vertex -0.097 0.00361844 -0.0222465
         vertex -0.097 0.00365103 -0.0223945
      endloop
   endfacet
   facet normal -1 6.12323e-17 0
      outer loop
         vertex -0.097 0.00360205 -0.0220958
         vertex -0.097 0.00201759 -0.0223444
         vertex -0.097 0.002 -0.02202
      endloop
   endfacet
   facet normal -1 6.12323e-17 0
      outer loop
         vertex -0.097 0.00376308 -0.0213642
         vertex -0.097 0.00369943 -0.0215018
         vertex -0.097 0.00227727 -0.0207603
      endloop
   endfacet
   facet normal -1 6.12323e-17 0
      outer loop
         vertex -0.097 0.00469904 -0.0206527
         vertex -0.097 0.00455298 -0.0206933
         vertex -0.097 0.00419741 -0.0191294
      endloop
   endfacet
   facet normal -1 6.12323e-17 0
      outer loop
         vertex -0.097 0.005 -0.02062
         vertex -0.097 0.00484863 -0.0206282
         vertex -0.097 0.00483758 -0.0190244
      endloop
   endfacet
   facet normal -1 6.12323e-17 0
      outer loop
         vertex -0.097 0.00515137 -0.0206282
         vertex -0.097 0.00516242 -0.0190244
         vertex -0.097 0.00548535 -0.0190595
      endloop
   endfacet
   facet normal -1 6.12323e-17 0
      outer loop
         vertex -0.097 0.00544702 -0.0206933
         vertex -0.097 0.00580259 -0.0191294
         vertex -0.097 0.00611041 -0.0192331
      endloop
   endfacet
   facet normal -1 6.12323e-17 0
      outer loop
         vertex -0.097 0.00757057 -0.0204733
         vertex -0.097 0.00772273 -0.0207603
         vertex -0.097 0.00623692 -0.0213642
      endloop
   endfacet
   facet normal -1 6.12323e-17 0
      outer loop
         vertex -0.097 0.00611041 -0.0248069
         vertex -0.097 0.00580259 -0.0249106
         vertex -0.097 0.00544702 -0.0233467
      endloop
   endfacet
   facet normal -1 6.12323e-17 0
      outer loop
         vertex -0.097 0.00580259 -0.0249106
         vertex -0.097 0.00548535 -0.0249805
         vertex -0.097 0.00530096 -0.0233873
      endloop
   endfacet
   facet normal -1 6.12323e-17 0
      outer loop
         vertex -0.097 0.00441216 -0.0232906
         vertex -0.097 0.00388959 -0.0248069
         vertex -0.097 0.00359477 -0.0246705
      endloop
   endfacet
   facet normal -1 6.12323e-17 0
      outer loop
         vertex -0.097 0.00403722 -0.0230364
         vertex -0.097 0.00305784 -0.0243065
         vertex -0.097 0.00282201 -0.0240831
      endloop
   endfacet
   facet normal -1 6.12323e-17 0
      outer loop
         vertex -0.097 0.00393297 -0.0229263
         vertex -0.097 0.00282201 -0.0240831
         vertex -0.097 0.00261172 -0.0238355
      endloop
   endfacet
   facet normal -1 6.12323e-17 0
      outer loop
         vertex -0.097 0.00242943 -0.0235667
         vertex -0.097 0.00227727 -0.0232797
         vertex -0.097 0.00376308 -0.0226758
      endloop
   endfacet
   facet normal -1 6.12323e-17 0
      outer loop
         vertex -0.097 0.00215704 -0.0229779
         vertex -0.097 0.00365103 -0.0223945
         vertex -0.097 0.00369943 -0.0225382
      endloop
   endfacet
   facet normal -1 6.12323e-17 0
      outer loop
         vertex -0.097 0.00361844 -0.0222465
         vertex -0.097 0.00207014 -0.0226649
         vertex -0.097 0.00201759 -0.0223444
      endloop
   endfacet
   facet normal -1 6.12323e-17 0
      outer loop
         vertex -0.097 0.00455298 -0.0206933
         vertex -0.097 0.00441216 -0.0207494
         vertex -0.097 0.00388959 -0.0192331
      endloop
   endfacet
   facet normal -1 6.12323e-17 0
      outer loop
         vertex -0.097 0.005 -0.02062
         vertex -0.097 0.005 -0.01902
         vertex -0.097 0.00516242 -0.0190244
      endloop
   endfacet
   facet normal -1 6.12323e-17 0
      outer loop
         vertex -0.097 0.00640523 -0.0193695
         vertex -0.097 0.00668356 -0.0195369
         vertex -0.097 0.00572178 -0.0208204
      endloop
   endfacet
   facet normal -1 6.12323e-17 0
      outer loop
         vertex -0.097 0.00530096 -0.0233873
         vertex -0.097 0.00544702 -0.0233467
         vertex -0.097 0.00580259 -0.0249106
      endloop
   endfacet
   facet normal -1 6.12323e-17 0
      outer loop
         vertex -0.097 0.00483758 -0.0250156
         vertex -0.097 0.00484863 -0.0234118
         vertex -0.097 0.005 -0.02342
      endloop
   endfacet
   facet normal -1 6.12323e-17 0
      outer loop
         vertex -0.097 0.00451465 -0.0249805
         vertex -0.097 0.00419741 -0.0249106
         vertex -0.097 0.00469904 -0.0233873
      endloop
   endfacet
   facet normal -1 6.12323e-17 0
      outer loop
         vertex -0.097 0.00388959 -0.0248069
         vertex -0.097 0.00441216 -0.0232906
         vertex -0.097 0.00455298 -0.0233467
      endloop
   endfacet
   facet normal -1 6.12323e-17 0
      outer loop
         vertex -0.097 0.00331644 -0.0245031
         vertex -0.097 0.00415276 -0.0231345
         vertex -0.097 0.00427822 -0.0232196
      endloop
   endfacet
   facet normal -1 6.12323e-17 0
      outer loop
         vertex -0.097 0.00261172 -0.0238355
         vertex -0.097 0.00242943 -0.0235667
         vertex -0.097 0.00384124 -0.0228057
      endloop
   endfacet
   facet normal -1 6.12323e-17 0
      outer loop
         vertex -0.097 0.00227727 -0.0232797
         vertex -0.097 0.00369943 -0.0225382
         vertex -0.097 0.00376308 -0.0226758
      endloop
   endfacet
   facet normal -1 6.12323e-17 0
      outer loop
         vertex -0.097 0.00365103 -0.0223945
         vertex -0.097 0.00215704 -0.0229779
         vertex -0.097 0.00207014 -0.0226649
      endloop
   endfacet
   facet normal -1 6.12323e-17 0
      outer loop
         vertex -0.097 0.00484863 -0.0206282
         vertex -0.097 0.00469904 -0.0206527
         vertex -0.097 0.00451465 -0.0190595
      endloop
   endfacet
   facet normal -1 6.12323e-17 0
      outer loop
         vertex -0.097 0.00544702 -0.0233467
         vertex -0.097 0.00558784 -0.0232906
         vertex -0.097 0.00611041 -0.0248069
      endloop
   endfacet
   facet normal -1 6.12323e-17 0
      outer loop
         vertex -0.097 0.00548535 -0.0249805
         vertex -0.097 0.00516242 -0.0250156
         vertex -0.097 0.00515137 -0.0234118
      endloop
   endfacet
   facet normal -1 6.12323e-17 0
      outer loop
         vertex -0.097 0.005 -0.02342
         vertex -0.097 0.00516242 -0.0250156
         vertex -0.097 0.00483758 -0.0250156
      endloop
   endfacet
   facet normal -1 6.12323e-17 0
      outer loop
         vertex -0.097 0.00484863 -0.0234118
         vertex -0.097 0.00483758 -0.0250156
         vertex -0.097 0.00451465 -0.0249805
      endloop
   endfacet
   facet normal -1 6.12323e-17 0
      outer loop
         vertex -0.097 0.00455298 -0.0233467
         vertex -0.097 0.00419741 -0.0249106
         vertex -0.097 0.00388959 -0.0248069
      endloop
   endfacet
   facet normal -1 6.12323e-17 0
      outer loop
         vertex -0.097 0.00415276 -0.0231345
         vertex -0.097 0.00331644 -0.0245031
         vertex -0.097 0.00305784 -0.0243065
      endloop
   endfacet
   facet normal -1 6.12323e-17 0
      outer loop
         vertex -0.097 0.00369943 -0.0225382
         vertex -0.097 0.00227727 -0.0232797
         vertex -0.097 0.00215704 -0.0229779
      endloop
   endfacet
   facet normal -1 6.12323e-17 0
      outer loop
         vertex -0.097 0.00530096 -0.0206527
         vertex -0.097 0.00548535 -0.0190595
         vertex -0.097 0.00580259 -0.0191294
      endloop
   endfacet
   facet normal -1 6.12323e-17 0
      outer loop
         vertex -0.097 0.005 -0.02342
         vertex -0.097 0.00515137 -0.0234118
         vertex -0.097 0.00516242 -0.0250156
      endloop
   endfacet
   facet normal -1 6.12323e-17 0
      outer loop
         vertex -0.097 0.00455298 -0.0233467
         vertex -0.097 0.00469904 -0.0233873
         vertex -0.097 0.00419741 -0.0249106
      endloop
   endfacet
   facet normal -1 6.12323e-17 0
      outer loop
         vertex -0.097 0.00376308 -0.0226758
         vertex -0.097 0.00384124 -0.0228057
         vertex -0.097 0.00242943 -0.0235667
      endloop
   endfacet
   facet normal -1 6.12323e-17 0
      outer loop
         vertex -0.097 0.00515137 -0.0234118
         vertex -0.097 0.00530096 -0.0233873
         vertex -0.097 0.00548535 -0.0249805
      endloop
   endfacet
   facet normal -1 6.12323e-17 0
      outer loop
         vertex -0.097 0.00359477 -0.0246705
         vertex -0.097 0.00331644 -0.0245031
         vertex -0.097 0.00427822 -0.0232196
      endloop
   endfacet
   facet normal -1 6.12323e-17 0
      outer loop
         vertex -0.097 0.00469904 -0.0233873
         vertex -0.097 0.00484863 -0.0234118
         vertex -0.097 0.00451465 -0.0249805
      endloop
   endfacet
   facet normal -1 6.12323e-17 0
      outer loop
         vertex -0.097 0.00360205 -0.0219442
         vertex -0.097 0.0036 -0.02202
         vertex -0.097 0.002 -0.02202
      endloop
   endfacet
   facet normal 6.08734e-17 0.994138 0.108119
      outer loop
         vertex -0.1105 0.00201759 -0.0223444
         vertex -0.1105 0.002 -0.02202
         vertex -0.097 0.002 -0.02202
      endloop
   endfacet
   facet normal 5.98008e-17 0.976621 0.21497
      outer loop
         vertex -0.1105 0.00207014 -0.0226649
         vertex -0.1105 0.00201759 -0.0223444
         vertex -0.097 0.00201759 -0.0223444
      endloop
   endfacet
   facet normal 5.8027e-17 0.947653 0.319302
      outer loop
         vertex -0.1105 0.00215704 -0.0229779
         vertex -0.1105 0.00207014 -0.0226649
         vertex -0.097 0.00207014 -0.0226649
      endloop
   endfacet
   facet normal 5.5573e-17 0.907575 0.419889
      outer loop
         vertex -0.1105 0.00227727 -0.0232797
         vertex -0.1105 0.00215704 -0.0229779
         vertex -0.097 0.00215704 -0.0229779
      endloop
   endfacet
   facet normal 5.24674e-17 0.856857 0.515554
      outer loop
         vertex -0.1105 0.00242943 -0.0235667
         vertex -0.1105 0.00227727 -0.0232797
         vertex -0.097 0.00227727 -0.0232797
      endloop
   endfacet
   facet normal 4.87466e-17 0.796093 0.605174
      outer loop
         vertex -0.1105 0.00261172 -0.0238355
         vertex -0.1105 0.00242943 -0.0235667
         vertex -0.097 0.00242943 -0.0235667
      endloop
   endfacet
   facet normal 4.44544e-17 0.725995 0.687699
      outer loop
         vertex -0.1105 0.00282201 -0.0240831
         vertex -0.1105 0.00261172 -0.0238355
         vertex -0.097 0.00261172 -0.0238355
      endloop
   endfacet
   facet normal 3.9641e-17 0.647386 0.762162
      outer loop
         vertex -0.1105 0.00305784 -0.0243065
         vertex -0.1105 0.00282201 -0.0240831
         vertex -0.097 0.00282201 -0.0240831
      endloop
   endfacet
   facet normal 3.43628e-17 0.561187 0.827689
      outer loop
         vertex -0.1105 0.00331644 -0.0245031
         vertex -0.1105 0.00305784 -0.0243065
         vertex -0.097 0.00305784 -0.0243065
      endloop
   endfacet
   facet normal 2.86817e-17 0.468408 0.883512
      outer loop
         vertex -0.1105 0.00359477 -0.0246705
         vertex -0.1105 0.00331644 -0.0245031
         vertex -0.097 0.00331644 -0.0245031
      endloop
   endfacet
   facet normal 2.26644e-17 0.370138 0.928977
      outer loop
         vertex -0.1105 0.00388959 -0.0248069
         vertex -0.1105 0.00359477 -0.0246705
         vertex -0.097 0.00359477 -0.0246705
      endloop
   endfacet
   facet normal 1.63814e-17 0.267528 0.96355
      outer loop
         vertex -0.1105 0.00419741 -0.0249106
         vertex -0.1105 0.00388959 -0.0248069
         vertex -0.097 0.00388959 -0.0248069
      endloop
   endfacet
   facet normal 9.90629e-18 0.161782 0.986827
      outer loop
         vertex -0.1105 0.00451465 -0.0249805
         vertex -0.1105 0.00419741 -0.0249106
         vertex -0.097 0.00419741 -0.0249106
      endloop
   endfacet
   facet normal 3.31505e-18 0.0541389 0.998533
      outer loop
         vertex -0.1105 0.00483758 -0.0250156
         vertex -0.1105 0.00451465 -0.0249805
         vertex -0.097 0.00451465 -0.0249805
      endloop
   endfacet
   facet normal -3.31505e-18 -0.0541389 0.998533
      outer loop
         vertex -0.1105 0.00516242 -0.0250156
         vertex -0.1105 0.00483758 -0.0250156
         vertex -0.097 0.00483758 -0.0250156
      endloop
   endfacet
   facet normal -9.90629e-18 -0.161782 0.986827
      outer loop
         vertex -0.1105 0.00548535 -0.0249805
         vertex -0.1105 0.00516242 -0.0250156
         vertex -0.097 0.00516242 -0.0250156
      endloop
   endfacet
   facet normal -1.63814e-17 -0.267528 0.96355
      outer loop
         vertex -0.1105 0.00580259 -0.0249106
         vertex -0.1105 0.00548535 -0.0249805
         vertex -0.097 0.00548535 -0.0249805
      endloop
   endfacet
   facet normal -2.26644e-17 -0.370138 0.928977
      outer loop
         vertex -0.1105 0.00611041 -0.0248069
         vertex -0.1105 0.00580259 -0.0249106
         vertex -0.097 0.00580259 -0.0249106
      endloop
   endfacet
   facet normal -2.86817e-17 -0.468408 0.883512
      outer loop
         vertex -0.1105 0.00640523 -0.0246705
         vertex -0.1105 0.00611041 -0.0248069
         vertex -0.097 0.00611041 -0.0248069
      endloop
   endfacet
   facet normal -3.43628e-17 -0.561187 0.827689
      outer loop
         vertex -0.1105 0.00668356 -0.0245031
         vertex -0.1105 0.00640523 -0.0246705
         vertex -0.097 0.00640523 -0.0246705
      endloop
   endfacet
   facet normal -3.9641e-17 -0.647386 0.762162
      outer loop
         vertex -0.1105 0.00694216 -0.0243065
         vertex -0.1105 0.00668356 -0.0245031
         vertex -0.097 0.00668356 -0.0245031
      endloop
   endfacet
   facet normal -4.44544e-17 -0.725995 0.687699
      outer loop
         vertex -0.1105 0.00717799 -0.0240831
         vertex -0.1105 0.00694216 -0.0243065
         vertex -0.097 0.00694216 -0.0243065
      endloop
   endfacet
   facet normal -4.87466e-17 -0.796093 0.605174
      outer loop
         vertex -0.1105 0.00738828 -0.0238355
         vertex -0.1105 0.00717799 -0.0240831
         vertex -0.097 0.00717799 -0.0240831
      endloop
   endfacet
   facet normal -5.24674e-17 -0.856857 0.515554
      outer loop
         vertex -0.1105 0.00757057 -0.0235667
         vertex -0.1105 0.00738828 -0.0238355
         vertex -0.097 0.00738828 -0.0238355
      endloop
   endfacet
   facet normal -5.5573e-17 -0.907575 0.419889
      outer loop
         vertex -0.1105 0.00772273 -0.0232797
         vertex -0.1105 0.00757057 -0.0235667
         vertex -0.097 0.00757057 -0.0235667
      endloop
   endfacet
   facet normal -5.8027e-17 -0.947653 0.319302
      outer loop
         vertex -0.1105 0.00784296 -0.0229779
         vertex -0.1105 0.00772273 -0.0232797
         vertex -0.097 0.00772273 -0.0232797
      endloop
   endfacet
   facet normal -5.98008e-17 -0.976621 0.21497
      outer loop
         vertex -0.1105 0.00792986 -0.0226649
         vertex -0.1105 0.00784296 -0.0229779
         vertex -0.097 0.00784296 -0.0229779
      endloop
   endfacet
   facet normal -6.08734e-17 -0.994138 0.108119
      outer loop
         vertex -0.1105 0.00798241 -0.0223444
         vertex -0.1105 0.00792986 -0.0226649
         vertex -0.097 0.00792986 -0.0226649
      endloop
   endfacet
   facet normal -6.12323e-17 -1 -1.22465e-16
      outer loop
         vertex -0.1105 0.008 -0.02202
         vertex -0.1105 0.00798241 -0.0223444
         vertex -0.097 0.00798241 -0.0223444
      endloop
   endfacet
   facet normal -6.08734e-17 -0.994138 -0.108119
      outer loop
         vertex -0.1105 0.00798241 -0.0216956
         vertex -0.1105 0.008 -0.02202
         vertex -0.097 0.008 -0.02202
      endloop
   endfacet
   facet normal -5.98008e-17 -0.976621 -0.21497
      outer loop
         vertex -0.1105 0.00792986 -0.0213751
         vertex -0.1105 0.00798241 -0.0216956
         vertex -0.097 0.00798241 -0.0216956
      endloop
   endfacet
   facet normal -5.8027e-17 -0.947653 -0.319302
      outer loop
         vertex -0.1105 0.00784296 -0.0210621
         vertex -0.1105 0.00792986 -0.0213751
         vertex -0.097 0.00792986 -0.0213751
      endloop
   endfacet
   facet normal -5.5573e-17 -0.907575 -0.419889
      outer loop
         vertex -0.1105 0.00772273 -0.0207603
         vertex -0.1105 0.00784296 -0.0210621
         vertex -0.097 0.00784296 -0.0210621
      endloop
   endfacet
   facet normal -5.24674e-17 -0.856857 -0.515554
      outer loop
         vertex -0.1105 0.00757057 -0.0204733
         vertex -0.1105 0.00772273 -0.0207603
         vertex -0.097 0.00772273 -0.0207603
      endloop
   endfacet
   facet normal -4.87466e-17 -0.796093 -0.605174
      outer loop
         vertex -0.1105 0.00738828 -0.0202045
         vertex -0.1105 0.00757057 -0.0204733
         vertex -0.097 0.00757057 -0.0204733
      endloop
   endfacet
   facet normal -4.44544e-17 -0.725995 -0.687699
      outer loop
         vertex -0.1105 0.00717799 -0.0199569
         vertex -0.1105 0.00738828 -0.0202045
         vertex -0.097 0.00738828 -0.0202045
      endloop
   endfacet
   facet normal -3.9641e-17 -0.647386 -0.762162
      outer loop
         vertex -0.1105 0.00694216 -0.0197335
         vertex -0.1105 0.00717799 -0.0199569
         vertex -0.097 0.00717799 -0.0199569
      endloop
   endfacet
   facet normal -3.43628e-17 -0.561187 -0.827689
      outer loop
         vertex -0.1105 0.00668356 -0.0195369
         vertex -0.1105 0.00694216 -0.0197335
         vertex -0.097 0.00694216 -0.0197335
      endloop
   endfacet
   facet normal -2.86817e-17 -0.468408 -0.883512
      outer loop
         vertex -0.1105 0.00640523 -0.0193695
         vertex -0.1105 0.00668356 -0.0195369
         vertex -0.097 0.00668356 -0.0195369
      endloop
   endfacet
   facet normal -2.26644e-17 -0.370138 -0.928977
      outer loop
         vertex -0.1105 0.00611041 -0.0192331
         vertex -0.1105 0.00640523 -0.0193695
         vertex -0.097 0.00640523 -0.0193695
      endloop
   endfacet
   facet normal -1.63814e-17 -0.267528 -0.96355
      outer loop
         vertex -0.1105 0.00580259 -0.0191294
         vertex -0.1105 0.00611041 -0.0192331
         vertex -0.097 0.00611041 -0.0192331
      endloop
   endfacet
   facet normal -9.90629e-18 -0.161782 -0.986827
      outer loop
         vertex -0.1105 0.00548535 -0.0190595
         vertex -0.1105 0.00580259 -0.0191294
         vertex -0.097 0.00580259 -0.0191294
      endloop
   endfacet
   facet normal -3.31505e-18 -0.0541389 -0.998533
      outer loop
         vertex -0.1105 0.00516242 -0.0190244
         vertex -0.1105 0.00548535 -0.0190595
         vertex -0.097 0.00548535 -0.0190595
      endloop
   endfacet
   facet normal -2.34432e-32 -3.82857e-16 -1
      outer loop
         vertex -0.097 0.005 -0.01902
         vertex -0.097 0.00483758 -0.0190244
         vertex -0.1105 0.00483758 -0.0190244
      endloop
   endfacet
   facet normal -2.34432e-32 -3.82857e-16 -1
      outer loop
         vertex -0.1105 0.005 -0.01902
         vertex -0.1105 0.00516242 -0.0190244
         vertex -0.097 0.00516242 -0.0190244
      endloop
   endfacet
   facet normal -3.31505e-18 -0.0541389 -0.998533
      outer loop
         vertex -0.097 0.00516242 -0.0190244
         vertex -0.097 0.005 -0.01902
         vertex -0.1105 0.005 -0.01902
      endloop
   endfacet
   facet normal 9.90629e-18 0.161782 -0.986827
      outer loop
         vertex -0.1105 0.00451465 -0.0190595
         vertex -0.1105 0.00483758 -0.0190244
         vertex -0.097 0.00483758 -0.0190244
      endloop
   endfacet
   facet normal 1.63814e-17 0.267528 -0.96355
      outer loop
         vertex -0.1105 0.00419741 -0.0191294
         vertex -0.1105 0.00451465 -0.0190595
         vertex -0.097 0.00451465 -0.0190595
      endloop
   endfacet
   facet normal 2.26644e-17 0.370138 -0.928977
      outer loop
         vertex -0.1105 0.00388959 -0.0192331
         vertex -0.1105 0.00419741 -0.0191294
         vertex -0.097 0.00419741 -0.0191294
      endloop
   endfacet
   facet normal 2.86817e-17 0.468408 -0.883512
      outer loop
         vertex -0.1105 0.00359477 -0.0193695
         vertex -0.1105 0.00388959 -0.0192331
         vertex -0.097 0.00388959 -0.0192331
      endloop
   endfacet
   facet normal 3.43628e-17 0.561187 -0.827689
      outer loop
         vertex -0.1105 0.00331644 -0.0195369
         vertex -0.1105 0.00359477 -0.0193695
         vertex -0.097 0.00359477 -0.0193695
      endloop
   endfacet
   facet normal 3.9641e-17 0.647386 -0.762162
      outer loop
         vertex -0.1105 0.00305784 -0.0197335
         vertex -0.1105 0.00331644 -0.0195369
         vertex -0.097 0.00331644 -0.0195369
      endloop
   endfacet
   facet normal 4.44544e-17 0.725995 -0.687699
      outer loop
         vertex -0.1105 0.00282201 -0.0199569
         vertex -0.1105 0.00305784 -0.0197335
         vertex -0.097 0.00305784 -0.0197335
      endloop
   endfacet
   facet normal 4.87466e-17 0.796093 -0.605174
      outer loop
         vertex -0.1105 0.00261172 -0.0202045
         vertex -0.1105 0.00282201 -0.0199569
         vertex -0.097 0.00282201 -0.0199569
      endloop
   endfacet
   facet normal 5.24674e-17 0.856857 -0.515554
      outer loop
         vertex -0.1105 0.00242943 -0.0204733
         vertex -0.1105 0.00261172 -0.0202045
         vertex -0.097 0.00261172 -0.0202045
      endloop
   endfacet
   facet normal 5.5573e-17 0.907575 -0.419889
      outer loop
         vertex -0.1105 0.00227727 -0.0207603
         vertex -0.1105 0.00242943 -0.0204733
         vertex -0.097 0.00242943 -0.0204733
      endloop
   endfacet
   facet normal 5.8027e-17 0.947653 -0.319302
      outer loop
         vertex -0.1105 0.00215704 -0.0210621
         vertex -0.1105 0.00227727 -0.0207603
         vertex -0.097 0.00227727 -0.0207603
      endloop
   endfacet
   facet normal 5.98008e-17 0.976621 -0.21497
      outer loop
         vertex -0.1105 0.00207014 -0.0213751
         vertex -0.1105 0.00215704 -0.0210621
         vertex -0.097 0.00215704 -0.0210621
      endloop
   endfacet
   facet normal 6.08734e-17 0.994138 -0.108119
      outer loop
         vertex -0.1105 0.00201759 -0.0216956
         vertex -0.1105 0.00207014 -0.0213751
         vertex -0.097 0.00207014 -0.0213751
      endloop
   endfacet
   facet normal 6.12323e-17 1 2.44929e-16
      outer loop
         vertex -0.1105 0.002 -0.02202
         vertex -0.1105 0.00201759 -0.0216956
         vertex -0.097 0.00201759 -0.0216956
      endloop
   endfacet
   facet normal 6.08734e-17 0.994138 -0.108119
      outer loop
         vertex -0.097 0.00201759 -0.0216956
         vertex -0.097 0.002 -0.02202
         vertex -0.1105 0.002 -0.02202
      endloop
   endfacet
   facet normal 5.98008e-17 0.976621 -0.21497
      outer loop
         vertex -0.097 0.00207014 -0.0213751
         vertex -0.097 0.00201759 -0.0216956
         vertex -0.1105 0.00201759 -0.0216956
      endloop
   endfacet
   facet normal 5.8027e-17 0.947653 -0.319302
      outer loop
         vertex -0.097 0.00215704 -0.0210621
         vertex -0.097 0.00207014 -0.0213751
         vertex -0.1105 0.00207014 -0.0213751
      endloop
   endfacet
   facet normal 5.5573e-17 0.907575 -0.419889
      outer loop
         vertex -0.097 0.00227727 -0.0207603
         vertex -0.097 0.00215704 -0.0210621
         vertex -0.1105 0.00215704 -0.0210621
      endloop
   endfacet
   facet normal 5.24674e-17 0.856857 -0.515554
      outer loop
         vertex -0.097 0.00242943 -0.0204733
         vertex -0.097 0.00227727 -0.0207603
         vertex -0.1105 0.00227727 -0.0207603
      endloop
   endfacet
   facet normal 4.87466e-17 0.796093 -0.605174
      outer loop
         vertex -0.097 0.00261172 -0.0202045
         vertex -0.097 0.00242943 -0.0204733
         vertex -0.1105 0.00242943 -0.0204733
      endloop
   endfacet
   facet normal 4.44544e-17 0.725995 -0.687699
      outer loop
         vertex -0.097 0.00282201 -0.0199569
         vertex -0.097 0.00261172 -0.0202045
         vertex -0.1105 0.00261172 -0.0202045
      endloop
   endfacet
   facet normal 3.9641e-17 0.647386 -0.762162
      outer loop
         vertex -0.097 0.00305784 -0.0197335
         vertex -0.097 0.00282201 -0.0199569
         vertex -0.1105 0.00282201 -0.0199569
      endloop
   endfacet
   facet normal 3.43628e-17 0.561187 -0.827689
      outer loop
         vertex -0.097 0.00331644 -0.0195369
         vertex -0.097 0.00305784 -0.0197335
         vertex -0.1105 0.00305784 -0.0197335
      endloop
   endfacet
   facet normal 2.86817e-17 0.468408 -0.883512
      outer loop
         vertex -0.097 0.00359477 -0.0193695
         vertex -0.097 0.00331644 -0.0195369
         vertex -0.1105 0.00331644 -0.0195369
      endloop
   endfacet
   facet normal 2.26644e-17 0.370138 -0.928977
      outer loop
         vertex -0.097 0.00388959 -0.0192331
         vertex -0.097 0.00359477 -0.0193695
         vertex -0.1105 0.00359477 -0.0193695
      endloop
   endfacet
   facet normal 1.63814e-17 0.267528 -0.96355
      outer loop
         vertex -0.097 0.00419741 -0.0191294
         vertex -0.097 0.00388959 -0.0192331
         vertex -0.1105 0.00388959 -0.0192331
      endloop
   endfacet
   facet normal 9.90629e-18 0.161782 -0.986827
      outer loop
         vertex -0.097 0.00451465 -0.0190595
         vertex -0.097 0.00419741 -0.0191294
         vertex -0.1105 0.00419741 -0.0191294
      endloop
   endfacet
   facet normal 3.31505e-18 0.0541389 -0.998533
      outer loop
         vertex -0.097 0.00483758 -0.0190244
         vertex -0.097 0.00451465 -0.0190595
         vertex -0.1105 0.00451465 -0.0190595
      endloop
   endfacet
   facet normal 3.31505e-18 0.0541389 -0.998533
      outer loop
         vertex -0.1105 0.00483758 -0.0190244
         vertex -0.1105 0.005 -0.01902
         vertex -0.097 0.005 -0.01902
      endloop
   endfacet
   facet normal -9.90629e-18 -0.161782 -0.986827
      outer loop
         vertex -0.097 0.00548535 -0.0190595
         vertex -0.097 0.00516242 -0.0190244
         vertex -0.1105 0.00516242 -0.0190244
      endloop
   endfacet
   facet normal -1.63814e-17 -0.267528 -0.96355
      outer loop
         vertex -0.097 0.00580259 -0.0191294
         vertex -0.097 0.00548535 -0.0190595
         vertex -0.1105 0.00548535 -0.0190595
      endloop
   endfacet
   facet normal -2.26644e-17 -0.370138 -0.928977
      outer loop
         vertex -0.097 0.00611041 -0.0192331
         vertex -0.097 0.00580259 -0.0191294
         vertex -0.1105 0.00580259 -0.0191294
      endloop
   endfacet
   facet normal -2.86817e-17 -0.468408 -0.883512
      outer loop
         vertex -0.097 0.00640523 -0.0193695
         vertex -0.097 0.00611041 -0.0192331
         vertex -0.1105 0.00611041 -0.0192331
      endloop
   endfacet
   facet normal -3.43628e-17 -0.561187 -0.827689
      outer loop
         vertex -0.097 0.00668356 -0.0195369
         vertex -0.097 0.00640523 -0.0193695
         vertex -0.1105 0.00640523 -0.0193695
      endloop
   endfacet
   facet normal -3.9641e-17 -0.647386 -0.762162
      outer loop
         vertex -0.097 0.00694216 -0.0197335
         vertex -0.097 0.00668356 -0.0195369
         vertex -0.1105 0.00668356 -0.0195369
      endloop
   endfacet
   facet normal -4.44544e-17 -0.725995 -0.687699
      outer loop
         vertex -0.097 0.00717799 -0.0199569
         vertex -0.097 0.00694216 -0.0197335
         vertex -0.1105 0.00694216 -0.0197335
      endloop
   endfacet
   facet normal -4.87466e-17 -0.796093 -0.605174
      outer loop
         vertex -0.097 0.00738828 -0.0202045
         vertex -0.097 0.00717799 -0.0199569
         vertex -0.1105 0.00717799 -0.0199569
      endloop
   endfacet
   facet normal -5.24674e-17 -0.856857 -0.515554
      outer loop
         vertex -0.097 0.00757057 -0.0204733
         vertex -0.097 0.00738828 -0.0202045
         vertex -0.1105 0.00738828 -0.0202045
      endloop
   endfacet
   facet normal -5.5573e-17 -0.907575 -0.419889
      outer loop
         vertex -0.097 0.00772273 -0.0207603
         vertex -0.097 0.00757057 -0.0204733
         vertex -0.1105 0.00757057 -0.0204733
      endloop
   endfacet
   facet normal -5.8027e-17 -0.947653 -0.319302
      outer loop
         vertex -0.097 0.00784296 -0.0210621
         vertex -0.097 0.00772273 -0.0207603
         vertex -0.1105 0.00772273 -0.0207603
      endloop
   endfacet
   facet normal -5.98008e-17 -0.976621 -0.21497
      outer loop
         vertex -0.097 0.00792986 -0.0213751
         vertex -0.097 0.00784296 -0.0210621
         vertex -0.1105 0.00784296 -0.0210621
      endloop
   endfacet
   facet normal -6.08734e-17 -0.994138 -0.108119
      outer loop
         vertex -0.097 0.00798241 -0.0216956
         vertex -0.097 0.00792986 -0.0213751
         vertex -0.1105 0.00792986 -0.0213751
      endloop
   endfacet
   facet normal -6.12323e-17 -1 -1.22465e-16
      outer loop
         vertex -0.097 0.008 -0.02202
         vertex -0.097 0.00798241 -0.0216956
         vertex -0.1105 0.00798241 -0.0216956
      endloop
   endfacet
   facet normal -6.08734e-17 -0.994138 0.108119
      outer loop
         vertex -0.097 0.00798241 -0.0223444
         vertex -0.097 0.008 -0.02202
         vertex -0.1105 0.008 -0.02202
      endloop
   endfacet
   facet normal -5.98008e-17 -0.976621 0.21497
      outer loop
         vertex -0.097 0.00792986 -0.0226649
         vertex -0.097 0.00798241 -0.0223444
         vertex -0.1105 0.00798241 -0.0223444
      endloop
   endfacet
   facet normal -5.8027e-17 -0.947653 0.319302
      outer loop
         vertex -0.097 0.00784296 -0.0229779
         vertex -0.097 0.00792986 -0.0226649
         vertex -0.1105 0.00792986 -0.0226649
      endloop
   endfacet
   facet normal -5.5573e-17 -0.907575 0.419889
      outer loop
         vertex -0.097 0.00772273 -0.0232797
         vertex -0.097 0.00784296 -0.0229779
         vertex -0.1105 0.00784296 -0.0229779
      endloop
   endfacet
   facet normal -5.24674e-17 -0.856857 0.515554
      outer loop
         vertex -0.097 0.00757057 -0.0235667
         vertex -0.097 0.00772273 -0.0232797
         vertex -0.1105 0.00772273 -0.0232797
      endloop
   endfacet
   facet normal -4.87466e-17 -0.796093 0.605174
      outer loop
         vertex -0.097 0.00738828 -0.0238355
         vertex -0.097 0.00757057 -0.0235667
         vertex -0.1105 0.00757057 -0.0235667
      endloop
   endfacet
   facet normal -4.44544e-17 -0.725995 0.687699
      outer loop
         vertex -0.097 0.00717799 -0.0240831
         vertex -0.097 0.00738828 -0.0238355
         vertex -0.1105 0.00738828 -0.0238355
      endloop
   endfacet
   facet normal -3.9641e-17 -0.647386 0.762162
      outer loop
         vertex -0.097 0.00694216 -0.0243065
         vertex -0.097 0.00717799 -0.0240831
         vertex -0.1105 0.00717799 -0.0240831
      endloop
   endfacet
   facet normal -3.43628e-17 -0.561187 0.827689
      outer loop
         vertex -0.097 0.00668356 -0.0245031
         vertex -0.097 0.00694216 -0.0243065
         vertex -0.1105 0.00694216 -0.0243065
      endloop
   endfacet
   facet normal -2.86817e-17 -0.468408 0.883512
      outer loop
         vertex -0.097 0.00640523 -0.0246705
         vertex -0.097 0.00668356 -0.0245031
         vertex -0.1105 0.00668356 -0.0245031
      endloop
   endfacet
   facet normal -2.26644e-17 -0.370138 0.928977
      outer loop
         vertex -0.097 0.00611041 -0.0248069
         vertex -0.097 0.00640523 -0.0246705
         vertex -0.1105 0.00640523 -0.0246705
      endloop
   endfacet
   facet normal -1.63814e-17 -0.267528 0.96355
      outer loop
         vertex -0.097 0.00580259 -0.0249106
         vertex -0.097 0.00611041 -0.0248069
         vertex -0.1105 0.00611041 -0.0248069
      endloop
   endfacet
   facet normal -9.90629e-18 -0.161782 0.986827
      outer loop
         vertex -0.097 0.00548535 -0.0249805
         vertex -0.097 0.00580259 -0.0249106
         vertex -0.1105 0.00580259 -0.0249106
      endloop
   endfacet
   facet normal -3.31505e-18 -0.0541389 0.998533
      outer loop
         vertex -0.097 0.00516242 -0.0250156
         vertex -0.097 0.00548535 -0.0249805
         vertex -0.1105 0.00548535 -0.0249805
      endloop
   endfacet
   facet normal 3.31505e-18 0.0541389 0.998533
      outer loop
         vertex -0.097 0.00483758 -0.0250156
         vertex -0.097 0.00516242 -0.0250156
         vertex -0.1105 0.00516242 -0.0250156
      endloop
   endfacet
   facet normal 9.90629e-18 0.161782 0.986827
      outer loop
         vertex -0.097 0.00451465 -0.0249805
         vertex -0.097 0.00483758 -0.0250156
         vertex -0.1105 0.00483758 -0.0250156
      endloop
   endfacet
   facet normal 1.63814e-17 0.267528 0.96355
      outer loop
         vertex -0.097 0.00419741 -0.0249106
         vertex -0.097 0.00451465 -0.0249805
         vertex -0.1105 0.00451465 -0.0249805
      endloop
   endfacet
   facet normal 2.26644e-17 0.370138 0.928977
      outer loop
         vertex -0.097 0.00388959 -0.0248069
         vertex -0.097 0.00419741 -0.0249106
         vertex -0.1105 0.00419741 -0.0249106
      endloop
   endfacet
   facet normal 2.86817e-17 0.468408 0.883512
      outer loop
         vertex -0.097 0.00359477 -0.0246705
         vertex -0.097 0.00388959 -0.0248069
         vertex -0.1105 0.00388959 -0.0248069
      endloop
   endfacet
   facet normal 3.43628e-17 0.561187 0.827689
      outer loop
         vertex -0.097 0.00331644 -0.0245031
         vertex -0.097 0.00359477 -0.0246705
         vertex -0.1105 0.00359477 -0.0246705
      endloop
   endfacet
   facet normal 3.9641e-17 0.647386 0.762162
      outer loop
         vertex -0.097 0.00305784 -0.0243065
         vertex -0.097 0.00331644 -0.0245031
         vertex -0.1105 0.00331644 -0.0245031
      endloop
   endfacet
   facet normal 4.44544e-17 0.725995 0.687699
      outer loop
         vertex -0.097 0.00282201 -0.0240831
         vertex -0.097 0.00305784 -0.0243065
         vertex -0.1105 0.00305784 -0.0243065
      endloop
   endfacet
   facet normal 4.87466e-17 0.796093 0.605174
      outer loop
         vertex -0.097 0.00261172 -0.0238355
         vertex -0.097 0.00282201 -0.0240831
         vertex -0.1105 0.00282201 -0.0240831
      endloop
   endfacet
   facet normal 5.24674e-17 0.856857 0.515554
      outer loop
         vertex -0.097 0.00242943 -0.0235667
         vertex -0.097 0.00261172 -0.0238355
         vertex -0.1105 0.00261172 -0.0238355
      endloop
   endfacet
   facet normal 5.5573e-17 0.907575 0.419889
      outer loop
         vertex -0.097 0.00227727 -0.0232797
         vertex -0.097 0.00242943 -0.0235667
         vertex -0.1105 0.00242943 -0.0235667
      endloop
   endfacet
   facet normal 5.8027e-17 0.947653 0.319302
      outer loop
         vertex -0.097 0.00215704 -0.0229779
         vertex -0.097 0.00227727 -0.0232797
         vertex -0.1105 0.00227727 -0.0232797
      endloop
   endfacet
   facet normal 5.98008e-17 0.976621 0.21497
      outer loop
         vertex -0.097 0.00207014 -0.0226649
         vertex -0.097 0.00215704 -0.0229779
         vertex -0.1105 0.00215704 -0.0229779
      endloop
   endfacet
   facet normal 6.08734e-17 0.994138 0.108119
      outer loop
         vertex -0.097 0.00201759 -0.0223444
         vertex -0.097 0.00207014 -0.0226649
         vertex -0.1105 0.00207014 -0.0226649
      endloop
   endfacet
   facet normal 6.12323e-17 1 2.44929e-16
      outer loop
         vertex -0.097 0.002 -0.02202
         vertex -0.097 0.00201759 -0.0223444
         vertex -0.1105 0.00201759 -0.0223444
      endloop
   endfacet
   facet normal -0.707107 0 -0.707107
      outer loop
         vertex -0.1115 0.005 -0.01802
         vertex -0.1115 0.00521656 -0.0180259
         vertex -0.1105 0.00516242 -0.0190244
      endloop
   endfacet
   facet normal -0.707107 -0.038282 -0.70607
      outer loop
         vertex -0.1115 0.00521656 -0.0180259
         vertex -0.1115 0.00564713 -0.0180727
         vertex -0.1105 0.00548535 -0.0190595
      endloop
   endfacet
   facet normal -0.707107 -0.114397 -0.697792
      outer loop
         vertex -0.1115 0.00564713 -0.0180727
         vertex -0.1115 0.00607011 -0.0181658
         vertex -0.1105 0.00580259 -0.0191294
      endloop
   endfacet
   facet normal -0.707107 -0.189171 -0.681333
      outer loop
         vertex -0.1115 0.00607011 -0.0181658
         vertex -0.1115 0.00648055 -0.0183041
         vertex -0.1105 0.00611041 -0.0192331
      endloop
   endfacet
   facet normal -0.707107 -0.261727 -0.656886
      outer loop
         vertex -0.1115 0.00648055 -0.0183041
         vertex -0.1115 0.00687363 -0.018486
         vertex -0.1105 0.00640523 -0.0193695
      endloop
   endfacet
   facet normal -0.707107 -0.331215 -0.624737
      outer loop
         vertex -0.1115 0.00687363 -0.018486
         vertex -0.1115 0.00724475 -0.0187092
         vertex -0.1105 0.00668356 -0.0195369
      endloop
   endfacet
   facet normal -0.707107 -0.396819 -0.585265
      outer loop
         vertex -0.1115 0.00724475 -0.0187092
         vertex -0.1115 0.00758955 -0.0189714
         vertex -0.1105 0.00694216 -0.0197335
      endloop
   endfacet
   facet normal -0.707107 -0.457771 -0.53893
      outer loop
         vertex -0.1115 0.00758955 -0.0189714
         vertex -0.1115 0.00790398 -0.0192692
         vertex -0.1105 0.00717799 -0.0199569
      endloop
   endfacet
   facet normal -0.707107 -0.513356 -0.486277
      outer loop
         vertex -0.1115 0.00790398 -0.0192692
         vertex -0.1115 0.00818437 -0.0195993
         vertex -0.1105 0.00738828 -0.0202045
      endloop
   endfacet
   facet normal -0.707107 -0.562923 -0.427923
      outer loop
         vertex -0.1115 0.00818437 -0.0195993
         vertex -0.1115 0.00842743 -0.0199578
         vertex -0.1105 0.00757057 -0.0204733
      endloop
   endfacet
   facet normal -0.707107 -0.60589 -0.364552
      outer loop
         vertex -0.1115 0.00842743 -0.0199578
         vertex -0.1115 0.0086303 -0.0203404
         vertex -0.1105 0.00772273 -0.0207603
      endloop
   endfacet
   facet normal -0.707107 -0.641753 -0.296906
      outer loop
         vertex -0.1115 0.0086303 -0.0203404
         vertex -0.1115 0.00879061 -0.0207428
         vertex -0.1105 0.00784296 -0.0210621
      endloop
   endfacet
   facet normal -0.707107 -0.670092 -0.22578
      outer loop
         vertex -0.1115 0.00879061 -0.0207428
         vertex -0.1115 0.00890648 -0.0211601
         vertex -0.1105 0.00792986 -0.0213751
      endloop
   endfacet
   facet normal -0.707107 -0.690575 -0.152007
      outer loop
         vertex -0.1115 0.00890648 -0.0211601
         vertex -0.1115 0.00897655 -0.0215875
         vertex -0.1105 0.00798241 -0.0216956
      endloop
   endfacet
   facet normal -0.707107 -0.702962 -0.0764517
      outer loop
         vertex -0.1115 0.00897655 -0.0215875
         vertex -0.1115 0.009 -0.02202
         vertex -0.1105 0.008 -0.02202
      endloop
   endfacet
   facet normal -0.707107 -0.707107 -4.32978e-17
      outer loop
         vertex -0.1115 0.009 -0.02202
         vertex -0.1115 0.00897655 -0.0224525
         vertex -0.1105 0.00798241 -0.0223444
      endloop
   endfacet
   facet normal -0.707107 -0.702962 0.0764517
      outer loop
         vertex -0.1115 0.00897655 -0.0224525
         vertex -0.1115 0.00890648 -0.0228799
         vertex -0.1105 0.00792986 -0.0226649
      endloop
   endfacet
   facet normal -0.707107 -0.690575 0.152007
      outer loop
         vertex -0.1115 0.00890648 -0.0228799
         vertex -0.1115 0.00879061 -0.0232972
         vertex -0.1105 0.00784296 -0.0229779
      endloop
   endfacet
   facet normal -0.707107 -0.670092 0.22578
      outer loop
         vertex -0.1115 0.00879061 -0.0232972
         vertex -0.1115 0.0086303 -0.0236996
         vertex -0.1105 0.00772273 -0.0232797
      endloop
   endfacet
   facet normal -0.707107 -0.641753 0.296906
      outer loop
         vertex -0.1115 0.0086303 -0.0236996
         vertex -0.1115 0.00842743 -0.0240822
         vertex -0.1105 0.00757057 -0.0235667
      endloop
   endfacet
   facet normal -0.707107 -0.60589 0.364552
      outer loop
         vertex -0.1115 0.00842743 -0.0240822
         vertex -0.1115 0.00818437 -0.0244407
         vertex -0.1105 0.00738828 -0.0238355
      endloop
   endfacet
   facet normal -0.707107 -0.396819 0.585265
      outer loop
         vertex -0.1115 0.00724475 -0.0253308
         vertex -0.1115 0.00687363 -0.025554
         vertex -0.1105 0.00640523 -0.0246705
      endloop
   endfacet
   facet normal -0.707107 -0.331215 0.624737
      outer loop
         vertex -0.1115 0.00687363 -0.025554
         vertex -0.1115 0.00648055 -0.0257359
         vertex -0.1105 0.00611041 -0.0248069
      endloop
   endfacet
   facet normal -0.707107 -0.261727 0.656886
      outer loop
         vertex -0.1115 0.00648055 -0.0257359
         vertex -0.1115 0.00607011 -0.0258742
         vertex -0.1105 0.00580259 -0.0249106
      endloop
   endfacet
   facet normal -0.707107 -0.189171 0.681333
      outer loop
         vertex -0.1115 0.00607011 -0.0258742
         vertex -0.1115 0.00564713 -0.0259673
         vertex -0.1105 0.00548535 -0.0249805
      endloop
   endfacet
   facet normal -0.707107 -0.114397 0.697792
      outer loop
         vertex -0.1115 0.00564713 -0.0259673
         vertex -0.1115 0.00521656 -0.0260141
         vertex -0.1105 0.00516242 -0.0250156
      endloop
   endfacet
   facet normal -0.707107 -0.038282 0.70607
      outer loop
         vertex -0.1115 0.00521656 -0.0260141
         vertex -0.1115 0.00478344 -0.0260141
         vertex -0.1105 0.00483758 -0.0250156
      endloop
   endfacet
   facet normal -0.707107 0.038282 0.70607
      outer loop
         vertex -0.1115 0.00478344 -0.0260141
         vertex -0.1115 0.00435287 -0.0259673
         vertex -0.1105 0.00451465 -0.0249805
      endloop
   endfacet
   facet normal -0.707107 0.114397 0.697792
      outer loop
         vertex -0.1115 0.00435287 -0.0259673
         vertex -0.1115 0.00392989 -0.0258742
         vertex -0.1105 0.00419741 -0.0249106
      endloop
   endfacet
   facet normal -0.707107 0.189171 0.681333
      outer loop
         vertex -0.1115 0.00392989 -0.0258742
         vertex -0.1115 0.00351945 -0.0257359
         vertex -0.1105 0.00388959 -0.0248069
      endloop
   endfacet
   facet normal -0.707107 0.261727 0.656886
      outer loop
         vertex -0.1115 0.00351945 -0.0257359
         vertex -0.1115 0.00312637 -0.025554
         vertex -0.1105 0.00359477 -0.0246705
      endloop
   endfacet
   facet normal -0.707107 0.331215 0.624737
      outer loop
         vertex -0.1115 0.00312637 -0.025554
         vertex -0.1115 0.00275525 -0.0253308
         vertex -0.1105 0.00331644 -0.0245031
      endloop
   endfacet
   facet normal -0.707107 0.396819 0.585265
      outer loop
         vertex -0.1115 0.00275525 -0.0253308
         vertex -0.1115 0.00241045 -0.0250686
         vertex -0.1105 0.00305784 -0.0243065
      endloop
   endfacet
   facet normal -0.707107 0.457771 0.53893
      outer loop
         vertex -0.1115 0.00241045 -0.0250686
         vertex -0.1115 0.00209602 -0.0247708
         vertex -0.1105 0.00282201 -0.0240831
      endloop
   endfacet
   facet normal -0.707107 0.513356 0.486277
      outer loop
         vertex -0.1115 0.00209602 -0.0247708
         vertex -0.1115 0.00181563 -0.0244407
         vertex -0.1105 0.00261172 -0.0238355
      endloop
   endfacet
   facet normal -0.707107 0.562923 0.427923
      outer loop
         vertex -0.1115 0.00181563 -0.0244407
         vertex -0.1115 0.00157257 -0.0240822
         vertex -0.1105 0.00242943 -0.0235667
      endloop
   endfacet
   facet normal -0.707107 0.60589 0.364552
      outer loop
         vertex -0.1115 0.00157257 -0.0240822
         vertex -0.1115 0.0013697 -0.0236996
         vertex -0.1105 0.00227727 -0.0232797
      endloop
   endfacet
   facet normal -0.707107 0.641753 0.296906
      outer loop
         vertex -0.1115 0.0013697 -0.0236996
         vertex -0.1115 0.00120939 -0.0232972
         vertex -0.1105 0.00215704 -0.0229779
      endloop
   endfacet
   facet normal -0.707107 0.670092 0.22578
      outer loop
         vertex -0.1115 0.00120939 -0.0232972
         vertex -0.1115 0.00109352 -0.0228799
         vertex -0.1105 0.00207014 -0.0226649
      endloop
   endfacet
   facet normal -0.707107 0.690575 0.152007
      outer loop
         vertex -0.1115 0.00109352 -0.0228799
         vertex -0.1115 0.00102345 -0.0224525
         vertex -0.1105 0.00201759 -0.0223444
      endloop
   endfacet
   facet normal -0.707107 0.702962 0.0764517
      outer loop
         vertex -0.1115 0.00102345 -0.0224525
         vertex -0.1115 0.001 -0.02202
         vertex -0.1105 0.002 -0.02202
      endloop
   endfacet
   facet normal -0.707107 0.707107 1.29893e-16
      outer loop
         vertex -0.1115 0.001 -0.02202
         vertex -0.1115 0.00102345 -0.0215875
         vertex -0.1105 0.00201759 -0.0216956
      endloop
   endfacet
   facet normal -0.707107 0.702962 -0.0764517
      outer loop
         vertex -0.1115 0.00102345 -0.0215875
         vertex -0.1115 0.00109352 -0.0211601
         vertex -0.1105 0.00207014 -0.0213751
      endloop
   endfacet
   facet normal -0.707107 0.690575 -0.152007
      outer loop
         vertex -0.1115 0.00109352 -0.0211601
         vertex -0.1115 0.00120939 -0.0207428
         vertex -0.1105 0.00215704 -0.0210621
      endloop
   endfacet
   facet normal -0.707107 0.670092 -0.22578
      outer loop
         vertex -0.1115 0.00120939 -0.0207428
         vertex -0.1115 0.0013697 -0.0203404
         vertex -0.1105 0.00227727 -0.0207603
      endloop
   endfacet
   facet normal -0.707107 0.641753 -0.296906
      outer loop
         vertex -0.1115 0.0013697 -0.0203404
         vertex -0.1115 0.00157257 -0.0199578
         vertex -0.1105 0.00242943 -0.0204733
      endloop
   endfacet
   facet normal -0.707107 0.60589 -0.364552
      outer loop
         vertex -0.1115 0.00157257 -0.0199578
         vertex -0.1115 0.00181563 -0.0195993
         vertex -0.1105 0.00261172 -0.0202045
      endloop
   endfacet
   facet normal -0.707107 0.562923 -0.427923
      outer loop
         vertex -0.1115 0.00181563 -0.0195993
         vertex -0.1115 0.00209602 -0.0192692
         vertex -0.1105 0.00282201 -0.0199569
      endloop
   endfacet
   facet normal -0.707107 0.513356 -0.486277
      outer loop
         vertex -0.1115 0.00209602 -0.0192692
         vertex -0.1115 0.00241045 -0.0189714
         vertex -0.1105 0.00305784 -0.0197335
      endloop
   endfacet
   facet normal -0.707107 0.457771 -0.53893
      outer loop
         vertex -0.1115 0.00241045 -0.0189714
         vertex -0.1115 0.00275525 -0.0187092
         vertex -0.1105 0.00331644 -0.0195369
      endloop
   endfacet
   facet normal -0.707107 0.396819 -0.585265
      outer loop
         vertex -0.1115 0.00275525 -0.0187092
         vertex -0.1115 0.00312637 -0.018486
         vertex -0.1105 0.00359477 -0.0193695
      endloop
   endfacet
   facet normal -0.707107 0.331215 -0.624737
      outer loop
         vertex -0.1115 0.00312637 -0.018486
         vertex -0.1115 0.00351945 -0.0183041
         vertex -0.1105 0.00388959 -0.0192331
      endloop
   endfacet
   facet normal -0.707107 0.261727 -0.656886
      outer loop
         vertex -0.1115 0.00351945 -0.0183041
         vertex -0.1115 0.00392989 -0.0181658
         vertex -0.1105 0.00419741 -0.0191294
      endloop
   endfacet
   facet normal -0.707107 0.189171 -0.681333
      outer loop
         vertex -0.1115 0.00392989 -0.0181658
         vertex -0.1115 0.00435287 -0.0180727
         vertex -0.1105 0.00451465 -0.0190595
      endloop
   endfacet
   facet normal -0.707107 0.114397 -0.697792
      outer loop
         vertex -0.1115 0.00435287 -0.0180727
         vertex -0.1115 0.00478344 -0.0180259
         vertex -0.1105 0.00483758 -0.0190244
      endloop
   endfacet
   facet normal -0.707107 0.038282 -0.70607
      outer loop
         vertex -0.1115 0.00478344 -0.0180259
         vertex -0.1115 0.005 -0.01802
         vertex -0.1105 0.005 -0.01902
      endloop
   endfacet
   facet normal -0.707107 -0.513356 0.486277
      outer loop
         vertex -0.1105 0.00717799 -0.0240831
         vertex -0.1105 0.00738828 -0.0238355
         vertex -0.111489 0.00802091 -0.0246178
      endloop
   endfacet
   facet normal -0.707107 -0.562923 0.427923
      outer loop
         vertex -0.1105 0.00738828 -0.0238355
         vertex -0.1115 0.00818437 -0.0244407
         vertex -0.1115 0.00816744 -0.0244628
      endloop
   endfacet
   facet normal -0.707107 -0.55993 0.431831
      outer loop
         vertex -0.1115 0.00816744 -0.0244628
         vertex -0.111489 0.00802091 -0.0246178
         vertex -0.1105 0.00738828 -0.0238355
      endloop
   endfacet
   facet normal -0.707107 -0.513356 0.486277
      outer loop
         vertex -0.11148 0.00788936 -0.024757
         vertex -0.111487 0.00758135 -0.025059
         vertex -0.1105 0.00694216 -0.0243065
      endloop
   endfacet
   facet normal -0.707107 -0.396819 0.585265
      outer loop
         vertex -0.1105 0.00668356 -0.0245031
         vertex -0.1105 0.00694216 -0.0243065
         vertex -0.111487 0.00758135 -0.025059
      endloop
   endfacet
   facet normal -0.707107 -0.457771 0.53893
      outer loop
         vertex -0.111487 0.00758135 -0.025059
         vertex -0.1115 0.00744281 -0.0251874
         vertex -0.1105 0.00668356 -0.0245031
      endloop
   endfacet
   facet normal -0.707107 -0.431831 0.55993
      outer loop
         vertex -0.1115 0.00744281 -0.0251874
         vertex -0.1115 0.00724475 -0.0253308
         vertex -0.1105 0.00668356 -0.0245031
      endloop
   endfacet
   facet normal -0.707107 -0.457771 0.53893
      outer loop
         vertex -0.1105 0.00694216 -0.0243065
         vertex -0.1105 0.00717799 -0.0240831
         vertex -0.11148 0.00788936 -0.024757
      endloop
   endfacet
   facet normal -0.707107 -0.536133 0.461044
      outer loop
         vertex -0.111489 0.00802091 -0.0246178
         vertex -0.11148 0.00788936 -0.024757
         vertex -0.1105 0.00717799 -0.0240831
      endloop
   endfacet
   facet normal -0.707107 0 -0.707107
      outer loop
         vertex -0.1105 0.005 -0.01902
         vertex -0.1105 0.00483758 -0.0190244
         vertex -0.1115 0.00478344 -0.0180259
      endloop
   endfacet
   facet normal -0.707107 0.038282 -0.70607
      outer loop
         vertex -0.1105 0.00483758 -0.0190244
         vertex -0.1105 0.00451465 -0.0190595
         vertex -0.1115 0.00435287 -0.0180727
      endloop
   endfacet
   facet normal -0.707107 0.114397 -0.697792
      outer loop
         vertex -0.1105 0.00451465 -0.0190595
         vertex -0.1105 0.00419741 -0.0191294
         vertex -0.1115 0.00392989 -0.0181658
      endloop
   endfacet
   facet normal -0.707107 0.189171 -0.681333
      outer loop
         vertex -0.1105 0.00419741 -0.0191294
         vertex -0.1105 0.00388959 -0.0192331
         vertex -0.1115 0.00351945 -0.0183041
      endloop
   endfacet
   facet normal -0.707107 0.261727 -0.656886
      outer loop
         vertex -0.1105 0.00388959 -0.0192331
         vertex -0.1105 0.00359477 -0.0193695
         vertex -0.1115 0.00312637 -0.018486
      endloop
   endfacet
   facet normal -0.707107 0.331215 -0.624737
      outer loop
         vertex -0.1105 0.00359477 -0.0193695
         vertex -0.1105 0.00331644 -0.0195369
         vertex -0.1115 0.00275525 -0.0187092
      endloop
   endfacet
   facet normal -0.707107 0.396819 -0.585265
      outer loop
         vertex -0.1105 0.00331644 -0.0195369
         vertex -0.1105 0.00305784 -0.0197335
         vertex -0.1115 0.00241045 -0.0189714
      endloop
   endfacet
   facet normal -0.707107 0.457771 -0.53893
      outer loop
         vertex -0.1105 0.00305784 -0.0197335
         vertex -0.1105 0.00282201 -0.0199569
         vertex -0.1115 0.00209602 -0.0192692
      endloop
   endfacet
   facet normal -0.707107 0.513356 -0.486277
      outer loop
         vertex -0.1105 0.00282201 -0.0199569
         vertex -0.1105 0.00261172 -0.0202045
         vertex -0.1115 0.00181563 -0.0195993
      endloop
   endfacet
   facet normal -0.707107 0.562923 -0.427923
      outer loop
         vertex -0.1105 0.00261172 -0.0202045
         vertex -0.1105 0.00242943 -0.0204733
         vertex -0.1115 0.00157257 -0.0199578
      endloop
   endfacet
   facet normal -0.707107 0.60589 -0.364552
      outer loop
         vertex -0.1105 0.00242943 -0.0204733
         vertex -0.1105 0.00227727 -0.0207603
         vertex -0.1115 0.0013697 -0.0203404
      endloop
   endfacet
   facet normal -0.707107 0.641753 -0.296906
      outer loop
         vertex -0.1105 0.00227727 -0.0207603
         vertex -0.1105 0.00215704 -0.0210621
         vertex -0.1115 0.00120939 -0.0207428
      endloop
   endfacet
   facet normal -0.707107 0.670092 -0.22578
      outer loop
         vertex -0.1105 0.00215704 -0.0210621
         vertex -0.1105 0.00207014 -0.0213751
         vertex -0.1115 0.00109352 -0.0211601
      endloop
   endfacet
   facet normal -0.707107 0.690575 -0.152007
      outer loop
         vertex -0.1105 0.00207014 -0.0213751
         vertex -0.1105 0.00201759 -0.0216956
         vertex -0.1115 0.00102345 -0.0215875
      endloop
   endfacet
   facet normal -0.707107 0.702962 -0.0764517
      outer loop
         vertex -0.1105 0.00201759 -0.0216956
         vertex -0.1105 0.002 -0.02202
         vertex -0.1115 0.001 -0.02202
      endloop
   endfacet
   facet normal -0.707107 0.707107 1.29893e-16
      outer loop
         vertex -0.1105 0.002 -0.02202
         vertex -0.1105 0.00201759 -0.0223444
         vertex -0.1115 0.00102345 -0.0224525
      endloop
   endfacet
   facet normal -0.707107 0.702962 0.0764517
      outer loop
         vertex -0.1105 0.00201759 -0.0223444
         vertex -0.1105 0.00207014 -0.0226649
         vertex -0.1115 0.00109352 -0.0228799
      endloop
   endfacet
   facet normal -0.707107 0.690575 0.152007
      outer loop
         vertex -0.1105 0.00207014 -0.0226649
         vertex -0.1105 0.00215704 -0.0229779
         vertex -0.1115 0.00120939 -0.0232972
      endloop
   endfacet
   facet normal -0.707107 0.670092 0.22578
      outer loop
         vertex -0.1105 0.00215704 -0.0229779
         vertex -0.1105 0.00227727 -0.0232797
         vertex -0.1115 0.0013697 -0.0236996
      endloop
   endfacet
   facet normal -0.707107 0.641753 0.296906
      outer loop
         vertex -0.1105 0.00227727 -0.0232797
         vertex -0.1105 0.00242943 -0.0235667
         vertex -0.1115 0.00157257 -0.0240822
      endloop
   endfacet
   facet normal -0.707107 0.60589 0.364552
      outer loop
         vertex -0.1105 0.00242943 -0.0235667
         vertex -0.1105 0.00261172 -0.0238355
         vertex -0.1115 0.00181563 -0.0244407
      endloop
   endfacet
   facet normal -0.707107 0.562923 0.427923
      outer loop
         vertex -0.1105 0.00261172 -0.0238355
         vertex -0.1105 0.00282201 -0.0240831
         vertex -0.1115 0.00209602 -0.0247708
      endloop
   endfacet
   facet normal -0.707107 0.513356 0.486277
      outer loop
         vertex -0.1105 0.00282201 -0.0240831
         vertex -0.1105 0.00305784 -0.0243065
         vertex -0.1115 0.00241045 -0.0250686
      endloop
   endfacet
   facet normal -0.707107 0.457771 0.53893
      outer loop
         vertex -0.1105 0.00305784 -0.0243065
         vertex -0.1105 0.00331644 -0.0245031
         vertex -0.1115 0.00275525 -0.0253308
      endloop
   endfacet
   facet normal -0.707107 0.396819 0.585265
      outer loop
         vertex -0.1105 0.00331644 -0.0245031
         vertex -0.1105 0.00359477 -0.0246705
         vertex -0.1115 0.00312637 -0.025554
      endloop
   endfacet
   facet normal -0.707107 0.331215 0.624737
      outer loop
         vertex -0.1105 0.00359477 -0.0246705
         vertex -0.1105 0.00388959 -0.0248069
         vertex -0.1115 0.00351945 -0.0257359
      endloop
   endfacet
   facet normal -0.707107 0.261727 0.656886
      outer loop
         vertex -0.1105 0.00388959 -0.0248069
         vertex -0.1105 0.00419741 -0.0249106
         vertex -0.1115 0.00392989 -0.0258742
      endloop
   endfacet
   facet normal -0.707107 0.189171 0.681333
      outer loop
         vertex -0.1105 0.00419741 -0.0249106
         vertex -0.1105 0.00451465 -0.0249805
         vertex -0.1115 0.00435287 -0.0259673
      endloop
   endfacet
   facet normal -0.707107 0.114397 0.697792
      outer loop
         vertex -0.1105 0.00451465 -0.0249805
         vertex -0.1105 0.00483758 -0.0250156
         vertex -0.1115 0.00478344 -0.0260141
      endloop
   endfacet
   facet normal -0.707107 0.038282 0.70607
      outer loop
         vertex -0.1105 0.00483758 -0.0250156
         vertex -0.1105 0.00516242 -0.0250156
         vertex -0.1115 0.00521656 -0.0260141
      endloop
   endfacet
   facet normal -0.707107 -0.038282 0.70607
      outer loop
         vertex -0.1105 0.00516242 -0.0250156
         vertex -0.1105 0.00548535 -0.0249805
         vertex -0.1115 0.00564713 -0.0259673
      endloop
   endfacet
   facet normal -0.707107 -0.114397 0.697792
      outer loop
         vertex -0.1105 0.00548535 -0.0249805
         vertex -0.1105 0.00580259 -0.0249106
         vertex -0.1115 0.00607011 -0.0258742
      endloop
   endfacet
   facet normal -0.707107 -0.189171 0.681333
      outer loop
         vertex -0.1105 0.00580259 -0.0249106
         vertex -0.1105 0.00611041 -0.0248069
         vertex -0.1115 0.00648055 -0.0257359
      endloop
   endfacet
   facet normal -0.707107 -0.261727 0.656886
      outer loop
         vertex -0.1105 0.00611041 -0.0248069
         vertex -0.1105 0.00640523 -0.0246705
         vertex -0.1115 0.00687363 -0.025554
      endloop
   endfacet
   facet normal -0.707107 -0.331215 0.624737
      outer loop
         vertex -0.1105 0.00640523 -0.0246705
         vertex -0.1105 0.00668356 -0.0245031
         vertex -0.1115 0.00724475 -0.0253308
      endloop
   endfacet
   facet normal -0.707107 -0.562923 0.427923
      outer loop
         vertex -0.1105 0.00738828 -0.0238355
         vertex -0.1105 0.00757057 -0.0235667
         vertex -0.1115 0.00842743 -0.0240822
      endloop
   endfacet
   facet normal -0.707107 -0.60589 0.364552
      outer loop
         vertex -0.1105 0.00757057 -0.0235667
         vertex -0.1105 0.00772273 -0.0232797
         vertex -0.1115 0.0086303 -0.0236996
      endloop
   endfacet
   facet normal -0.707107 -0.641753 0.296906
      outer loop
         vertex -0.1105 0.00772273 -0.0232797
         vertex -0.1105 0.00784296 -0.0229779
         vertex -0.1115 0.00879061 -0.0232972
      endloop
   endfacet
   facet normal -0.707107 -0.670092 0.22578
      outer loop
         vertex -0.1105 0.00784296 -0.0229779
         vertex -0.1105 0.00792986 -0.0226649
         vertex -0.1115 0.00890648 -0.0228799
      endloop
   endfacet
   facet normal -0.707107 -0.690575 0.152007
      outer loop
         vertex -0.1105 0.00792986 -0.0226649
         vertex -0.1105 0.00798241 -0.0223444
         vertex -0.1115 0.00897655 -0.0224525
      endloop
   endfacet
   facet normal -0.707107 -0.702962 0.0764517
      outer loop
         vertex -0.1105 0.00798241 -0.0223444
         vertex -0.1105 0.008 -0.02202
         vertex -0.1115 0.009 -0.02202
      endloop
   endfacet
   facet normal -0.707107 -0.707107 -4.32978e-17
      outer loop
         vertex -0.1105 0.008 -0.02202
         vertex -0.1105 0.00798241 -0.0216956
         vertex -0.1115 0.00897655 -0.0215875
      endloop
   endfacet
   facet normal -0.707107 -0.702962 -0.0764517
      outer loop
         vertex -0.1105 0.00798241 -0.0216956
         vertex -0.1105 0.00792986 -0.0213751
         vertex -0.1115 0.00890648 -0.0211601
      endloop
   endfacet
   facet normal -0.707107 -0.690575 -0.152007
      outer loop
         vertex -0.1105 0.00792986 -0.0213751
         vertex -0.1105 0.00784296 -0.0210621
         vertex -0.1115 0.00879061 -0.0207428
      endloop
   endfacet
   facet normal -0.707107 -0.670092 -0.22578
      outer loop
         vertex -0.1105 0.00784296 -0.0210621
         vertex -0.1105 0.00772273 -0.0207603
         vertex -0.1115 0.0086303 -0.0203404
      endloop
   endfacet
   facet normal -0.707107 -0.641753 -0.296906
      outer loop
         vertex -0.1105 0.00772273 -0.0207603
         vertex -0.1105 0.00757057 -0.0204733
         vertex -0.1115 0.00842743 -0.0199578
      endloop
   endfacet
   facet normal -0.707107 -0.60589 -0.364552
      outer loop
         vertex -0.1105 0.00757057 -0.0204733
         vertex -0.1105 0.00738828 -0.0202045
         vertex -0.1115 0.00818437 -0.0195993
      endloop
   endfacet
   facet normal -0.707107 -0.562923 -0.427923
      outer loop
         vertex -0.1105 0.00738828 -0.0202045
         vertex -0.1105 0.00717799 -0.0199569
         vertex -0.1115 0.00790398 -0.0192692
      endloop
   endfacet
   facet normal -0.707107 -0.513356 -0.486277
      outer loop
         vertex -0.1105 0.00717799 -0.0199569
         vertex -0.1105 0.00694216 -0.0197335
         vertex -0.1115 0.00758955 -0.0189714
      endloop
   endfacet
   facet normal -0.707107 -0.457771 -0.53893
      outer loop
         vertex -0.1105 0.00694216 -0.0197335
         vertex -0.1105 0.00668356 -0.0195369
         vertex -0.1115 0.00724475 -0.0187092
      endloop
   endfacet
   facet normal -0.707107 -0.396819 -0.585265
      outer loop
         vertex -0.1105 0.00668356 -0.0195369
         vertex -0.1105 0.00640523 -0.0193695
         vertex -0.1115 0.00687363 -0.018486
      endloop
   endfacet
   facet normal -0.707107 -0.331215 -0.624737
      outer loop
         vertex -0.1105 0.00640523 -0.0193695
         vertex -0.1105 0.00611041 -0.0192331
         vertex -0.1115 0.00648055 -0.0183041
      endloop
   endfacet
   facet normal -0.707107 -0.261727 -0.656886
      outer loop
         vertex -0.1105 0.00611041 -0.0192331
         vertex -0.1105 0.00580259 -0.0191294
         vertex -0.1115 0.00607011 -0.0181658
      endloop
   endfacet
   facet normal -0.707107 -0.189171 -0.681333
      outer loop
         vertex -0.1105 0.00580259 -0.0191294
         vertex -0.1105 0.00548535 -0.0190595
         vertex -0.1115 0.00564713 -0.0180727
      endloop
   endfacet
   facet normal -0.707107 -0.114397 -0.697792
      outer loop
         vertex -0.1105 0.00548535 -0.0190595
         vertex -0.1105 0.00516242 -0.0190244
         vertex -0.1115 0.00521656 -0.0180259
      endloop
   endfacet
   facet normal -0.707107 -0.038282 -0.70607
      outer loop
         vertex -0.1105 0.00516242 -0.0190244
         vertex -0.1105 0.005 -0.01902
         vertex -0.1115 0.005 -0.01802
      endloop
   endfacet
   facet normal -3.43628e-17 -0.561187 -0.827689
      outer loop
         vertex -0.1178 0.00620112 -0.00787404
         vertex -0.1178 0.00715362 -0.00859811
         vertex -0.1115 0.00715362 -0.00859811
      endloop
   endfacet
   facet normal -2.86817e-17 -0.468408 -0.883512
      outer loop
         vertex -0.1178 0.00517591 -0.00725719
         vertex -0.1178 0.00620112 -0.00787404
         vertex -0.1115 0.00620112 -0.00787404
      endloop
   endfacet
   facet normal -2.26644e-17 -0.370138 -0.928977
      outer loop
         vertex -0.1178 0.00409003 -0.00675481
         vertex -0.1178 0.00517591 -0.00725719
         vertex -0.1115 0.00517591 -0.00725719
      endloop
   endfacet
   facet normal -1.63814e-17 -0.267528 -0.96355
      outer loop
         vertex -0.1178 0.00295619 -0.00637277
         vertex -0.1178 0.00409003 -0.00675481
         vertex -0.1115 0.00409003 -0.00675481
      endloop
   endfacet
   facet normal -9.90629e-18 -0.161782 -0.986827
      outer loop
         vertex -0.1178 0.00178769 -0.00611557
         vertex -0.1178 0.00295619 -0.00637277
         vertex -0.1115 0.00295619 -0.00637277
      endloop
   endfacet
   facet normal -3.31505e-18 -0.0541389 -0.998533
      outer loop
         vertex -0.1178 0.000598235 -0.00598621
         vertex -0.1178 0.00178769 -0.00611557
         vertex -0.1115 0.00178769 -0.00611557
      endloop
   endfacet
   facet normal 3.31505e-18 0.0541389 -0.998533
      outer loop
         vertex -0.1178 -0.000598235 -0.00598621
         vertex -0.1178 0.000598235 -0.00598621
         vertex -0.1115 0.000598235 -0.00598621
      endloop
   endfacet
   facet normal 9.90629e-18 0.161782 -0.986827
      outer loop
         vertex -0.1178 -0.00178769 -0.00611557
         vertex -0.1178 -0.000598235 -0.00598621
         vertex -0.1115 -0.000598235 -0.00598621
      endloop
   endfacet
   facet normal 1.63814e-17 0.267528 -0.96355
      outer loop
         vertex -0.1178 -0.00295619 -0.00637277
         vertex -0.1178 -0.00178769 -0.00611557
         vertex -0.1115 -0.00178769 -0.00611557
      endloop
   endfacet
   facet normal 2.26644e-17 0.370138 -0.928977
      outer loop
         vertex -0.1178 -0.00409003 -0.00675481
         vertex -0.1178 -0.00295619 -0.00637277
         vertex -0.1115 -0.00295619 -0.00637277
      endloop
   endfacet
   facet normal 2.86817e-17 0.468408 -0.883512
      outer loop
         vertex -0.1178 -0.00517591 -0.00725719
         vertex -0.1178 -0.00409003 -0.00675481
         vertex -0.1115 -0.00409003 -0.00675481
      endloop
   endfacet
   facet normal 3.43628e-17 0.561187 -0.827689
      outer loop
         vertex -0.1178 -0.00620112 -0.00787404
         vertex -0.1178 -0.00517591 -0.00725719
         vertex -0.1115 -0.00517591 -0.00725719
      endloop
   endfacet
   facet normal 3.9641e-17 0.647386 -0.762162
      outer loop
         vertex -0.1178 -0.00715362 -0.00859811
         vertex -0.1178 -0.00620112 -0.00787404
         vertex -0.1115 -0.00620112 -0.00787404
      endloop
   endfacet
   facet normal 4.44544e-17 0.725995 -0.687699
      outer loop
         vertex -0.1178 -0.00802225 -0.00942092
         vertex -0.111487 -0.00758135 -0.008981
         vertex -0.11148 -0.00788936 -0.00928305
      endloop
   endfacet
   facet normal 4.44544e-17 0.725995 -0.687699
      outer loop
         vertex -0.1178 -0.00802225 -0.00942092
         vertex -0.1178 -0.00715362 -0.00859811
         vertex -0.1115 -0.00744281 -0.00885256
      endloop
   endfacet
   facet normal 4.12435e-17 0.673557 -0.739135
      outer loop
         vertex -0.1115 -0.00744281 -0.00885256
         vertex -0.111487 -0.00758135 -0.008981
         vertex -0.1178 -0.00802225 -0.00942092
      endloop
   endfacet
   facet normal 3.9641e-17 0.647386 -0.762162
      outer loop
         vertex -0.1178 -0.00715362 -0.00859811
         vertex -0.1115 -0.00715362 -0.00859811
         vertex -0.1115 -0.00744281 -0.00885256
      endloop
   endfacet
   facet normal 4.87466e-17 0.796093 -0.605174
      outer loop
         vertex -0.1178 -0.00879683 -0.0103328
         vertex -0.1178 -0.00802225 -0.00942092
         vertex -0.1115 -0.00816744 -0.00957719
      endloop
   endfacet
   facet normal 4.44544e-17 0.725995 -0.687699
      outer loop
         vertex -0.1178 -0.00802225 -0.00942092
         vertex -0.111489 -0.00802091 -0.00942219
         vertex -0.1115 -0.00816744 -0.00957719
      endloop
   endfacet
   facet normal 5.24674e-17 0.856857 -0.515554
      outer loop
         vertex -0.1178 -0.00946827 -0.0113231
         vertex -0.1178 -0.00879683 -0.0103328
         vertex -0.1115 -0.00879683 -0.0103328
      endloop
   endfacet
   facet normal 5.5573e-17 0.907575 -0.419889
      outer loop
         vertex -0.1178 -0.0100287 -0.0123802
         vertex -0.1178 -0.00946827 -0.0113231
         vertex -0.1115 -0.00946827 -0.0113231
      endloop
   endfacet
   facet normal 5.8027e-17 0.947653 -0.319302
      outer loop
         vertex -0.1178 -0.0104716 -0.0134917
         vertex -0.1178 -0.0100287 -0.0123802
         vertex -0.1115 -0.0100287 -0.0123802
      endloop
   endfacet
   facet normal 5.98008e-17 0.976621 -0.21497
      outer loop
         vertex -0.1178 -0.0107917 -0.0146446
         vertex -0.1178 -0.0104716 -0.0134917
         vertex -0.1115 -0.0104716 -0.0134917
      endloop
   endfacet
   facet normal 6.08734e-17 0.994138 -0.108119
      outer loop
         vertex -0.1178 -0.0109852 -0.0158253
         vertex -0.1178 -0.0107917 -0.0146446
         vertex -0.1115 -0.0107917 -0.0146446
      endloop
   endfacet
   facet normal 6.12323e-17 1 2.44929e-16
      outer loop
         vertex -0.1178 -0.01105 -0.01702
         vertex -0.1178 -0.0109852 -0.0158253
         vertex -0.1115 -0.0109852 -0.0158253
      endloop
   endfacet
   facet normal 6.08734e-17 0.994138 0.108119
      outer loop
         vertex -0.1178 -0.0109852 -0.0182147
         vertex -0.1178 -0.01105 -0.01702
         vertex -0.1115 -0.01105 -0.01702
      endloop
   endfacet
   facet normal 5.98008e-17 0.976621 0.21497
      outer loop
         vertex -0.1178 -0.0107917 -0.0193954
         vertex -0.1178 -0.0109852 -0.0182147
         vertex -0.1115 -0.0109852 -0.0182147
      endloop
   endfacet
   facet normal 5.8027e-17 0.947653 0.319302
      outer loop
         vertex -0.1178 -0.0104716 -0.0205483
         vertex -0.1178 -0.0107917 -0.0193954
         vertex -0.1115 -0.0107917 -0.0193954
      endloop
   endfacet
   facet normal 5.5573e-17 0.907575 0.419889
      outer loop
         vertex -0.1178 -0.0100287 -0.0216598
         vertex -0.1178 -0.0104716 -0.0205483
         vertex -0.1115 -0.0104716 -0.0205483
      endloop
   endfacet
   facet normal 5.24674e-17 0.856857 0.515554
      outer loop
         vertex -0.1178 -0.00946827 -0.0227169
         vertex -0.1178 -0.0100287 -0.0216598
         vertex -0.1115 -0.0100287 -0.0216598
      endloop
   endfacet
   facet normal 4.87466e-17 0.796093 0.605174
      outer loop
         vertex -0.1178 -0.00879683 -0.0237072
         vertex -0.1178 -0.00946827 -0.0227169
         vertex -0.1115 -0.00946827 -0.0227169
      endloop
   endfacet
   facet normal 4.87466e-17 0.796093 0.605174
      outer loop
         vertex -0.1178 -0.00879683 -0.0237072
         vertex -0.1115 -0.00879683 -0.0237072
         vertex -0.1115 -0.00816744 -0.0244628
      endloop
   endfacet
   facet normal 4.5259e-17 0.739135 0.673557
      outer loop
         vertex -0.1115 -0.00816744 -0.0244628
         vertex -0.1178 -0.00802225 -0.0246191
         vertex -0.1178 -0.00879683 -0.0237072
      endloop
   endfacet
   facet normal 4.44544e-17 0.725995 0.687699
      outer loop
         vertex -0.1178 -0.00802225 -0.0246191
         vertex -0.111487 -0.00758135 -0.025059
         vertex -0.1115 -0.00744281 -0.0251874
      endloop
   endfacet
   facet normal 4.44544e-17 0.725995 0.687699
      outer loop
         vertex -0.1178 -0.00802225 -0.0246191
         vertex -0.111489 -0.00802091 -0.0246178
         vertex -0.11148 -0.00788936 -0.024757
      endloop
   endfacet
   facet normal 4.38464e-17 0.71397 0.700177
      outer loop
         vertex -0.11148 -0.00788936 -0.024757
         vertex -0.111487 -0.00758135 -0.025059
         vertex -0.1178 -0.00802225 -0.0246191
      endloop
   endfacet
   facet normal 4.12435e-17 0.673557 0.739135
      outer loop
         vertex -0.1115 -0.00744281 -0.0251874
         vertex -0.1178 -0.00715362 -0.0254419
         vertex -0.1178 -0.00802225 -0.0246191
      endloop
   endfacet
   facet normal 3.43628e-17 0.561187 0.827689
      outer loop
         vertex -0.1178 -0.00620112 -0.026166
         vertex -0.1178 -0.00715362 -0.0254419
         vertex -0.1115 -0.00715362 -0.0254419
      endloop
   endfacet
   facet normal 2.86817e-17 0.468408 0.883512
      outer loop
         vertex -0.1178 -0.00517591 -0.0267828
         vertex -0.1178 -0.00620112 -0.026166
         vertex -0.1115 -0.00620112 -0.026166
      endloop
   endfacet
   facet normal 2.26644e-17 0.370138 0.928977
      outer loop
         vertex -0.1178 -0.00409003 -0.0272852
         vertex -0.1178 -0.00517591 -0.0267828
         vertex -0.1115 -0.00517591 -0.0267828
      endloop
   endfacet
   facet normal 1.63814e-17 0.267528 0.96355
      outer loop
         vertex -0.1178 -0.00295619 -0.0276672
         vertex -0.1178 -0.00409003 -0.0272852
         vertex -0.1115 -0.00409003 -0.0272852
      endloop
   endfacet
   facet normal 9.90629e-18 0.161782 0.986827
      outer loop
         vertex -0.1178 -0.00178769 -0.0279244
         vertex -0.1178 -0.00295619 -0.0276672
         vertex -0.1115 -0.00295619 -0.0276672
      endloop
   endfacet
   facet normal 3.31505e-18 0.0541389 0.998533
      outer loop
         vertex -0.1178 -0.000598235 -0.0280538
         vertex -0.1178 -0.00178769 -0.0279244
         vertex -0.1115 -0.00178769 -0.0279244
      endloop
   endfacet
   facet normal -3.31505e-18 -0.0541389 0.998533
      outer loop
         vertex -0.1178 0.000598235 -0.0280538
         vertex -0.1178 -0.000598235 -0.0280538
         vertex -0.1115 -0.000598235 -0.0280538
      endloop
   endfacet
   facet normal -9.90629e-18 -0.161782 0.986827
      outer loop
         vertex -0.1178 0.00178769 -0.0279244
         vertex -0.1178 0.000598235 -0.0280538
         vertex -0.1115 0.000598235 -0.0280538
      endloop
   endfacet
   facet normal -1.63814e-17 -0.267528 0.96355
      outer loop
         vertex -0.1178 0.00295619 -0.0276672
         vertex -0.1178 0.00178769 -0.0279244
         vertex -0.1115 0.00178769 -0.0279244
      endloop
   endfacet
   facet normal -2.26644e-17 -0.370138 0.928977
      outer loop
         vertex -0.1178 0.00409003 -0.0272852
         vertex -0.1178 0.00295619 -0.0276672
         vertex -0.1115 0.00295619 -0.0276672
      endloop
   endfacet
   facet normal -2.86817e-17 -0.468408 0.883512
      outer loop
         vertex -0.1178 0.00517591 -0.0267828
         vertex -0.1178 0.00409003 -0.0272852
         vertex -0.1115 0.00409003 -0.0272852
      endloop
   endfacet
   facet normal -3.43628e-17 -0.561187 0.827689
      outer loop
         vertex -0.1178 0.00620112 -0.026166
         vertex -0.1178 0.00517591 -0.0267828
         vertex -0.1115 0.00517591 -0.0267828
      endloop
   endfacet
   facet normal -3.9641e-17 -0.647386 0.762162
      outer loop
         vertex -0.1178 0.00715362 -0.0254419
         vertex -0.1178 0.00620112 -0.026166
         vertex -0.1115 0.00620112 -0.026166
      endloop
   endfacet
   facet normal -4.44544e-17 -0.725995 0.687699
      outer loop
         vertex -0.1178 0.00802225 -0.0246191
         vertex -0.111487 0.00758135 -0.025059
         vertex -0.11148 0.00788936 -0.024757
      endloop
   endfacet
   facet normal -4.44544e-17 -0.725995 0.687699
      outer loop
         vertex -0.1178 0.00802225 -0.0246191
         vertex -0.1178 0.00715362 -0.0254419
         vertex -0.1115 0.00744281 -0.0251874
      endloop
   endfacet
   facet normal -4.12435e-17 -0.673557 0.739135
      outer loop
         vertex -0.1115 0.00744281 -0.0251874
         vertex -0.111487 0.00758135 -0.025059
         vertex -0.1178 0.00802225 -0.0246191
      endloop
   endfacet
   facet normal -3.9641e-17 -0.647386 0.762162
      outer loop
         vertex -0.1178 0.00715362 -0.0254419
         vertex -0.1115 0.00715362 -0.0254419
         vertex -0.1115 0.00744281 -0.0251874
      endloop
   endfacet
   facet normal -4.87466e-17 -0.796093 0.605174
      outer loop
         vertex -0.1178 0.00879683 -0.0237072
         vertex -0.1178 0.00802225 -0.0246191
         vertex -0.1115 0.00816744 -0.0244628
      endloop
   endfacet
   facet normal -4.44544e-17 -0.725995 0.687699
      outer loop
         vertex -0.1178 0.00802225 -0.0246191
         vertex -0.111489 0.00802091 -0.0246178
         vertex -0.1115 0.00816744 -0.0244628
      endloop
   endfacet
   facet normal -5.24674e-17 -0.856857 0.515554
      outer loop
         vertex -0.1178 0.00946827 -0.0227169
         vertex -0.1178 0.00879683 -0.0237072
         vertex -0.1115 0.00879683 -0.0237072
      endloop
   endfacet
   facet normal -5.5573e-17 -0.907575 0.419889
      outer loop
         vertex -0.1178 0.0100287 -0.0216598
         vertex -0.1178 0.00946827 -0.0227169
         vertex -0.1115 0.00946827 -0.0227169
      endloop
   endfacet
   facet normal -5.8027e-17 -0.947653 0.319302
      outer loop
         vertex -0.1178 0.0104716 -0.0205483
         vertex -0.1178 0.0100287 -0.0216598
         vertex -0.1115 0.0100287 -0.0216598
      endloop
   endfacet
   facet normal -5.98008e-17 -0.976621 0.21497
      outer loop
         vertex -0.1178 0.0107917 -0.0193954
         vertex -0.1178 0.0104716 -0.0205483
         vertex -0.1115 0.0104716 -0.0205483
      endloop
   endfacet
   facet normal -6.08734e-17 -0.994138 0.108119
      outer loop
         vertex -0.1178 0.0109852 -0.0182147
         vertex -0.1178 0.0107917 -0.0193954
         vertex -0.1115 0.0107917 -0.0193954
      endloop
   endfacet
   facet normal -6.12323e-17 -1 -1.22465e-16
      outer loop
         vertex -0.1178 0.01105 -0.01702
         vertex -0.1178 0.0109852 -0.0182147
         vertex -0.1115 0.0109852 -0.0182147
      endloop
   endfacet
   facet normal -6.08734e-17 -0.994138 -0.108119
      outer loop
         vertex -0.1178 0.0109852 -0.0158253
         vertex -0.1178 0.01105 -0.01702
         vertex -0.1115 0.01105 -0.01702
      endloop
   endfacet
   facet normal -5.98008e-17 -0.976621 -0.21497
      outer loop
         vertex -0.1178 0.0107917 -0.0146446
         vertex -0.1178 0.0109852 -0.0158253
         vertex -0.1115 0.0109852 -0.0158253
      endloop
   endfacet
   facet normal -5.8027e-17 -0.947653 -0.319302
      outer loop
         vertex -0.1178 0.0104716 -0.0134917
         vertex -0.1178 0.0107917 -0.0146446
         vertex -0.1115 0.0107917 -0.0146446
      endloop
   endfacet
   facet normal -5.5573e-17 -0.907575 -0.419889
      outer loop
         vertex -0.1178 0.0100287 -0.0123802
         vertex -0.1178 0.0104716 -0.0134917
         vertex -0.1115 0.0104716 -0.0134917
      endloop
   endfacet
   facet normal -5.24674e-17 -0.856857 -0.515554
      outer loop
         vertex -0.1178 0.00946827 -0.0113231
         vertex -0.1178 0.0100287 -0.0123802
         vertex -0.1115 0.0100287 -0.0123802
      endloop
   endfacet
   facet normal -4.87466e-17 -0.796093 -0.605174
      outer loop
         vertex -0.1178 0.00879683 -0.0103328
         vertex -0.1178 0.00946827 -0.0113231
         vertex -0.1115 0.00946827 -0.0113231
      endloop
   endfacet
   facet normal -4.87466e-17 -0.796093 -0.605174
      outer loop
         vertex -0.1178 0.00879683 -0.0103328
         vertex -0.1115 0.00879683 -0.0103328
         vertex -0.1115 0.00816744 -0.00957719
      endloop
   endfacet
   facet normal -4.5259e-17 -0.739135 -0.673557
      outer loop
         vertex -0.1115 0.00816744 -0.00957719
         vertex -0.1178 0.00802225 -0.00942092
         vertex -0.1178 0.00879683 -0.0103328
      endloop
   endfacet
   facet normal -4.44544e-17 -0.725995 -0.687699
      outer loop
         vertex -0.1178 0.00802225 -0.00942092
         vertex -0.111487 0.00758135 -0.008981
         vertex -0.1115 0.00744281 -0.00885256
      endloop
   endfacet
   facet normal -4.44544e-17 -0.725995 -0.687699
      outer loop
         vertex -0.1178 0.00802225 -0.00942092
         vertex -0.111489 0.00802091 -0.00942219
         vertex -0.11148 0.00788936 -0.00928305
      endloop
   endfacet
   facet normal -4.38464e-17 -0.71397 -0.700177
      outer loop
         vertex -0.11148 0.00788936 -0.00928305
         vertex -0.111487 0.00758135 -0.008981
         vertex -0.1178 0.00802225 -0.00942092
      endloop
   endfacet
   facet normal -4.12435e-17 -0.673557 -0.739135
      outer loop
         vertex -0.1115 0.00744281 -0.00885256
         vertex -0.1178 0.00715362 -0.00859811
         vertex -0.1178 0.00802225 -0.00942092
      endloop
   endfacet
   facet normal -4.12435e-17 -0.673557 -0.739135
      outer loop
         vertex -0.1115 0.00744281 -0.00885256
         vertex -0.1115 0.00715362 -0.00859811
         vertex -0.1178 0.00715362 -0.00859811
      endloop
   endfacet
   facet normal -4.5259e-17 -0.739135 -0.673557
      outer loop
         vertex -0.1115 0.00816744 -0.00957719
         vertex -0.111489 0.00802091 -0.00942219
         vertex -0.1178 0.00802225 -0.00942092
      endloop
   endfacet
   facet normal -5.24674e-17 -0.856857 -0.515554
      outer loop
         vertex -0.1115 0.00946827 -0.0113231
         vertex -0.1115 0.00879683 -0.0103328
         vertex -0.1178 0.00879683 -0.0103328
      endloop
   endfacet
   facet normal -5.5573e-17 -0.907575 -0.419889
      outer loop
         vertex -0.1115 0.0100287 -0.0123802
         vertex -0.1115 0.00946827 -0.0113231
         vertex -0.1178 0.00946827 -0.0113231
      endloop
   endfacet
   facet normal -5.8027e-17 -0.947653 -0.319302
      outer loop
         vertex -0.1115 0.0104716 -0.0134917
         vertex -0.1115 0.0100287 -0.0123802
         vertex -0.1178 0.0100287 -0.0123802
      endloop
   endfacet
   facet normal -5.98008e-17 -0.976621 -0.21497
      outer loop
         vertex -0.1115 0.0107917 -0.0146446
         vertex -0.1115 0.0104716 -0.0134917
         vertex -0.1178 0.0104716 -0.0134917
      endloop
   endfacet
   facet normal -6.08734e-17 -0.994138 -0.108119
      outer loop
         vertex -0.1115 0.0109852 -0.0158253
         vertex -0.1115 0.0107917 -0.0146446
         vertex -0.1178 0.0107917 -0.0146446
      endloop
   endfacet
   facet normal -6.12323e-17 -1 0
      outer loop
         vertex -0.1115 0.01105 -0.01702
         vertex -0.1115 0.0109852 -0.0158253
         vertex -0.1178 0.0109852 -0.0158253
      endloop
   endfacet
   facet normal -6.08734e-17 -0.994138 0.108119
      outer loop
         vertex -0.1115 0.0109852 -0.0182147
         vertex -0.1115 0.01105 -0.01702
         vertex -0.1178 0.01105 -0.01702
      endloop
   endfacet
   facet normal -5.98008e-17 -0.976621 0.21497
      outer loop
         vertex -0.1115 0.0107917 -0.0193954
         vertex -0.1115 0.0109852 -0.0182147
         vertex -0.1178 0.0109852 -0.0182147
      endloop
   endfacet
   facet normal -5.8027e-17 -0.947653 0.319302
      outer loop
         vertex -0.1115 0.0104716 -0.0205483
         vertex -0.1115 0.0107917 -0.0193954
         vertex -0.1178 0.0107917 -0.0193954
      endloop
   endfacet
   facet normal -5.5573e-17 -0.907575 0.419889
      outer loop
         vertex -0.1115 0.0100287 -0.0216598
         vertex -0.1115 0.0104716 -0.0205483
         vertex -0.1178 0.0104716 -0.0205483
      endloop
   endfacet
   facet normal -5.24674e-17 -0.856857 0.515554
      outer loop
         vertex -0.1115 0.00946827 -0.0227169
         vertex -0.1115 0.0100287 -0.0216598
         vertex -0.1178 0.0100287 -0.0216598
      endloop
   endfacet
   facet normal -4.87466e-17 -0.796093 0.605174
      outer loop
         vertex -0.1115 0.00879683 -0.0237072
         vertex -0.1115 0.00946827 -0.0227169
         vertex -0.1178 0.00946827 -0.0227169
      endloop
   endfacet
   facet normal -4.5259e-17 -0.739135 0.673557
      outer loop
         vertex -0.1115 0.00816744 -0.0244628
         vertex -0.1115 0.00879683 -0.0237072
         vertex -0.1178 0.00879683 -0.0237072
      endloop
   endfacet
   facet normal -4.38464e-17 -0.71397 0.700177
      outer loop
         vertex -0.11148 0.00788936 -0.024757
         vertex -0.111489 0.00802091 -0.0246178
         vertex -0.1178 0.00802225 -0.0246191
      endloop
   endfacet
   facet normal -3.43628e-17 -0.561187 0.827689
      outer loop
         vertex -0.1115 0.00620112 -0.026166
         vertex -0.1115 0.00715362 -0.0254419
         vertex -0.1178 0.00715362 -0.0254419
      endloop
   endfacet
   facet normal -2.86817e-17 -0.468408 0.883512
      outer loop
         vertex -0.1115 0.00517591 -0.0267828
         vertex -0.1115 0.00620112 -0.026166
         vertex -0.1178 0.00620112 -0.026166
      endloop
   endfacet
   facet normal -2.26644e-17 -0.370138 0.928977
      outer loop
         vertex -0.1115 0.00409003 -0.0272852
         vertex -0.1115 0.00517591 -0.0267828
         vertex -0.1178 0.00517591 -0.0267828
      endloop
   endfacet
   facet normal -1.63814e-17 -0.267528 0.96355
      outer loop
         vertex -0.1115 0.00295619 -0.0276672
         vertex -0.1115 0.00409003 -0.0272852
         vertex -0.1178 0.00409003 -0.0272852
      endloop
   endfacet
   facet normal -9.90629e-18 -0.161782 0.986827
      outer loop
         vertex -0.1115 0.00178769 -0.0279244
         vertex -0.1115 0.00295619 -0.0276672
         vertex -0.1178 0.00295619 -0.0276672
      endloop
   endfacet
   facet normal -3.31505e-18 -0.0541389 0.998533
      outer loop
         vertex -0.1115 0.000598235 -0.0280538
         vertex -0.1115 0.00178769 -0.0279244
         vertex -0.1178 0.00178769 -0.0279244
      endloop
   endfacet
   facet normal 3.31505e-18 0.0541389 0.998533
      outer loop
         vertex -0.1115 -0.000598235 -0.0280538
         vertex -0.1115 0.000598235 -0.0280538
         vertex -0.1178 0.000598235 -0.0280538
      endloop
   endfacet
   facet normal 9.90629e-18 0.161782 0.986827
      outer loop
         vertex -0.1115 -0.00178769 -0.0279244
         vertex -0.1115 -0.000598235 -0.0280538
         vertex -0.1178 -0.000598235 -0.0280538
      endloop
   endfacet
   facet normal 1.63814e-17 0.267528 0.96355
      outer loop
         vertex -0.1115 -0.00295619 -0.0276672
         vertex -0.1115 -0.00178769 -0.0279244
         vertex -0.1178 -0.00178769 -0.0279244
      endloop
   endfacet
   facet normal 2.26644e-17 0.370138 0.928977
      outer loop
         vertex -0.1115 -0.00409003 -0.0272852
         vertex -0.1115 -0.00295619 -0.0276672
         vertex -0.1178 -0.00295619 -0.0276672
      endloop
   endfacet
   facet normal 2.86817e-17 0.468408 0.883512
      outer loop
         vertex -0.1115 -0.00517591 -0.0267828
         vertex -0.1115 -0.00409003 -0.0272852
         vertex -0.1178 -0.00409003 -0.0272852
      endloop
   endfacet
   facet normal 3.43628e-17 0.561187 0.827689
      outer loop
         vertex -0.1115 -0.00620112 -0.026166
         vertex -0.1115 -0.00517591 -0.0267828
         vertex -0.1178 -0.00517591 -0.0267828
      endloop
   endfacet
   facet normal 3.9641e-17 0.647386 0.762162
      outer loop
         vertex -0.1115 -0.00715362 -0.0254419
         vertex -0.1115 -0.00620112 -0.026166
         vertex -0.1178 -0.00620112 -0.026166
      endloop
   endfacet
   facet normal 4.12435e-17 0.673557 0.739135
      outer loop
         vertex -0.1115 -0.00744281 -0.0251874
         vertex -0.1115 -0.00715362 -0.0254419
         vertex -0.1178 -0.00715362 -0.0254419
      endloop
   endfacet
   facet normal 4.5259e-17 0.739135 0.673557
      outer loop
         vertex -0.1115 -0.00816744 -0.0244628
         vertex -0.111489 -0.00802091 -0.0246178
         vertex -0.1178 -0.00802225 -0.0246191
      endloop
   endfacet
   facet normal 5.24674e-17 0.856857 0.515554
      outer loop
         vertex -0.1115 -0.00946827 -0.0227169
         vertex -0.1115 -0.00879683 -0.0237072
         vertex -0.1178 -0.00879683 -0.0237072
      endloop
   endfacet
   facet normal 5.5573e-17 0.907575 0.419889
      outer loop
         vertex -0.1115 -0.0100287 -0.0216598
         vertex -0.1115 -0.00946827 -0.0227169
         vertex -0.1178 -0.00946827 -0.0227169
      endloop
   endfacet
   facet normal 5.8027e-17 0.947653 0.319302
      outer loop
         vertex -0.1115 -0.0104716 -0.0205483
         vertex -0.1115 -0.0100287 -0.0216598
         vertex -0.1178 -0.0100287 -0.0216598
      endloop
   endfacet
   facet normal 5.98008e-17 0.976621 0.21497
      outer loop
         vertex -0.1115 -0.0107917 -0.0193954
         vertex -0.1115 -0.0104716 -0.0205483
         vertex -0.1178 -0.0104716 -0.0205483
      endloop
   endfacet
   facet normal 6.08734e-17 0.994138 0.108119
      outer loop
         vertex -0.1115 -0.0109852 -0.0182147
         vertex -0.1115 -0.0107917 -0.0193954
         vertex -0.1178 -0.0107917 -0.0193954
      endloop
   endfacet
   facet normal 6.12323e-17 1 3.13977e-16
      outer loop
         vertex -0.1115 -0.01105 -0.01702
         vertex -0.1115 -0.0109852 -0.0182147
         vertex -0.1178 -0.0109852 -0.0182147
      endloop
   endfacet
   facet normal 6.08734e-17 0.994138 -0.108119
      outer loop
         vertex -0.1115 -0.0109852 -0.0158253
         vertex -0.1115 -0.01105 -0.01702
         vertex -0.1178 -0.01105 -0.01702
      endloop
   endfacet
   facet normal 5.98008e-17 0.976621 -0.21497
      outer loop
         vertex -0.1115 -0.0107917 -0.0146446
         vertex -0.1115 -0.0109852 -0.0158253
         vertex -0.1178 -0.0109852 -0.0158253
      endloop
   endfacet
   facet normal 5.8027e-17 0.947653 -0.319302
      outer loop
         vertex -0.1115 -0.0104716 -0.0134917
         vertex -0.1115 -0.0107917 -0.0146446
         vertex -0.1178 -0.0107917 -0.0146446
      endloop
   endfacet
   facet normal 5.5573e-17 0.907575 -0.419889
      outer loop
         vertex -0.1115 -0.0100287 -0.0123802
         vertex -0.1115 -0.0104716 -0.0134917
         vertex -0.1178 -0.0104716 -0.0134917
      endloop
   endfacet
   facet normal 5.24674e-17 0.856857 -0.515554
      outer loop
         vertex -0.1115 -0.00946827 -0.0113231
         vertex -0.1115 -0.0100287 -0.0123802
         vertex -0.1178 -0.0100287 -0.0123802
      endloop
   endfacet
   facet normal 4.87466e-17 0.796093 -0.605174
      outer loop
         vertex -0.1115 -0.00879683 -0.0103328
         vertex -0.1115 -0.00946827 -0.0113231
         vertex -0.1178 -0.00946827 -0.0113231
      endloop
   endfacet
   facet normal 4.5259e-17 0.739135 -0.673557
      outer loop
         vertex -0.1115 -0.00816744 -0.00957719
         vertex -0.1115 -0.00879683 -0.0103328
         vertex -0.1178 -0.00879683 -0.0103328
      endloop
   endfacet
   facet normal 4.38464e-17 0.71397 -0.700177
      outer loop
         vertex -0.11148 -0.00788936 -0.00928305
         vertex -0.111489 -0.00802091 -0.00942219
         vertex -0.1178 -0.00802225 -0.00942092
      endloop
   endfacet
   facet normal 3.43628e-17 0.561187 -0.827689
      outer loop
         vertex -0.1115 -0.00620112 -0.00787404
         vertex -0.1115 -0.00715362 -0.00859811
         vertex -0.1178 -0.00715362 -0.00859811
      endloop
   endfacet
   facet normal 2.86817e-17 0.468408 -0.883512
      outer loop
         vertex -0.1115 -0.00517591 -0.00725719
         vertex -0.1115 -0.00620112 -0.00787404
         vertex -0.1178 -0.00620112 -0.00787404
      endloop
   endfacet
   facet normal 2.26644e-17 0.370138 -0.928977
      outer loop
         vertex -0.1115 -0.00409003 -0.00675481
         vertex -0.1115 -0.00517591 -0.00725719
         vertex -0.1178 -0.00517591 -0.00725719
      endloop
   endfacet
   facet normal 1.63814e-17 0.267528 -0.96355
      outer loop
         vertex -0.1115 -0.00295619 -0.00637277
         vertex -0.1115 -0.00409003 -0.00675481
         vertex -0.1178 -0.00409003 -0.00675481
      endloop
   endfacet
   facet normal 9.90629e-18 0.161782 -0.986827
      outer loop
         vertex -0.1115 -0.00178769 -0.00611557
         vertex -0.1115 -0.00295619 -0.00637277
         vertex -0.1178 -0.00295619 -0.00637277
      endloop
   endfacet
   facet normal 3.31505e-18 0.0541389 -0.998533
      outer loop
         vertex -0.1115 -0.000598235 -0.00598621
         vertex -0.1115 -0.00178769 -0.00611557
         vertex -0.1178 -0.00178769 -0.00611557
      endloop
   endfacet
   facet normal -3.31505e-18 -0.0541389 -0.998533
      outer loop
         vertex -0.1115 0.000598235 -0.00598621
         vertex -0.1115 -0.000598235 -0.00598621
         vertex -0.1178 -0.000598235 -0.00598621
      endloop
   endfacet
   facet normal -9.90629e-18 -0.161782 -0.986827
      outer loop
         vertex -0.1115 0.00178769 -0.00611557
         vertex -0.1115 0.000598235 -0.00598621
         vertex -0.1178 0.000598235 -0.00598621
      endloop
   endfacet
   facet normal -1.63814e-17 -0.267528 -0.96355
      outer loop
         vertex -0.1115 0.00295619 -0.00637277
         vertex -0.1115 0.00178769 -0.00611557
         vertex -0.1178 0.00178769 -0.00611557
      endloop
   endfacet
   facet normal -2.26644e-17 -0.370138 -0.928977
      outer loop
         vertex -0.1115 0.00409003 -0.00675481
         vertex -0.1115 0.00295619 -0.00637277
         vertex -0.1178 0.00295619 -0.00637277
      endloop
   endfacet
   facet normal -2.86817e-17 -0.468408 -0.883512
      outer loop
         vertex -0.1115 0.00517591 -0.00725719
         vertex -0.1115 0.00409003 -0.00675481
         vertex -0.1178 0.00409003 -0.00675481
      endloop
   endfacet
   facet normal -3.43628e-17 -0.561187 -0.827689
      outer loop
         vertex -0.1115 0.00620112 -0.00787404
         vertex -0.1115 0.00517591 -0.00725719
         vertex -0.1178 0.00517591 -0.00725719
      endloop
   endfacet
   facet normal -3.9641e-17 -0.647386 -0.762162
      outer loop
         vertex -0.1115 0.00715362 -0.00859811
         vertex -0.1115 0.00620112 -0.00787404
         vertex -0.1178 0.00620112 -0.00787404
      endloop
   endfacet
   facet normal -1 6.12323e-17 0
      outer loop
         vertex -0.1115 0.0004449 -0.0143062
         vertex -0.1115 0.001 -0.01202
         vertex -0.1115 0.00102345 -0.0124525
      endloop
   endfacet
   facet normal -1 6.12323e-17 0
      outer loop
         vertex -0.1115 0.00249583 -0.0158653
         vertex -0.1115 0.00235636 -0.0156022
         vertex -0.1115 0.00275525 -0.0153308
      endloop
   endfacet
   facet normal -1 6.12323e-17 0
      outer loop
         vertex -0.1115 0.00268571 -0.0164288
         vertex -0.1115 0.00260605 -0.0161419
         vertex -0.1115 0.00351945 -0.0157359
      endloop
   endfacet
   facet normal -1 6.12323e-17 0
      outer loop
         vertex -0.1115 0.00790398 -0.0147708
         vertex -0.1115 0.00818437 -0.0144407
         vertex -0.1115 0.01105 -0.01702
      endloop
   endfacet
   facet normal -1 6.12323e-17 0
      outer loop
         vertex -0.1115 0.00758955 -0.0150686
         vertex -0.1115 0.00790398 -0.0147708
         vertex -0.1115 0.0109852 -0.0182147
      endloop
   endfacet
   facet normal -1 6.12323e-17 0
      outer loop
         vertex -0.1115 0.00687363 -0.015554
         vertex -0.1115 0.00818437 -0.0195993
         vertex -0.1115 0.00790398 -0.0192692
      endloop
   endfacet
   facet normal -1 6.12323e-17 0
      outer loop
         vertex -0.1115 0.00102345 -0.0124525
         vertex -0.1115 0.00101788 -0.0144653
         vertex -0.1115 0.000735703 -0.0143702
      endloop
   endfacet
   facet normal -1 6.12323e-17 0
      outer loop
         vertex -0.1115 0.0004449 -0.0143062
         vertex -0.1115 0.00178769 -0.00611557
         vertex -0.1115 0.00109352 -0.0111601
      endloop
   endfacet
   facet normal -1 6.12323e-17 0
      outer loop
         vertex -0.1115 0.00178769 -0.00611557
         vertex -0.1115 0.0013697 -0.0103404
         vertex -0.1115 0.00120939 -0.0107428
      endloop
   endfacet
   facet normal -1 6.12323e-17 0
      outer loop
         vertex -0.1115 0.00312637 -0.015554
         vertex -0.1115 0.00260605 -0.0161419
         vertex -0.1115 0.00249583 -0.0158653
      endloop
   endfacet
   facet normal -1 6.12323e-17 0
      outer loop
         vertex -0.1115 0.00351945 -0.0157359
         vertex -0.1115 0.00392989 -0.0158742
         vertex -0.1115 0.00268571 -0.0164288
      endloop
   endfacet
   facet normal -1 6.12323e-17 0
      outer loop
         vertex -0.1115 -0.00392989 -0.0081658
         vertex -0.1115 -0.00435287 -0.00807269
         vertex -0.1115 -0.00409003 -0.00675481
      endloop
   endfacet
   facet normal -1 6.12323e-17 0
      outer loop
         vertex -0.1115 -0.0004449 -0.0143062
         vertex -0.1115 -0.00102345 -0.0115875
         vertex -0.1115 -0.00109352 -0.0111601
      endloop
   endfacet
   facet normal -1 6.12323e-17 0
      outer loop
         vertex -0.1115 0.00842743 -0.0140822
         vertex -0.1115 0.0086303 -0.0136996
         vertex -0.1115 0.0107917 -0.0146446
      endloop
   endfacet
   facet normal -1 6.12323e-17 0
      outer loop
         vertex -0.1115 0.00818437 -0.0144407
         vertex -0.1115 0.00842743 -0.0140822
         vertex -0.1115 0.0109852 -0.0158253
      endloop
   endfacet
   facet normal -1 6.12323e-17 0
      outer loop
         vertex -0.1115 0.0109852 -0.0182147
         vertex -0.1115 0.0107917 -0.0193954
         vertex -0.1115 0.00758955 -0.0150686
      endloop
   endfacet
   facet normal -1 6.12323e-17 0
      outer loop
         vertex -0.1115 0.0107917 -0.0193954
         vertex -0.1115 0.00842743 -0.0199578
         vertex -0.1115 0.00687363 -0.015554
      endloop
   endfacet
   facet normal -1 6.12323e-17 0
      outer loop
         vertex -0.1115 0.00687363 -0.015554
         vertex -0.1115 0.00842743 -0.0199578
         vertex -0.1115 0.00818437 -0.0195993
      endloop
   endfacet
   facet normal -1 6.12323e-17 0
      outer loop
         vertex -0.1115 0.00102345 -0.0124525
         vertex -0.1115 0.00128812 -0.0145903
         vertex -0.1115 0.00101788 -0.0144653
      endloop
   endfacet
   facet normal -1 6.12323e-17 0
      outer loop
         vertex -0.1115 0.00120939 -0.0107428
         vertex -0.1115 0.00109352 -0.0111601
         vertex -0.1115 0.00178769 -0.00611557
      endloop
   endfacet
   facet normal -1 6.12323e-17 0
      outer loop
         vertex -0.1115 0.00275525 -0.0153308
         vertex -0.1115 0.00312637 -0.015554
         vertex -0.1115 0.00249583 -0.0158653
      endloop
   endfacet
   facet normal -1 6.12323e-17 0
      outer loop
         vertex -0.1115 0.00435287 -0.0159673
         vertex -0.1115 0.00273388 -0.0167227
         vertex -0.1115 0.00268571 -0.0164288
      endloop
   endfacet
   facet normal -1 6.12323e-17 0
      outer loop
         vertex -0.1115 0.00392989 -0.0181658
         vertex -0.1115 0.00273388 -0.0173173
         vertex -0.1115 0.00275 -0.01702
      endloop
   endfacet
   facet normal -1 6.12323e-17 0
      outer loop
         vertex -0.1115 -0.00295619 -0.00637277
         vertex -0.1115 -0.00351945 -0.00830409
         vertex -0.1115 -0.00392989 -0.0081658
      endloop
   endfacet
   facet normal -1 6.12323e-17 0
      outer loop
         vertex -0.1115 -0.00312637 -0.00848595
         vertex -0.1115 -0.00351945 -0.00830409
         vertex -0.1115 -0.00295619 -0.00637277
      endloop
   endfacet
   facet normal -1 6.12323e-17 0
      outer loop
         vertex -0.1115 -0.00109352 -0.0111601
         vertex -0.1115 -0.00178769 -0.00611557
         vertex -0.1115 -0.0004449 -0.0143062
      endloop
   endfacet
   facet normal -1 6.12323e-17 0
      outer loop
         vertex -0.1115 -0.0004449 -0.0143062
         vertex -0.1115 -0.00102345 -0.0124525
         vertex -0.1115 -0.001 -0.01202
      endloop
   endfacet
   facet normal -1 6.12323e-17 0
      outer loop
         vertex -0.1115 -0.0004449 -0.0143062
         vertex -0.1115 -0.00120939 -0.0132972
         vertex -0.1115 -0.00109352 -0.0128799
      endloop
   endfacet
   facet normal -1 6.12323e-17 0
      outer loop
         vertex -0.1115 -0.00101788 -0.0144653
         vertex -0.1115 -0.00128812 -0.0145903
         vertex -0.1115 -0.00157257 -0.0140822
      endloop
   endfacet
   facet normal -1 6.12323e-17 0
      outer loop
         vertex -0.1115 -0.0013697 -0.0136996
         vertex -0.1115 -0.0004449 -0.0143062
         vertex -0.1115 -0.000735703 -0.0143702
      endloop
   endfacet
   facet normal -1 6.12323e-17 0
      outer loop
         vertex -0.1115 0.00890648 -0.0128799
         vertex -0.1115 0.00897655 -0.0124525
         vertex -0.1115 0.0100287 -0.0123802
      endloop
   endfacet
   facet normal -1 6.12323e-17 0
      outer loop
         vertex -0.1115 0.0086303 -0.0136996
         vertex -0.1115 0.00879061 -0.0132972
         vertex -0.1115 0.0104716 -0.0134917
      endloop
   endfacet
   facet normal -1 6.12323e-17 0
      outer loop
         vertex -0.1115 0.0109852 -0.0158253
         vertex -0.1115 0.01105 -0.01702
         vertex -0.1115 0.00818437 -0.0144407
      endloop
   endfacet
   facet normal -1 6.12323e-17 0
      outer loop
         vertex -0.1115 0.0107917 -0.0193954
         vertex -0.1115 0.00724475 -0.0153308
         vertex -0.1115 0.00758955 -0.0150686
      endloop
   endfacet
   facet normal -1 6.12323e-17 0
      outer loop
         vertex -0.1115 0.00790398 -0.0192692
         vertex -0.1115 0.00648055 -0.0157359
         vertex -0.1115 0.00687363 -0.015554
      endloop
   endfacet
   facet normal -1 6.12323e-17 0
      outer loop
         vertex -0.1115 0.0004449 -0.0143062
         vertex -0.1115 0.00102345 -0.0115875
         vertex -0.1115 0.001 -0.01202
      endloop
   endfacet
   facet normal -1 6.12323e-17 0
      outer loop
         vertex -0.1115 0.00178769 -0.00611557
         vertex -0.1115 0.00157257 -0.00995778
         vertex -0.1115 0.0013697 -0.0103404
      endloop
   endfacet
   facet normal -1 6.12323e-17 0
      outer loop
         vertex -0.1115 0.00178769 -0.00611557
         vertex -0.1115 0.00209602 -0.0092692
         vertex -0.1115 0.00181563 -0.0095993
      endloop
   endfacet
   facet normal -1 6.12323e-17 0
      outer loop
         vertex -0.1115 0.00178769 -0.00611557
         vertex -0.1115 0.00275525 -0.00870924
         vertex -0.1115 0.00241045 -0.00897135
      endloop
   endfacet
   facet normal -1 6.12323e-17 0
      outer loop
         vertex -0.1115 0.00128812 -0.0145903
         vertex -0.1115 0.00109352 -0.0128799
         vertex -0.1115 0.00120939 -0.0132972
      endloop
   endfacet
   facet normal -1 6.12323e-17 0
      outer loop
         vertex -0.1115 0.00517591 -0.00725719
         vertex -0.1115 0.005 -0.00802
         vertex -0.1115 0.00478344 -0.00802587
      endloop
   endfacet
   facet normal -1 6.12323e-17 0
      outer loop
         vertex -0.1115 0.00715362 -0.00859811
         vertex -0.1115 0.00724475 -0.00870924
         vertex -0.1115 0.00687363 -0.00848595
      endloop
   endfacet
   facet normal -1 6.12323e-17 0
      outer loop
         vertex -0.1115 0.00241045 -0.0150686
         vertex -0.1115 0.00218926 -0.0153558
         vertex -0.1115 0.00199649 -0.0151288
      endloop
   endfacet
   facet normal -1 6.12323e-17 0
      outer loop
         vertex -0.1115 0.00392989 -0.0158742
         vertex -0.1115 0.00435287 -0.0159673
         vertex -0.1115 0.00268571 -0.0164288
      endloop
   endfacet
   facet normal -1 6.12323e-17 0
      outer loop
         vertex -0.1115 0.00275 -0.01702
         vertex -0.1115 0.00435287 -0.0159673
         vertex -0.1115 0.00392989 -0.0181658
      endloop
   endfacet
   facet normal -1 6.12323e-17 0
      outer loop
         vertex -0.1115 0.00268571 -0.0176112
         vertex -0.1115 0.00392989 -0.0181658
         vertex -0.1115 0.00351945 -0.0183041
      endloop
   endfacet
   facet normal -1 6.12323e-17 0
      outer loop
         vertex -0.1115 -0.00295619 -0.00637277
         vertex -0.1115 -0.00178769 -0.00611557
         vertex -0.1115 -0.00312637 -0.00848595
      endloop
   endfacet
   facet normal -1 6.12323e-17 0
      outer loop
         vertex -0.1115 -0.00178769 -0.00611557
         vertex -0.1115 -0.00241045 -0.00897135
         vertex -0.1115 -0.00275525 -0.00870924
      endloop
   endfacet
   facet normal -1 6.12323e-17 0
      outer loop
         vertex -0.1115 -0.00178769 -0.00611557
         vertex -0.1115 -0.00181563 -0.0095993
         vertex -0.1115 -0.00209602 -0.0092692
      endloop
   endfacet
   facet normal -1 6.12323e-17 0
      outer loop
         vertex -0.1115 -0.00178769 -0.00611557
         vertex -0.1115 -0.00120939 -0.0107428
         vertex -0.1115 -0.0013697 -0.0103404
      endloop
   endfacet
   facet normal -1 6.12323e-17 0
      outer loop
         vertex -0.1115 -0.001 -0.01202
         vertex -0.1115 -0.00102345 -0.0115875
         vertex -0.1115 -0.0004449 -0.0143062
      endloop
   endfacet
   facet normal -1 6.12323e-17 0
      outer loop
         vertex -0.1115 -0.0004449 -0.0143062
         vertex -0.1115 -0.0013697 -0.0136996
         vertex -0.1115 -0.00120939 -0.0132972
      endloop
   endfacet
   facet normal -1 6.12323e-17 0
      outer loop
         vertex -0.1115 -0.000735703 -0.0143702
         vertex -0.1115 -0.00101788 -0.0144653
         vertex -0.1115 -0.0013697 -0.0136996
      endloop
   endfacet
   facet normal -1 6.12323e-17 0
      outer loop
         vertex -0.1115 0.0100287 -0.0123802
         vertex -0.1115 0.0104716 -0.0134917
         vertex -0.1115 0.00890648 -0.0128799
      endloop
   endfacet
   facet normal -1 6.12323e-17 0
      outer loop
         vertex -0.1115 0.0104716 -0.0134917
         vertex -0.1115 0.0107917 -0.0146446
         vertex -0.1115 0.0086303 -0.0136996
      endloop
   endfacet
   facet normal -1 6.12323e-17 0
      outer loop
         vertex -0.1115 0.01105 -0.01702
         vertex -0.1115 0.0109852 -0.0182147
         vertex -0.1115 0.00790398 -0.0147708
      endloop
   endfacet
   facet normal -1 6.12323e-17 0
      outer loop
         vertex -0.1115 0.0107917 -0.0193954
         vertex -0.1115 0.0086303 -0.0203404
         vertex -0.1115 0.00842743 -0.0199578
      endloop
   endfacet
   facet normal -1 6.12323e-17 0
      outer loop
         vertex -0.1115 0.00607011 -0.0158742
         vertex -0.1115 0.00648055 -0.0183041
         vertex -0.1115 0.00607011 -0.0181658
      endloop
   endfacet
   facet normal -1 6.12323e-17 0
      outer loop
         vertex -0.1115 0.00879683 -0.0237072
         vertex -0.1115 0.0086303 -0.0236996
         vertex -0.1115 0.00879061 -0.0232972
      endloop
   endfacet
   facet normal -1 6.12323e-17 0
      outer loop
         vertex -0.1115 0.00478344 -0.0160141
         vertex -0.1115 0.00521656 -0.0160141
         vertex -0.1115 0.005 -0.01802
      endloop
   endfacet
   facet normal -1 6.12323e-17 0
      outer loop
         vertex -0.1115 0.00109352 -0.0111601
         vertex -0.1115 0.00102345 -0.0115875
         vertex -0.1115 0.0004449 -0.0143062
      endloop
   endfacet
   facet normal -1 6.12323e-17 0
      outer loop
         vertex -0.1115 0.00241045 -0.00897135
         vertex -0.1115 0.00209602 -0.0092692
         vertex -0.1115 0.00178769 -0.00611557
      endloop
   endfacet
   facet normal -1 6.12323e-17 0
      outer loop
         vertex -0.1115 0.00120939 -0.0132972
         vertex -0.1115 0.00178031 -0.0149241
         vertex -0.1115 0.00154326 -0.0147439
      endloop
   endfacet
   facet normal -1 6.12323e-17 0
      outer loop
         vertex -0.1115 0.00312637 -0.00848595
         vertex -0.1115 0.00178769 -0.00611557
         vertex -0.1115 0.00295619 -0.00637277
      endloop
   endfacet
   facet normal -1 6.12323e-17 0
      outer loop
         vertex -0.1115 0.00392989 -0.0081658
         vertex -0.1115 0.00295619 -0.00637277
         vertex -0.1115 0.00409003 -0.00675481
      endloop
   endfacet
   facet normal -1 6.12323e-17 0
      outer loop
         vertex -0.1115 0.00517591 -0.00725719
         vertex -0.1115 0.00521656 -0.00802587
         vertex -0.1115 0.005 -0.00802
      endloop
   endfacet
   facet normal -1 6.12323e-17 0
      outer loop
         vertex -0.1115 0.00620112 -0.00787404
         vertex -0.1115 0.00607011 -0.0081658
         vertex -0.1115 0.00564713 -0.00807269
      endloop
   endfacet
   facet normal -1 6.12323e-17 0
      outer loop
         vertex -0.1115 0.00715362 -0.00859811
         vertex -0.1115 0.00744281 -0.00885256
         vertex -0.1115 0.00724475 -0.00870924
      endloop
   endfacet
   facet normal -1 6.12323e-17 0
      outer loop
         vertex -0.1115 0.00199649 -0.0151288
         vertex -0.1115 0.00209602 -0.0147708
         vertex -0.1115 0.00241045 -0.0150686
      endloop
   endfacet
   facet normal -1 6.12323e-17 0
      outer loop
         vertex -0.1115 0.00275525 -0.0153308
         vertex -0.1115 0.00235636 -0.0156022
         vertex -0.1115 0.00218926 -0.0153558
      endloop
   endfacet
   facet normal -1 6.12323e-17 0
      outer loop
         vertex -0.1115 0.00275 -0.01702
         vertex -0.1115 0.00273388 -0.0167227
         vertex -0.1115 0.00435287 -0.0159673
      endloop
   endfacet
   facet normal -1 6.12323e-17 0
      outer loop
         vertex -0.1115 0.00351945 -0.0183041
         vertex -0.1115 0.00260605 -0.0178981
         vertex -0.1115 0.00268571 -0.0176112
      endloop
   endfacet
   facet normal -1 6.12323e-17 0
      outer loop
         vertex -0.1115 -0.00273388 -0.0173173
         vertex -0.1115 -0.00478344 -0.0180259
         vertex -0.1115 -0.005 -0.01802
      endloop
   endfacet
   facet normal -1 6.12323e-17 0
      outer loop
         vertex -0.1115 -0.0004449 -0.0197338
         vertex -0.1115 -0.00178769 -0.0279244
         vertex -0.1115 -0.00109352 -0.0228799
      endloop
   endfacet
   facet normal -1 6.12323e-17 0
      outer loop
         vertex -0.1115 -0.00249583 -0.0158653
         vertex -0.1115 -0.00312637 -0.015554
         vertex -0.1115 -0.00275525 -0.0153308
      endloop
   endfacet
   facet normal -1 6.12323e-17 0
      outer loop
         vertex -0.1115 -0.00241045 -0.0150686
         vertex -0.1115 -0.00209602 -0.0147708
         vertex -0.1115 -0.00199649 -0.0151288
      endloop
   endfacet
   facet normal -1 6.12323e-17 0
      outer loop
         vertex -0.1115 -0.00181563 -0.0144407
         vertex -0.1115 -0.00154326 -0.0147439
         vertex -0.1115 -0.00178031 -0.0149241
      endloop
   endfacet
   facet normal -1 6.12323e-17 0
      outer loop
         vertex -0.1115 -0.00128812 -0.0145903
         vertex -0.1115 -0.00154326 -0.0147439
         vertex -0.1115 -0.00181563 -0.0144407
      endloop
   endfacet
   facet normal -1 6.12323e-17 0
      outer loop
         vertex -0.1115 -0.00275525 -0.00870924
         vertex -0.1115 -0.00312637 -0.00848595
         vertex -0.1115 -0.00178769 -0.00611557
      endloop
   endfacet
   facet normal -1 6.12323e-17 0
      outer loop
         vertex -0.1115 -0.00178769 -0.00611557
         vertex -0.1115 -0.00157257 -0.00995778
         vertex -0.1115 -0.00181563 -0.0095993
      endloop
   endfacet
   facet normal -1 6.12323e-17 0
      outer loop
         vertex -0.1115 -0.00109352 -0.0111601
         vertex -0.1115 -0.00120939 -0.0107428
         vertex -0.1115 -0.00178769 -0.00611557
      endloop
   endfacet
   facet normal -1 6.12323e-17 0
      outer loop
         vertex -0.1115 -0.00157257 -0.0140822
         vertex -0.1115 -0.0013697 -0.0136996
         vertex -0.1115 -0.00101788 -0.0144653
      endloop
   endfacet
   facet normal -1 6.12323e-17 0
      outer loop
         vertex -0.1115 -0.00818437 -0.0144407
         vertex -0.1115 -0.01105 -0.01702
         vertex -0.1115 -0.0109852 -0.0158253
      endloop
   endfacet
   facet normal -1 6.12323e-17 0
      outer loop
         vertex -0.1115 0.00879683 -0.0103328
         vertex -0.1115 0.00842743 -0.00995778
         vertex -0.1115 0.00818437 -0.0095993
      endloop
   endfacet
   facet normal -1 6.12323e-17 0
      outer loop
         vertex -0.1115 0.00879683 -0.0103328
         vertex -0.1115 0.00946827 -0.0113231
         vertex -0.1115 0.00879061 -0.0107428
      endloop
   endfacet
   facet normal -1 6.12323e-17 0
      outer loop
         vertex -0.1115 0.00879061 -0.0132972
         vertex -0.1115 0.00890648 -0.0128799
         vertex -0.1115 0.0104716 -0.0134917
      endloop
   endfacet
   facet normal -1 6.12323e-17 0
      outer loop
         vertex -0.1115 0.00687363 -0.015554
         vertex -0.1115 0.00724475 -0.0153308
         vertex -0.1115 0.0107917 -0.0193954
      endloop
   endfacet
   facet normal -1 6.12323e-17 0
      outer loop
         vertex -0.1115 0.0086303 -0.0203404
         vertex -0.1115 0.0107917 -0.0193954
         vertex -0.1115 0.0104716 -0.0205483
      endloop
   endfacet
   facet normal -1 6.12323e-17 0
      outer loop
         vertex -0.1115 0.00607011 -0.0181658
         vertex -0.1115 0.00564713 -0.0159673
         vertex -0.1115 0.00607011 -0.0158742
      endloop
   endfacet
   facet normal -1 6.12323e-17 0
      outer loop
         vertex -0.1115 0.00648055 -0.0157359
         vertex -0.1115 0.00758955 -0.0189714
         vertex -0.1115 0.00724475 -0.0187092
      endloop
   endfacet
   facet normal -1 6.12323e-17 0
      outer loop
         vertex -0.1115 0.0100287 -0.0216598
         vertex -0.1115 0.00946827 -0.0227169
         vertex -0.1115 0.00897655 -0.0224525
      endloop
   endfacet
   facet normal -1 6.12323e-17 0
      outer loop
         vertex -0.1115 0.00879683 -0.0237072
         vertex -0.1115 0.00842743 -0.0240822
         vertex -0.1115 0.0086303 -0.0236996
      endloop
   endfacet
   facet normal -1 6.12323e-17 0
      outer loop
         vertex -0.1115 0.00564713 -0.0159673
         vertex -0.1115 0.00564713 -0.0180727
         vertex -0.1115 0.00521656 -0.0180259
      endloop
   endfacet
   facet normal -1 6.12323e-17 0
      outer loop
         vertex -0.1115 0.00521656 -0.0160141
         vertex -0.1115 0.00521656 -0.0180259
         vertex -0.1115 0.005 -0.01802
      endloop
   endfacet
   facet normal -1 6.12323e-17 0
      outer loop
         vertex -0.1115 0.00181563 -0.0095993
         vertex -0.1115 0.00157257 -0.00995778
         vertex -0.1115 0.00178769 -0.00611557
      endloop
   endfacet
   facet normal -1 6.12323e-17 0
      outer loop
         vertex -0.1115 0.00128812 -0.0145903
         vertex -0.1115 0.00102345 -0.0124525
         vertex -0.1115 0.00109352 -0.0128799
      endloop
   endfacet
   facet normal -1 6.12323e-17 0
      outer loop
         vertex -0.1115 0.00295619 -0.00637277
         vertex -0.1115 0.00351945 -0.00830409
         vertex -0.1115 0.00312637 -0.00848595
      endloop
   endfacet
   facet normal -1 6.12323e-17 0
      outer loop
         vertex -0.1115 0.00409003 -0.00675481
         vertex -0.1115 0.00435287 -0.00807269
         vertex -0.1115 0.00392989 -0.0081658
      endloop
   endfacet
   facet normal -1 6.12323e-17 0
      outer loop
         vertex -0.1115 0.00478344 -0.00802587
         vertex -0.1115 0.00409003 -0.00675481
         vertex -0.1115 0.00517591 -0.00725719
      endloop
   endfacet
   facet normal -1 6.12323e-17 0
      outer loop
         vertex -0.1115 0.00620112 -0.00787404
         vertex -0.1115 0.00648055 -0.00830409
         vertex -0.1115 0.00607011 -0.0081658
      endloop
   endfacet
   facet normal -1 6.12323e-17 0
      outer loop
         vertex -0.1115 0.00687363 -0.00848595
         vertex -0.1115 0.00620112 -0.00787404
         vertex -0.1115 0.00715362 -0.00859811
      endloop
   endfacet
   facet normal -1 6.12323e-17 0
      outer loop
         vertex -0.1115 0.00218926 -0.0153558
         vertex -0.1115 0.00241045 -0.0150686
         vertex -0.1115 0.00275525 -0.0153308
      endloop
   endfacet
   facet normal -1 6.12323e-17 0
      outer loop
         vertex -0.1115 0.00268571 -0.0176112
         vertex -0.1115 0.00273388 -0.0173173
         vertex -0.1115 0.00392989 -0.0181658
      endloop
   endfacet
   facet normal -1 6.12323e-17 0
      outer loop
         vertex -0.1115 0.00351945 -0.0183041
         vertex -0.1115 0.00235636 -0.0184378
         vertex -0.1115 0.00249583 -0.0181747
      endloop
   endfacet
   facet normal -1 6.12323e-17 0
      outer loop
         vertex -0.1115 0.00351945 -0.0183041
         vertex -0.1115 0.00199649 -0.0189112
         vertex -0.1115 0.00218926 -0.0186842
      endloop
   endfacet
   facet normal -1 6.12323e-17 0
      outer loop
         vertex -0.1115 0.00178769 -0.0279244
         vertex -0.1115 0.00120939 -0.0232972
         vertex -0.1115 0.0013697 -0.0236996
      endloop
   endfacet
   facet normal -1 6.12323e-17 0
      outer loop
         vertex -0.1115 0.0004449 -0.0197338
         vertex -0.1115 0.00102345 -0.0224525
         vertex -0.1115 0.00109352 -0.0228799
      endloop
   endfacet
   facet normal -1 6.12323e-17 0
      outer loop
         vertex -0.1115 0.0004449 -0.0197338
         vertex -0.1115 0.00102345 -0.0215875
         vertex -0.1115 0.001 -0.02202
      endloop
   endfacet
   facet normal -1 6.12323e-17 0
      outer loop
         vertex -0.1115 -0.005 -0.01802
         vertex -0.1115 -0.00521656 -0.0180259
         vertex -0.1115 -0.00273388 -0.0173173
      endloop
   endfacet
   facet normal -1 6.12323e-17 0
      outer loop
         vertex -0.1115 -0.00109352 -0.0228799
         vertex -0.1115 -0.00102345 -0.0224525
         vertex -0.1115 -0.0004449 -0.0197338
      endloop
   endfacet
   facet normal -1 6.12323e-17 0
      outer loop
         vertex -0.1115 -0.00517591 -0.00725719
         vertex -0.1115 -0.00409003 -0.00675481
         vertex -0.1115 -0.00478344 -0.00802587
      endloop
   endfacet
   facet normal -1 6.12323e-17 0
      outer loop
         vertex -0.1115 -0.00275525 -0.0153308
         vertex -0.1115 -0.00235636 -0.0156022
         vertex -0.1115 -0.00249583 -0.0158653
      endloop
   endfacet
   facet normal -1 6.12323e-17 0
      outer loop
         vertex -0.1115 -0.00209602 -0.0147708
         vertex -0.1115 -0.00178031 -0.0149241
         vertex -0.1115 -0.00199649 -0.0151288
      endloop
   endfacet
   facet normal -1 6.12323e-17 0
      outer loop
         vertex -0.1115 -0.00181563 -0.0144407
         vertex -0.1115 -0.00157257 -0.0140822
         vertex -0.1115 -0.00128812 -0.0145903
      endloop
   endfacet
   facet normal -1 6.12323e-17 0
      outer loop
         vertex -0.1115 -0.00209602 -0.0092692
         vertex -0.1115 -0.00241045 -0.00897135
         vertex -0.1115 -0.00178769 -0.00611557
      endloop
   endfacet
   facet normal -1 6.12323e-17 0
      outer loop
         vertex -0.1115 -0.00109352 -0.0128799
         vertex -0.1115 -0.00102345 -0.0124525
         vertex -0.1115 -0.0004449 -0.0143062
      endloop
   endfacet
   facet normal -1 6.12323e-17 0
      outer loop
         vertex -0.1115 -0.01105 -0.01702
         vertex -0.1115 -0.00687363 -0.015554
         vertex -0.1115 -0.00648055 -0.0157359
      endloop
   endfacet
   facet normal -1 6.12323e-17 0
      outer loop
         vertex -0.1115 -0.01105 -0.01702
         vertex -0.1115 -0.00758955 -0.0150686
         vertex -0.1115 -0.00724475 -0.0153308
      endloop
   endfacet
   facet normal -1 6.12323e-17 0
      outer loop
         vertex -0.1115 -0.0109852 -0.0158253
         vertex -0.1115 -0.00842743 -0.0140822
         vertex -0.1115 -0.00818437 -0.0144407
      endloop
   endfacet
   facet normal -1 6.12323e-17 0
      outer loop
         vertex -0.1115 -0.00842743 -0.0140822
         vertex -0.1115 -0.0109852 -0.0158253
         vertex -0.1115 -0.0107917 -0.0146446
      endloop
   endfacet
   facet normal -1 6.12323e-17 0
      outer loop
         vertex -0.1115 -0.0086303 -0.0136996
         vertex -0.1115 -0.0107917 -0.0146446
         vertex -0.1115 -0.0104716 -0.0134917
      endloop
   endfacet
   facet normal -1 6.12323e-17 0
      outer loop
         vertex -0.1115 -0.00879683 -0.0103328
         vertex -0.1115 -0.0086303 -0.0103404
         vertex -0.1115 -0.00879061 -0.0107428
      endloop
   endfacet
   facet normal -1 6.12323e-17 0
      outer loop
         vertex -0.1115 0.00879683 -0.0103328
         vertex -0.1115 0.0086303 -0.0103404
         vertex -0.1115 0.00842743 -0.00995778
      endloop
   endfacet
   facet normal -1 6.12323e-17 0
      outer loop
         vertex -0.1115 0.00946827 -0.0113231
         vertex -0.1115 0.00890648 -0.0111601
         vertex -0.1115 0.00879061 -0.0107428
      endloop
   endfacet
   facet normal -1 6.12323e-17 0
      outer loop
         vertex -0.1115 0.0100287 -0.0123802
         vertex -0.1115 0.009 -0.01202
         vertex -0.1115 0.00897655 -0.0115875
      endloop
   endfacet
   facet normal -1 6.12323e-17 0
      outer loop
         vertex -0.1115 0.0107917 -0.0146446
         vertex -0.1115 0.0109852 -0.0158253
         vertex -0.1115 0.00842743 -0.0140822
      endloop
   endfacet
   facet normal -1 6.12323e-17 0
      outer loop
         vertex -0.1115 0.0104716 -0.0205483
         vertex -0.1115 0.00890648 -0.0211601
         vertex -0.1115 0.00879061 -0.0207428
      endloop
   endfacet
   facet normal -1 6.12323e-17 0
      outer loop
         vertex -0.1115 0.00648055 -0.0157359
         vertex -0.1115 0.00687363 -0.018486
         vertex -0.1115 0.00648055 -0.0183041
      endloop
   endfacet
   facet normal -1 6.12323e-17 0
      outer loop
         vertex -0.1115 0.00648055 -0.0157359
         vertex -0.1115 0.00790398 -0.0192692
         vertex -0.1115 0.00758955 -0.0189714
      endloop
   endfacet
   facet normal -1 6.12323e-17 0
      outer loop
         vertex -0.1115 0.00946827 -0.0227169
         vertex -0.1115 0.00890648 -0.0228799
         vertex -0.1115 0.00897655 -0.0224525
      endloop
   endfacet
   facet normal -1 6.12323e-17 0
      outer loop
         vertex -0.1115 0.00879061 -0.0232972
         vertex -0.1115 0.00946827 -0.0227169
         vertex -0.1115 0.00879683 -0.0237072
      endloop
   endfacet
   facet normal -1 6.12323e-17 0
      outer loop
         vertex -0.1115 0.005 -0.01802
         vertex -0.1115 0.00478344 -0.0180259
         vertex -0.1115 0.00478344 -0.0160141
      endloop
   endfacet
   facet normal -1 6.12323e-17 0
      outer loop
         vertex -0.1115 0.00435287 -0.0159673
         vertex -0.1115 0.00478344 -0.0160141
         vertex -0.1115 0.00478344 -0.0180259
      endloop
   endfacet
   facet normal -1 6.12323e-17 0
      outer loop
         vertex -0.1115 0.00120939 -0.0132972
         vertex -0.1115 0.00154326 -0.0147439
         vertex -0.1115 0.00128812 -0.0145903
      endloop
   endfacet
   facet normal -1 6.12323e-17 0
      outer loop
         vertex -0.1115 0.00392989 -0.0081658
         vertex -0.1115 0.00351945 -0.00830409
         vertex -0.1115 0.00295619 -0.00637277
      endloop
   endfacet
   facet normal -1 6.12323e-17 0
      outer loop
         vertex -0.1115 0.00517591 -0.00725719
         vertex -0.1115 0.00564713 -0.00807269
         vertex -0.1115 0.00521656 -0.00802587
      endloop
   endfacet
   facet normal -1 6.12323e-17 0
      outer loop
         vertex -0.1115 0.00687363 -0.00848595
         vertex -0.1115 0.00648055 -0.00830409
         vertex -0.1115 0.00620112 -0.00787404
      endloop
   endfacet
   facet normal -1 6.12323e-17 0
      outer loop
         vertex -0.1115 0.00312637 -0.015554
         vertex -0.1115 0.00351945 -0.0157359
         vertex -0.1115 0.00260605 -0.0161419
      endloop
   endfacet
   facet normal -1 6.12323e-17 0
      outer loop
         vertex -0.1115 0.00218926 -0.0186842
         vertex -0.1115 0.00235636 -0.0184378
         vertex -0.1115 0.00351945 -0.0183041
      endloop
   endfacet
   facet normal -1 6.12323e-17 0
      outer loop
         vertex -0.1115 0.00178031 -0.0149241
         vertex -0.1115 0.00157257 -0.0140822
         vertex -0.1115 0.00181563 -0.0144407
      endloop
   endfacet
   facet normal -1 6.12323e-17 0
      outer loop
         vertex -0.1115 0.00178031 -0.0149241
         vertex -0.1115 0.00120939 -0.0132972
         vertex -0.1115 0.0013697 -0.0136996
      endloop
   endfacet
   facet normal -1 6.12323e-17 0
      outer loop
         vertex -0.1115 0.00178769 -0.0279244
         vertex -0.1115 0.00109352 -0.0228799
         vertex -0.1115 0.00120939 -0.0232972
      endloop
   endfacet
   facet normal -1 6.12323e-17 0
      outer loop
         vertex -0.1115 0.001 -0.02202
         vertex -0.1115 0.00102345 -0.0224525
         vertex -0.1115 0.0004449 -0.0197338
      endloop
   endfacet
   facet normal -1 6.12323e-17 0
      outer loop
         vertex -0.1115 0.00101788 -0.0195747
         vertex -0.1115 0.00128812 -0.0194497
         vertex -0.1115 0.00157257 -0.0199578
      endloop
   endfacet
   facet normal -1 6.12323e-17 0
      outer loop
         vertex -0.1115 0.0013697 -0.0203404
         vertex -0.1115 0.0004449 -0.0197338
         vertex -0.1115 0.000735703 -0.0196698
      endloop
   endfacet
   facet normal -1 6.12323e-17 0
      outer loop
         vertex -0.1115 -0.0100287 -0.0216598
         vertex -0.1115 -0.009 -0.02202
         vertex -0.1115 -0.00897655 -0.0224525
      endloop
   endfacet
   facet normal -1 6.12323e-17 0
      outer loop
         vertex -0.1115 -0.00890648 -0.0211601
         vertex -0.1115 -0.00897655 -0.0215875
         vertex -0.1115 -0.0100287 -0.0216598
      endloop
   endfacet
   facet normal -1 6.12323e-17 0
      outer loop
         vertex -0.1115 -0.0086303 -0.0203404
         vertex -0.1115 -0.00879061 -0.0207428
         vertex -0.1115 -0.0104716 -0.0205483
      endloop
   endfacet
   facet normal -1 6.12323e-17 0
      outer loop
         vertex -0.1115 -0.00842743 -0.0199578
         vertex -0.1115 -0.0086303 -0.0203404
         vertex -0.1115 -0.0107917 -0.0193954
      endloop
   endfacet
   facet normal -1 6.12323e-17 0
      outer loop
         vertex -0.1115 -0.00273388 -0.0173173
         vertex -0.1115 -0.00435287 -0.0180727
         vertex -0.1115 -0.00478344 -0.0180259
      endloop
   endfacet
   facet normal -1 6.12323e-17 0
      outer loop
         vertex -0.1115 -0.0004449 -0.0197338
         vertex -0.1115 -0.00102345 -0.0215875
         vertex -0.1115 -0.00109352 -0.0211601
      endloop
   endfacet
   facet normal -1 6.12323e-17 0
      outer loop
         vertex -0.1115 -0.00178769 -0.0279244
         vertex -0.1115 -0.00120939 -0.0232972
         vertex -0.1115 -0.00109352 -0.0228799
      endloop
   endfacet
   facet normal -1 6.12323e-17 0
      outer loop
         vertex -0.1115 -0.00478344 -0.00802587
         vertex -0.1115 -0.005 -0.00802
         vertex -0.1115 -0.00517591 -0.00725719
      endloop
   endfacet
   facet normal -1 6.12323e-17 0
      outer loop
         vertex -0.1115 -0.00249583 -0.0158653
         vertex -0.1115 -0.00260605 -0.0161419
         vertex -0.1115 -0.00312637 -0.015554
      endloop
   endfacet
   facet normal -1 6.12323e-17 0
      outer loop
         vertex -0.1115 -0.00351945 -0.0157359
         vertex -0.1115 -0.00312637 -0.015554
         vertex -0.1115 -0.00268571 -0.0164288
      endloop
   endfacet
   facet normal -1 6.12323e-17 0
      outer loop
         vertex -0.1115 -0.00178031 -0.0149241
         vertex -0.1115 -0.00209602 -0.0147708
         vertex -0.1115 -0.00181563 -0.0144407
      endloop
   endfacet
   facet normal -1 6.12323e-17 0
      outer loop
         vertex -0.1115 -0.0013697 -0.0103404
         vertex -0.1115 -0.00157257 -0.00995778
         vertex -0.1115 -0.00178769 -0.00611557
      endloop
   endfacet
   facet normal -1 6.12323e-17 0
      outer loop
         vertex -0.1115 -0.00724475 -0.0153308
         vertex -0.1115 -0.00687363 -0.015554
         vertex -0.1115 -0.01105 -0.01702
      endloop
   endfacet
   facet normal -1 6.12323e-17 0
      outer loop
         vertex -0.1115 -0.00818437 -0.0144407
         vertex -0.1115 -0.00790398 -0.0147708
         vertex -0.1115 -0.01105 -0.01702
      endloop
   endfacet
   facet normal -1 6.12323e-17 0
      outer loop
         vertex -0.1115 -0.0104716 -0.0134917
         vertex -0.1115 -0.00879061 -0.0132972
         vertex -0.1115 -0.0086303 -0.0136996
      endloop
   endfacet
   facet normal -1 6.12323e-17 0
      outer loop
         vertex -0.1115 -0.00879683 -0.0103328
         vertex -0.1115 -0.00842743 -0.00995778
         vertex -0.1115 -0.0086303 -0.0103404
      endloop
   endfacet
   facet normal -1 6.12323e-17 0
      outer loop
         vertex -0.1115 0.00879061 -0.0107428
         vertex -0.1115 0.0086303 -0.0103404
         vertex -0.1115 0.00879683 -0.0103328
      endloop
   endfacet
   facet normal -1 6.12323e-17 0
      outer loop
         vertex -0.1115 0.00897655 -0.0115875
         vertex -0.1115 0.00946827 -0.0113231
         vertex -0.1115 0.0100287 -0.0123802
      endloop
   endfacet
   facet normal -1 6.12323e-17 0
      outer loop
         vertex -0.1115 0.0104716 -0.0205483
         vertex -0.1115 0.00879061 -0.0207428
         vertex -0.1115 0.0086303 -0.0203404
      endloop
   endfacet
   facet normal -1 6.12323e-17 0
      outer loop
         vertex -0.1115 0.00724475 -0.0187092
         vertex -0.1115 0.00687363 -0.018486
         vertex -0.1115 0.00648055 -0.0157359
      endloop
   endfacet
   facet normal -1 6.12323e-17 0
      outer loop
         vertex -0.1115 0.00890648 -0.0211601
         vertex -0.1115 0.0104716 -0.0205483
         vertex -0.1115 0.0100287 -0.0216598
      endloop
   endfacet
   facet normal -1 6.12323e-17 0
      outer loop
         vertex -0.1115 0.00879061 -0.0232972
         vertex -0.1115 0.00890648 -0.0228799
         vertex -0.1115 0.00946827 -0.0227169
      endloop
   endfacet
   facet normal -1 6.12323e-17 0
      outer loop
         vertex -0.1115 0.00879683 -0.0237072
         vertex -0.1115 0.00816744 -0.0244628
         vertex -0.1115 0.00818437 -0.0244407
      endloop
   endfacet
   facet normal -1 6.12323e-17 0
      outer loop
         vertex -0.1115 0.00478344 -0.0180259
         vertex -0.1115 0.00435287 -0.0180727
         vertex -0.1115 0.00435287 -0.0159673
      endloop
   endfacet
   facet normal -1 6.12323e-17 0
      outer loop
         vertex -0.1115 0.00312637 -0.00848595
         vertex -0.1115 0.00275525 -0.00870924
         vertex -0.1115 0.00178769 -0.00611557
      endloop
   endfacet
   facet normal -1 6.12323e-17 0
      outer loop
         vertex -0.1115 0.00564713 -0.00807269
         vertex -0.1115 0.00517591 -0.00725719
         vertex -0.1115 0.00620112 -0.00787404
      endloop
   endfacet
   facet normal -1 6.12323e-17 0
      outer loop
         vertex -0.1115 0.00249583 -0.0181747
         vertex -0.1115 0.00260605 -0.0178981
         vertex -0.1115 0.00351945 -0.0183041
      endloop
   endfacet
   facet normal -1 6.12323e-17 0
      outer loop
         vertex -0.1115 0.0013697 -0.0136996
         vertex -0.1115 0.00157257 -0.0140822
         vertex -0.1115 0.00178031 -0.0149241
      endloop
   endfacet
   facet normal -1 6.12323e-17 0
      outer loop
         vertex -0.1115 0.00128812 -0.0194497
         vertex -0.1115 0.00154326 -0.0192961
         vertex -0.1115 0.00181563 -0.0195993
      endloop
   endfacet
   facet normal -1 6.12323e-17 0
      outer loop
         vertex -0.1115 0.00181563 -0.0195993
         vertex -0.1115 0.00154326 -0.0192961
         vertex -0.1115 0.00178031 -0.0191159
      endloop
   endfacet
   facet normal -1 6.12323e-17 0
      outer loop
         vertex -0.1115 0.00209602 -0.0192692
         vertex -0.1115 0.00178031 -0.0191159
         vertex -0.1115 0.00199649 -0.0189112
      endloop
   endfacet
   facet normal -1 6.12323e-17 0
      outer loop
         vertex -0.1115 0.00178769 -0.0279244
         vertex -0.1115 0.00157257 -0.0240822
         vertex -0.1115 0.00181563 -0.0244407
      endloop
   endfacet
   facet normal -1 6.12323e-17 0
      outer loop
         vertex -0.1115 0.00109352 -0.0228799
         vertex -0.1115 0.00178769 -0.0279244
         vertex -0.1115 0.0004449 -0.0197338
      endloop
   endfacet
   facet normal -1 6.12323e-17 0
      outer loop
         vertex -0.1115 0.0004449 -0.0197338
         vertex -0.1115 0.00120939 -0.0207428
         vertex -0.1115 0.00109352 -0.0211601
      endloop
   endfacet
   facet normal -1 6.12323e-17 0
      outer loop
         vertex -0.1115 0.000735703 -0.0196698
         vertex -0.1115 0.00101788 -0.0195747
         vertex -0.1115 0.0013697 -0.0203404
      endloop
   endfacet
   facet normal -1 6.12323e-17 0
      outer loop
         vertex -0.1115 -0.00879683 -0.0237072
         vertex -0.1115 -0.00946827 -0.0227169
         vertex -0.1115 -0.00879061 -0.0232972
      endloop
   endfacet
   facet normal -1 6.12323e-17 0
      outer loop
         vertex -0.1115 -0.00946827 -0.0227169
         vertex -0.1115 -0.00897655 -0.0224525
         vertex -0.1115 -0.00890648 -0.0228799
      endloop
   endfacet
   facet normal -1 6.12323e-17 0
      outer loop
         vertex -0.1115 -0.0100287 -0.0216598
         vertex -0.1115 -0.00897655 -0.0215875
         vertex -0.1115 -0.009 -0.02202
      endloop
   endfacet
   facet normal -1 6.12323e-17 0
      outer loop
         vertex -0.1115 -0.0104716 -0.0205483
         vertex -0.1115 -0.00879061 -0.0207428
         vertex -0.1115 -0.00890648 -0.0211601
      endloop
   endfacet
   facet normal -1 6.12323e-17 0
      outer loop
         vertex -0.1115 -0.0107917 -0.0193954
         vertex -0.1115 -0.0109852 -0.0182147
         vertex -0.1115 -0.00842743 -0.0199578
      endloop
   endfacet
   facet normal -1 6.12323e-17 0
      outer loop
         vertex -0.1115 -0.00521656 -0.0180259
         vertex -0.1115 -0.00564713 -0.0180727
         vertex -0.1115 -0.00273388 -0.0173173
      endloop
   endfacet
   facet normal -1 6.12323e-17 0
      outer loop
         vertex -0.1115 -0.00273388 -0.0173173
         vertex -0.1115 -0.00351945 -0.0183041
         vertex -0.1115 -0.00392989 -0.0181658
      endloop
   endfacet
   facet normal -1 6.12323e-17 0
      outer loop
         vertex -0.1115 -0.00275 -0.01702
         vertex -0.1115 -0.00273388 -0.0173173
         vertex -0.1115 -0.00607011 -0.0181658
      endloop
   endfacet
   facet normal -1 6.12323e-17 0
      outer loop
         vertex -0.1115 -0.0004449 -0.0197338
         vertex -0.1115 -0.001 -0.02202
         vertex -0.1115 -0.00102345 -0.0215875
      endloop
   endfacet
   facet normal -1 6.12323e-17 0
      outer loop
         vertex -0.1115 -0.00178769 -0.0279244
         vertex -0.1115 -0.0013697 -0.0236996
         vertex -0.1115 -0.00120939 -0.0232972
      endloop
   endfacet
   facet normal -1 6.12323e-17 0
      outer loop
         vertex -0.1115 -0.00178769 -0.0279244
         vertex -0.1115 -0.00181563 -0.0244407
         vertex -0.1115 -0.00157257 -0.0240822
      endloop
   endfacet
   facet normal -1 6.12323e-17 0
      outer loop
         vertex -0.1115 -0.00181563 -0.0195993
         vertex -0.1115 -0.00209602 -0.0192692
         vertex -0.1115 -0.00178031 -0.0191159
      endloop
   endfacet
   facet normal -1 6.12323e-17 0
      outer loop
         vertex -0.1115 -0.00715362 -0.00859811
         vertex -0.1115 -0.00620112 -0.00787404
         vertex -0.1115 -0.00687363 -0.00848595
      endloop
   endfacet
   facet normal -1 6.12323e-17 0
      outer loop
         vertex -0.1115 -0.00620112 -0.00787404
         vertex -0.1115 -0.00517591 -0.00725719
         vertex -0.1115 -0.00564713 -0.00807269
      endloop
   endfacet
   facet normal -1 6.12323e-17 0
      outer loop
         vertex -0.1115 -0.005 -0.00802
         vertex -0.1115 -0.00521656 -0.00802587
         vertex -0.1115 -0.00517591 -0.00725719
      endloop
   endfacet
   facet normal -1 6.12323e-17 0
      outer loop
         vertex -0.1115 -0.00268571 -0.0164288
         vertex -0.1115 -0.00273388 -0.0167227
         vertex -0.1115 -0.00351945 -0.0157359
      endloop
   endfacet
   facet normal -1 6.12323e-17 0
      outer loop
         vertex -0.1115 -0.00409003 -0.00675481
         vertex -0.1115 -0.00295619 -0.00637277
         vertex -0.1115 -0.00392989 -0.0081658
      endloop
   endfacet
   facet normal -1 6.12323e-17 0
      outer loop
         vertex -0.1115 -0.00275525 -0.0153308
         vertex -0.1115 -0.00241045 -0.0150686
         vertex -0.1115 -0.00218926 -0.0153558
      endloop
   endfacet
   facet normal -1 6.12323e-17 0
      outer loop
         vertex -0.1115 -0.00790398 -0.0147708
         vertex -0.1115 -0.00758955 -0.0150686
         vertex -0.1115 -0.01105 -0.01702
      endloop
   endfacet
   facet normal -1 6.12323e-17 0
      outer loop
         vertex -0.1115 -0.0104716 -0.0134917
         vertex -0.1115 -0.00890648 -0.0128799
         vertex -0.1115 -0.00879061 -0.0132972
      endloop
   endfacet
   facet normal -1 6.12323e-17 0
      outer loop
         vertex -0.1115 -0.00890648 -0.0128799
         vertex -0.1115 -0.0104716 -0.0134917
         vertex -0.1115 -0.0100287 -0.0123802
      endloop
   endfacet
   facet normal -1 6.12323e-17 0
      outer loop
         vertex -0.1115 -0.0100287 -0.0123802
         vertex -0.1115 -0.00946827 -0.0113231
         vertex -0.1115 -0.00897655 -0.0115875
      endloop
   endfacet
   facet normal -1 6.12323e-17 0
      outer loop
         vertex -0.1115 -0.00879061 -0.0107428
         vertex -0.1115 -0.00946827 -0.0113231
         vertex -0.1115 -0.00879683 -0.0103328
      endloop
   endfacet
   facet normal -1 6.12323e-17 0
      outer loop
         vertex -0.1115 -0.00879683 -0.0103328
         vertex -0.1115 -0.00816744 -0.00957719
         vertex -0.1115 -0.00818437 -0.0095993
      endloop
   endfacet
   facet normal -1 6.12323e-17 0
      outer loop
         vertex -0.1115 0.00715362 -0.0254419
         vertex -0.1115 0.00620112 -0.026166
         vertex -0.1115 0.00687363 -0.025554
      endloop
   endfacet
   facet normal -1 6.12323e-17 0
      outer loop
         vertex -0.1115 0.00897655 -0.0115875
         vertex -0.1115 0.00890648 -0.0111601
         vertex -0.1115 0.00946827 -0.0113231
      endloop
   endfacet
   facet normal -1 6.12323e-17 0
      outer loop
         vertex -0.1115 0.00607011 -0.0158742
         vertex -0.1115 0.00648055 -0.0157359
         vertex -0.1115 0.00648055 -0.0183041
      endloop
   endfacet
   facet normal -1 6.12323e-17 0
      outer loop
         vertex -0.1115 0.0100287 -0.0216598
         vertex -0.1115 0.009 -0.02202
         vertex -0.1115 0.00897655 -0.0215875
      endloop
   endfacet
   facet normal -1 6.12323e-17 0
      outer loop
         vertex -0.1115 0.00818437 -0.0244407
         vertex -0.1115 0.00842743 -0.0240822
         vertex -0.1115 0.00879683 -0.0237072
      endloop
   endfacet
   facet normal -1 6.12323e-17 0
      outer loop
         vertex -0.1115 0.00521656 -0.0180259
         vertex -0.1115 0.00521656 -0.0160141
         vertex -0.1115 0.00564713 -0.0159673
      endloop
   endfacet
   facet normal -1 6.12323e-17 0
      outer loop
         vertex -0.1115 0.00478344 -0.00802587
         vertex -0.1115 0.00435287 -0.00807269
         vertex -0.1115 0.00409003 -0.00675481
      endloop
   endfacet
   facet normal -1 6.12323e-17 0
      outer loop
         vertex -0.1115 0.00181563 -0.0144407
         vertex -0.1115 0.00209602 -0.0147708
         vertex -0.1115 0.00178031 -0.0149241
      endloop
   endfacet
   facet normal -1 6.12323e-17 0
      outer loop
         vertex -0.1115 0.00178031 -0.0191159
         vertex -0.1115 0.00209602 -0.0192692
         vertex -0.1115 0.00181563 -0.0195993
      endloop
   endfacet
   facet normal -1 6.12323e-17 0
      outer loop
         vertex -0.1115 0.00199649 -0.0189112
         vertex -0.1115 0.00275525 -0.0187092
         vertex -0.1115 0.00241045 -0.0189714
      endloop
   endfacet
   facet normal -1 6.12323e-17 0
      outer loop
         vertex -0.1115 0.00178769 -0.0279244
         vertex -0.1115 0.00241045 -0.0250686
         vertex -0.1115 0.00275525 -0.0253308
      endloop
   endfacet
   facet normal -1 6.12323e-17 0
      outer loop
         vertex -0.1115 0.00181563 -0.0244407
         vertex -0.1115 0.00209602 -0.0247708
         vertex -0.1115 0.00178769 -0.0279244
      endloop
   endfacet
   facet normal -1 6.12323e-17 0
      outer loop
         vertex -0.1115 0.00109352 -0.0211601
         vertex -0.1115 0.00102345 -0.0215875
         vertex -0.1115 0.0004449 -0.0197338
      endloop
   endfacet
   facet normal -1 6.12323e-17 0
      outer loop
         vertex -0.1115 0.00157257 -0.0199578
         vertex -0.1115 0.0013697 -0.0203404
         vertex -0.1115 0.00101788 -0.0195747
      endloop
   endfacet
   facet normal -1 6.12323e-17 0
      outer loop
         vertex -0.1115 -0.00879683 -0.0237072
         vertex -0.1115 -0.00842743 -0.0240822
         vertex -0.1115 -0.00818437 -0.0244407
      endloop
   endfacet
   facet normal -1 6.12323e-17 0
      outer loop
         vertex -0.1115 -0.00879061 -0.0232972
         vertex -0.1115 -0.0086303 -0.0236996
         vertex -0.1115 -0.00879683 -0.0237072
      endloop
   endfacet
   facet normal -1 6.12323e-17 0
      outer loop
         vertex -0.1115 -0.00897655 -0.0224525
         vertex -0.1115 -0.00946827 -0.0227169
         vertex -0.1115 -0.0100287 -0.0216598
      endloop
   endfacet
   facet normal -1 6.12323e-17 0
      outer loop
         vertex -0.1115 -0.0104716 -0.0205483
         vertex -0.1115 -0.0107917 -0.0193954
         vertex -0.1115 -0.0086303 -0.0203404
      endloop
   endfacet
   facet normal -1 6.12323e-17 0
      outer loop
         vertex -0.1115 -0.00818437 -0.0195993
         vertex -0.1115 -0.00842743 -0.0199578
         vertex -0.1115 -0.0109852 -0.0182147
      endloop
   endfacet
   facet normal -1 6.12323e-17 0
      outer loop
         vertex -0.1115 -0.00392989 -0.0181658
         vertex -0.1115 -0.00435287 -0.0180727
         vertex -0.1115 -0.00273388 -0.0173173
      endloop
   endfacet
   facet normal -1 6.12323e-17 0
      outer loop
         vertex -0.1115 -0.00351945 -0.0183041
         vertex -0.1115 -0.00273388 -0.0173173
         vertex -0.1115 -0.00268571 -0.0176112
      endloop
   endfacet
   facet normal -1 6.12323e-17 0
      outer loop
         vertex -0.1115 -0.00607011 -0.0181658
         vertex -0.1115 -0.01105 -0.01702
         vertex -0.1115 -0.00275 -0.01702
      endloop
   endfacet
   facet normal -1 6.12323e-17 0
      outer loop
         vertex -0.1115 -0.000735703 -0.0196698
         vertex -0.1115 -0.00120939 -0.0207428
         vertex -0.1115 -0.0013697 -0.0203404
      endloop
   endfacet
   facet normal -1 6.12323e-17 0
      outer loop
         vertex -0.1115 -0.00102345 -0.0224525
         vertex -0.1115 -0.001 -0.02202
         vertex -0.1115 -0.0004449 -0.0197338
      endloop
   endfacet
   facet normal -1 6.12323e-17 0
      outer loop
         vertex -0.1115 -0.00178769 -0.0279244
         vertex -0.1115 -0.00209602 -0.0247708
         vertex -0.1115 -0.00181563 -0.0244407
      endloop
   endfacet
   facet normal -1 6.12323e-17 0
      outer loop
         vertex -0.1115 -0.00178769 -0.0279244
         vertex -0.1115 -0.00312637 -0.025554
         vertex -0.1115 -0.00275525 -0.0253308
      endloop
   endfacet
   facet normal -1 6.12323e-17 0
      outer loop
         vertex -0.1115 -0.00128812 -0.0194497
         vertex -0.1115 -0.00157257 -0.0199578
         vertex -0.1115 -0.00181563 -0.0195993
      endloop
   endfacet
   facet normal -1 6.12323e-17 0
      outer loop
         vertex -0.1115 -0.00209602 -0.0192692
         vertex -0.1115 -0.00199649 -0.0189112
         vertex -0.1115 -0.00178031 -0.0191159
      endloop
   endfacet
   facet normal -1 6.12323e-17 0
      outer loop
         vertex -0.1115 -0.00275525 -0.0187092
         vertex -0.1115 -0.00235636 -0.0184378
         vertex -0.1115 -0.00218926 -0.0186842
      endloop
   endfacet
   facet normal -1 6.12323e-17 0
      outer loop
         vertex -0.1115 -0.00249583 -0.0181747
         vertex -0.1115 -0.00235636 -0.0184378
         vertex -0.1115 -0.00275525 -0.0187092
      endloop
   endfacet
   facet normal -1 6.12323e-17 0
      outer loop
         vertex -0.1115 -0.00687363 -0.00848595
         vertex -0.1115 -0.00724475 -0.00870924
         vertex -0.1115 -0.00715362 -0.00859811
      endloop
   endfacet
   facet normal -1 6.12323e-17 0
      outer loop
         vertex -0.1115 -0.00564713 -0.00807269
         vertex -0.1115 -0.00607011 -0.0081658
         vertex -0.1115 -0.00620112 -0.00787404
      endloop
   endfacet
   facet normal -1 6.12323e-17 0
      outer loop
         vertex -0.1115 -0.00409003 -0.00675481
         vertex -0.1115 -0.00435287 -0.00807269
         vertex -0.1115 -0.00478344 -0.00802587
      endloop
   endfacet
   facet normal -1 6.12323e-17 0
      outer loop
         vertex -0.1115 -0.00260605 -0.0161419
         vertex -0.1115 -0.00268571 -0.0164288
         vertex -0.1115 -0.00312637 -0.015554
      endloop
   endfacet
   facet normal -1 6.12323e-17 0
      outer loop
         vertex -0.1115 -0.00218926 -0.0153558
         vertex -0.1115 -0.00235636 -0.0156022
         vertex -0.1115 -0.00275525 -0.0153308
      endloop
   endfacet
   facet normal -1 6.12323e-17 0
      outer loop
         vertex -0.1115 -0.00275 -0.01702
         vertex -0.1115 -0.00521656 -0.0160141
         vertex -0.1115 -0.00478344 -0.0160141
      endloop
   endfacet
   facet normal -1 6.12323e-17 0
      outer loop
         vertex -0.1115 -0.01105 -0.01702
         vertex -0.1115 -0.00564713 -0.0159673
         vertex -0.1115 -0.00521656 -0.0160141
      endloop
   endfacet
   facet normal -1 6.12323e-17 0
      outer loop
         vertex -0.1115 -0.0107917 -0.0146446
         vertex -0.1115 -0.0086303 -0.0136996
         vertex -0.1115 -0.00842743 -0.0140822
      endloop
   endfacet
   facet normal -1 6.12323e-17 0
      outer loop
         vertex -0.1115 -0.0100287 -0.0123802
         vertex -0.1115 -0.009 -0.01202
         vertex -0.1115 -0.00897655 -0.0124525
      endloop
   endfacet
   facet normal -1 6.12323e-17 0
      outer loop
         vertex -0.1115 -0.00946827 -0.0113231
         vertex -0.1115 -0.00890648 -0.0111601
         vertex -0.1115 -0.00897655 -0.0115875
      endloop
   endfacet
   facet normal -1 6.12323e-17 0
      outer loop
         vertex -0.1115 -0.00818437 -0.0095993
         vertex -0.1115 -0.00842743 -0.00995778
         vertex -0.1115 -0.00879683 -0.0103328
      endloop
   endfacet
   facet normal -1 6.12323e-17 0
      outer loop
         vertex -0.1115 0.00687363 -0.025554
         vertex -0.1115 0.00724475 -0.0253308
         vertex -0.1115 0.00715362 -0.0254419
      endloop
   endfacet
   facet normal -1 6.12323e-17 0
      outer loop
         vertex -0.1115 0.00620112 -0.026166
         vertex -0.1115 0.00517591 -0.0267828
         vertex -0.1115 0.00564713 -0.0259673
      endloop
   endfacet
   facet normal -1 6.12323e-17 0
      outer loop
         vertex -0.1115 0.00897655 -0.0124525
         vertex -0.1115 0.009 -0.01202
         vertex -0.1115 0.0100287 -0.0123802
      endloop
   endfacet
   facet normal -1 6.12323e-17 0
      outer loop
         vertex -0.1115 0.00897655 -0.0224525
         vertex -0.1115 0.009 -0.02202
         vertex -0.1115 0.0100287 -0.0216598
      endloop
   endfacet
   facet normal -1 6.12323e-17 0
      outer loop
         vertex -0.1115 0.00564713 -0.0159673
         vertex -0.1115 0.00607011 -0.0181658
         vertex -0.1115 0.00564713 -0.0180727
      endloop
   endfacet
   facet normal -1 6.12323e-17 0
      outer loop
         vertex -0.1115 0.00199649 -0.0151288
         vertex -0.1115 0.00178031 -0.0149241
         vertex -0.1115 0.00209602 -0.0147708
      endloop
   endfacet
   facet normal -1 6.12323e-17 0
      outer loop
         vertex -0.1115 0.00199649 -0.0189112
         vertex -0.1115 0.00241045 -0.0189714
         vertex -0.1115 0.00209602 -0.0192692
      endloop
   endfacet
   facet normal -1 6.12323e-17 0
      outer loop
         vertex -0.1115 0.00199649 -0.0189112
         vertex -0.1115 0.00351945 -0.0183041
         vertex -0.1115 0.00312637 -0.018486
      endloop
   endfacet
   facet normal -1 6.12323e-17 0
      outer loop
         vertex -0.1115 0.00209602 -0.0247708
         vertex -0.1115 0.00241045 -0.0250686
         vertex -0.1115 0.00178769 -0.0279244
      endloop
   endfacet
   facet normal -1 6.12323e-17 0
      outer loop
         vertex -0.1115 0.0013697 -0.0203404
         vertex -0.1115 0.00120939 -0.0207428
         vertex -0.1115 0.0004449 -0.0197338
      endloop
   endfacet
   facet normal -1 6.12323e-17 0
      outer loop
         vertex -0.1115 -0.0086303 -0.0236996
         vertex -0.1115 -0.00842743 -0.0240822
         vertex -0.1115 -0.00879683 -0.0237072
      endloop
   endfacet
   facet normal -1 6.12323e-17 0
      outer loop
         vertex -0.1115 -0.0100287 -0.0216598
         vertex -0.1115 -0.0104716 -0.0205483
         vertex -0.1115 -0.00890648 -0.0211601
      endloop
   endfacet
   facet normal -1 6.12323e-17 0
      outer loop
         vertex -0.1115 -0.01105 -0.01702
         vertex -0.1115 -0.00790398 -0.0192692
         vertex -0.1115 -0.00818437 -0.0195993
      endloop
   endfacet
   facet normal -1 6.12323e-17 0
      outer loop
         vertex -0.1115 -0.00268571 -0.0176112
         vertex -0.1115 -0.00312637 -0.018486
         vertex -0.1115 -0.00351945 -0.0183041
      endloop
   endfacet
   facet normal -1 6.12323e-17 0
      outer loop
         vertex -0.1115 -0.00607011 -0.0181658
         vertex -0.1115 -0.00648055 -0.0183041
         vertex -0.1115 -0.01105 -0.01702
      endloop
   endfacet
   facet normal -1 6.12323e-17 0
      outer loop
         vertex -0.1115 -0.0013697 -0.0203404
         vertex -0.1115 -0.00101788 -0.0195747
         vertex -0.1115 -0.000735703 -0.0196698
      endloop
   endfacet
   facet normal -1 6.12323e-17 0
      outer loop
         vertex -0.1115 -0.00101788 -0.0195747
         vertex -0.1115 -0.0013697 -0.0203404
         vertex -0.1115 -0.00157257 -0.0199578
      endloop
   endfacet
   facet normal -1 6.12323e-17 0
      outer loop
         vertex -0.1115 -0.00157257 -0.0240822
         vertex -0.1115 -0.0013697 -0.0236996
         vertex -0.1115 -0.00178769 -0.0279244
      endloop
   endfacet
   facet normal -1 6.12323e-17 0
      outer loop
         vertex -0.1115 -0.00275525 -0.0253308
         vertex -0.1115 -0.00241045 -0.0250686
         vertex -0.1115 -0.00178769 -0.0279244
      endloop
   endfacet
   facet normal -1 6.12323e-17 0
      outer loop
         vertex -0.1115 -0.00178031 -0.0191159
         vertex -0.1115 -0.00154326 -0.0192961
         vertex -0.1115 -0.00181563 -0.0195993
      endloop
   endfacet
   facet normal -1 6.12323e-17 0
      outer loop
         vertex -0.1115 -0.00241045 -0.0189714
         vertex -0.1115 -0.00218926 -0.0186842
         vertex -0.1115 -0.00199649 -0.0189112
      endloop
   endfacet
   facet normal -1 6.12323e-17 0
      outer loop
         vertex -0.1115 -0.00275525 -0.0187092
         vertex -0.1115 -0.00312637 -0.018486
         vertex -0.1115 -0.00249583 -0.0181747
      endloop
   endfacet
   facet normal -1 6.12323e-17 0
      outer loop
         vertex -0.1115 -0.00312637 -0.018486
         vertex -0.1115 -0.00268571 -0.0176112
         vertex -0.1115 -0.00260605 -0.0178981
      endloop
   endfacet
   facet normal -1 6.12323e-17 0
      outer loop
         vertex -0.1115 -0.00620112 -0.00787404
         vertex -0.1115 -0.00648055 -0.00830409
         vertex -0.1115 -0.00687363 -0.00848595
      endloop
   endfacet
   facet normal -1 6.12323e-17 0
      outer loop
         vertex -0.1115 -0.00521656 -0.00802587
         vertex -0.1115 -0.00564713 -0.00807269
         vertex -0.1115 -0.00517591 -0.00725719
      endloop
   endfacet
   facet normal -1 6.12323e-17 0
      outer loop
         vertex -0.1115 -0.00199649 -0.0151288
         vertex -0.1115 -0.00218926 -0.0153558
         vertex -0.1115 -0.00241045 -0.0150686
      endloop
   endfacet
   facet normal -1 6.12323e-17 0
      outer loop
         vertex -0.1115 -0.00275 -0.01702
         vertex -0.1115 -0.00435287 -0.0159673
         vertex -0.1115 -0.00392989 -0.0158742
      endloop
   endfacet
   facet normal -1 6.12323e-17 0
      outer loop
         vertex -0.1115 -0.00521656 -0.0160141
         vertex -0.1115 -0.00275 -0.01702
         vertex -0.1115 -0.01105 -0.01702
      endloop
   endfacet
   facet normal -1 6.12323e-17 0
      outer loop
         vertex -0.1115 -0.0100287 -0.0123802
         vertex -0.1115 -0.00897655 -0.0124525
         vertex -0.1115 -0.00890648 -0.0128799
      endloop
   endfacet
   facet normal -1 6.12323e-17 0
      outer loop
         vertex -0.1115 -0.00879061 -0.0107428
         vertex -0.1115 -0.00890648 -0.0111601
         vertex -0.1115 -0.00946827 -0.0113231
      endloop
   endfacet
   facet normal -1 6.12323e-17 0
      outer loop
         vertex -0.1115 0.00620112 -0.026166
         vertex -0.1115 0.00648055 -0.0257359
         vertex -0.1115 0.00687363 -0.025554
      endloop
   endfacet
   facet normal -1 6.12323e-17 0
      outer loop
         vertex -0.1115 0.00564713 -0.0259673
         vertex -0.1115 0.00607011 -0.0258742
         vertex -0.1115 0.00620112 -0.026166
      endloop
   endfacet
   facet normal -1 6.12323e-17 0
      outer loop
         vertex -0.1115 0.00517591 -0.0267828
         vertex -0.1115 0.00409003 -0.0272852
         vertex -0.1115 0.00478344 -0.0260141
      endloop
   endfacet
   facet normal -1 6.12323e-17 0
      outer loop
         vertex -0.1115 0.00392989 -0.0258742
         vertex -0.1115 0.00435287 -0.0259673
         vertex -0.1115 0.00409003 -0.0272852
      endloop
   endfacet
   facet normal -1 6.12323e-17 0
      outer loop
         vertex -0.1115 0.00312637 -0.025554
         vertex -0.1115 0.00351945 -0.0257359
         vertex -0.1115 0.00295619 -0.0276672
      endloop
   endfacet
   facet normal -1 6.12323e-17 0
      outer loop
         vertex -0.1115 0.0100287 -0.0216598
         vertex -0.1115 0.00897655 -0.0215875
         vertex -0.1115 0.00890648 -0.0211601
      endloop
   endfacet
   facet normal -1 6.12323e-17 0
      outer loop
         vertex -0.1115 0.00102345 -0.0124525
         vertex -0.1115 0.000735703 -0.0143702
         vertex -0.1115 0.0004449 -0.0143062
      endloop
   endfacet
   facet normal -1 6.12323e-17 0
      outer loop
         vertex -0.1115 0.00312637 -0.018486
         vertex -0.1115 0.00275525 -0.0187092
         vertex -0.1115 0.00199649 -0.0189112
      endloop
   endfacet
   facet normal -1 6.12323e-17 0
      outer loop
         vertex -0.1115 0.0013697 -0.0236996
         vertex -0.1115 0.00157257 -0.0240822
         vertex -0.1115 0.00178769 -0.0279244
      endloop
   endfacet
   facet normal -1 6.12323e-17 0
      outer loop
         vertex -0.1115 0.000598235 -0.0280538
         vertex -0.1115 0.000148882 -0.019766
         vertex -0.1115 0.0004449 -0.0197338
      endloop
   endfacet
   facet normal -1 6.12323e-17 0
      outer loop
         vertex -0.1115 -0.000598235 -0.0280538
         vertex -0.1115 -0.000148882 -0.019766
         vertex -0.1115 0.000148882 -0.019766
      endloop
   endfacet
   facet normal -1 6.12323e-17 0
      outer loop
         vertex -0.1115 -0.00890648 -0.0228799
         vertex -0.1115 -0.00879061 -0.0232972
         vertex -0.1115 -0.00946827 -0.0227169
      endloop
   endfacet
   facet normal -1 6.12323e-17 0
      outer loop
         vertex -0.1115 -0.01105 -0.01702
         vertex -0.1115 -0.00758955 -0.0189714
         vertex -0.1115 -0.00790398 -0.0192692
      endloop
   endfacet
   facet normal -1 6.12323e-17 0
      outer loop
         vertex -0.1115 -0.01105 -0.01702
         vertex -0.1115 -0.00687363 -0.018486
         vertex -0.1115 -0.00724475 -0.0187092
      endloop
   endfacet
   facet normal -1 6.12323e-17 0
      outer loop
         vertex -0.1115 -0.00648055 -0.0183041
         vertex -0.1115 -0.00687363 -0.018486
         vertex -0.1115 -0.01105 -0.01702
      endloop
   endfacet
   facet normal -1 6.12323e-17 0
      outer loop
         vertex -0.1115 -0.00157257 -0.0199578
         vertex -0.1115 -0.00128812 -0.0194497
         vertex -0.1115 -0.00101788 -0.0195747
      endloop
   endfacet
   facet normal -1 6.12323e-17 0
      outer loop
         vertex -0.1115 -0.00241045 -0.0250686
         vertex -0.1115 -0.00209602 -0.0247708
         vertex -0.1115 -0.00178769 -0.0279244
      endloop
   endfacet
   facet normal -1 6.12323e-17 0
      outer loop
         vertex -0.1115 -0.00199649 -0.0189112
         vertex -0.1115 -0.00209602 -0.0192692
         vertex -0.1115 -0.00241045 -0.0189714
      endloop
   endfacet
   facet normal -1 6.12323e-17 0
      outer loop
         vertex -0.1115 -0.00260605 -0.0178981
         vertex -0.1115 -0.00249583 -0.0181747
         vertex -0.1115 -0.00312637 -0.018486
      endloop
   endfacet
   facet normal -1 6.12323e-17 0
      outer loop
         vertex -0.1115 -0.00715362 -0.0254419
         vertex -0.1115 -0.00724475 -0.0253308
         vertex -0.1115 -0.00687363 -0.025554
      endloop
   endfacet
   facet normal -1 6.12323e-17 0
      outer loop
         vertex -0.1115 -0.00607011 -0.0081658
         vertex -0.1115 -0.00648055 -0.00830409
         vertex -0.1115 -0.00620112 -0.00787404
      endloop
   endfacet
   facet normal -1 6.12323e-17 0
      outer loop
         vertex -0.1115 -0.00392989 -0.0158742
         vertex -0.1115 -0.00351945 -0.0157359
         vertex -0.1115 -0.00275 -0.01702
      endloop
   endfacet
   facet normal -1 6.12323e-17 0
      outer loop
         vertex -0.1115 -0.01105 -0.01702
         vertex -0.1115 -0.00607011 -0.0158742
         vertex -0.1115 -0.00564713 -0.0159673
      endloop
   endfacet
   facet normal -1 6.12323e-17 0
      outer loop
         vertex -0.1115 -0.00897655 -0.0115875
         vertex -0.1115 -0.009 -0.01202
         vertex -0.1115 -0.0100287 -0.0123802
      endloop
   endfacet
   facet normal -1 6.12323e-17 0
      outer loop
         vertex -0.1115 -0.000598235 -0.00598621
         vertex -0.1115 -0.000148882 -0.014274
         vertex -0.1115 -0.0004449 -0.0143062
      endloop
   endfacet
   facet normal -1 6.12323e-17 0
      outer loop
         vertex -0.1115 0.000598235 -0.00598621
         vertex -0.1115 0.000148882 -0.014274
         vertex -0.1115 -0.000148882 -0.014274
      endloop
   endfacet
   facet normal -1 6.12323e-17 0
      outer loop
         vertex -0.1115 0.00607011 -0.0258742
         vertex -0.1115 0.00648055 -0.0257359
         vertex -0.1115 0.00620112 -0.026166
      endloop
   endfacet
   facet normal -1 6.12323e-17 0
      outer loop
         vertex -0.1115 0.00478344 -0.0260141
         vertex -0.1115 0.00521656 -0.0260141
         vertex -0.1115 0.00517591 -0.0267828
      endloop
   endfacet
   facet normal -1 6.12323e-17 0
      outer loop
         vertex -0.1115 0.00409003 -0.0272852
         vertex -0.1115 0.00295619 -0.0276672
         vertex -0.1115 0.00392989 -0.0258742
      endloop
   endfacet
   facet normal -1 6.12323e-17 0
      outer loop
         vertex -0.1115 0.00295619 -0.0276672
         vertex -0.1115 0.00178769 -0.0279244
         vertex -0.1115 0.00312637 -0.025554
      endloop
   endfacet
   facet normal -1 6.12323e-17 0
      outer loop
         vertex -0.1115 0.00435287 -0.0180727
         vertex -0.1115 0.00392989 -0.0181658
         vertex -0.1115 0.00435287 -0.0159673
      endloop
   endfacet
   facet normal -1 6.12323e-17 0
      outer loop
         vertex -0.1115 0.00275525 -0.0253308
         vertex -0.1115 0.00312637 -0.025554
         vertex -0.1115 0.00178769 -0.0279244
      endloop
   endfacet
   facet normal -1 6.12323e-17 0
      outer loop
         vertex -0.1115 0.000148882 -0.019766
         vertex -0.1115 0.000598235 -0.0280538
         vertex -0.1115 -0.000598235 -0.0280538
      endloop
   endfacet
   facet normal -1 6.12323e-17 0
      outer loop
         vertex -0.1115 -0.000598235 -0.0280538
         vertex -0.1115 -0.00178769 -0.0279244
         vertex -0.1115 -0.0004449 -0.0197338
      endloop
   endfacet
   facet normal -1 6.12323e-17 0
      outer loop
         vertex -0.1115 -0.0109852 -0.0182147
         vertex -0.1115 -0.01105 -0.01702
         vertex -0.1115 -0.00818437 -0.0195993
      endloop
   endfacet
   facet normal -1 6.12323e-17 0
      outer loop
         vertex -0.1115 -0.00564713 -0.0180727
         vertex -0.1115 -0.00607011 -0.0181658
         vertex -0.1115 -0.00273388 -0.0173173
      endloop
   endfacet
   facet normal -1 6.12323e-17 0
      outer loop
         vertex -0.1115 -0.00109352 -0.0211601
         vertex -0.1115 -0.00120939 -0.0207428
         vertex -0.1115 -0.0004449 -0.0197338
      endloop
   endfacet
   facet normal -1 6.12323e-17 0
      outer loop
         vertex -0.1115 -0.00218926 -0.0186842
         vertex -0.1115 -0.00241045 -0.0189714
         vertex -0.1115 -0.00275525 -0.0187092
      endloop
   endfacet
   facet normal -1 6.12323e-17 0
      outer loop
         vertex -0.1115 -0.00392989 -0.0258742
         vertex -0.1115 -0.00295619 -0.0276672
         vertex -0.1115 -0.00409003 -0.0272852
      endloop
   endfacet
   facet normal -1 6.12323e-17 0
      outer loop
         vertex -0.1115 -0.00517591 -0.0267828
         vertex -0.1115 -0.00521656 -0.0260141
         vertex -0.1115 -0.00478344 -0.0260141
      endloop
   endfacet
   facet normal -1 6.12323e-17 0
      outer loop
         vertex -0.1115 -0.00620112 -0.026166
         vertex -0.1115 -0.00607011 -0.0258742
         vertex -0.1115 -0.00564713 -0.0259673
      endloop
   endfacet
   facet normal -1 6.12323e-17 0
      outer loop
         vertex -0.1115 -0.00715362 -0.0254419
         vertex -0.1115 -0.00744281 -0.0251874
         vertex -0.1115 -0.00724475 -0.0253308
      endloop
   endfacet
   facet normal -1 6.12323e-17 0
      outer loop
         vertex -0.1115 -0.00273388 -0.0167227
         vertex -0.1115 -0.00275 -0.01702
         vertex -0.1115 -0.00351945 -0.0157359
      endloop
   endfacet
   facet normal -1 6.12323e-17 0
      outer loop
         vertex -0.1115 -0.00648055 -0.0157359
         vertex -0.1115 -0.00607011 -0.0158742
         vertex -0.1115 -0.01105 -0.01702
      endloop
   endfacet
   facet normal -1 6.12323e-17 0
      outer loop
         vertex -0.1115 -0.000148882 -0.014274
         vertex -0.1115 -0.000598235 -0.00598621
         vertex -0.1115 0.000598235 -0.00598621
      endloop
   endfacet
   facet normal -1 6.12323e-17 0
      outer loop
         vertex -0.1115 0.000598235 -0.00598621
         vertex -0.1115 0.00178769 -0.00611557
         vertex -0.1115 0.0004449 -0.0143062
      endloop
   endfacet
   facet normal -1 6.12323e-17 0
      outer loop
         vertex -0.1115 0.00521656 -0.0260141
         vertex -0.1115 0.00564713 -0.0259673
         vertex -0.1115 0.00517591 -0.0267828
      endloop
   endfacet
   facet normal -1 6.12323e-17 0
      outer loop
         vertex -0.1115 0.00351945 -0.0257359
         vertex -0.1115 0.00392989 -0.0258742
         vertex -0.1115 0.00295619 -0.0276672
      endloop
   endfacet
   facet normal -1 6.12323e-17 0
      outer loop
         vertex -0.1115 0.00181563 -0.0195993
         vertex -0.1115 0.00157257 -0.0199578
         vertex -0.1115 0.00128812 -0.0194497
      endloop
   endfacet
   facet normal -1 6.12323e-17 0
      outer loop
         vertex -0.1115 -0.0004449 -0.0197338
         vertex -0.1115 -0.000148882 -0.019766
         vertex -0.1115 -0.000598235 -0.0280538
      endloop
   endfacet
   facet normal -1 6.12323e-17 0
      outer loop
         vertex -0.1115 -0.00724475 -0.0187092
         vertex -0.1115 -0.00758955 -0.0189714
         vertex -0.1115 -0.01105 -0.01702
      endloop
   endfacet
   facet normal -1 6.12323e-17 0
      outer loop
         vertex -0.1115 -0.00181563 -0.0195993
         vertex -0.1115 -0.00154326 -0.0192961
         vertex -0.1115 -0.00128812 -0.0194497
      endloop
   endfacet
   facet normal -1 6.12323e-17 0
      outer loop
         vertex -0.1115 -0.00312637 -0.025554
         vertex -0.1115 -0.00178769 -0.0279244
         vertex -0.1115 -0.00295619 -0.0276672
      endloop
   endfacet
   facet normal -1 6.12323e-17 0
      outer loop
         vertex -0.1115 -0.00409003 -0.0272852
         vertex -0.1115 -0.00478344 -0.0260141
         vertex -0.1115 -0.00435287 -0.0259673
      endloop
   endfacet
   facet normal -1 6.12323e-17 0
      outer loop
         vertex -0.1115 -0.00517591 -0.0267828
         vertex -0.1115 -0.00564713 -0.0259673
         vertex -0.1115 -0.00521656 -0.0260141
      endloop
   endfacet
   facet normal -1 6.12323e-17 0
      outer loop
         vertex -0.1115 -0.00620112 -0.026166
         vertex -0.1115 -0.00648055 -0.0257359
         vertex -0.1115 -0.00607011 -0.0258742
      endloop
   endfacet
   facet normal -1 6.12323e-17 0
      outer loop
         vertex -0.1115 -0.00687363 -0.025554
         vertex -0.1115 -0.00620112 -0.026166
         vertex -0.1115 -0.00715362 -0.0254419
      endloop
   endfacet
   facet normal -1 6.12323e-17 0
      outer loop
         vertex -0.1115 -0.00478344 -0.0160141
         vertex -0.1115 -0.00435287 -0.0159673
         vertex -0.1115 -0.00275 -0.01702
      endloop
   endfacet
   facet normal -1 6.12323e-17 0
      outer loop
         vertex -0.1115 0.0004449 -0.0143062
         vertex -0.1115 0.000148882 -0.014274
         vertex -0.1115 0.000598235 -0.00598621
      endloop
   endfacet
   facet normal -1 6.12323e-17 0
      outer loop
         vertex -0.1115 0.00435287 -0.0259673
         vertex -0.1115 0.00478344 -0.0260141
         vertex -0.1115 0.00409003 -0.0272852
      endloop
   endfacet
   facet normal -1 6.12323e-17 0
      outer loop
         vertex -0.1115 0.0004449 -0.0197338
         vertex -0.1115 0.00178769 -0.0279244
         vertex -0.1115 0.000598235 -0.0280538
      endloop
   endfacet
   facet normal -1 6.12323e-17 0
      outer loop
         vertex -0.1115 -0.000735703 -0.0196698
         vertex -0.1115 -0.0004449 -0.0197338
         vertex -0.1115 -0.00120939 -0.0207428
      endloop
   endfacet
   facet normal -1 6.12323e-17 0
      outer loop
         vertex -0.1115 -0.00295619 -0.0276672
         vertex -0.1115 -0.00392989 -0.0258742
         vertex -0.1115 -0.00351945 -0.0257359
      endloop
   endfacet
   facet normal -1 6.12323e-17 0
      outer loop
         vertex -0.1115 -0.00478344 -0.0260141
         vertex -0.1115 -0.00409003 -0.0272852
         vertex -0.1115 -0.00517591 -0.0267828
      endloop
   endfacet
   facet normal -1 6.12323e-17 0
      outer loop
         vertex -0.1115 -0.00687363 -0.025554
         vertex -0.1115 -0.00648055 -0.0257359
         vertex -0.1115 -0.00620112 -0.026166
      endloop
   endfacet
   facet normal -1 6.12323e-17 0
      outer loop
         vertex -0.1115 -0.0004449 -0.0143062
         vertex -0.1115 -0.00178769 -0.00611557
         vertex -0.1115 -0.000598235 -0.00598621
      endloop
   endfacet
   facet normal -1 6.12323e-17 0
      outer loop
         vertex -0.1115 0.00818437 -0.0095993
         vertex -0.1115 0.00816744 -0.00957719
         vertex -0.1115 0.00879683 -0.0103328
      endloop
   endfacet
   facet normal -1 6.12323e-17 0
      outer loop
         vertex -0.1115 -0.00295619 -0.0276672
         vertex -0.1115 -0.00351945 -0.0257359
         vertex -0.1115 -0.00312637 -0.025554
      endloop
   endfacet
   facet normal -1 6.12323e-17 0
      outer loop
         vertex -0.1115 -0.00564713 -0.0259673
         vertex -0.1115 -0.00517591 -0.0267828
         vertex -0.1115 -0.00620112 -0.026166
      endloop
   endfacet
   facet normal -1 6.12323e-17 0
      outer loop
         vertex -0.1115 0.00724475 -0.0253308
         vertex -0.1115 0.00744281 -0.0251874
         vertex -0.1115 0.00715362 -0.0254419
      endloop
   endfacet
   facet normal -1 6.12323e-17 0
      outer loop
         vertex -0.1115 -0.00409003 -0.0272852
         vertex -0.1115 -0.00435287 -0.0259673
         vertex -0.1115 -0.00392989 -0.0258742
      endloop
   endfacet
   facet normal -1 6.12323e-17 0
      outer loop
         vertex -0.1115 -0.00818437 -0.0244407
         vertex -0.1115 -0.00816744 -0.0244628
         vertex -0.1115 -0.00879683 -0.0237072
      endloop
   endfacet
   facet normal -1 6.12323e-17 0
      outer loop
         vertex -0.1115 -0.00724475 -0.00870924
         vertex -0.1115 -0.00744281 -0.00885256
         vertex -0.1115 -0.00715362 -0.00859811
      endloop
   endfacet
   facet normal -6.08734e-17 -0.994138 0.108119
      outer loop
         vertex -0.0938 0.00273388 -0.0173173
         vertex -0.0938 0.00275 -0.01702
         vertex -0.1115 0.00275 -0.01702
      endloop
   endfacet
   facet normal -5.98008e-17 -0.976621 0.21497
      outer loop
         vertex -0.0938 0.00268571 -0.0176112
         vertex -0.0938 0.00273388 -0.0173173
         vertex -0.1115 0.00273388 -0.0173173
      endloop
   endfacet
   facet normal -5.8027e-17 -0.947653 0.319302
      outer loop
         vertex -0.0938 0.00260605 -0.0178981
         vertex -0.0938 0.00268571 -0.0176112
         vertex -0.1115 0.00268571 -0.0176112
      endloop
   endfacet
   facet normal -5.5573e-17 -0.907575 0.419889
      outer loop
         vertex -0.0938 0.00249583 -0.0181747
         vertex -0.0938 0.00260605 -0.0178981
         vertex -0.1115 0.00260605 -0.0178981
      endloop
   endfacet
   facet normal -5.24674e-17 -0.856857 0.515554
      outer loop
         vertex -0.0938 0.00235636 -0.0184378
         vertex -0.0938 0.00249583 -0.0181747
         vertex -0.1115 0.00249583 -0.0181747
      endloop
   endfacet
   facet normal -4.87466e-17 -0.796093 0.605174
      outer loop
         vertex -0.0938 0.00218926 -0.0186842
         vertex -0.0938 0.00235636 -0.0184378
         vertex -0.1115 0.00235636 -0.0184378
      endloop
   endfacet
   facet normal -4.44544e-17 -0.725995 0.687699
      outer loop
         vertex -0.0938 0.00199649 -0.0189112
         vertex -0.0938 0.00218926 -0.0186842
         vertex -0.1115 0.00218926 -0.0186842
      endloop
   endfacet
   facet normal -3.9641e-17 -0.647386 0.762162
      outer loop
         vertex -0.0938 0.00178031 -0.0191159
         vertex -0.0938 0.00199649 -0.0189112
         vertex -0.1115 0.00199649 -0.0189112
      endloop
   endfacet
   facet normal -3.43628e-17 -0.561187 0.827689
      outer loop
         vertex -0.0938 0.00154326 -0.0192961
         vertex -0.0938 0.00178031 -0.0191159
         vertex -0.1115 0.00178031 -0.0191159
      endloop
   endfacet
   facet normal -2.86817e-17 -0.468408 0.883512
      outer loop
         vertex -0.0938 0.00128812 -0.0194497
         vertex -0.0938 0.00154326 -0.0192961
         vertex -0.1115 0.00154326 -0.0192961
      endloop
   endfacet
   facet normal -2.26644e-17 -0.370138 0.928977
      outer loop
         vertex -0.0938 0.00101788 -0.0195747
         vertex -0.0938 0.00128812 -0.0194497
         vertex -0.1115 0.00128812 -0.0194497
      endloop
   endfacet
   facet normal -1.63814e-17 -0.267528 0.96355
      outer loop
         vertex -0.0938 0.000735703 -0.0196698
         vertex -0.0938 0.00101788 -0.0195747
         vertex -0.1115 0.00101788 -0.0195747
      endloop
   endfacet
   facet normal -9.90629e-18 -0.161782 0.986827
      outer loop
         vertex -0.0938 0.0004449 -0.0197338
         vertex -0.0938 0.000735703 -0.0196698
         vertex -0.1115 0.000735703 -0.0196698
      endloop
   endfacet
   facet normal -3.31505e-18 -0.0541389 0.998533
      outer loop
         vertex -0.0938 0.000148882 -0.019766
         vertex -0.0938 0.0004449 -0.0197338
         vertex -0.1115 0.0004449 -0.0197338
      endloop
   endfacet
   facet normal 3.31505e-18 0.0541389 0.998533
      outer loop
         vertex -0.0938 -0.000148882 -0.019766
         vertex -0.0938 0.000148882 -0.019766
         vertex -0.1115 0.000148882 -0.019766
      endloop
   endfacet
   facet normal 9.90629e-18 0.161782 0.986827
      outer loop
         vertex -0.0938 -0.0004449 -0.0197338
         vertex -0.0938 -0.000148882 -0.019766
         vertex -0.1115 -0.000148882 -0.019766
      endloop
   endfacet
   facet normal 1.63814e-17 0.267528 0.96355
      outer loop
         vertex -0.0938 -0.000735703 -0.0196698
         vertex -0.0938 -0.0004449 -0.0197338
         vertex -0.1115 -0.0004449 -0.0197338
      endloop
   endfacet
   facet normal 2.26644e-17 0.370138 0.928977
      outer loop
         vertex -0.0938 -0.00101788 -0.0195747
         vertex -0.0938 -0.000735703 -0.0196698
         vertex -0.1115 -0.000735703 -0.0196698
      endloop
   endfacet
   facet normal 2.86817e-17 0.468408 0.883512
      outer loop
         vertex -0.0938 -0.00128812 -0.0194497
         vertex -0.0938 -0.00101788 -0.0195747
         vertex -0.1115 -0.00101788 -0.0195747
      endloop
   endfacet
   facet normal 3.43628e-17 0.561187 0.827689
      outer loop
         vertex -0.0938 -0.00154326 -0.0192961
         vertex -0.0938 -0.00128812 -0.0194497
         vertex -0.1115 -0.00128812 -0.0194497
      endloop
   endfacet
   facet normal 3.9641e-17 0.647386 0.762162
      outer loop
         vertex -0.0938 -0.00178031 -0.0191159
         vertex -0.0938 -0.00154326 -0.0192961
         vertex -0.1115 -0.00154326 -0.0192961
      endloop
   endfacet
   facet normal 4.44544e-17 0.725995 0.687699
      outer loop
         vertex -0.0938 -0.00199649 -0.0189112
         vertex -0.0938 -0.00178031 -0.0191159
         vertex -0.1115 -0.00178031 -0.0191159
      endloop
   endfacet
   facet normal 4.87466e-17 0.796093 0.605174
      outer loop
         vertex -0.0938 -0.00218926 -0.0186842
         vertex -0.0938 -0.00199649 -0.0189112
         vertex -0.1115 -0.00199649 -0.0189112
      endloop
   endfacet
   facet normal 5.24674e-17 0.856857 0.515554
      outer loop
         vertex -0.0938 -0.00235636 -0.0184378
         vertex -0.0938 -0.00218926 -0.0186842
         vertex -0.1115 -0.00218926 -0.0186842
      endloop
   endfacet
   facet normal 5.5573e-17 0.907575 0.419889
      outer loop
         vertex -0.0938 -0.00249583 -0.0181747
         vertex -0.0938 -0.00235636 -0.0184378
         vertex -0.1115 -0.00235636 -0.0184378
      endloop
   endfacet
   facet normal 5.8027e-17 0.947653 0.319302
      outer loop
         vertex -0.0938 -0.00260605 -0.0178981
         vertex -0.0938 -0.00249583 -0.0181747
         vertex -0.1115 -0.00249583 -0.0181747
      endloop
   endfacet
   facet normal 5.98008e-17 0.976621 0.21497
      outer loop
         vertex -0.0938 -0.00268571 -0.0176112
         vertex -0.0938 -0.00260605 -0.0178981
         vertex -0.1115 -0.00260605 -0.0178981
      endloop
   endfacet
   facet normal 6.08734e-17 0.994138 0.108119
      outer loop
         vertex -0.0938 -0.00273388 -0.0173173
         vertex -0.0938 -0.00268571 -0.0176112
         vertex -0.1115 -0.00268571 -0.0176112
      endloop
   endfacet
   facet normal 6.12323e-17 1 -1.22465e-16
      outer loop
         vertex -0.0938 -0.00275 -0.01702
         vertex -0.0938 -0.00273388 -0.0173173
         vertex -0.1115 -0.00273388 -0.0173173
      endloop
   endfacet
   facet normal 6.08734e-17 0.994138 -0.108119
      outer loop
         vertex -0.0938 -0.00273388 -0.0167227
         vertex -0.0938 -0.00275 -0.01702
         vertex -0.1115 -0.00275 -0.01702
      endloop
   endfacet
   facet normal 5.98008e-17 0.976621 -0.21497
      outer loop
         vertex -0.0938 -0.00268571 -0.0164288
         vertex -0.0938 -0.00273388 -0.0167227
         vertex -0.1115 -0.00273388 -0.0167227
      endloop
   endfacet
   facet normal 5.8027e-17 0.947653 -0.319302
      outer loop
         vertex -0.0938 -0.00260605 -0.0161419
         vertex -0.0938 -0.00268571 -0.0164288
         vertex -0.1115 -0.00268571 -0.0164288
      endloop
   endfacet
   facet normal 5.5573e-17 0.907575 -0.419889
      outer loop
         vertex -0.0938 -0.00249583 -0.0158653
         vertex -0.0938 -0.00260605 -0.0161419
         vertex -0.1115 -0.00260605 -0.0161419
      endloop
   endfacet
   facet normal 5.24674e-17 0.856857 -0.515554
      outer loop
         vertex -0.0938 -0.00235636 -0.0156022
         vertex -0.0938 -0.00249583 -0.0158653
         vertex -0.1115 -0.00249583 -0.0158653
      endloop
   endfacet
   facet normal 4.87466e-17 0.796093 -0.605174
      outer loop
         vertex -0.0938 -0.00218926 -0.0153558
         vertex -0.0938 -0.00235636 -0.0156022
         vertex -0.1115 -0.00235636 -0.0156022
      endloop
   endfacet
   facet normal 4.44544e-17 0.725995 -0.687699
      outer loop
         vertex -0.0938 -0.00199649 -0.0151288
         vertex -0.0938 -0.00218926 -0.0153558
         vertex -0.1115 -0.00218926 -0.0153558
      endloop
   endfacet
   facet normal 3.9641e-17 0.647386 -0.762162
      outer loop
         vertex -0.0938 -0.00178031 -0.0149241
         vertex -0.0938 -0.00199649 -0.0151288
         vertex -0.1115 -0.00199649 -0.0151288
      endloop
   endfacet
   facet normal 3.43628e-17 0.561187 -0.827689
      outer loop
         vertex -0.0938 -0.00154326 -0.0147439
         vertex -0.0938 -0.00178031 -0.0149241
         vertex -0.1115 -0.00178031 -0.0149241
      endloop
   endfacet
   facet normal 2.86817e-17 0.468408 -0.883512
      outer loop
         vertex -0.0938 -0.00128812 -0.0145903
         vertex -0.0938 -0.00154326 -0.0147439
         vertex -0.1115 -0.00154326 -0.0147439
      endloop
   endfacet
   facet normal 2.26644e-17 0.370138 -0.928977
      outer loop
         vertex -0.0938 -0.00101788 -0.0144653
         vertex -0.0938 -0.00128812 -0.0145903
         vertex -0.1115 -0.00128812 -0.0145903
      endloop
   endfacet
   facet normal 1.63814e-17 0.267528 -0.96355
      outer loop
         vertex -0.0938 -0.000735703 -0.0143702
         vertex -0.0938 -0.00101788 -0.0144653
         vertex -0.1115 -0.00101788 -0.0144653
      endloop
   endfacet
   facet normal 9.90629e-18 0.161782 -0.986827
      outer loop
         vertex -0.0938 -0.0004449 -0.0143062
         vertex -0.0938 -0.000735703 -0.0143702
         vertex -0.1115 -0.000735703 -0.0143702
      endloop
   endfacet
   facet normal 3.31505e-18 0.0541389 -0.998533
      outer loop
         vertex -0.0938 -0.000148882 -0.014274
         vertex -0.0938 -0.0004449 -0.0143062
         vertex -0.1115 -0.0004449 -0.0143062
      endloop
   endfacet
   facet normal -3.31505e-18 -0.0541389 -0.998533
      outer loop
         vertex -0.0938 0.000148882 -0.014274
         vertex -0.0938 -0.000148882 -0.014274
         vertex -0.1115 -0.000148882 -0.014274
      endloop
   endfacet
   facet normal -9.90629e-18 -0.161782 -0.986827
      outer loop
         vertex -0.0938 0.0004449 -0.0143062
         vertex -0.0938 0.000148882 -0.014274
         vertex -0.1115 0.000148882 -0.014274
      endloop
   endfacet
   facet normal -1.63814e-17 -0.267528 -0.96355
      outer loop
         vertex -0.0938 0.000735703 -0.0143702
         vertex -0.0938 0.0004449 -0.0143062
         vertex -0.1115 0.0004449 -0.0143062
      endloop
   endfacet
   facet normal -2.26644e-17 -0.370138 -0.928977
      outer loop
         vertex -0.0938 0.00101788 -0.0144653
         vertex -0.0938 0.000735703 -0.0143702
         vertex -0.1115 0.000735703 -0.0143702
      endloop
   endfacet
   facet normal -2.86817e-17 -0.468408 -0.883512
      outer loop
         vertex -0.0938 0.00128812 -0.0145903
         vertex -0.0938 0.00101788 -0.0144653
         vertex -0.1115 0.00101788 -0.0144653
      endloop
   endfacet
   facet normal -3.43628e-17 -0.561187 -0.827689
      outer loop
         vertex -0.0938 0.00154326 -0.0147439
         vertex -0.0938 0.00128812 -0.0145903
         vertex -0.1115 0.00128812 -0.0145903
      endloop
   endfacet
   facet normal -3.9641e-17 -0.647386 -0.762162
      outer loop
         vertex -0.0938 0.00178031 -0.0149241
         vertex -0.0938 0.00154326 -0.0147439
         vertex -0.1115 0.00154326 -0.0147439
      endloop
   endfacet
   facet normal -4.44544e-17 -0.725995 -0.687699
      outer loop
         vertex -0.0938 0.00199649 -0.0151288
         vertex -0.0938 0.00178031 -0.0149241
         vertex -0.1115 0.00178031 -0.0149241
      endloop
   endfacet
   facet normal -4.87466e-17 -0.796093 -0.605174
      outer loop
         vertex -0.0938 0.00218926 -0.0153558
         vertex -0.0938 0.00199649 -0.0151288
         vertex -0.1115 0.00199649 -0.0151288
      endloop
   endfacet
   facet normal -5.24674e-17 -0.856857 -0.515554
      outer loop
         vertex -0.0938 0.00235636 -0.0156022
         vertex -0.0938 0.00218926 -0.0153558
         vertex -0.1115 0.00218926 -0.0153558
      endloop
   endfacet
   facet normal -5.5573e-17 -0.907575 -0.419889
      outer loop
         vertex -0.0938 0.00249583 -0.0158653
         vertex -0.0938 0.00235636 -0.0156022
         vertex -0.1115 0.00235636 -0.0156022
      endloop
   endfacet
   facet normal -5.8027e-17 -0.947653 -0.319302
      outer loop
         vertex -0.0938 0.00260605 -0.0161419
         vertex -0.0938 0.00249583 -0.0158653
         vertex -0.1115 0.00249583 -0.0158653
      endloop
   endfacet
   facet normal -5.98008e-17 -0.976621 -0.21497
      outer loop
         vertex -0.0938 0.00268571 -0.0164288
         vertex -0.0938 0.00260605 -0.0161419
         vertex -0.1115 0.00260605 -0.0161419
      endloop
   endfacet
   facet normal -6.08734e-17 -0.994138 -0.108119
      outer loop
         vertex -0.0938 0.00273388 -0.0167227
         vertex -0.0938 0.00268571 -0.0164288
         vertex -0.1115 0.00268571 -0.0164288
      endloop
   endfacet
   facet normal -6.12323e-17 -1 2.44929e-16
      outer loop
         vertex -0.0938 0.00275 -0.01702
         vertex -0.0938 0.00273388 -0.0167227
         vertex -0.1115 0.00273388 -0.0167227
      endloop
   endfacet
   facet normal -6.08734e-17 -0.994138 -0.108119
      outer loop
         vertex -0.1115 0.00273388 -0.0167227
         vertex -0.1115 0.00275 -0.01702
         vertex -0.0938 0.00275 -0.01702
      endloop
   endfacet
   facet normal -5.98008e-17 -0.976621 -0.21497
      outer loop
         vertex -0.1115 0.00268571 -0.0164288
         vertex -0.1115 0.00273388 -0.0167227
         vertex -0.0938 0.00273388 -0.0167227
      endloop
   endfacet
   facet normal -5.8027e-17 -0.947653 -0.319302
      outer loop
         vertex -0.1115 0.00260605 -0.0161419
         vertex -0.1115 0.00268571 -0.0164288
         vertex -0.0938 0.00268571 -0.0164288
      endloop
   endfacet
   facet normal -5.5573e-17 -0.907575 -0.419889
      outer loop
         vertex -0.1115 0.00249583 -0.0158653
         vertex -0.1115 0.00260605 -0.0161419
         vertex -0.0938 0.00260605 -0.0161419
      endloop
   endfacet
   facet normal -5.24674e-17 -0.856857 -0.515554
      outer loop
         vertex -0.1115 0.00235636 -0.0156022
         vertex -0.1115 0.00249583 -0.0158653
         vertex -0.0938 0.00249583 -0.0158653
      endloop
   endfacet
   facet normal -4.87466e-17 -0.796093 -0.605174
      outer loop
         vertex -0.1115 0.00218926 -0.0153558
         vertex -0.1115 0.00235636 -0.0156022
         vertex -0.0938 0.00235636 -0.0156022
      endloop
   endfacet
   facet normal -4.44544e-17 -0.725995 -0.687699
      outer loop
         vertex -0.1115 0.00199649 -0.0151288
         vertex -0.1115 0.00218926 -0.0153558
         vertex -0.0938 0.00218926 -0.0153558
      endloop
   endfacet
   facet normal -3.9641e-17 -0.647386 -0.762162
      outer loop
         vertex -0.1115 0.00178031 -0.0149241
         vertex -0.1115 0.00199649 -0.0151288
         vertex -0.0938 0.00199649 -0.0151288
      endloop
   endfacet
   facet normal -3.43628e-17 -0.561187 -0.827689
      outer loop
         vertex -0.1115 0.00154326 -0.0147439
         vertex -0.1115 0.00178031 -0.0149241
         vertex -0.0938 0.00178031 -0.0149241
      endloop
   endfacet
   facet normal -2.86817e-17 -0.468408 -0.883512
      outer loop
         vertex -0.1115 0.00128812 -0.0145903
         vertex -0.1115 0.00154326 -0.0147439
         vertex -0.0938 0.00154326 -0.0147439
      endloop
   endfacet
   facet normal -2.26644e-17 -0.370138 -0.928977
      outer loop
         vertex -0.1115 0.00101788 -0.0144653
         vertex -0.1115 0.00128812 -0.0145903
         vertex -0.0938 0.00128812 -0.0145903
      endloop
   endfacet
   facet normal -1.63814e-17 -0.267528 -0.96355
      outer loop
         vertex -0.1115 0.000735703 -0.0143702
         vertex -0.1115 0.00101788 -0.0144653
         vertex -0.0938 0.00101788 -0.0144653
      endloop
   endfacet
   facet normal -9.90629e-18 -0.161782 -0.986827
      outer loop
         vertex -0.1115 0.0004449 -0.0143062
         vertex -0.1115 0.000735703 -0.0143702
         vertex -0.0938 0.000735703 -0.0143702
      endloop
   endfacet
   facet normal -3.31505e-18 -0.0541389 -0.998533
      outer loop
         vertex -0.1115 0.000148882 -0.014274
         vertex -0.1115 0.0004449 -0.0143062
         vertex -0.0938 0.0004449 -0.0143062
      endloop
   endfacet
   facet normal 3.31505e-18 0.0541389 -0.998533
      outer loop
         vertex -0.1115 -0.000148882 -0.014274
         vertex -0.1115 0.000148882 -0.014274
         vertex -0.0938 0.000148882 -0.014274
      endloop
   endfacet
   facet normal 9.90629e-18 0.161782 -0.986827
      outer loop
         vertex -0.1115 -0.0004449 -0.0143062
         vertex -0.1115 -0.000148882 -0.014274
         vertex -0.0938 -0.000148882 -0.014274
      endloop
   endfacet
   facet normal 1.63814e-17 0.267528 -0.96355
      outer loop
         vertex -0.1115 -0.000735703 -0.0143702
         vertex -0.1115 -0.0004449 -0.0143062
         vertex -0.0938 -0.0004449 -0.0143062
      endloop
   endfacet
   facet normal 2.26644e-17 0.370138 -0.928977
      outer loop
         vertex -0.1115 -0.00101788 -0.0144653
         vertex -0.1115 -0.000735703 -0.0143702
         vertex -0.0938 -0.000735703 -0.0143702
      endloop
   endfacet
   facet normal 2.86817e-17 0.468408 -0.883512
      outer loop
         vertex -0.1115 -0.00128812 -0.0145903
         vertex -0.1115 -0.00101788 -0.0144653
         vertex -0.0938 -0.00101788 -0.0144653
      endloop
   endfacet
   facet normal 3.43628e-17 0.561187 -0.827689
      outer loop
         vertex -0.1115 -0.00154326 -0.0147439
         vertex -0.1115 -0.00128812 -0.0145903
         vertex -0.0938 -0.00128812 -0.0145903
      endloop
   endfacet
   facet normal 3.9641e-17 0.647386 -0.762162
      outer loop
         vertex -0.1115 -0.00178031 -0.0149241
         vertex -0.1115 -0.00154326 -0.0147439
         vertex -0.0938 -0.00154326 -0.0147439
      endloop
   endfacet
   facet normal 4.44544e-17 0.725995 -0.687699
      outer loop
         vertex -0.1115 -0.00199649 -0.0151288
         vertex -0.1115 -0.00178031 -0.0149241
         vertex -0.0938 -0.00178031 -0.0149241
      endloop
   endfacet
   facet normal 4.87466e-17 0.796093 -0.605174
      outer loop
         vertex -0.1115 -0.00218926 -0.0153558
         vertex -0.1115 -0.00199649 -0.0151288
         vertex -0.0938 -0.00199649 -0.0151288
      endloop
   endfacet
   facet normal 5.24674e-17 0.856857 -0.515554
      outer loop
         vertex -0.1115 -0.00235636 -0.0156022
         vertex -0.1115 -0.00218926 -0.0153558
         vertex -0.0938 -0.00218926 -0.0153558
      endloop
   endfacet
   facet normal 5.5573e-17 0.907575 -0.419889
      outer loop
         vertex -0.1115 -0.00249583 -0.0158653
         vertex -0.1115 -0.00235636 -0.0156022
         vertex -0.0938 -0.00235636 -0.0156022
      endloop
   endfacet
   facet normal 5.8027e-17 0.947653 -0.319302
      outer loop
         vertex -0.1115 -0.00260605 -0.0161419
         vertex -0.1115 -0.00249583 -0.0158653
         vertex -0.0938 -0.00249583 -0.0158653
      endloop
   endfacet
   facet normal 5.98008e-17 0.976621 -0.21497
      outer loop
         vertex -0.1115 -0.00268571 -0.0164288
         vertex -0.1115 -0.00260605 -0.0161419
         vertex -0.0938 -0.00260605 -0.0161419
      endloop
   endfacet
   facet normal 6.08734e-17 0.994138 -0.108119
      outer loop
         vertex -0.1115 -0.00273388 -0.0167227
         vertex -0.1115 -0.00268571 -0.0164288
         vertex -0.0938 -0.00268571 -0.0164288
      endloop
   endfacet
   facet normal 6.12323e-17 1 -1.22465e-16
      outer loop
         vertex -0.1115 -0.00275 -0.01702
         vertex -0.1115 -0.00273388 -0.0167227
         vertex -0.0938 -0.00273388 -0.0167227
      endloop
   endfacet
   facet normal 6.08734e-17 0.994138 0.108119
      outer loop
         vertex -0.1115 -0.00273388 -0.0173173
         vertex -0.1115 -0.00275 -0.01702
         vertex -0.0938 -0.00275 -0.01702
      endloop
   endfacet
   facet normal 5.98008e-17 0.976621 0.21497
      outer loop
         vertex -0.1115 -0.00268571 -0.0176112
         vertex -0.1115 -0.00273388 -0.0173173
         vertex -0.0938 -0.00273388 -0.0173173
      endloop
   endfacet
   facet normal 5.8027e-17 0.947653 0.319302
      outer loop
         vertex -0.1115 -0.00260605 -0.0178981
         vertex -0.1115 -0.00268571 -0.0176112
         vertex -0.0938 -0.00268571 -0.0176112
      endloop
   endfacet
   facet normal 5.5573e-17 0.907575 0.419889
      outer loop
         vertex -0.1115 -0.00249583 -0.0181747
         vertex -0.1115 -0.00260605 -0.0178981
         vertex -0.0938 -0.00260605 -0.0178981
      endloop
   endfacet
   facet normal 5.24674e-17 0.856857 0.515554
      outer loop
         vertex -0.1115 -0.00235636 -0.0184378
         vertex -0.1115 -0.00249583 -0.0181747
         vertex -0.0938 -0.00249583 -0.0181747
      endloop
   endfacet
   facet normal 4.87466e-17 0.796093 0.605174
      outer loop
         vertex -0.1115 -0.00218926 -0.0186842
         vertex -0.1115 -0.00235636 -0.0184378
         vertex -0.0938 -0.00235636 -0.0184378
      endloop
   endfacet
   facet normal 4.44544e-17 0.725995 0.687699
      outer loop
         vertex -0.1115 -0.00199649 -0.0189112
         vertex -0.1115 -0.00218926 -0.0186842
         vertex -0.0938 -0.00218926 -0.0186842
      endloop
   endfacet
   facet normal 3.9641e-17 0.647386 0.762162
      outer loop
         vertex -0.1115 -0.00178031 -0.0191159
         vertex -0.1115 -0.00199649 -0.0189112
         vertex -0.0938 -0.00199649 -0.0189112
      endloop
   endfacet
   facet normal 3.43628e-17 0.561187 0.827689
      outer loop
         vertex -0.1115 -0.00154326 -0.0192961
         vertex -0.1115 -0.00178031 -0.0191159
         vertex -0.0938 -0.00178031 -0.0191159
      endloop
   endfacet
   facet normal 2.86817e-17 0.468408 0.883512
      outer loop
         vertex -0.1115 -0.00128812 -0.0194497
         vertex -0.1115 -0.00154326 -0.0192961
         vertex -0.0938 -0.00154326 -0.0192961
      endloop
   endfacet
   facet normal 2.26644e-17 0.370138 0.928977
      outer loop
         vertex -0.1115 -0.00101788 -0.0195747
         vertex -0.1115 -0.00128812 -0.0194497
         vertex -0.0938 -0.00128812 -0.0194497
      endloop
   endfacet
   facet normal 1.63814e-17 0.267528 0.96355
      outer loop
         vertex -0.1115 -0.000735703 -0.0196698
         vertex -0.1115 -0.00101788 -0.0195747
         vertex -0.0938 -0.00101788 -0.0195747
      endloop
   endfacet
   facet normal 9.90629e-18 0.161782 0.986827
      outer loop
         vertex -0.1115 -0.0004449 -0.0197338
         vertex -0.1115 -0.000735703 -0.0196698
         vertex -0.0938 -0.000735703 -0.0196698
      endloop
   endfacet
   facet normal 3.31505e-18 0.0541389 0.998533
      outer loop
         vertex -0.1115 -0.000148882 -0.019766
         vertex -0.1115 -0.0004449 -0.0197338
         vertex -0.0938 -0.0004449 -0.0197338
      endloop
   endfacet
   facet normal -3.31505e-18 -0.0541389 0.998533
      outer loop
         vertex -0.1115 0.000148882 -0.019766
         vertex -0.1115 -0.000148882 -0.019766
         vertex -0.0938 -0.000148882 -0.019766
      endloop
   endfacet
   facet normal -9.90629e-18 -0.161782 0.986827
      outer loop
         vertex -0.1115 0.0004449 -0.0197338
         vertex -0.1115 0.000148882 -0.019766
         vertex -0.0938 0.000148882 -0.019766
      endloop
   endfacet
   facet normal -1.63814e-17 -0.267528 0.96355
      outer loop
         vertex -0.1115 0.000735703 -0.0196698
         vertex -0.1115 0.0004449 -0.0197338
         vertex -0.0938 0.0004449 -0.0197338
      endloop
   endfacet
   facet normal -2.26644e-17 -0.370138 0.928977
      outer loop
         vertex -0.1115 0.00101788 -0.0195747
         vertex -0.1115 0.000735703 -0.0196698
         vertex -0.0938 0.000735703 -0.0196698
      endloop
   endfacet
   facet normal -2.86817e-17 -0.468408 0.883512
      outer loop
         vertex -0.1115 0.00128812 -0.0194497
         vertex -0.1115 0.00101788 -0.0195747
         vertex -0.0938 0.00101788 -0.0195747
      endloop
   endfacet
   facet normal -3.43628e-17 -0.561187 0.827689
      outer loop
         vertex -0.1115 0.00154326 -0.0192961
         vertex -0.1115 0.00128812 -0.0194497
         vertex -0.0938 0.00128812 -0.0194497
      endloop
   endfacet
   facet normal -3.9641e-17 -0.647386 0.762162
      outer loop
         vertex -0.1115 0.00178031 -0.0191159
         vertex -0.1115 0.00154326 -0.0192961
         vertex -0.0938 0.00154326 -0.0192961
      endloop
   endfacet
   facet normal -4.44544e-17 -0.725995 0.687699
      outer loop
         vertex -0.1115 0.00199649 -0.0189112
         vertex -0.1115 0.00178031 -0.0191159
         vertex -0.0938 0.00178031 -0.0191159
      endloop
   endfacet
   facet normal -4.87466e-17 -0.796093 0.605174
      outer loop
         vertex -0.1115 0.00218926 -0.0186842
         vertex -0.1115 0.00199649 -0.0189112
         vertex -0.0938 0.00199649 -0.0189112
      endloop
   endfacet
   facet normal -5.24674e-17 -0.856857 0.515554
      outer loop
         vertex -0.1115 0.00235636 -0.0184378
         vertex -0.1115 0.00218926 -0.0186842
         vertex -0.0938 0.00218926 -0.0186842
      endloop
   endfacet
   facet normal -5.5573e-17 -0.907575 0.419889
      outer loop
         vertex -0.1115 0.00249583 -0.0181747
         vertex -0.1115 0.00235636 -0.0184378
         vertex -0.0938 0.00235636 -0.0184378
      endloop
   endfacet
   facet normal -5.8027e-17 -0.947653 0.319302
      outer loop
         vertex -0.1115 0.00260605 -0.0178981
         vertex -0.1115 0.00249583 -0.0181747
         vertex -0.0938 0.00249583 -0.0181747
      endloop
   endfacet
   facet normal -5.98008e-17 -0.976621 0.21497
      outer loop
         vertex -0.1115 0.00268571 -0.0176112
         vertex -0.1115 0.00260605 -0.0178981
         vertex -0.0938 0.00260605 -0.0178981
      endloop
   endfacet
   facet normal -6.08734e-17 -0.994138 0.108119
      outer loop
         vertex -0.1115 0.00273388 -0.0173173
         vertex -0.1115 0.00268571 -0.0176112
         vertex -0.0938 0.00268571 -0.0176112
      endloop
   endfacet
   facet normal -6.12323e-17 -1 2.44929e-16
      outer loop
         vertex -0.1115 0.00275 -0.01702
         vertex -0.1115 0.00273388 -0.0173173
         vertex -0.0938 0.00273388 -0.0173173
      endloop
   endfacet
   facet normal -0.707107 0 -0.707107
      outer loop
         vertex -0.1115 -0.005 -0.01802
         vertex -0.1115 -0.00478344 -0.0180259
         vertex -0.1105 -0.00483758 -0.0190244
      endloop
   endfacet
   facet normal -0.707107 -0.038282 -0.70607
      outer loop
         vertex -0.1115 -0.00478344 -0.0180259
         vertex -0.1115 -0.00435287 -0.0180727
         vertex -0.1105 -0.00451465 -0.0190595
      endloop
   endfacet
   facet normal -0.707107 -0.114397 -0.697792
      outer loop
         vertex -0.1115 -0.00435287 -0.0180727
         vertex -0.1115 -0.00392989 -0.0181658
         vertex -0.1105 -0.00419741 -0.0191294
      endloop
   endfacet
   facet normal -0.707107 -0.189171 -0.681333
      outer loop
         vertex -0.1115 -0.00392989 -0.0181658
         vertex -0.1115 -0.00351945 -0.0183041
         vertex -0.1105 -0.00388959 -0.0192331
      endloop
   endfacet
   facet normal -0.707107 -0.261727 -0.656886
      outer loop
         vertex -0.1115 -0.00351945 -0.0183041
         vertex -0.1115 -0.00312637 -0.018486
         vertex -0.1105 -0.00359477 -0.0193695
      endloop
   endfacet
   facet normal -0.707107 -0.331215 -0.624737
      outer loop
         vertex -0.1115 -0.00312637 -0.018486
         vertex -0.1115 -0.00275525 -0.0187092
         vertex -0.1105 -0.00331644 -0.0195369
      endloop
   endfacet
   facet normal -0.707107 -0.396819 -0.585265
      outer loop
         vertex -0.1115 -0.00275525 -0.0187092
         vertex -0.1115 -0.00241045 -0.0189714
         vertex -0.1105 -0.00305784 -0.0197335
      endloop
   endfacet
   facet normal -0.707107 -0.457771 -0.53893
      outer loop
         vertex -0.1115 -0.00241045 -0.0189714
         vertex -0.1115 -0.00209602 -0.0192692
         vertex -0.1105 -0.00282201 -0.0199569
      endloop
   endfacet
   facet normal -0.707107 -0.513356 -0.486277
      outer loop
         vertex -0.1115 -0.00209602 -0.0192692
         vertex -0.1115 -0.00181563 -0.0195993
         vertex -0.1105 -0.00261172 -0.0202045
      endloop
   endfacet
   facet normal -0.707107 -0.562923 -0.427923
      outer loop
         vertex -0.1115 -0.00181563 -0.0195993
         vertex -0.1115 -0.00157257 -0.0199578
         vertex -0.1105 -0.00242943 -0.0204733
      endloop
   endfacet
   facet normal -0.707107 -0.60589 -0.364552
      outer loop
         vertex -0.1115 -0.00157257 -0.0199578
         vertex -0.1115 -0.0013697 -0.0203404
         vertex -0.1105 -0.00227727 -0.0207603
      endloop
   endfacet
   facet normal -0.707107 -0.641753 -0.296906
      outer loop
         vertex -0.1115 -0.0013697 -0.0203404
         vertex -0.1115 -0.00120939 -0.0207428
         vertex -0.1105 -0.00215704 -0.0210621
      endloop
   endfacet
   facet normal -0.707107 -0.670092 -0.22578
      outer loop
         vertex -0.1115 -0.00120939 -0.0207428
         vertex -0.1115 -0.00109352 -0.0211601
         vertex -0.1105 -0.00207014 -0.0213751
      endloop
   endfacet
   facet normal -0.707107 -0.690575 -0.152007
      outer loop
         vertex -0.1115 -0.00109352 -0.0211601
         vertex -0.1115 -0.00102345 -0.0215875
         vertex -0.1105 -0.00201759 -0.0216956
      endloop
   endfacet
   facet normal -0.707107 -0.702962 -0.0764517
      outer loop
         vertex -0.1115 -0.00102345 -0.0215875
         vertex -0.1115 -0.001 -0.02202
         vertex -0.1105 -0.002 -0.02202
      endloop
   endfacet
   facet normal -0.707107 -0.707107 -4.32978e-17
      outer loop
         vertex -0.1115 -0.001 -0.02202
         vertex -0.1115 -0.00102345 -0.0224525
         vertex -0.1105 -0.00201759 -0.0223444
      endloop
   endfacet
   facet normal -0.707107 -0.702962 0.0764517
      outer loop
         vertex -0.1115 -0.00102345 -0.0224525
         vertex -0.1115 -0.00109352 -0.0228799
         vertex -0.1105 -0.00207014 -0.0226649
      endloop
   endfacet
   facet normal -0.707107 -0.690575 0.152007
      outer loop
         vertex -0.1115 -0.00109352 -0.0228799
         vertex -0.1115 -0.00120939 -0.0232972
         vertex -0.1105 -0.00215704 -0.0229779
      endloop
   endfacet
   facet normal -0.707107 -0.670092 0.22578
      outer loop
         vertex -0.1115 -0.00120939 -0.0232972
         vertex -0.1115 -0.0013697 -0.0236996
         vertex -0.1105 -0.00227727 -0.0232797
      endloop
   endfacet
   facet normal -0.707107 -0.641753 0.296906
      outer loop
         vertex -0.1115 -0.0013697 -0.0236996
         vertex -0.1115 -0.00157257 -0.0240822
         vertex -0.1105 -0.00242943 -0.0235667
      endloop
   endfacet
   facet normal -0.707107 -0.60589 0.364552
      outer loop
         vertex -0.1115 -0.00157257 -0.0240822
         vertex -0.1115 -0.00181563 -0.0244407
         vertex -0.1105 -0.00261172 -0.0238355
      endloop
   endfacet
   facet normal -0.707107 -0.562923 0.427923
      outer loop
         vertex -0.1115 -0.00181563 -0.0244407
         vertex -0.1115 -0.00209602 -0.0247708
         vertex -0.1105 -0.00282201 -0.0240831
      endloop
   endfacet
   facet normal -0.707107 -0.513356 0.486277
      outer loop
         vertex -0.1115 -0.00209602 -0.0247708
         vertex -0.1115 -0.00241045 -0.0250686
         vertex -0.1105 -0.00305784 -0.0243065
      endloop
   endfacet
   facet normal -0.707107 -0.457771 0.53893
      outer loop
         vertex -0.1115 -0.00241045 -0.0250686
         vertex -0.1115 -0.00275525 -0.0253308
         vertex -0.1105 -0.00331644 -0.0245031
      endloop
   endfacet
   facet normal -0.707107 -0.396819 0.585265
      outer loop
         vertex -0.1115 -0.00275525 -0.0253308
         vertex -0.1115 -0.00312637 -0.025554
         vertex -0.1105 -0.00359477 -0.0246705
      endloop
   endfacet
   facet normal -0.707107 -0.331215 0.624737
      outer loop
         vertex -0.1115 -0.00312637 -0.025554
         vertex -0.1115 -0.00351945 -0.0257359
         vertex -0.1105 -0.00388959 -0.0248069
      endloop
   endfacet
   facet normal -0.707107 -0.261727 0.656886
      outer loop
         vertex -0.1115 -0.00351945 -0.0257359
         vertex -0.1115 -0.00392989 -0.0258742
         vertex -0.1105 -0.00419741 -0.0249106
      endloop
   endfacet
   facet normal -0.707107 -0.189171 0.681333
      outer loop
         vertex -0.1115 -0.00392989 -0.0258742
         vertex -0.1115 -0.00435287 -0.0259673
         vertex -0.1105 -0.00451465 -0.0249805
      endloop
   endfacet
   facet normal -0.707107 -0.114397 0.697792
      outer loop
         vertex -0.1115 -0.00435287 -0.0259673
         vertex -0.1115 -0.00478344 -0.0260141
         vertex -0.1105 -0.00483758 -0.0250156
      endloop
   endfacet
   facet normal -0.707107 -0.038282 0.70607
      outer loop
         vertex -0.1115 -0.00478344 -0.0260141
         vertex -0.1115 -0.00521656 -0.0260141
         vertex -0.1105 -0.00516242 -0.0250156
      endloop
   endfacet
   facet normal -0.707107 0.038282 0.70607
      outer loop
         vertex -0.1115 -0.00521656 -0.0260141
         vertex -0.1115 -0.00564713 -0.0259673
         vertex -0.1105 -0.00548535 -0.0249805
      endloop
   endfacet
   facet normal -0.707107 0.114397 0.697792
      outer loop
         vertex -0.1115 -0.00564713 -0.0259673
         vertex -0.1115 -0.00607011 -0.0258742
         vertex -0.1105 -0.00580259 -0.0249106
      endloop
   endfacet
   facet normal -0.707107 0.189171 0.681333
      outer loop
         vertex -0.1115 -0.00607011 -0.0258742
         vertex -0.1115 -0.00648055 -0.0257359
         vertex -0.1105 -0.00611041 -0.0248069
      endloop
   endfacet
   facet normal -0.707107 0.261727 0.656886
      outer loop
         vertex -0.1115 -0.00648055 -0.0257359
         vertex -0.1115 -0.00687363 -0.025554
         vertex -0.1105 -0.00640523 -0.0246705
      endloop
   endfacet
   facet normal -0.707107 0.331215 0.624737
      outer loop
         vertex -0.1115 -0.00687363 -0.025554
         vertex -0.1115 -0.00724475 -0.0253308
         vertex -0.1105 -0.00668356 -0.0245031
      endloop
   endfacet
   facet normal -0.707107 0.562923 0.427923
      outer loop
         vertex -0.1115 -0.00818437 -0.0244407
         vertex -0.1115 -0.00842743 -0.0240822
         vertex -0.1105 -0.00757057 -0.0235667
      endloop
   endfacet
   facet normal -0.707107 0.60589 0.364552
      outer loop
         vertex -0.1115 -0.00842743 -0.0240822
         vertex -0.1115 -0.0086303 -0.0236996
         vertex -0.1105 -0.00772273 -0.0232797
      endloop
   endfacet
   facet normal -0.707107 0.641753 0.296906
      outer loop
         vertex -0.1115 -0.0086303 -0.0236996
         vertex -0.1115 -0.00879061 -0.0232972
         vertex -0.1105 -0.00784296 -0.0229779
      endloop
   endfacet
   facet normal -0.707107 0.670092 0.22578
      outer loop
         vertex -0.1115 -0.00879061 -0.0232972
         vertex -0.1115 -0.00890648 -0.0228799
         vertex -0.1105 -0.00792986 -0.0226649
      endloop
   endfacet
   facet normal -0.707107 0.690575 0.152007
      outer loop
         vertex -0.1115 -0.00890648 -0.0228799
         vertex -0.1115 -0.00897655 -0.0224525
         vertex -0.1105 -0.00798241 -0.0223444
      endloop
   endfacet
   facet normal -0.707107 0.702962 0.0764517
      outer loop
         vertex -0.1115 -0.00897655 -0.0224525
         vertex -0.1115 -0.009 -0.02202
         vertex -0.1105 -0.008 -0.02202
      endloop
   endfacet
   facet normal -0.707107 0.707107 1.29893e-16
      outer loop
         vertex -0.1115 -0.009 -0.02202
         vertex -0.1115 -0.00897655 -0.0215875
         vertex -0.1105 -0.00798241 -0.0216956
      endloop
   endfacet
   facet normal -0.707107 0.702962 -0.0764517
      outer loop
         vertex -0.1115 -0.00897655 -0.0215875
         vertex -0.1115 -0.00890648 -0.0211601
         vertex -0.1105 -0.00792986 -0.0213751
      endloop
   endfacet
   facet normal -0.707107 0.690575 -0.152007
      outer loop
         vertex -0.1115 -0.00890648 -0.0211601
         vertex -0.1115 -0.00879061 -0.0207428
         vertex -0.1105 -0.00784296 -0.0210621
      endloop
   endfacet
   facet normal -0.707107 0.670092 -0.22578
      outer loop
         vertex -0.1115 -0.00879061 -0.0207428
         vertex -0.1115 -0.0086303 -0.0203404
         vertex -0.1105 -0.00772273 -0.0207603
      endloop
   endfacet
   facet normal -0.707107 0.641753 -0.296906
      outer loop
         vertex -0.1115 -0.0086303 -0.0203404
         vertex -0.1115 -0.00842743 -0.0199578
         vertex -0.1105 -0.00757057 -0.0204733
      endloop
   endfacet
   facet normal -0.707107 0.60589 -0.364552
      outer loop
         vertex -0.1115 -0.00842743 -0.0199578
         vertex -0.1115 -0.00818437 -0.0195993
         vertex -0.1105 -0.00738828 -0.0202045
      endloop
   endfacet
   facet normal -0.707107 0.562923 -0.427923
      outer loop
         vertex -0.1115 -0.00818437 -0.0195993
         vertex -0.1115 -0.00790398 -0.0192692
         vertex -0.1105 -0.00717799 -0.0199569
      endloop
   endfacet
   facet normal -0.707107 0.513356 -0.486277
      outer loop
         vertex -0.1115 -0.00790398 -0.0192692
         vertex -0.1115 -0.00758955 -0.0189714
         vertex -0.1105 -0.00694216 -0.0197335
      endloop
   endfacet
   facet normal -0.707107 0.457771 -0.53893
      outer loop
         vertex -0.1115 -0.00758955 -0.0189714
         vertex -0.1115 -0.00724475 -0.0187092
         vertex -0.1105 -0.00668356 -0.0195369
      endloop
   endfacet
   facet normal -0.707107 0.396819 -0.585265
      outer loop
         vertex -0.1115 -0.00724475 -0.0187092
         vertex -0.1115 -0.00687363 -0.018486
         vertex -0.1105 -0.00640523 -0.0193695
      endloop
   endfacet
   facet normal -0.707107 0.331215 -0.624737
      outer loop
         vertex -0.1115 -0.00687363 -0.018486
         vertex -0.1115 -0.00648055 -0.0183041
         vertex -0.1105 -0.00611041 -0.0192331
      endloop
   endfacet
   facet normal -0.707107 0.261727 -0.656886
      outer loop
         vertex -0.1115 -0.00648055 -0.0183041
         vertex -0.1115 -0.00607011 -0.0181658
         vertex -0.1105 -0.00580259 -0.0191294
      endloop
   endfacet
   facet normal -0.707107 0.189171 -0.681333
      outer loop
         vertex -0.1115 -0.00607011 -0.0181658
         vertex -0.1115 -0.00564713 -0.0180727
         vertex -0.1105 -0.00548535 -0.0190595
      endloop
   endfacet
   facet normal -0.707107 0.114397 -0.697792
      outer loop
         vertex -0.1115 -0.00564713 -0.0180727
         vertex -0.1115 -0.00521656 -0.0180259
         vertex -0.1105 -0.00516242 -0.0190244
      endloop
   endfacet
   facet normal -0.707107 0.038282 -0.70607
      outer loop
         vertex -0.1115 -0.00521656 -0.0180259
         vertex -0.1115 -0.005 -0.01802
         vertex -0.1105 -0.005 -0.01902
      endloop
   endfacet
   facet normal -0.707107 0.396819 0.585265
      outer loop
         vertex -0.1105 -0.00668356 -0.0245031
         vertex -0.1115 -0.00744281 -0.0251874
         vertex -0.111487 -0.00758135 -0.025059
      endloop
   endfacet
   facet normal -0.707107 0.396819 0.585265
      outer loop
         vertex -0.1105 -0.00668356 -0.0245031
         vertex -0.1115 -0.00724475 -0.0253308
         vertex -0.1115 -0.00744281 -0.0251874
      endloop
   endfacet
   facet normal -0.707107 0.457771 0.53893
      outer loop
         vertex -0.111487 -0.00758135 -0.025059
         vertex -0.11148 -0.00788936 -0.024757
         vertex -0.1105 -0.00717799 -0.0240831
      endloop
   endfacet
   facet normal -0.707107 0.562923 0.427923
      outer loop
         vertex -0.1105 -0.00738828 -0.0238355
         vertex -0.111489 -0.00802091 -0.0246178
         vertex -0.1115 -0.00816744 -0.0244628
      endloop
   endfacet
   facet normal -0.707107 0.513356 0.486277
      outer loop
         vertex -0.1105 -0.00717799 -0.0240831
         vertex -0.11148 -0.00788936 -0.024757
         vertex -0.111489 -0.00802091 -0.0246178
      endloop
   endfacet
   facet normal -0.707107 0.536133 0.461044
      outer loop
         vertex -0.111489 -0.00802091 -0.0246178
         vertex -0.1105 -0.00738828 -0.0238355
         vertex -0.1105 -0.00717799 -0.0240831
      endloop
   endfacet
   facet normal -0.707107 0.55993 0.431831
      outer loop
         vertex -0.1115 -0.00816744 -0.0244628
         vertex -0.1115 -0.00818437 -0.0244407
         vertex -0.1105 -0.00738828 -0.0238355
      endloop
   endfacet
   facet normal -0.707107 0.513356 0.486277
      outer loop
         vertex -0.1105 -0.00717799 -0.0240831
         vertex -0.1105 -0.00694216 -0.0243065
         vertex -0.111487 -0.00758135 -0.025059
      endloop
   endfacet
   facet normal -0.707107 0.457771 0.53893
      outer loop
         vertex -0.111487 -0.00758135 -0.025059
         vertex -0.1105 -0.00694216 -0.0243065
         vertex -0.1105 -0.00668356 -0.0245031
      endloop
   endfacet
   facet normal -0.707107 0 -0.707107
      outer loop
         vertex -0.1105 -0.005 -0.01902
         vertex -0.1105 -0.00516242 -0.0190244
         vertex -0.1115 -0.00521656 -0.0180259
      endloop
   endfacet
   facet normal -0.707107 0.038282 -0.70607
      outer loop
         vertex -0.1105 -0.00516242 -0.0190244
         vertex -0.1105 -0.00548535 -0.0190595
         vertex -0.1115 -0.00564713 -0.0180727
      endloop
   endfacet
   facet normal -0.707107 0.114397 -0.697792
      outer loop
         vertex -0.1105 -0.00548535 -0.0190595
         vertex -0.1105 -0.00580259 -0.0191294
         vertex -0.1115 -0.00607011 -0.0181658
      endloop
   endfacet
   facet normal -0.707107 0.189171 -0.681333
      outer loop
         vertex -0.1105 -0.00580259 -0.0191294
         vertex -0.1105 -0.00611041 -0.0192331
         vertex -0.1115 -0.00648055 -0.0183041
      endloop
   endfacet
   facet normal -0.707107 0.261727 -0.656886
      outer loop
         vertex -0.1105 -0.00611041 -0.0192331
         vertex -0.1105 -0.00640523 -0.0193695
         vertex -0.1115 -0.00687363 -0.018486
      endloop
   endfacet
   facet normal -0.707107 0.331215 -0.624737
      outer loop
         vertex -0.1105 -0.00640523 -0.0193695
         vertex -0.1105 -0.00668356 -0.0195369
         vertex -0.1115 -0.00724475 -0.0187092
      endloop
   endfacet
   facet normal -0.707107 0.396819 -0.585265
      outer loop
         vertex -0.1105 -0.00668356 -0.0195369
         vertex -0.1105 -0.00694216 -0.0197335
         vertex -0.1115 -0.00758955 -0.0189714
      endloop
   endfacet
   facet normal -0.707107 0.457771 -0.53893
      outer loop
         vertex -0.1105 -0.00694216 -0.0197335
         vertex -0.1105 -0.00717799 -0.0199569
         vertex -0.1115 -0.00790398 -0.0192692
      endloop
   endfacet
   facet normal -0.707107 0.513356 -0.486277
      outer loop
         vertex -0.1105 -0.00717799 -0.0199569
         vertex -0.1105 -0.00738828 -0.0202045
         vertex -0.1115 -0.00818437 -0.0195993
      endloop
   endfacet
   facet normal -0.707107 0.562923 -0.427923
      outer loop
         vertex -0.1105 -0.00738828 -0.0202045
         vertex -0.1105 -0.00757057 -0.0204733
         vertex -0.1115 -0.00842743 -0.0199578
      endloop
   endfacet
   facet normal -0.707107 0.60589 -0.364552
      outer loop
         vertex -0.1105 -0.00757057 -0.0204733
         vertex -0.1105 -0.00772273 -0.0207603
         vertex -0.1115 -0.0086303 -0.0203404
      endloop
   endfacet
   facet normal -0.707107 0.641753 -0.296906
      outer loop
         vertex -0.1105 -0.00772273 -0.0207603
         vertex -0.1105 -0.00784296 -0.0210621
         vertex -0.1115 -0.00879061 -0.0207428
      endloop
   endfacet
   facet normal -0.707107 0.670092 -0.22578
      outer loop
         vertex -0.1105 -0.00784296 -0.0210621
         vertex -0.1105 -0.00792986 -0.0213751
         vertex -0.1115 -0.00890648 -0.0211601
      endloop
   endfacet
   facet normal -0.707107 0.690575 -0.152007
      outer loop
         vertex -0.1105 -0.00792986 -0.0213751
         vertex -0.1105 -0.00798241 -0.0216956
         vertex -0.1115 -0.00897655 -0.0215875
      endloop
   endfacet
   facet normal -0.707107 0.702962 -0.0764517
      outer loop
         vertex -0.1105 -0.00798241 -0.0216956
         vertex -0.1105 -0.008 -0.02202
         vertex -0.1115 -0.009 -0.02202
      endloop
   endfacet
   facet normal -0.707107 0.707107 1.29893e-16
      outer loop
         vertex -0.1105 -0.008 -0.02202
         vertex -0.1105 -0.00798241 -0.0223444
         vertex -0.1115 -0.00897655 -0.0224525
      endloop
   endfacet
   facet normal -0.707107 0.702962 0.0764517
      outer loop
         vertex -0.1105 -0.00798241 -0.0223444
         vertex -0.1105 -0.00792986 -0.0226649
         vertex -0.1115 -0.00890648 -0.0228799
      endloop
   endfacet
   facet normal -0.707107 0.690575 0.152007
      outer loop
         vertex -0.1105 -0.00792986 -0.0226649
         vertex -0.1105 -0.00784296 -0.0229779
         vertex -0.1115 -0.00879061 -0.0232972
      endloop
   endfacet
   facet normal -0.707107 0.670092 0.22578
      outer loop
         vertex -0.1105 -0.00784296 -0.0229779
         vertex -0.1105 -0.00772273 -0.0232797
         vertex -0.1115 -0.0086303 -0.0236996
      endloop
   endfacet
   facet normal -0.707107 0.641753 0.296906
      outer loop
         vertex -0.1105 -0.00772273 -0.0232797
         vertex -0.1105 -0.00757057 -0.0235667
         vertex -0.1115 -0.00842743 -0.0240822
      endloop
   endfacet
   facet normal -0.707107 0.60589 0.364552
      outer loop
         vertex -0.1105 -0.00757057 -0.0235667
         vertex -0.1105 -0.00738828 -0.0238355
         vertex -0.1115 -0.00818437 -0.0244407
      endloop
   endfacet
   facet normal -0.707107 0.396819 0.585265
      outer loop
         vertex -0.1105 -0.00668356 -0.0245031
         vertex -0.1105 -0.00640523 -0.0246705
         vertex -0.1115 -0.00687363 -0.025554
      endloop
   endfacet
   facet normal -0.707107 0.331215 0.624737
      outer loop
         vertex -0.1105 -0.00640523 -0.0246705
         vertex -0.1105 -0.00611041 -0.0248069
         vertex -0.1115 -0.00648055 -0.0257359
      endloop
   endfacet
   facet normal -0.707107 0.261727 0.656886
      outer loop
         vertex -0.1105 -0.00611041 -0.0248069
         vertex -0.1105 -0.00580259 -0.0249106
         vertex -0.1115 -0.00607011 -0.0258742
      endloop
   endfacet
   facet normal -0.707107 0.189171 0.681333
      outer loop
         vertex -0.1105 -0.00580259 -0.0249106
         vertex -0.1105 -0.00548535 -0.0249805
         vertex -0.1115 -0.00564713 -0.0259673
      endloop
   endfacet
   facet normal -0.707107 0.114397 0.697792
      outer loop
         vertex -0.1105 -0.00548535 -0.0249805
         vertex -0.1105 -0.00516242 -0.0250156
         vertex -0.1115 -0.00521656 -0.0260141
      endloop
   endfacet
   facet normal -0.707107 0.038282 0.70607
      outer loop
         vertex -0.1105 -0.00516242 -0.0250156
         vertex -0.1105 -0.00483758 -0.0250156
         vertex -0.1115 -0.00478344 -0.0260141
      endloop
   endfacet
   facet normal -0.707107 -0.038282 0.70607
      outer loop
         vertex -0.1105 -0.00483758 -0.0250156
         vertex -0.1105 -0.00451465 -0.0249805
         vertex -0.1115 -0.00435287 -0.0259673
      endloop
   endfacet
   facet normal -0.707107 -0.114397 0.697792
      outer loop
         vertex -0.1105 -0.00451465 -0.0249805
         vertex -0.1105 -0.00419741 -0.0249106
         vertex -0.1115 -0.00392989 -0.0258742
      endloop
   endfacet
   facet normal -0.707107 -0.189171 0.681333
      outer loop
         vertex -0.1105 -0.00419741 -0.0249106
         vertex -0.1105 -0.00388959 -0.0248069
         vertex -0.1115 -0.00351945 -0.0257359
      endloop
   endfacet
   facet normal -0.707107 -0.261727 0.656886
      outer loop
         vertex -0.1105 -0.00388959 -0.0248069
         vertex -0.1105 -0.00359477 -0.0246705
         vertex -0.1115 -0.00312637 -0.025554
      endloop
   endfacet
   facet normal -0.707107 -0.331215 0.624737
      outer loop
         vertex -0.1105 -0.00359477 -0.0246705
         vertex -0.1105 -0.00331644 -0.0245031
         vertex -0.1115 -0.00275525 -0.0253308
      endloop
   endfacet
   facet normal -0.707107 -0.396819 0.585265
      outer loop
         vertex -0.1105 -0.00331644 -0.0245031
         vertex -0.1105 -0.00305784 -0.0243065
         vertex -0.1115 -0.00241045 -0.0250686
      endloop
   endfacet
   facet normal -0.707107 -0.457771 0.53893
      outer loop
         vertex -0.1105 -0.00305784 -0.0243065
         vertex -0.1105 -0.00282201 -0.0240831
         vertex -0.1115 -0.00209602 -0.0247708
      endloop
   endfacet
   facet normal -0.707107 -0.513356 0.486277
      outer loop
         vertex -0.1105 -0.00282201 -0.0240831
         vertex -0.1105 -0.00261172 -0.0238355
         vertex -0.1115 -0.00181563 -0.0244407
      endloop
   endfacet
   facet normal -0.707107 -0.562923 0.427923
      outer loop
         vertex -0.1105 -0.00261172 -0.0238355
         vertex -0.1105 -0.00242943 -0.0235667
         vertex -0.1115 -0.00157257 -0.0240822
      endloop
   endfacet
   facet normal -0.707107 -0.60589 0.364552
      outer loop
         vertex -0.1105 -0.00242943 -0.0235667
         vertex -0.1105 -0.00227727 -0.0232797
         vertex -0.1115 -0.0013697 -0.0236996
      endloop
   endfacet
   facet normal -0.707107 -0.641753 0.296906
      outer loop
         vertex -0.1105 -0.00227727 -0.0232797
         vertex -0.1105 -0.00215704 -0.0229779
         vertex -0.1115 -0.00120939 -0.0232972
      endloop
   endfacet
   facet normal -0.707107 -0.670092 0.22578
      outer loop
         vertex -0.1105 -0.00215704 -0.0229779
         vertex -0.1105 -0.00207014 -0.0226649
         vertex -0.1115 -0.00109352 -0.0228799
      endloop
   endfacet
   facet normal -0.707107 -0.690575 0.152007
      outer loop
         vertex -0.1105 -0.00207014 -0.0226649
         vertex -0.1105 -0.00201759 -0.0223444
         vertex -0.1115 -0.00102345 -0.0224525
      endloop
   endfacet
   facet normal -0.707107 -0.702962 0.0764517
      outer loop
         vertex -0.1105 -0.00201759 -0.0223444
         vertex -0.1105 -0.002 -0.02202
         vertex -0.1115 -0.001 -0.02202
      endloop
   endfacet
   facet normal -0.707107 -0.707107 -4.32978e-17
      outer loop
         vertex -0.1105 -0.002 -0.02202
         vertex -0.1105 -0.00201759 -0.0216956
         vertex -0.1115 -0.00102345 -0.0215875
      endloop
   endfacet
   facet normal -0.707107 -0.702962 -0.0764517
      outer loop
         vertex -0.1105 -0.00201759 -0.0216956
         vertex -0.1105 -0.00207014 -0.0213751
         vertex -0.1115 -0.00109352 -0.0211601
      endloop
   endfacet
   facet normal -0.707107 -0.690575 -0.152007
      outer loop
         vertex -0.1105 -0.00207014 -0.0213751
         vertex -0.1105 -0.00215704 -0.0210621
         vertex -0.1115 -0.00120939 -0.0207428
      endloop
   endfacet
   facet normal -0.707107 -0.670092 -0.22578
      outer loop
         vertex -0.1105 -0.00215704 -0.0210621
         vertex -0.1105 -0.00227727 -0.0207603
         vertex -0.1115 -0.0013697 -0.0203404
      endloop
   endfacet
   facet normal -0.707107 -0.641753 -0.296906
      outer loop
         vertex -0.1105 -0.00227727 -0.0207603
         vertex -0.1105 -0.00242943 -0.0204733
         vertex -0.1115 -0.00157257 -0.0199578
      endloop
   endfacet
   facet normal -0.707107 -0.60589 -0.364552
      outer loop
         vertex -0.1105 -0.00242943 -0.0204733
         vertex -0.1105 -0.00261172 -0.0202045
         vertex -0.1115 -0.00181563 -0.0195993
      endloop
   endfacet
   facet normal -0.707107 -0.562923 -0.427923
      outer loop
         vertex -0.1105 -0.00261172 -0.0202045
         vertex -0.1105 -0.00282201 -0.0199569
         vertex -0.1115 -0.00209602 -0.0192692
      endloop
   endfacet
   facet normal -0.707107 -0.513356 -0.486277
      outer loop
         vertex -0.1105 -0.00282201 -0.0199569
         vertex -0.1105 -0.00305784 -0.0197335
         vertex -0.1115 -0.00241045 -0.0189714
      endloop
   endfacet
   facet normal -0.707107 -0.457771 -0.53893
      outer loop
         vertex -0.1105 -0.00305784 -0.0197335
         vertex -0.1105 -0.00331644 -0.0195369
         vertex -0.1115 -0.00275525 -0.0187092
      endloop
   endfacet
   facet normal -0.707107 -0.396819 -0.585265
      outer loop
         vertex -0.1105 -0.00331644 -0.0195369
         vertex -0.1105 -0.00359477 -0.0193695
         vertex -0.1115 -0.00312637 -0.018486
      endloop
   endfacet
   facet normal -0.707107 -0.331215 -0.624737
      outer loop
         vertex -0.1105 -0.00359477 -0.0193695
         vertex -0.1105 -0.00388959 -0.0192331
         vertex -0.1115 -0.00351945 -0.0183041
      endloop
   endfacet
   facet normal -0.707107 -0.261727 -0.656886
      outer loop
         vertex -0.1105 -0.00388959 -0.0192331
         vertex -0.1105 -0.00419741 -0.0191294
         vertex -0.1115 -0.00392989 -0.0181658
      endloop
   endfacet
   facet normal -0.707107 -0.189171 -0.681333
      outer loop
         vertex -0.1105 -0.00419741 -0.0191294
         vertex -0.1105 -0.00451465 -0.0190595
         vertex -0.1115 -0.00435287 -0.0180727
      endloop
   endfacet
   facet normal -0.707107 -0.114397 -0.697792
      outer loop
         vertex -0.1105 -0.00451465 -0.0190595
         vertex -0.1105 -0.00483758 -0.0190244
         vertex -0.1115 -0.00478344 -0.0180259
      endloop
   endfacet
   facet normal -0.707107 -0.038282 -0.70607
      outer loop
         vertex -0.1105 -0.00483758 -0.0190244
         vertex -0.1105 -0.005 -0.01902
         vertex -0.1115 -0.005 -0.01802
      endloop
   endfacet
   facet normal -0.707107 0 -0.707107
      outer loop
         vertex -0.1115 -0.005 -0.00802
         vertex -0.1115 -0.00478344 -0.00802587
         vertex -0.1105 -0.00483758 -0.0090244
      endloop
   endfacet
   facet normal -0.707107 -0.038282 -0.70607
      outer loop
         vertex -0.1115 -0.00478344 -0.00802587
         vertex -0.1115 -0.00435287 -0.00807269
         vertex -0.1105 -0.00451465 -0.00905952
      endloop
   endfacet
   facet normal -0.707107 -0.114397 -0.697792
      outer loop
         vertex -0.1115 -0.00435287 -0.00807269
         vertex -0.1115 -0.00392989 -0.0081658
         vertex -0.1105 -0.00419741 -0.00912935
      endloop
   endfacet
   facet normal -0.707107 -0.189171 -0.681333
      outer loop
         vertex -0.1115 -0.00392989 -0.0081658
         vertex -0.1115 -0.00351945 -0.00830409
         vertex -0.1105 -0.00388959 -0.00923307
      endloop
   endfacet
   facet normal -0.707107 -0.261727 -0.656886
      outer loop
         vertex -0.1115 -0.00351945 -0.00830409
         vertex -0.1115 -0.00312637 -0.00848595
         vertex -0.1105 -0.00359477 -0.00936946
      endloop
   endfacet
   facet normal -0.707107 -0.331215 -0.624737
      outer loop
         vertex -0.1115 -0.00312637 -0.00848595
         vertex -0.1115 -0.00275525 -0.00870924
         vertex -0.1105 -0.00331644 -0.00953693
      endloop
   endfacet
   facet normal -0.707107 -0.396819 -0.585265
      outer loop
         vertex -0.1115 -0.00275525 -0.00870924
         vertex -0.1115 -0.00241045 -0.00897135
         vertex -0.1105 -0.00305784 -0.00973351
      endloop
   endfacet
   facet normal -0.707107 -0.457771 -0.53893
      outer loop
         vertex -0.1115 -0.00241045 -0.00897135
         vertex -0.1115 -0.00209602 -0.0092692
         vertex -0.1105 -0.00282201 -0.0099569
      endloop
   endfacet
   facet normal -0.707107 -0.513356 -0.486277
      outer loop
         vertex -0.1115 -0.00209602 -0.0092692
         vertex -0.1115 -0.00181563 -0.0095993
         vertex -0.1105 -0.00261172 -0.0102045
      endloop
   endfacet
   facet normal -0.707107 -0.562923 -0.427923
      outer loop
         vertex -0.1115 -0.00181563 -0.0095993
         vertex -0.1115 -0.00157257 -0.00995778
         vertex -0.1105 -0.00242943 -0.0104733
      endloop
   endfacet
   facet normal -0.707107 -0.60589 -0.364552
      outer loop
         vertex -0.1115 -0.00157257 -0.00995778
         vertex -0.1115 -0.0013697 -0.0103404
         vertex -0.1105 -0.00227727 -0.0107603
      endloop
   endfacet
   facet normal -0.707107 -0.641753 -0.296906
      outer loop
         vertex -0.1115 -0.0013697 -0.0103404
         vertex -0.1115 -0.00120939 -0.0107428
         vertex -0.1105 -0.00215704 -0.0110621
      endloop
   endfacet
   facet normal -0.707107 -0.670092 -0.22578
      outer loop
         vertex -0.1115 -0.00120939 -0.0107428
         vertex -0.1115 -0.00109352 -0.0111601
         vertex -0.1105 -0.00207014 -0.0113751
      endloop
   endfacet
   facet normal -0.707107 -0.690575 -0.152007
      outer loop
         vertex -0.1115 -0.00109352 -0.0111601
         vertex -0.1115 -0.00102345 -0.0115875
         vertex -0.1105 -0.00201759 -0.0116956
      endloop
   endfacet
   facet normal -0.707107 -0.702962 -0.0764517
      outer loop
         vertex -0.1115 -0.00102345 -0.0115875
         vertex -0.1115 -0.001 -0.01202
         vertex -0.1105 -0.002 -0.01202
      endloop
   endfacet
   facet normal -0.707107 -0.707107 -4.32978e-17
      outer loop
         vertex -0.1115 -0.001 -0.01202
         vertex -0.1115 -0.00102345 -0.0124525
         vertex -0.1105 -0.00201759 -0.0123444
      endloop
   endfacet
   facet normal -0.707107 -0.702962 0.0764517
      outer loop
         vertex -0.1115 -0.00102345 -0.0124525
         vertex -0.1115 -0.00109352 -0.0128799
         vertex -0.1105 -0.00207014 -0.0126649
      endloop
   endfacet
   facet normal -0.707107 -0.690575 0.152007
      outer loop
         vertex -0.1115 -0.00109352 -0.0128799
         vertex -0.1115 -0.00120939 -0.0132972
         vertex -0.1105 -0.00215704 -0.0129779
      endloop
   endfacet
   facet normal -0.707107 -0.670092 0.22578
      outer loop
         vertex -0.1115 -0.00120939 -0.0132972
         vertex -0.1115 -0.0013697 -0.0136996
         vertex -0.1105 -0.00227727 -0.0132797
      endloop
   endfacet
   facet normal -0.707107 -0.641753 0.296906
      outer loop
         vertex -0.1115 -0.0013697 -0.0136996
         vertex -0.1115 -0.00157257 -0.0140822
         vertex -0.1105 -0.00242943 -0.0135667
      endloop
   endfacet
   facet normal -0.707107 -0.60589 0.364552
      outer loop
         vertex -0.1115 -0.00157257 -0.0140822
         vertex -0.1115 -0.00181563 -0.0144407
         vertex -0.1105 -0.00261172 -0.0138355
      endloop
   endfacet
   facet normal -0.707107 -0.562923 0.427923
      outer loop
         vertex -0.1115 -0.00181563 -0.0144407
         vertex -0.1115 -0.00209602 -0.0147708
         vertex -0.1105 -0.00282201 -0.0140831
      endloop
   endfacet
   facet normal -0.707107 -0.513356 0.486277
      outer loop
         vertex -0.1115 -0.00209602 -0.0147708
         vertex -0.1115 -0.00241045 -0.0150686
         vertex -0.1105 -0.00305784 -0.0143065
      endloop
   endfacet
   facet normal -0.707107 -0.457771 0.53893
      outer loop
         vertex -0.1115 -0.00241045 -0.0150686
         vertex -0.1115 -0.00275525 -0.0153308
         vertex -0.1105 -0.00331644 -0.0145031
      endloop
   endfacet
   facet normal -0.707107 -0.396819 0.585265
      outer loop
         vertex -0.1115 -0.00275525 -0.0153308
         vertex -0.1115 -0.00312637 -0.015554
         vertex -0.1105 -0.00359477 -0.0146705
      endloop
   endfacet
   facet normal -0.707107 -0.331215 0.624737
      outer loop
         vertex -0.1115 -0.00312637 -0.015554
         vertex -0.1115 -0.00351945 -0.0157359
         vertex -0.1105 -0.00388959 -0.0148069
      endloop
   endfacet
   facet normal -0.707107 -0.261727 0.656886
      outer loop
         vertex -0.1115 -0.00351945 -0.0157359
         vertex -0.1115 -0.00392989 -0.0158742
         vertex -0.1105 -0.00419741 -0.0149106
      endloop
   endfacet
   facet normal -0.707107 -0.189171 0.681333
      outer loop
         vertex -0.1115 -0.00392989 -0.0158742
         vertex -0.1115 -0.00435287 -0.0159673
         vertex -0.1105 -0.00451465 -0.0149805
      endloop
   endfacet
   facet normal -0.707107 -0.114397 0.697792
      outer loop
         vertex -0.1115 -0.00435287 -0.0159673
         vertex -0.1115 -0.00478344 -0.0160141
         vertex -0.1105 -0.00483758 -0.0150156
      endloop
   endfacet
   facet normal -0.707107 -0.038282 0.70607
      outer loop
         vertex -0.1115 -0.00478344 -0.0160141
         vertex -0.1115 -0.00521656 -0.0160141
         vertex -0.1105 -0.00516242 -0.0150156
      endloop
   endfacet
   facet normal -0.707107 0.038282 0.70607
      outer loop
         vertex -0.1115 -0.00521656 -0.0160141
         vertex -0.1115 -0.00564713 -0.0159673
         vertex -0.1105 -0.00548535 -0.0149805
      endloop
   endfacet
   facet normal -0.707107 0.114397 0.697792
      outer loop
         vertex -0.1115 -0.00564713 -0.0159673
         vertex -0.1115 -0.00607011 -0.0158742
         vertex -0.1105 -0.00580259 -0.0149106
      endloop
   endfacet
   facet normal -0.707107 0.189171 0.681333
      outer loop
         vertex -0.1115 -0.00607011 -0.0158742
         vertex -0.1115 -0.00648055 -0.0157359
         vertex -0.1105 -0.00611041 -0.0148069
      endloop
   endfacet
   facet normal -0.707107 0.261727 0.656886
      outer loop
         vertex -0.1115 -0.00648055 -0.0157359
         vertex -0.1115 -0.00687363 -0.015554
         vertex -0.1105 -0.00640523 -0.0146705
      endloop
   endfacet
   facet normal -0.707107 0.331215 0.624737
      outer loop
         vertex -0.1115 -0.00687363 -0.015554
         vertex -0.1115 -0.00724475 -0.0153308
         vertex -0.1105 -0.00668356 -0.0145031
      endloop
   endfacet
   facet normal -0.707107 0.396819 0.585265
      outer loop
         vertex -0.1115 -0.00724475 -0.0153308
         vertex -0.1115 -0.00758955 -0.0150686
         vertex -0.1105 -0.00694216 -0.0143065
      endloop
   endfacet
   facet normal -0.707107 0.457771 0.53893
      outer loop
         vertex -0.1115 -0.00758955 -0.0150686
         vertex -0.1115 -0.00790398 -0.0147708
         vertex -0.1105 -0.00717799 -0.0140831
      endloop
   endfacet
   facet normal -0.707107 0.513356 0.486277
      outer loop
         vertex -0.1115 -0.00790398 -0.0147708
         vertex -0.1115 -0.00818437 -0.0144407
         vertex -0.1105 -0.00738828 -0.0138355
      endloop
   endfacet
   facet normal -0.707107 0.562923 0.427923
      outer loop
         vertex -0.1115 -0.00818437 -0.0144407
         vertex -0.1115 -0.00842743 -0.0140822
         vertex -0.1105 -0.00757057 -0.0135667
      endloop
   endfacet
   facet normal -0.707107 0.60589 0.364552
      outer loop
         vertex -0.1115 -0.00842743 -0.0140822
         vertex -0.1115 -0.0086303 -0.0136996
         vertex -0.1105 -0.00772273 -0.0132797
      endloop
   endfacet
   facet normal -0.707107 0.641753 0.296906
      outer loop
         vertex -0.1115 -0.0086303 -0.0136996
         vertex -0.1115 -0.00879061 -0.0132972
         vertex -0.1105 -0.00784296 -0.0129779
      endloop
   endfacet
   facet normal -0.707107 0.670092 0.22578
      outer loop
         vertex -0.1115 -0.00879061 -0.0132972
         vertex -0.1115 -0.00890648 -0.0128799
         vertex -0.1105 -0.00792986 -0.0126649
      endloop
   endfacet
   facet normal -0.707107 0.690575 0.152007
      outer loop
         vertex -0.1115 -0.00890648 -0.0128799
         vertex -0.1115 -0.00897655 -0.0124525
         vertex -0.1105 -0.00798241 -0.0123444
      endloop
   endfacet
   facet normal -0.707107 0.702962 0.0764517
      outer loop
         vertex -0.1115 -0.00897655 -0.0124525
         vertex -0.1115 -0.009 -0.01202
         vertex -0.1105 -0.008 -0.01202
      endloop
   endfacet
   facet normal -0.707107 0.707107 1.29893e-16
      outer loop
         vertex -0.1115 -0.009 -0.01202
         vertex -0.1115 -0.00897655 -0.0115875
         vertex -0.1105 -0.00798241 -0.0116956
      endloop
   endfacet
   facet normal -0.707107 0.702962 -0.0764517
      outer loop
         vertex -0.1115 -0.00897655 -0.0115875
         vertex -0.1115 -0.00890648 -0.0111601
         vertex -0.1105 -0.00792986 -0.0113751
      endloop
   endfacet
   facet normal -0.707107 0.690575 -0.152007
      outer loop
         vertex -0.1115 -0.00890648 -0.0111601
         vertex -0.1115 -0.00879061 -0.0107428
         vertex -0.1105 -0.00784296 -0.0110621
      endloop
   endfacet
   facet normal -0.707107 0.670092 -0.22578
      outer loop
         vertex -0.1115 -0.00879061 -0.0107428
         vertex -0.1115 -0.0086303 -0.0103404
         vertex -0.1105 -0.00772273 -0.0107603
      endloop
   endfacet
   facet normal -0.707107 0.641753 -0.296906
      outer loop
         vertex -0.1115 -0.0086303 -0.0103404
         vertex -0.1115 -0.00842743 -0.00995778
         vertex -0.1105 -0.00757057 -0.0104733
      endloop
   endfacet
   facet normal -0.707107 0.60589 -0.364552
      outer loop
         vertex -0.1115 -0.00842743 -0.00995778
         vertex -0.1115 -0.00818437 -0.0095993
         vertex -0.1105 -0.00738828 -0.0102045
      endloop
   endfacet
   facet normal -0.707107 0.396819 -0.585265
      outer loop
         vertex -0.1115 -0.00724475 -0.00870924
         vertex -0.1115 -0.00687363 -0.00848595
         vertex -0.1105 -0.00640523 -0.00936946
      endloop
   endfacet
   facet normal -0.707107 0.331215 -0.624737
      outer loop
         vertex -0.1115 -0.00687363 -0.00848595
         vertex -0.1115 -0.00648055 -0.00830409
         vertex -0.1105 -0.00611041 -0.00923307
      endloop
   endfacet
   facet normal -0.707107 0.261727 -0.656886
      outer loop
         vertex -0.1115 -0.00648055 -0.00830409
         vertex -0.1115 -0.00607011 -0.0081658
         vertex -0.1105 -0.00580259 -0.00912935
      endloop
   endfacet
   facet normal -0.707107 0.189171 -0.681333
      outer loop
         vertex -0.1115 -0.00607011 -0.0081658
         vertex -0.1115 -0.00564713 -0.00807269
         vertex -0.1105 -0.00548535 -0.00905952
      endloop
   endfacet
   facet normal -0.707107 0.114397 -0.697792
      outer loop
         vertex -0.1115 -0.00564713 -0.00807269
         vertex -0.1115 -0.00521656 -0.00802587
         vertex -0.1105 -0.00516242 -0.0090244
      endloop
   endfacet
   facet normal -0.707107 0.038282 -0.70607
      outer loop
         vertex -0.1115 -0.00521656 -0.00802587
         vertex -0.1115 -0.005 -0.00802
         vertex -0.1105 -0.005 -0.00902
      endloop
   endfacet
   facet normal -0.707107 0.513356 -0.486277
      outer loop
         vertex -0.1105 -0.00717799 -0.0099569
         vertex -0.1105 -0.00738828 -0.0102045
         vertex -0.111489 -0.00802091 -0.00942219
      endloop
   endfacet
   facet normal -0.707107 0.562923 -0.427923
      outer loop
         vertex -0.1105 -0.00738828 -0.0102045
         vertex -0.1115 -0.00818437 -0.0095993
         vertex -0.1115 -0.00816744 -0.00957719
      endloop
   endfacet
   facet normal -0.707107 0.55993 -0.431831
      outer loop
         vertex -0.1115 -0.00816744 -0.00957719
         vertex -0.111489 -0.00802091 -0.00942219
         vertex -0.1105 -0.00738828 -0.0102045
      endloop
   endfacet
   facet normal -0.707107 0.513356 -0.486277
      outer loop
         vertex -0.11148 -0.00788936 -0.00928305
         vertex -0.111487 -0.00758135 -0.008981
         vertex -0.1105 -0.00694216 -0.00973351
      endloop
   endfacet
   facet normal -0.707107 0.396819 -0.585265
      outer loop
         vertex -0.1105 -0.00668356 -0.00953693
         vertex -0.1105 -0.00694216 -0.00973351
         vertex -0.111487 -0.00758135 -0.008981
      endloop
   endfacet
   facet normal -0.707107 0.457771 -0.53893
      outer loop
         vertex -0.111487 -0.00758135 -0.008981
         vertex -0.1115 -0.00744281 -0.00885256
         vertex -0.1105 -0.00668356 -0.00953693
      endloop
   endfacet
   facet normal -0.707107 0.431831 -0.55993
      outer loop
         vertex -0.1115 -0.00744281 -0.00885256
         vertex -0.1115 -0.00724475 -0.00870924
         vertex -0.1105 -0.00668356 -0.00953693
      endloop
   endfacet
   facet normal -0.707107 0.457771 -0.53893
      outer loop
         vertex -0.1105 -0.00694216 -0.00973351
         vertex -0.1105 -0.00717799 -0.0099569
         vertex -0.11148 -0.00788936 -0.00928305
      endloop
   endfacet
   facet normal -0.707107 0.536133 -0.461044
      outer loop
         vertex -0.111489 -0.00802091 -0.00942219
         vertex -0.11148 -0.00788936 -0.00928305
         vertex -0.1105 -0.00717799 -0.0099569
      endloop
   endfacet
   facet normal -0.707107 0 -0.707107
      outer loop
         vertex -0.1105 -0.005 -0.00902
         vertex -0.1105 -0.00516242 -0.0090244
         vertex -0.1115 -0.00521656 -0.00802587
      endloop
   endfacet
   facet normal -0.707107 0.038282 -0.70607
      outer loop
         vertex -0.1105 -0.00516242 -0.0090244
         vertex -0.1105 -0.00548535 -0.00905952
         vertex -0.1115 -0.00564713 -0.00807269
      endloop
   endfacet
   facet normal -0.707107 0.114397 -0.697792
      outer loop
         vertex -0.1105 -0.00548535 -0.00905952
         vertex -0.1105 -0.00580259 -0.00912935
         vertex -0.1115 -0.00607011 -0.0081658
      endloop
   endfacet
   facet normal -0.707107 0.189171 -0.681333
      outer loop
         vertex -0.1105 -0.00580259 -0.00912935
         vertex -0.1105 -0.00611041 -0.00923307
         vertex -0.1115 -0.00648055 -0.00830409
      endloop
   endfacet
   facet normal -0.707107 0.261727 -0.656886
      outer loop
         vertex -0.1105 -0.00611041 -0.00923307
         vertex -0.1105 -0.00640523 -0.00936946
         vertex -0.1115 -0.00687363 -0.00848595
      endloop
   endfacet
   facet normal -0.707107 0.331215 -0.624737
      outer loop
         vertex -0.1105 -0.00640523 -0.00936946
         vertex -0.1105 -0.00668356 -0.00953693
         vertex -0.1115 -0.00724475 -0.00870924
      endloop
   endfacet
   facet normal -0.707107 0.562923 -0.427923
      outer loop
         vertex -0.1105 -0.00738828 -0.0102045
         vertex -0.1105 -0.00757057 -0.0104733
         vertex -0.1115 -0.00842743 -0.00995778
      endloop
   endfacet
   facet normal -0.707107 0.60589 -0.364552
      outer loop
         vertex -0.1105 -0.00757057 -0.0104733
         vertex -0.1105 -0.00772273 -0.0107603
         vertex -0.1115 -0.0086303 -0.0103404
      endloop
   endfacet
   facet normal -0.707107 0.641753 -0.296906
      outer loop
         vertex -0.1105 -0.00772273 -0.0107603
         vertex -0.1105 -0.00784296 -0.0110621
         vertex -0.1115 -0.00879061 -0.0107428
      endloop
   endfacet
   facet normal -0.707107 0.670092 -0.22578
      outer loop
         vertex -0.1105 -0.00784296 -0.0110621
         vertex -0.1105 -0.00792986 -0.0113751
         vertex -0.1115 -0.00890648 -0.0111601
      endloop
   endfacet
   facet normal -0.707107 0.690575 -0.152007
      outer loop
         vertex -0.1105 -0.00792986 -0.0113751
         vertex -0.1105 -0.00798241 -0.0116956
         vertex -0.1115 -0.00897655 -0.0115875
      endloop
   endfacet
   facet normal -0.707107 0.702962 -0.0764517
      outer loop
         vertex -0.1105 -0.00798241 -0.0116956
         vertex -0.1105 -0.008 -0.01202
         vertex -0.1115 -0.009 -0.01202
      endloop
   endfacet
   facet normal -0.707107 0.707107 1.29893e-16
      outer loop
         vertex -0.1105 -0.008 -0.01202
         vertex -0.1105 -0.00798241 -0.0123444
         vertex -0.1115 -0.00897655 -0.0124525
      endloop
   endfacet
   facet normal -0.707107 0.702962 0.0764517
      outer loop
         vertex -0.1105 -0.00798241 -0.0123444
         vertex -0.1105 -0.00792986 -0.0126649
         vertex -0.1115 -0.00890648 -0.0128799
      endloop
   endfacet
   facet normal -0.707107 0.690575 0.152007
      outer loop
         vertex -0.1105 -0.00792986 -0.0126649
         vertex -0.1105 -0.00784296 -0.0129779
         vertex -0.1115 -0.00879061 -0.0132972
      endloop
   endfacet
   facet normal -0.707107 0.670092 0.22578
      outer loop
         vertex -0.1105 -0.00784296 -0.0129779
         vertex -0.1105 -0.00772273 -0.0132797
         vertex -0.1115 -0.0086303 -0.0136996
      endloop
   endfacet
   facet normal -0.707107 0.641753 0.296906
      outer loop
         vertex -0.1105 -0.00772273 -0.0132797
         vertex -0.1105 -0.00757057 -0.0135667
         vertex -0.1115 -0.00842743 -0.0140822
      endloop
   endfacet
   facet normal -0.707107 0.60589 0.364552
      outer loop
         vertex -0.1105 -0.00757057 -0.0135667
         vertex -0.1105 -0.00738828 -0.0138355
         vertex -0.1115 -0.00818437 -0.0144407
      endloop
   endfacet
   facet normal -0.707107 0.562923 0.427923
      outer loop
         vertex -0.1105 -0.00738828 -0.0138355
         vertex -0.1105 -0.00717799 -0.0140831
         vertex -0.1115 -0.00790398 -0.0147708
      endloop
   endfacet
   facet normal -0.707107 0.513356 0.486277
      outer loop
         vertex -0.1105 -0.00717799 -0.0140831
         vertex -0.1105 -0.00694216 -0.0143065
         vertex -0.1115 -0.00758955 -0.0150686
      endloop
   endfacet
   facet normal -0.707107 0.457771 0.53893
      outer loop
         vertex -0.1105 -0.00694216 -0.0143065
         vertex -0.1105 -0.00668356 -0.0145031
         vertex -0.1115 -0.00724475 -0.0153308
      endloop
   endfacet
   facet normal -0.707107 0.396819 0.585265
      outer loop
         vertex -0.1105 -0.00668356 -0.0145031
         vertex -0.1105 -0.00640523 -0.0146705
         vertex -0.1115 -0.00687363 -0.015554
      endloop
   endfacet
   facet normal -0.707107 0.331215 0.624737
      outer loop
         vertex -0.1105 -0.00640523 -0.0146705
         vertex -0.1105 -0.00611041 -0.0148069
         vertex -0.1115 -0.00648055 -0.0157359
      endloop
   endfacet
   facet normal -0.707107 0.261727 0.656886
      outer loop
         vertex -0.1105 -0.00611041 -0.0148069
         vertex -0.1105 -0.00580259 -0.0149106
         vertex -0.1115 -0.00607011 -0.0158742
      endloop
   endfacet
   facet normal -0.707107 0.189171 0.681333
      outer loop
         vertex -0.1105 -0.00580259 -0.0149106
         vertex -0.1105 -0.00548535 -0.0149805
         vertex -0.1115 -0.00564713 -0.0159673
      endloop
   endfacet
   facet normal -0.707107 0.114397 0.697792
      outer loop
         vertex -0.1105 -0.00548535 -0.0149805
         vertex -0.1105 -0.00516242 -0.0150156
         vertex -0.1115 -0.00521656 -0.0160141
      endloop
   endfacet
   facet normal -0.707107 0.038282 0.70607
      outer loop
         vertex -0.1105 -0.00516242 -0.0150156
         vertex -0.1105 -0.00483758 -0.0150156
         vertex -0.1115 -0.00478344 -0.0160141
      endloop
   endfacet
   facet normal -0.707107 -0.038282 0.70607
      outer loop
         vertex -0.1105 -0.00483758 -0.0150156
         vertex -0.1105 -0.00451465 -0.0149805
         vertex -0.1115 -0.00435287 -0.0159673
      endloop
   endfacet
   facet normal -0.707107 -0.114397 0.697792
      outer loop
         vertex -0.1105 -0.00451465 -0.0149805
         vertex -0.1105 -0.00419741 -0.0149106
         vertex -0.1115 -0.00392989 -0.0158742
      endloop
   endfacet
   facet normal -0.707107 -0.189171 0.681333
      outer loop
         vertex -0.1105 -0.00419741 -0.0149106
         vertex -0.1105 -0.00388959 -0.0148069
         vertex -0.1115 -0.00351945 -0.0157359
      endloop
   endfacet
   facet normal -0.707107 -0.261727 0.656886
      outer loop
         vertex -0.1105 -0.00388959 -0.0148069
         vertex -0.1105 -0.00359477 -0.0146705
         vertex -0.1115 -0.00312637 -0.015554
      endloop
   endfacet
   facet normal -0.707107 -0.331215 0.624737
      outer loop
         vertex -0.1105 -0.00359477 -0.0146705
         vertex -0.1105 -0.00331644 -0.0145031
         vertex -0.1115 -0.00275525 -0.0153308
      endloop
   endfacet
   facet normal -0.707107 -0.396819 0.585265
      outer loop
         vertex -0.1105 -0.00331644 -0.0145031
         vertex -0.1105 -0.00305784 -0.0143065
         vertex -0.1115 -0.00241045 -0.0150686
      endloop
   endfacet
   facet normal -0.707107 -0.457771 0.53893
      outer loop
         vertex -0.1105 -0.00305784 -0.0143065
         vertex -0.1105 -0.00282201 -0.0140831
         vertex -0.1115 -0.00209602 -0.0147708
      endloop
   endfacet
   facet normal -0.707107 -0.513356 0.486277
      outer loop
         vertex -0.1105 -0.00282201 -0.0140831
         vertex -0.1105 -0.00261172 -0.0138355
         vertex -0.1115 -0.00181563 -0.0144407
      endloop
   endfacet
   facet normal -0.707107 -0.562923 0.427923
      outer loop
         vertex -0.1105 -0.00261172 -0.0138355
         vertex -0.1105 -0.00242943 -0.0135667
         vertex -0.1115 -0.00157257 -0.0140822
      endloop
   endfacet
   facet normal -0.707107 -0.60589 0.364552
      outer loop
         vertex -0.1105 -0.00242943 -0.0135667
         vertex -0.1105 -0.00227727 -0.0132797
         vertex -0.1115 -0.0013697 -0.0136996
      endloop
   endfacet
   facet normal -0.707107 -0.641753 0.296906
      outer loop
         vertex -0.1105 -0.00227727 -0.0132797
         vertex -0.1105 -0.00215704 -0.0129779
         vertex -0.1115 -0.00120939 -0.0132972
      endloop
   endfacet
   facet normal -0.707107 -0.670092 0.22578
      outer loop
         vertex -0.1105 -0.00215704 -0.0129779
         vertex -0.1105 -0.00207014 -0.0126649
         vertex -0.1115 -0.00109352 -0.0128799
      endloop
   endfacet
   facet normal -0.707107 -0.690575 0.152007
      outer loop
         vertex -0.1105 -0.00207014 -0.0126649
         vertex -0.1105 -0.00201759 -0.0123444
         vertex -0.1115 -0.00102345 -0.0124525
      endloop
   endfacet
   facet normal -0.707107 -0.702962 0.0764517
      outer loop
         vertex -0.1105 -0.00201759 -0.0123444
         vertex -0.1105 -0.002 -0.01202
         vertex -0.1115 -0.001 -0.01202
      endloop
   endfacet
   facet normal -0.707107 -0.707107 -4.32978e-17
      outer loop
         vertex -0.1105 -0.002 -0.01202
         vertex -0.1105 -0.00201759 -0.0116956
         vertex -0.1115 -0.00102345 -0.0115875
      endloop
   endfacet
   facet normal -0.707107 -0.702962 -0.0764517
      outer loop
         vertex -0.1105 -0.00201759 -0.0116956
         vertex -0.1105 -0.00207014 -0.0113751
         vertex -0.1115 -0.00109352 -0.0111601
      endloop
   endfacet
   facet normal -0.707107 -0.690575 -0.152007
      outer loop
         vertex -0.1105 -0.00207014 -0.0113751
         vertex -0.1105 -0.00215704 -0.0110621
         vertex -0.1115 -0.00120939 -0.0107428
      endloop
   endfacet
   facet normal -0.707107 -0.670092 -0.22578
      outer loop
         vertex -0.1105 -0.00215704 -0.0110621
         vertex -0.1105 -0.00227727 -0.0107603
         vertex -0.1115 -0.0013697 -0.0103404
      endloop
   endfacet
   facet normal -0.707107 -0.641753 -0.296906
      outer loop
         vertex -0.1105 -0.00227727 -0.0107603
         vertex -0.1105 -0.00242943 -0.0104733
         vertex -0.1115 -0.00157257 -0.00995778
      endloop
   endfacet
   facet normal -0.707107 -0.60589 -0.364552
      outer loop
         vertex -0.1105 -0.00242943 -0.0104733
         vertex -0.1105 -0.00261172 -0.0102045
         vertex -0.1115 -0.00181563 -0.0095993
      endloop
   endfacet
   facet normal -0.707107 -0.562923 -0.427923
      outer loop
         vertex -0.1105 -0.00261172 -0.0102045
         vertex -0.1105 -0.00282201 -0.0099569
         vertex -0.1115 -0.00209602 -0.0092692
      endloop
   endfacet
   facet normal -0.707107 -0.513356 -0.486277
      outer loop
         vertex -0.1105 -0.00282201 -0.0099569
         vertex -0.1105 -0.00305784 -0.00973351
         vertex -0.1115 -0.00241045 -0.00897135
      endloop
   endfacet
   facet normal -0.707107 -0.457771 -0.53893
      outer loop
         vertex -0.1105 -0.00305784 -0.00973351
         vertex -0.1105 -0.00331644 -0.00953693
         vertex -0.1115 -0.00275525 -0.00870924
      endloop
   endfacet
   facet normal -0.707107 -0.396819 -0.585265
      outer loop
         vertex -0.1105 -0.00331644 -0.00953693
         vertex -0.1105 -0.00359477 -0.00936946
         vertex -0.1115 -0.00312637 -0.00848595
      endloop
   endfacet
   facet normal -0.707107 -0.331215 -0.624737
      outer loop
         vertex -0.1105 -0.00359477 -0.00936946
         vertex -0.1105 -0.00388959 -0.00923307
         vertex -0.1115 -0.00351945 -0.00830409
      endloop
   endfacet
   facet normal -0.707107 -0.261727 -0.656886
      outer loop
         vertex -0.1105 -0.00388959 -0.00923307
         vertex -0.1105 -0.00419741 -0.00912935
         vertex -0.1115 -0.00392989 -0.0081658
      endloop
   endfacet
   facet normal -0.707107 -0.189171 -0.681333
      outer loop
         vertex -0.1105 -0.00419741 -0.00912935
         vertex -0.1105 -0.00451465 -0.00905952
         vertex -0.1115 -0.00435287 -0.00807269
      endloop
   endfacet
   facet normal -0.707107 -0.114397 -0.697792
      outer loop
         vertex -0.1105 -0.00451465 -0.00905952
         vertex -0.1105 -0.00483758 -0.0090244
         vertex -0.1115 -0.00478344 -0.00802587
      endloop
   endfacet
   facet normal -0.707107 -0.038282 -0.70607
      outer loop
         vertex -0.1105 -0.00483758 -0.0090244
         vertex -0.1105 -0.005 -0.00902
         vertex -0.1115 -0.005 -0.00802
      endloop
   endfacet
   facet normal -0.707107 0 -0.707107
      outer loop
         vertex -0.1115 0.005 -0.00802
         vertex -0.1115 0.00521656 -0.00802587
         vertex -0.1105 0.00516242 -0.0090244
      endloop
   endfacet
   facet normal -0.707107 -0.038282 -0.70607
      outer loop
         vertex -0.1115 0.00521656 -0.00802587
         vertex -0.1115 0.00564713 -0.00807269
         vertex -0.1105 0.00548535 -0.00905952
      endloop
   endfacet
   facet normal -0.707107 -0.114397 -0.697792
      outer loop
         vertex -0.1115 0.00564713 -0.00807269
         vertex -0.1115 0.00607011 -0.0081658
         vertex -0.1105 0.00580259 -0.00912935
      endloop
   endfacet
   facet normal -0.707107 -0.189171 -0.681333
      outer loop
         vertex -0.1115 0.00607011 -0.0081658
         vertex -0.1115 0.00648055 -0.00830409
         vertex -0.1105 0.00611041 -0.00923307
      endloop
   endfacet
   facet normal -0.707107 -0.261727 -0.656886
      outer loop
         vertex -0.1115 0.00648055 -0.00830409
         vertex -0.1115 0.00687363 -0.00848595
         vertex -0.1105 0.00640523 -0.00936946
      endloop
   endfacet
   facet normal -0.707107 -0.331215 -0.624737
      outer loop
         vertex -0.1115 0.00687363 -0.00848595
         vertex -0.1115 0.00724475 -0.00870924
         vertex -0.1105 0.00668356 -0.00953693
      endloop
   endfacet
   facet normal -0.707107 -0.562923 -0.427923
      outer loop
         vertex -0.1115 0.00818437 -0.0095993
         vertex -0.1115 0.00842743 -0.00995778
         vertex -0.1105 0.00757057 -0.0104733
      endloop
   endfacet
   facet normal -0.707107 -0.60589 -0.364552
      outer loop
         vertex -0.1115 0.00842743 -0.00995778
         vertex -0.1115 0.0086303 -0.0103404
         vertex -0.1105 0.00772273 -0.0107603
      endloop
   endfacet
   facet normal -0.707107 -0.641753 -0.296906
      outer loop
         vertex -0.1115 0.0086303 -0.0103404
         vertex -0.1115 0.00879061 -0.0107428
         vertex -0.1105 0.00784296 -0.0110621
      endloop
   endfacet
   facet normal -0.707107 -0.670092 -0.22578
      outer loop
         vertex -0.1115 0.00879061 -0.0107428
         vertex -0.1115 0.00890648 -0.0111601
         vertex -0.1105 0.00792986 -0.0113751
      endloop
   endfacet
   facet normal -0.707107 -0.690575 -0.152007
      outer loop
         vertex -0.1115 0.00890648 -0.0111601
         vertex -0.1115 0.00897655 -0.0115875
         vertex -0.1105 0.00798241 -0.0116956
      endloop
   endfacet
   facet normal -0.707107 -0.702962 -0.0764517
      outer loop
         vertex -0.1115 0.00897655 -0.0115875
         vertex -0.1115 0.009 -0.01202
         vertex -0.1105 0.008 -0.01202
      endloop
   endfacet
   facet normal -0.707107 -0.707107 -4.32978e-17
      outer loop
         vertex -0.1115 0.009 -0.01202
         vertex -0.1115 0.00897655 -0.0124525
         vertex -0.1105 0.00798241 -0.0123444
      endloop
   endfacet
   facet normal -0.707107 -0.702962 0.0764517
      outer loop
         vertex -0.1115 0.00897655 -0.0124525
         vertex -0.1115 0.00890648 -0.0128799
         vertex -0.1105 0.00792986 -0.0126649
      endloop
   endfacet
   facet normal -0.707107 -0.690575 0.152007
      outer loop
         vertex -0.1115 0.00890648 -0.0128799
         vertex -0.1115 0.00879061 -0.0132972
         vertex -0.1105 0.00784296 -0.0129779
      endloop
   endfacet
   facet normal -0.707107 -0.670092 0.22578
      outer loop
         vertex -0.1115 0.00879061 -0.0132972
         vertex -0.1115 0.0086303 -0.0136996
         vertex -0.1105 0.00772273 -0.0132797
      endloop
   endfacet
   facet normal -0.707107 -0.641753 0.296906
      outer loop
         vertex -0.1115 0.0086303 -0.0136996
         vertex -0.1115 0.00842743 -0.0140822
         vertex -0.1105 0.00757057 -0.0135667
      endloop
   endfacet
   facet normal -0.707107 -0.60589 0.364552
      outer loop
         vertex -0.1115 0.00842743 -0.0140822
         vertex -0.1115 0.00818437 -0.0144407
         vertex -0.1105 0.00738828 -0.0138355
      endloop
   endfacet
   facet normal -0.707107 -0.562923 0.427923
      outer loop
         vertex -0.1115 0.00818437 -0.0144407
         vertex -0.1115 0.00790398 -0.0147708
         vertex -0.1105 0.00717799 -0.0140831
      endloop
   endfacet
   facet normal -0.707107 -0.513356 0.486277
      outer loop
         vertex -0.1115 0.00790398 -0.0147708
         vertex -0.1115 0.00758955 -0.0150686
         vertex -0.1105 0.00694216 -0.0143065
      endloop
   endfacet
   facet normal -0.707107 -0.457771 0.53893
      outer loop
         vertex -0.1115 0.00758955 -0.0150686
         vertex -0.1115 0.00724475 -0.0153308
         vertex -0.1105 0.00668356 -0.0145031
      endloop
   endfacet
   facet normal -0.707107 -0.396819 0.585265
      outer loop
         vertex -0.1115 0.00724475 -0.0153308
         vertex -0.1115 0.00687363 -0.015554
         vertex -0.1105 0.00640523 -0.0146705
      endloop
   endfacet
   facet normal -0.707107 -0.331215 0.624737
      outer loop
         vertex -0.1115 0.00687363 -0.015554
         vertex -0.1115 0.00648055 -0.0157359
         vertex -0.1105 0.00611041 -0.0148069
      endloop
   endfacet
   facet normal -0.707107 -0.261727 0.656886
      outer loop
         vertex -0.1115 0.00648055 -0.0157359
         vertex -0.1115 0.00607011 -0.0158742
         vertex -0.1105 0.00580259 -0.0149106
      endloop
   endfacet
   facet normal -0.707107 -0.189171 0.681333
      outer loop
         vertex -0.1115 0.00607011 -0.0158742
         vertex -0.1115 0.00564713 -0.0159673
         vertex -0.1105 0.00548535 -0.0149805
      endloop
   endfacet
   facet normal -0.707107 -0.114397 0.697792
      outer loop
         vertex -0.1115 0.00564713 -0.0159673
         vertex -0.1115 0.00521656 -0.0160141
         vertex -0.1105 0.00516242 -0.0150156
      endloop
   endfacet
   facet normal -0.707107 -0.038282 0.70607
      outer loop
         vertex -0.1115 0.00521656 -0.0160141
         vertex -0.1115 0.00478344 -0.0160141
         vertex -0.1105 0.00483758 -0.0150156
      endloop
   endfacet
   facet normal -0.707107 0.038282 0.70607
      outer loop
         vertex -0.1115 0.00478344 -0.0160141
         vertex -0.1115 0.00435287 -0.0159673
         vertex -0.1105 0.00451465 -0.0149805
      endloop
   endfacet
   facet normal -0.707107 0.114397 0.697792
      outer loop
         vertex -0.1115 0.00435287 -0.0159673
         vertex -0.1115 0.00392989 -0.0158742
         vertex -0.1105 0.00419741 -0.0149106
      endloop
   endfacet
   facet normal -0.707107 0.189171 0.681333
      outer loop
         vertex -0.1115 0.00392989 -0.0158742
         vertex -0.1115 0.00351945 -0.0157359
         vertex -0.1105 0.00388959 -0.0148069
      endloop
   endfacet
   facet normal -0.707107 0.261727 0.656886
      outer loop
         vertex -0.1115 0.00351945 -0.0157359
         vertex -0.1115 0.00312637 -0.015554
         vertex -0.1105 0.00359477 -0.0146705
      endloop
   endfacet
   facet normal -0.707107 0.331215 0.624737
      outer loop
         vertex -0.1115 0.00312637 -0.015554
         vertex -0.1115 0.00275525 -0.0153308
         vertex -0.1105 0.00331644 -0.0145031
      endloop
   endfacet
   facet normal -0.707107 0.396819 0.585265
      outer loop
         vertex -0.1115 0.00275525 -0.0153308
         vertex -0.1115 0.00241045 -0.0150686
         vertex -0.1105 0.00305784 -0.0143065
      endloop
   endfacet
   facet normal -0.707107 0.457771 0.53893
      outer loop
         vertex -0.1115 0.00241045 -0.0150686
         vertex -0.1115 0.00209602 -0.0147708
         vertex -0.1105 0.00282201 -0.0140831
      endloop
   endfacet
   facet normal -0.707107 0.513356 0.486277
      outer loop
         vertex -0.1115 0.00209602 -0.0147708
         vertex -0.1115 0.00181563 -0.0144407
         vertex -0.1105 0.00261172 -0.0138355
      endloop
   endfacet
   facet normal -0.707107 0.562923 0.427923
      outer loop
         vertex -0.1115 0.00181563 -0.0144407
         vertex -0.1115 0.00157257 -0.0140822
         vertex -0.1105 0.00242943 -0.0135667
      endloop
   endfacet
   facet normal -0.707107 0.60589 0.364552
      outer loop
         vertex -0.1115 0.00157257 -0.0140822
         vertex -0.1115 0.0013697 -0.0136996
         vertex -0.1105 0.00227727 -0.0132797
      endloop
   endfacet
   facet normal -0.707107 0.641753 0.296906
      outer loop
         vertex -0.1115 0.0013697 -0.0136996
         vertex -0.1115 0.00120939 -0.0132972
         vertex -0.1105 0.00215704 -0.0129779
      endloop
   endfacet
   facet normal -0.707107 0.670092 0.22578
      outer loop
         vertex -0.1115 0.00120939 -0.0132972
         vertex -0.1115 0.00109352 -0.0128799
         vertex -0.1105 0.00207014 -0.0126649
      endloop
   endfacet
   facet normal -0.707107 0.690575 0.152007
      outer loop
         vertex -0.1115 0.00109352 -0.0128799
         vertex -0.1115 0.00102345 -0.0124525
         vertex -0.1105 0.00201759 -0.0123444
      endloop
   endfacet
   facet normal -0.707107 0.702962 0.0764517
      outer loop
         vertex -0.1115 0.00102345 -0.0124525
         vertex -0.1115 0.001 -0.01202
         vertex -0.1105 0.002 -0.01202
      endloop
   endfacet
   facet normal -0.707107 0.707107 1.29893e-16
      outer loop
         vertex -0.1115 0.001 -0.01202
         vertex -0.1115 0.00102345 -0.0115875
         vertex -0.1105 0.00201759 -0.0116956
      endloop
   endfacet
   facet normal -0.707107 0.702962 -0.0764517
      outer loop
         vertex -0.1115 0.00102345 -0.0115875
         vertex -0.1115 0.00109352 -0.0111601
         vertex -0.1105 0.00207014 -0.0113751
      endloop
   endfacet
   facet normal -0.707107 0.690575 -0.152007
      outer loop
         vertex -0.1115 0.00109352 -0.0111601
         vertex -0.1115 0.00120939 -0.0107428
         vertex -0.1105 0.00215704 -0.0110621
      endloop
   endfacet
   facet normal -0.707107 0.670092 -0.22578
      outer loop
         vertex -0.1115 0.00120939 -0.0107428
         vertex -0.1115 0.0013697 -0.0103404
         vertex -0.1105 0.00227727 -0.0107603
      endloop
   endfacet
   facet normal -0.707107 0.641753 -0.296906
      outer loop
         vertex -0.1115 0.0013697 -0.0103404
         vertex -0.1115 0.00157257 -0.00995778
         vertex -0.1105 0.00242943 -0.0104733
      endloop
   endfacet
   facet normal -0.707107 0.60589 -0.364552
      outer loop
         vertex -0.1115 0.00157257 -0.00995778
         vertex -0.1115 0.00181563 -0.0095993
         vertex -0.1105 0.00261172 -0.0102045
      endloop
   endfacet
   facet normal -0.707107 0.562923 -0.427923
      outer loop
         vertex -0.1115 0.00181563 -0.0095993
         vertex -0.1115 0.00209602 -0.0092692
         vertex -0.1105 0.00282201 -0.0099569
      endloop
   endfacet
   facet normal -0.707107 0.513356 -0.486277
      outer loop
         vertex -0.1115 0.00209602 -0.0092692
         vertex -0.1115 0.00241045 -0.00897135
         vertex -0.1105 0.00305784 -0.00973351
      endloop
   endfacet
   facet normal -0.707107 0.457771 -0.53893
      outer loop
         vertex -0.1115 0.00241045 -0.00897135
         vertex -0.1115 0.00275525 -0.00870924
         vertex -0.1105 0.00331644 -0.00953693
      endloop
   endfacet
   facet normal -0.707107 0.396819 -0.585265
      outer loop
         vertex -0.1115 0.00275525 -0.00870924
         vertex -0.1115 0.00312637 -0.00848595
         vertex -0.1105 0.00359477 -0.00936946
      endloop
   endfacet
   facet normal -0.707107 0.331215 -0.624737
      outer loop
         vertex -0.1115 0.00312637 -0.00848595
         vertex -0.1115 0.00351945 -0.00830409
         vertex -0.1105 0.00388959 -0.00923307
      endloop
   endfacet
   facet normal -0.707107 0.261727 -0.656886
      outer loop
         vertex -0.1115 0.00351945 -0.00830409
         vertex -0.1115 0.00392989 -0.0081658
         vertex -0.1105 0.00419741 -0.00912935
      endloop
   endfacet
   facet normal -0.707107 0.189171 -0.681333
      outer loop
         vertex -0.1115 0.00392989 -0.0081658
         vertex -0.1115 0.00435287 -0.00807269
         vertex -0.1105 0.00451465 -0.00905952
      endloop
   endfacet
   facet normal -0.707107 0.114397 -0.697792
      outer loop
         vertex -0.1115 0.00435287 -0.00807269
         vertex -0.1115 0.00478344 -0.00802587
         vertex -0.1105 0.00483758 -0.0090244
      endloop
   endfacet
   facet normal -0.707107 0.038282 -0.70607
      outer loop
         vertex -0.1115 0.00478344 -0.00802587
         vertex -0.1115 0.005 -0.00802
         vertex -0.1105 0.005 -0.00902
      endloop
   endfacet
   facet normal -0.707107 -0.396819 -0.585265
      outer loop
         vertex -0.1105 0.00668356 -0.00953693
         vertex -0.1115 0.00744281 -0.00885256
         vertex -0.111487 0.00758135 -0.008981
      endloop
   endfacet
   facet normal -0.707107 -0.396819 -0.585265
      outer loop
         vertex -0.1105 0.00668356 -0.00953693
         vertex -0.1115 0.00724475 -0.00870924
         vertex -0.1115 0.00744281 -0.00885256
      endloop
   endfacet
   facet normal -0.707107 -0.513356 -0.486277
      outer loop
         vertex -0.11148 0.00788936 -0.00928305
         vertex -0.1105 0.00717799 -0.0099569
         vertex -0.1105 0.00694216 -0.00973351
      endloop
   endfacet
   facet normal -0.707107 -0.562923 -0.427923
      outer loop
         vertex -0.1105 0.00738828 -0.0102045
         vertex -0.111489 0.00802091 -0.00942219
         vertex -0.1115 0.00816744 -0.00957719
      endloop
   endfacet
   facet normal -0.707107 -0.513356 -0.486277
      outer loop
         vertex -0.1105 0.00717799 -0.0099569
         vertex -0.11148 0.00788936 -0.00928305
         vertex -0.111489 0.00802091 -0.00942219
      endloop
   endfacet
   facet normal -0.707107 -0.536133 -0.461044
      outer loop
         vertex -0.111489 0.00802091 -0.00942219
         vertex -0.1105 0.00738828 -0.0102045
         vertex -0.1105 0.00717799 -0.0099569
      endloop
   endfacet
   facet normal -0.707107 -0.55993 -0.431831
      outer loop
         vertex -0.1115 0.00816744 -0.00957719
         vertex -0.1115 0.00818437 -0.0095993
         vertex -0.1105 0.00738828 -0.0102045
      endloop
   endfacet
   facet normal -0.707107 -0.457771 -0.53893
      outer loop
         vertex -0.1105 0.00694216 -0.00973351
         vertex -0.111487 0.00758135 -0.008981
         vertex -0.11148 0.00788936 -0.00928305
      endloop
   endfacet
   facet normal -0.707107 -0.457771 -0.53893
      outer loop
         vertex -0.111487 0.00758135 -0.008981
         vertex -0.1105 0.00694216 -0.00973351
         vertex -0.1105 0.00668356 -0.00953693
      endloop
   endfacet
   facet normal -0.707107 0 -0.707107
      outer loop
         vertex -0.1105 0.005 -0.00902
         vertex -0.1105 0.00483758 -0.0090244
         vertex -0.1115 0.00478344 -0.00802587
      endloop
   endfacet
   facet normal -0.707107 0.038282 -0.70607
      outer loop
         vertex -0.1105 0.00483758 -0.0090244
         vertex -0.1105 0.00451465 -0.00905952
         vertex -0.1115 0.00435287 -0.00807269
      endloop
   endfacet
   facet normal -0.707107 0.114397 -0.697792
      outer loop
         vertex -0.1105 0.00451465 -0.00905952
         vertex -0.1105 0.00419741 -0.00912935
         vertex -0.1115 0.00392989 -0.0081658
      endloop
   endfacet
   facet normal -0.707107 0.189171 -0.681333
      outer loop
         vertex -0.1105 0.00419741 -0.00912935
         vertex -0.1105 0.00388959 -0.00923307
         vertex -0.1115 0.00351945 -0.00830409
      endloop
   endfacet
   facet normal -0.707107 0.261727 -0.656886
      outer loop
         vertex -0.1105 0.00388959 -0.00923307
         vertex -0.1105 0.00359477 -0.00936946
         vertex -0.1115 0.00312637 -0.00848595
      endloop
   endfacet
   facet normal -0.707107 0.331215 -0.624737
      outer loop
         vertex -0.1105 0.00359477 -0.00936946
         vertex -0.1105 0.00331644 -0.00953693
         vertex -0.1115 0.00275525 -0.00870924
      endloop
   endfacet
   facet normal -0.707107 0.396819 -0.585265
      outer loop
         vertex -0.1105 0.00331644 -0.00953693
         vertex -0.1105 0.00305784 -0.00973351
         vertex -0.1115 0.00241045 -0.00897135
      endloop
   endfacet
   facet normal -0.707107 0.457771 -0.53893
      outer loop
         vertex -0.1105 0.00305784 -0.00973351
         vertex -0.1105 0.00282201 -0.0099569
         vertex -0.1115 0.00209602 -0.0092692
      endloop
   endfacet
   facet normal -0.707107 0.513356 -0.486277
      outer loop
         vertex -0.1105 0.00282201 -0.0099569
         vertex -0.1105 0.00261172 -0.0102045
         vertex -0.1115 0.00181563 -0.0095993
      endloop
   endfacet
   facet normal -0.707107 0.562923 -0.427923
      outer loop
         vertex -0.1105 0.00261172 -0.0102045
         vertex -0.1105 0.00242943 -0.0104733
         vertex -0.1115 0.00157257 -0.00995778
      endloop
   endfacet
   facet normal -0.707107 0.60589 -0.364552
      outer loop
         vertex -0.1105 0.00242943 -0.0104733
         vertex -0.1105 0.00227727 -0.0107603
         vertex -0.1115 0.0013697 -0.0103404
      endloop
   endfacet
   facet normal -0.707107 0.641753 -0.296906
      outer loop
         vertex -0.1105 0.00227727 -0.0107603
         vertex -0.1105 0.00215704 -0.0110621
         vertex -0.1115 0.00120939 -0.0107428
      endloop
   endfacet
   facet normal -0.707107 0.670092 -0.22578
      outer loop
         vertex -0.1105 0.00215704 -0.0110621
         vertex -0.1105 0.00207014 -0.0113751
         vertex -0.1115 0.00109352 -0.0111601
      endloop
   endfacet
   facet normal -0.707107 0.690575 -0.152007
      outer loop
         vertex -0.1105 0.00207014 -0.0113751
         vertex -0.1105 0.00201759 -0.0116956
         vertex -0.1115 0.00102345 -0.0115875
      endloop
   endfacet
   facet normal -0.707107 0.702962 -0.0764517
      outer loop
         vertex -0.1105 0.00201759 -0.0116956
         vertex -0.1105 0.002 -0.01202
         vertex -0.1115 0.001 -0.01202
      endloop
   endfacet
   facet normal -0.707107 0.707107 1.29893e-16
      outer loop
         vertex -0.1105 0.002 -0.01202
         vertex -0.1105 0.00201759 -0.0123444
         vertex -0.1115 0.00102345 -0.0124525
      endloop
   endfacet
   facet normal -0.707107 0.702962 0.0764517
      outer loop
         vertex -0.1105 0.00201759 -0.0123444
         vertex -0.1105 0.00207014 -0.0126649
         vertex -0.1115 0.00109352 -0.0128799
      endloop
   endfacet
   facet normal -0.707107 0.690575 0.152007
      outer loop
         vertex -0.1105 0.00207014 -0.0126649
         vertex -0.1105 0.00215704 -0.0129779
         vertex -0.1115 0.00120939 -0.0132972
      endloop
   endfacet
   facet normal -0.707107 0.670092 0.22578
      outer loop
         vertex -0.1105 0.00215704 -0.0129779
         vertex -0.1105 0.00227727 -0.0132797
         vertex -0.1115 0.0013697 -0.0136996
      endloop
   endfacet
   facet normal -0.707107 0.641753 0.296906
      outer loop
         vertex -0.1105 0.00227727 -0.0132797
         vertex -0.1105 0.00242943 -0.0135667
         vertex -0.1115 0.00157257 -0.0140822
      endloop
   endfacet
   facet normal -0.707107 0.60589 0.364552
      outer loop
         vertex -0.1105 0.00242943 -0.0135667
         vertex -0.1105 0.00261172 -0.0138355
         vertex -0.1115 0.00181563 -0.0144407
      endloop
   endfacet
   facet normal -0.707107 0.562923 0.427923
      outer loop
         vertex -0.1105 0.00261172 -0.0138355
         vertex -0.1105 0.00282201 -0.0140831
         vertex -0.1115 0.00209602 -0.0147708
      endloop
   endfacet
   facet normal -0.707107 0.513356 0.486277
      outer loop
         vertex -0.1105 0.00282201 -0.0140831
         vertex -0.1105 0.00305784 -0.0143065
         vertex -0.1115 0.00241045 -0.0150686
      endloop
   endfacet
   facet normal -0.707107 0.457771 0.53893
      outer loop
         vertex -0.1105 0.00305784 -0.0143065
         vertex -0.1105 0.00331644 -0.0145031
         vertex -0.1115 0.00275525 -0.0153308
      endloop
   endfacet
   facet normal -0.707107 0.396819 0.585265
      outer loop
         vertex -0.1105 0.00331644 -0.0145031
         vertex -0.1105 0.00359477 -0.0146705
         vertex -0.1115 0.00312637 -0.015554
      endloop
   endfacet
   facet normal -0.707107 0.331215 0.624737
      outer loop
         vertex -0.1105 0.00359477 -0.0146705
         vertex -0.1105 0.00388959 -0.0148069
         vertex -0.1115 0.00351945 -0.0157359
      endloop
   endfacet
   facet normal -0.707107 0.261727 0.656886
      outer loop
         vertex -0.1105 0.00388959 -0.0148069
         vertex -0.1105 0.00419741 -0.0149106
         vertex -0.1115 0.00392989 -0.0158742
      endloop
   endfacet
   facet normal -0.707107 0.189171 0.681333
      outer loop
         vertex -0.1105 0.00419741 -0.0149106
         vertex -0.1105 0.00451465 -0.0149805
         vertex -0.1115 0.00435287 -0.0159673
      endloop
   endfacet
   facet normal -0.707107 0.114397 0.697792
      outer loop
         vertex -0.1105 0.00451465 -0.0149805
         vertex -0.1105 0.00483758 -0.0150156
         vertex -0.1115 0.00478344 -0.0160141
      endloop
   endfacet
   facet normal -0.707107 0.038282 0.70607
      outer loop
         vertex -0.1105 0.00483758 -0.0150156
         vertex -0.1105 0.00516242 -0.0150156
         vertex -0.1115 0.00521656 -0.0160141
      endloop
   endfacet
   facet normal -0.707107 -0.038282 0.70607
      outer loop
         vertex -0.1105 0.00516242 -0.0150156
         vertex -0.1105 0.00548535 -0.0149805
         vertex -0.1115 0.00564713 -0.0159673
      endloop
   endfacet
   facet normal -0.707107 -0.114397 0.697792
      outer loop
         vertex -0.1105 0.00548535 -0.0149805
         vertex -0.1105 0.00580259 -0.0149106
         vertex -0.1115 0.00607011 -0.0158742
      endloop
   endfacet
   facet normal -0.707107 -0.189171 0.681333
      outer loop
         vertex -0.1105 0.00580259 -0.0149106
         vertex -0.1105 0.00611041 -0.0148069
         vertex -0.1115 0.00648055 -0.0157359
      endloop
   endfacet
   facet normal -0.707107 -0.261727 0.656886
      outer loop
         vertex -0.1105 0.00611041 -0.0148069
         vertex -0.1105 0.00640523 -0.0146705
         vertex -0.1115 0.00687363 -0.015554
      endloop
   endfacet
   facet normal -0.707107 -0.331215 0.624737
      outer loop
         vertex -0.1105 0.00640523 -0.0146705
         vertex -0.1105 0.00668356 -0.0145031
         vertex -0.1115 0.00724475 -0.0153308
      endloop
   endfacet
   facet normal -0.707107 -0.396819 0.585265
      outer loop
         vertex -0.1105 0.00668356 -0.0145031
         vertex -0.1105 0.00694216 -0.0143065
         vertex -0.1115 0.00758955 -0.0150686
      endloop
   endfacet
   facet normal -0.707107 -0.457771 0.53893
      outer loop
         vertex -0.1105 0.00694216 -0.0143065
         vertex -0.1105 0.00717799 -0.0140831
         vertex -0.1115 0.00790398 -0.0147708
      endloop
   endfacet
   facet normal -0.707107 -0.513356 0.486277
      outer loop
         vertex -0.1105 0.00717799 -0.0140831
         vertex -0.1105 0.00738828 -0.0138355
         vertex -0.1115 0.00818437 -0.0144407
      endloop
   endfacet
   facet normal -0.707107 -0.562923 0.427923
      outer loop
         vertex -0.1105 0.00738828 -0.0138355
         vertex -0.1105 0.00757057 -0.0135667
         vertex -0.1115 0.00842743 -0.0140822
      endloop
   endfacet
   facet normal -0.707107 -0.60589 0.364552
      outer loop
         vertex -0.1105 0.00757057 -0.0135667
         vertex -0.1105 0.00772273 -0.0132797
         vertex -0.1115 0.0086303 -0.0136996
      endloop
   endfacet
   facet normal -0.707107 -0.641753 0.296906
      outer loop
         vertex -0.1105 0.00772273 -0.0132797
         vertex -0.1105 0.00784296 -0.0129779
         vertex -0.1115 0.00879061 -0.0132972
      endloop
   endfacet
   facet normal -0.707107 -0.670092 0.22578
      outer loop
         vertex -0.1105 0.00784296 -0.0129779
         vertex -0.1105 0.00792986 -0.0126649
         vertex -0.1115 0.00890648 -0.0128799
      endloop
   endfacet
   facet normal -0.707107 -0.690575 0.152007
      outer loop
         vertex -0.1105 0.00792986 -0.0126649
         vertex -0.1105 0.00798241 -0.0123444
         vertex -0.1115 0.00897655 -0.0124525
      endloop
   endfacet
   facet normal -0.707107 -0.702962 0.0764517
      outer loop
         vertex -0.1105 0.00798241 -0.0123444
         vertex -0.1105 0.008 -0.01202
         vertex -0.1115 0.009 -0.01202
      endloop
   endfacet
   facet normal -0.707107 -0.707107 -4.32978e-17
      outer loop
         vertex -0.1105 0.008 -0.01202
         vertex -0.1105 0.00798241 -0.0116956
         vertex -0.1115 0.00897655 -0.0115875
      endloop
   endfacet
   facet normal -0.707107 -0.702962 -0.0764517
      outer loop
         vertex -0.1105 0.00798241 -0.0116956
         vertex -0.1105 0.00792986 -0.0113751
         vertex -0.1115 0.00890648 -0.0111601
      endloop
   endfacet
   facet normal -0.707107 -0.690575 -0.152007
      outer loop
         vertex -0.1105 0.00792986 -0.0113751
         vertex -0.1105 0.00784296 -0.0110621
         vertex -0.1115 0.00879061 -0.0107428
      endloop
   endfacet
   facet normal -0.707107 -0.670092 -0.22578
      outer loop
         vertex -0.1105 0.00784296 -0.0110621
         vertex -0.1105 0.00772273 -0.0107603
         vertex -0.1115 0.0086303 -0.0103404
      endloop
   endfacet
   facet normal -0.707107 -0.641753 -0.296906
      outer loop
         vertex -0.1105 0.00772273 -0.0107603
         vertex -0.1105 0.00757057 -0.0104733
         vertex -0.1115 0.00842743 -0.00995778
      endloop
   endfacet
   facet normal -0.707107 -0.60589 -0.364552
      outer loop
         vertex -0.1105 0.00757057 -0.0104733
         vertex -0.1105 0.00738828 -0.0102045
         vertex -0.1115 0.00818437 -0.0095993
      endloop
   endfacet
   facet normal -0.707107 -0.396819 -0.585265
      outer loop
         vertex -0.1105 0.00668356 -0.00953693
         vertex -0.1105 0.00640523 -0.00936946
         vertex -0.1115 0.00687363 -0.00848595
      endloop
   endfacet
   facet normal -0.707107 -0.331215 -0.624737
      outer loop
         vertex -0.1105 0.00640523 -0.00936946
         vertex -0.1105 0.00611041 -0.00923307
         vertex -0.1115 0.00648055 -0.00830409
      endloop
   endfacet
   facet normal -0.707107 -0.261727 -0.656886
      outer loop
         vertex -0.1105 0.00611041 -0.00923307
         vertex -0.1105 0.00580259 -0.00912935
         vertex -0.1115 0.00607011 -0.0081658
      endloop
   endfacet
   facet normal -0.707107 -0.189171 -0.681333
      outer loop
         vertex -0.1105 0.00580259 -0.00912935
         vertex -0.1105 0.00548535 -0.00905952
         vertex -0.1115 0.00564713 -0.00807269
      endloop
   endfacet
   facet normal -0.707107 -0.114397 -0.697792
      outer loop
         vertex -0.1105 0.00548535 -0.00905952
         vertex -0.1105 0.00516242 -0.0090244
         vertex -0.1115 0.00521656 -0.00802587
      endloop
   endfacet
   facet normal -0.707107 -0.038282 -0.70607
      outer loop
         vertex -0.1105 0.00516242 -0.0090244
         vertex -0.1105 0.005 -0.00902
         vertex -0.1115 0.005 -0.00802
      endloop
   endfacet
   facet normal 6.08734e-17 0.994138 0.108119
      outer loop
         vertex -0.1105 0.00201759 -0.0123444
         vertex -0.1105 0.002 -0.01202
         vertex -0.097 0.002 -0.01202
      endloop
   endfacet
   facet normal 5.98008e-17 0.976621 0.21497
      outer loop
         vertex -0.1105 0.00207014 -0.0126649
         vertex -0.1105 0.00201759 -0.0123444
         vertex -0.097 0.00201759 -0.0123444
      endloop
   endfacet
   facet normal 5.8027e-17 0.947653 0.319302
      outer loop
         vertex -0.1105 0.00215704 -0.0129779
         vertex -0.1105 0.00207014 -0.0126649
         vertex -0.097 0.00207014 -0.0126649
      endloop
   endfacet
   facet normal 5.5573e-17 0.907575 0.419889
      outer loop
         vertex -0.1105 0.00227727 -0.0132797
         vertex -0.1105 0.00215704 -0.0129779
         vertex -0.097 0.00215704 -0.0129779
      endloop
   endfacet
   facet normal 5.24674e-17 0.856857 0.515554
      outer loop
         vertex -0.1105 0.00242943 -0.0135667
         vertex -0.1105 0.00227727 -0.0132797
         vertex -0.097 0.00227727 -0.0132797
      endloop
   endfacet
   facet normal 4.87466e-17 0.796093 0.605174
      outer loop
         vertex -0.1105 0.00261172 -0.0138355
         vertex -0.1105 0.00242943 -0.0135667
         vertex -0.097 0.00242943 -0.0135667
      endloop
   endfacet
   facet normal 4.44544e-17 0.725995 0.687699
      outer loop
         vertex -0.1105 0.00282201 -0.0140831
         vertex -0.1105 0.00261172 -0.0138355
         vertex -0.097 0.00261172 -0.0138355
      endloop
   endfacet
   facet normal 3.9641e-17 0.647386 0.762162
      outer loop
         vertex -0.1105 0.00305784 -0.0143065
         vertex -0.1105 0.00282201 -0.0140831
         vertex -0.097 0.00282201 -0.0140831
      endloop
   endfacet
   facet normal 3.43628e-17 0.561187 0.827689
      outer loop
         vertex -0.1105 0.00331644 -0.0145031
         vertex -0.1105 0.00305784 -0.0143065
         vertex -0.097 0.00305784 -0.0143065
      endloop
   endfacet
   facet normal 2.86817e-17 0.468408 0.883512
      outer loop
         vertex -0.1105 0.00359477 -0.0146705
         vertex -0.1105 0.00331644 -0.0145031
         vertex -0.097 0.00331644 -0.0145031
      endloop
   endfacet
   facet normal 2.26644e-17 0.370138 0.928977
      outer loop
         vertex -0.1105 0.00388959 -0.0148069
         vertex -0.1105 0.00359477 -0.0146705
         vertex -0.097 0.00359477 -0.0146705
      endloop
   endfacet
   facet normal 1.63814e-17 0.267528 0.96355
      outer loop
         vertex -0.1105 0.00419741 -0.0149106
         vertex -0.1105 0.00388959 -0.0148069
         vertex -0.097 0.00388959 -0.0148069
      endloop
   endfacet
   facet normal 9.90629e-18 0.161782 0.986827
      outer loop
         vertex -0.1105 0.00451465 -0.0149805
         vertex -0.1105 0.00419741 -0.0149106
         vertex -0.097 0.00419741 -0.0149106
      endloop
   endfacet
   facet normal 3.31505e-18 0.0541389 0.998533
      outer loop
         vertex -0.1105 0.00483758 -0.0150156
         vertex -0.1105 0.00451465 -0.0149805
         vertex -0.097 0.00451465 -0.0149805
      endloop
   endfacet
   facet normal -3.31505e-18 -0.0541389 0.998533
      outer loop
         vertex -0.1105 0.00516242 -0.0150156
         vertex -0.1105 0.00483758 -0.0150156
         vertex -0.097 0.00483758 -0.0150156
      endloop
   endfacet
   facet normal -9.90629e-18 -0.161782 0.986827
      outer loop
         vertex -0.1105 0.00548535 -0.0149805
         vertex -0.1105 0.00516242 -0.0150156
         vertex -0.097 0.00516242 -0.0150156
      endloop
   endfacet
   facet normal -1.63814e-17 -0.267528 0.96355
      outer loop
         vertex -0.1105 0.00580259 -0.0149106
         vertex -0.1105 0.00548535 -0.0149805
         vertex -0.097 0.00548535 -0.0149805
      endloop
   endfacet
   facet normal -2.26644e-17 -0.370138 0.928977
      outer loop
         vertex -0.1105 0.00611041 -0.0148069
         vertex -0.1105 0.00580259 -0.0149106
         vertex -0.097 0.00580259 -0.0149106
      endloop
   endfacet
   facet normal -2.86817e-17 -0.468408 0.883512
      outer loop
         vertex -0.1105 0.00640523 -0.0146705
         vertex -0.1105 0.00611041 -0.0148069
         vertex -0.097 0.00611041 -0.0148069
      endloop
   endfacet
   facet normal -3.43628e-17 -0.561187 0.827689
      outer loop
         vertex -0.1105 0.00668356 -0.0145031
         vertex -0.1105 0.00640523 -0.0146705
         vertex -0.097 0.00640523 -0.0146705
      endloop
   endfacet
   facet normal -3.9641e-17 -0.647386 0.762162
      outer loop
         vertex -0.1105 0.00694216 -0.0143065
         vertex -0.1105 0.00668356 -0.0145031
         vertex -0.097 0.00668356 -0.0145031
      endloop
   endfacet
   facet normal -4.44544e-17 -0.725995 0.687699
      outer loop
         vertex -0.1105 0.00717799 -0.0140831
         vertex -0.1105 0.00694216 -0.0143065
         vertex -0.097 0.00694216 -0.0143065
      endloop
   endfacet
   facet normal -4.87466e-17 -0.796093 0.605174
      outer loop
         vertex -0.1105 0.00738828 -0.0138355
         vertex -0.1105 0.00717799 -0.0140831
         vertex -0.097 0.00717799 -0.0140831
      endloop
   endfacet
   facet normal -5.24674e-17 -0.856857 0.515554
      outer loop
         vertex -0.1105 0.00757057 -0.0135667
         vertex -0.1105 0.00738828 -0.0138355
         vertex -0.097 0.00738828 -0.0138355
      endloop
   endfacet
   facet normal -5.5573e-17 -0.907575 0.419889
      outer loop
         vertex -0.1105 0.00772273 -0.0132797
         vertex -0.1105 0.00757057 -0.0135667
         vertex -0.097 0.00757057 -0.0135667
      endloop
   endfacet
   facet normal -5.8027e-17 -0.947653 0.319302
      outer loop
         vertex -0.1105 0.00784296 -0.0129779
         vertex -0.1105 0.00772273 -0.0132797
         vertex -0.097 0.00772273 -0.0132797
      endloop
   endfacet
   facet normal -5.98008e-17 -0.976621 0.21497
      outer loop
         vertex -0.1105 0.00792986 -0.0126649
         vertex -0.1105 0.00784296 -0.0129779
         vertex -0.097 0.00784296 -0.0129779
      endloop
   endfacet
   facet normal -6.08734e-17 -0.994138 0.108119
      outer loop
         vertex -0.1105 0.00798241 -0.0123444
         vertex -0.1105 0.00792986 -0.0126649
         vertex -0.097 0.00792986 -0.0126649
      endloop
   endfacet
   facet normal -6.12323e-17 -1 -1.22465e-16
      outer loop
         vertex -0.1105 0.008 -0.01202
         vertex -0.1105 0.00798241 -0.0123444
         vertex -0.097 0.00798241 -0.0123444
      endloop
   endfacet
   facet normal -6.08734e-17 -0.994138 -0.108119
      outer loop
         vertex -0.1105 0.00798241 -0.0116956
         vertex -0.1105 0.008 -0.01202
         vertex -0.097 0.008 -0.01202
      endloop
   endfacet
   facet normal -5.98008e-17 -0.976621 -0.21497
      outer loop
         vertex -0.1105 0.00792986 -0.0113751
         vertex -0.1105 0.00798241 -0.0116956
         vertex -0.097 0.00798241 -0.0116956
      endloop
   endfacet
   facet normal -5.8027e-17 -0.947653 -0.319302
      outer loop
         vertex -0.1105 0.00784296 -0.0110621
         vertex -0.1105 0.00792986 -0.0113751
         vertex -0.097 0.00792986 -0.0113751
      endloop
   endfacet
   facet normal -5.5573e-17 -0.907575 -0.419889
      outer loop
         vertex -0.1105 0.00772273 -0.0107603
         vertex -0.1105 0.00784296 -0.0110621
         vertex -0.097 0.00784296 -0.0110621
      endloop
   endfacet
   facet normal -5.24674e-17 -0.856857 -0.515554
      outer loop
         vertex -0.1105 0.00757057 -0.0104733
         vertex -0.1105 0.00772273 -0.0107603
         vertex -0.097 0.00772273 -0.0107603
      endloop
   endfacet
   facet normal -4.87466e-17 -0.796093 -0.605174
      outer loop
         vertex -0.1105 0.00738828 -0.0102045
         vertex -0.1105 0.00757057 -0.0104733
         vertex -0.097 0.00757057 -0.0104733
      endloop
   endfacet
   facet normal -4.44544e-17 -0.725995 -0.687699
      outer loop
         vertex -0.1105 0.00717799 -0.0099569
         vertex -0.1105 0.00738828 -0.0102045
         vertex -0.097 0.00738828 -0.0102045
      endloop
   endfacet
   facet normal -3.9641e-17 -0.647386 -0.762162
      outer loop
         vertex -0.1105 0.00694216 -0.00973351
         vertex -0.1105 0.00717799 -0.0099569
         vertex -0.097 0.00717799 -0.0099569
      endloop
   endfacet
   facet normal -3.43628e-17 -0.561187 -0.827689
      outer loop
         vertex -0.1105 0.00668356 -0.00953693
         vertex -0.1105 0.00694216 -0.00973351
         vertex -0.097 0.00694216 -0.00973351
      endloop
   endfacet
   facet normal -2.86817e-17 -0.468408 -0.883512
      outer loop
         vertex -0.1105 0.00640523 -0.00936946
         vertex -0.1105 0.00668356 -0.00953693
         vertex -0.097 0.00668356 -0.00953693
      endloop
   endfacet
   facet normal -2.26644e-17 -0.370138 -0.928977
      outer loop
         vertex -0.1105 0.00611041 -0.00923307
         vertex -0.1105 0.00640523 -0.00936946
         vertex -0.097 0.00640523 -0.00936946
      endloop
   endfacet
   facet normal -1.63814e-17 -0.267528 -0.96355
      outer loop
         vertex -0.1105 0.00580259 -0.00912935
         vertex -0.1105 0.00611041 -0.00923307
         vertex -0.097 0.00611041 -0.00923307
      endloop
   endfacet
   facet normal -9.90629e-18 -0.161782 -0.986827
      outer loop
         vertex -0.1105 0.00548535 -0.00905952
         vertex -0.1105 0.00580259 -0.00912935
         vertex -0.097 0.00580259 -0.00912935
      endloop
   endfacet
   facet normal -3.31505e-18 -0.0541389 -0.998533
      outer loop
         vertex -0.1105 0.00516242 -0.0090244
         vertex -0.1105 0.00548535 -0.00905952
         vertex -0.097 0.00548535 -0.00905952
      endloop
   endfacet
   facet normal -3.31505e-18 -0.0541389 -0.998533
      outer loop
         vertex -0.097 0.00516242 -0.0090244
         vertex -0.097 0.00483758 -0.0090244
         vertex -0.1105 0.005 -0.00902
      endloop
   endfacet
   facet normal 3.31505e-18 0.0541389 -0.998533
      outer loop
         vertex -0.097 0.00483758 -0.0090244
         vertex -0.1105 0.00483758 -0.0090244
         vertex -0.1105 0.005 -0.00902
      endloop
   endfacet
   facet normal 9.90629e-18 0.161782 -0.986827
      outer loop
         vertex -0.1105 0.00451465 -0.00905952
         vertex -0.1105 0.00483758 -0.0090244
         vertex -0.097 0.00483758 -0.0090244
      endloop
   endfacet
   facet normal 1.63814e-17 0.267528 -0.96355
      outer loop
         vertex -0.1105 0.00419741 -0.00912935
         vertex -0.1105 0.00451465 -0.00905952
         vertex -0.097 0.00451465 -0.00905952
      endloop
   endfacet
   facet normal 2.26644e-17 0.370138 -0.928977
      outer loop
         vertex -0.1105 0.00388959 -0.00923307
         vertex -0.1105 0.00419741 -0.00912935
         vertex -0.097 0.00419741 -0.00912935
      endloop
   endfacet
   facet normal 2.86817e-17 0.468408 -0.883512
      outer loop
         vertex -0.1105 0.00359477 -0.00936946
         vertex -0.1105 0.00388959 -0.00923307
         vertex -0.097 0.00388959 -0.00923307
      endloop
   endfacet
   facet normal 3.43628e-17 0.561187 -0.827689
      outer loop
         vertex -0.1105 0.00331644 -0.00953693
         vertex -0.1105 0.00359477 -0.00936946
         vertex -0.097 0.00359477 -0.00936946
      endloop
   endfacet
   facet normal 3.9641e-17 0.647386 -0.762162
      outer loop
         vertex -0.1105 0.00305784 -0.00973351
         vertex -0.1105 0.00331644 -0.00953693
         vertex -0.097 0.00331644 -0.00953693
      endloop
   endfacet
   facet normal 4.44544e-17 0.725995 -0.687699
      outer loop
         vertex -0.1105 0.00282201 -0.0099569
         vertex -0.1105 0.00305784 -0.00973351
         vertex -0.097 0.00305784 -0.00973351
      endloop
   endfacet
   facet normal 4.87466e-17 0.796093 -0.605174
      outer loop
         vertex -0.1105 0.00261172 -0.0102045
         vertex -0.1105 0.00282201 -0.0099569
         vertex -0.097 0.00282201 -0.0099569
      endloop
   endfacet
   facet normal 5.24674e-17 0.856857 -0.515554
      outer loop
         vertex -0.1105 0.00242943 -0.0104733
         vertex -0.1105 0.00261172 -0.0102045
         vertex -0.097 0.00261172 -0.0102045
      endloop
   endfacet
   facet normal 5.5573e-17 0.907575 -0.419889
      outer loop
         vertex -0.1105 0.00227727 -0.0107603
         vertex -0.1105 0.00242943 -0.0104733
         vertex -0.097 0.00242943 -0.0104733
      endloop
   endfacet
   facet normal 5.8027e-17 0.947653 -0.319302
      outer loop
         vertex -0.1105 0.00215704 -0.0110621
         vertex -0.1105 0.00227727 -0.0107603
         vertex -0.097 0.00227727 -0.0107603
      endloop
   endfacet
   facet normal 5.98008e-17 0.976621 -0.21497
      outer loop
         vertex -0.1105 0.00207014 -0.0113751
         vertex -0.1105 0.00215704 -0.0110621
         vertex -0.097 0.00215704 -0.0110621
      endloop
   endfacet
   facet normal 6.08734e-17 0.994138 -0.108119
      outer loop
         vertex -0.1105 0.00201759 -0.0116956
         vertex -0.1105 0.00207014 -0.0113751
         vertex -0.097 0.00207014 -0.0113751
      endloop
   endfacet
   facet normal 6.12323e-17 1 2.44929e-16
      outer loop
         vertex -0.1105 0.002 -0.01202
         vertex -0.1105 0.00201759 -0.0116956
         vertex -0.097 0.00201759 -0.0116956
      endloop
   endfacet
   facet normal 6.08734e-17 0.994138 -0.108119
      outer loop
         vertex -0.097 0.00201759 -0.0116956
         vertex -0.097 0.002 -0.01202
         vertex -0.1105 0.002 -0.01202
      endloop
   endfacet
   facet normal 5.98008e-17 0.976621 -0.21497
      outer loop
         vertex -0.097 0.00207014 -0.0113751
         vertex -0.097 0.00201759 -0.0116956
         vertex -0.1105 0.00201759 -0.0116956
      endloop
   endfacet
   facet normal 5.8027e-17 0.947653 -0.319302
      outer loop
         vertex -0.097 0.00215704 -0.0110621
         vertex -0.097 0.00207014 -0.0113751
         vertex -0.1105 0.00207014 -0.0113751
      endloop
   endfacet
   facet normal 5.5573e-17 0.907575 -0.419889
      outer loop
         vertex -0.097 0.00227727 -0.0107603
         vertex -0.097 0.00215704 -0.0110621
         vertex -0.1105 0.00215704 -0.0110621
      endloop
   endfacet
   facet normal 5.24674e-17 0.856857 -0.515554
      outer loop
         vertex -0.097 0.00242943 -0.0104733
         vertex -0.097 0.00227727 -0.0107603
         vertex -0.1105 0.00227727 -0.0107603
      endloop
   endfacet
   facet normal 4.87466e-17 0.796093 -0.605174
      outer loop
         vertex -0.097 0.00261172 -0.0102045
         vertex -0.097 0.00242943 -0.0104733
         vertex -0.1105 0.00242943 -0.0104733
      endloop
   endfacet
   facet normal 4.44544e-17 0.725995 -0.687699
      outer loop
         vertex -0.097 0.00282201 -0.0099569
         vertex -0.097 0.00261172 -0.0102045
         vertex -0.1105 0.00261172 -0.0102045
      endloop
   endfacet
   facet normal 3.9641e-17 0.647386 -0.762162
      outer loop
         vertex -0.097 0.00305784 -0.00973351
         vertex -0.097 0.00282201 -0.0099569
         vertex -0.1105 0.00282201 -0.0099569
      endloop
   endfacet
   facet normal 3.43628e-17 0.561187 -0.827689
      outer loop
         vertex -0.097 0.00331644 -0.00953693
         vertex -0.097 0.00305784 -0.00973351
         vertex -0.1105 0.00305784 -0.00973351
      endloop
   endfacet
   facet normal 2.86817e-17 0.468408 -0.883512
      outer loop
         vertex -0.097 0.00359477 -0.00936946
         vertex -0.097 0.00331644 -0.00953693
         vertex -0.1105 0.00331644 -0.00953693
      endloop
   endfacet
   facet normal 2.26644e-17 0.370138 -0.928977
      outer loop
         vertex -0.097 0.00388959 -0.00923307
         vertex -0.097 0.00359477 -0.00936946
         vertex -0.1105 0.00359477 -0.00936946
      endloop
   endfacet
   facet normal 1.63814e-17 0.267528 -0.96355
      outer loop
         vertex -0.097 0.00419741 -0.00912935
         vertex -0.097 0.00388959 -0.00923307
         vertex -0.1105 0.00388959 -0.00923307
      endloop
   endfacet
   facet normal 9.90629e-18 0.161782 -0.986827
      outer loop
         vertex -0.097 0.00451465 -0.00905952
         vertex -0.097 0.00419741 -0.00912935
         vertex -0.1105 0.00419741 -0.00912935
      endloop
   endfacet
   facet normal 3.31505e-18 0.0541389 -0.998533
      outer loop
         vertex -0.097 0.00483758 -0.0090244
         vertex -0.097 0.00451465 -0.00905952
         vertex -0.1105 0.00451465 -0.00905952
      endloop
   endfacet
   facet normal 0 5.64666e-16 -1
      outer loop
         vertex -0.1105 0.005 -0.00902
         vertex -0.1105 0.00516242 -0.0090244
         vertex -0.097 0.00516242 -0.0090244
      endloop
   endfacet
   facet normal -9.90629e-18 -0.161782 -0.986827
      outer loop
         vertex -0.097 0.00548535 -0.00905952
         vertex -0.097 0.00516242 -0.0090244
         vertex -0.1105 0.00516242 -0.0090244
      endloop
   endfacet
   facet normal -1.63814e-17 -0.267528 -0.96355
      outer loop
         vertex -0.097 0.00580259 -0.00912935
         vertex -0.097 0.00548535 -0.00905952
         vertex -0.1105 0.00548535 -0.00905952
      endloop
   endfacet
   facet normal -2.26644e-17 -0.370138 -0.928977
      outer loop
         vertex -0.097 0.00611041 -0.00923307
         vertex -0.097 0.00580259 -0.00912935
         vertex -0.1105 0.00580259 -0.00912935
      endloop
   endfacet
   facet normal -2.86817e-17 -0.468408 -0.883512
      outer loop
         vertex -0.097 0.00640523 -0.00936946
         vertex -0.097 0.00611041 -0.00923307
         vertex -0.1105 0.00611041 -0.00923307
      endloop
   endfacet
   facet normal -3.43628e-17 -0.561187 -0.827689
      outer loop
         vertex -0.097 0.00668356 -0.00953693
         vertex -0.097 0.00640523 -0.00936946
         vertex -0.1105 0.00640523 -0.00936946
      endloop
   endfacet
   facet normal -3.9641e-17 -0.647386 -0.762162
      outer loop
         vertex -0.097 0.00694216 -0.00973351
         vertex -0.097 0.00668356 -0.00953693
         vertex -0.1105 0.00668356 -0.00953693
      endloop
   endfacet
   facet normal -4.44544e-17 -0.725995 -0.687699
      outer loop
         vertex -0.097 0.00717799 -0.0099569
         vertex -0.097 0.00694216 -0.00973351
         vertex -0.1105 0.00694216 -0.00973351
      endloop
   endfacet
   facet normal -4.87466e-17 -0.796093 -0.605174
      outer loop
         vertex -0.097 0.00738828 -0.0102045
         vertex -0.097 0.00717799 -0.0099569
         vertex -0.1105 0.00717799 -0.0099569
      endloop
   endfacet
   facet normal -5.24674e-17 -0.856857 -0.515554
      outer loop
         vertex -0.097 0.00757057 -0.0104733
         vertex -0.097 0.00738828 -0.0102045
         vertex -0.1105 0.00738828 -0.0102045
      endloop
   endfacet
   facet normal -5.5573e-17 -0.907575 -0.419889
      outer loop
         vertex -0.097 0.00772273 -0.0107603
         vertex -0.097 0.00757057 -0.0104733
         vertex -0.1105 0.00757057 -0.0104733
      endloop
   endfacet
   facet normal -5.8027e-17 -0.947653 -0.319302
      outer loop
         vertex -0.097 0.00784296 -0.0110621
         vertex -0.097 0.00772273 -0.0107603
         vertex -0.1105 0.00772273 -0.0107603
      endloop
   endfacet
   facet normal -5.98008e-17 -0.976621 -0.21497
      outer loop
         vertex -0.097 0.00792986 -0.0113751
         vertex -0.097 0.00784296 -0.0110621
         vertex -0.1105 0.00784296 -0.0110621
      endloop
   endfacet
   facet normal -6.08734e-17 -0.994138 -0.108119
      outer loop
         vertex -0.097 0.00798241 -0.0116956
         vertex -0.097 0.00792986 -0.0113751
         vertex -0.1105 0.00792986 -0.0113751
      endloop
   endfacet
   facet normal -6.12323e-17 -1 -1.22465e-16
      outer loop
         vertex -0.097 0.008 -0.01202
         vertex -0.097 0.00798241 -0.0116956
         vertex -0.1105 0.00798241 -0.0116956
      endloop
   endfacet
   facet normal -6.08734e-17 -0.994138 0.108119
      outer loop
         vertex -0.097 0.00798241 -0.0123444
         vertex -0.097 0.008 -0.01202
         vertex -0.1105 0.008 -0.01202
      endloop
   endfacet
   facet normal -5.98008e-17 -0.976621 0.21497
      outer loop
         vertex -0.097 0.00792986 -0.0126649
         vertex -0.097 0.00798241 -0.0123444
         vertex -0.1105 0.00798241 -0.0123444
      endloop
   endfacet
   facet normal -5.8027e-17 -0.947653 0.319302
      outer loop
         vertex -0.097 0.00784296 -0.0129779
         vertex -0.097 0.00792986 -0.0126649
         vertex -0.1105 0.00792986 -0.0126649
      endloop
   endfacet
   facet normal -5.5573e-17 -0.907575 0.419889
      outer loop
         vertex -0.097 0.00772273 -0.0132797
         vertex -0.097 0.00784296 -0.0129779
         vertex -0.1105 0.00784296 -0.0129779
      endloop
   endfacet
   facet normal -5.24674e-17 -0.856857 0.515554
      outer loop
         vertex -0.097 0.00757057 -0.0135667
         vertex -0.097 0.00772273 -0.0132797
         vertex -0.1105 0.00772273 -0.0132797
      endloop
   endfacet
   facet normal -4.87466e-17 -0.796093 0.605174
      outer loop
         vertex -0.097 0.00738828 -0.0138355
         vertex -0.097 0.00757057 -0.0135667
         vertex -0.1105 0.00757057 -0.0135667
      endloop
   endfacet
   facet normal -4.44544e-17 -0.725995 0.687699
      outer loop
         vertex -0.097 0.00717799 -0.0140831
         vertex -0.097 0.00738828 -0.0138355
         vertex -0.1105 0.00738828 -0.0138355
      endloop
   endfacet
   facet normal -3.9641e-17 -0.647386 0.762162
      outer loop
         vertex -0.097 0.00694216 -0.0143065
         vertex -0.097 0.00717799 -0.0140831
         vertex -0.1105 0.00717799 -0.0140831
      endloop
   endfacet
   facet normal -3.43628e-17 -0.561187 0.827689
      outer loop
         vertex -0.097 0.00668356 -0.0145031
         vertex -0.097 0.00694216 -0.0143065
         vertex -0.1105 0.00694216 -0.0143065
      endloop
   endfacet
   facet normal -2.86817e-17 -0.468408 0.883512
      outer loop
         vertex -0.097 0.00640523 -0.0146705
         vertex -0.097 0.00668356 -0.0145031
         vertex -0.1105 0.00668356 -0.0145031
      endloop
   endfacet
   facet normal -2.26644e-17 -0.370138 0.928977
      outer loop
         vertex -0.097 0.00611041 -0.0148069
         vertex -0.097 0.00640523 -0.0146705
         vertex -0.1105 0.00640523 -0.0146705
      endloop
   endfacet
   facet normal -1.63814e-17 -0.267528 0.96355
      outer loop
         vertex -0.097 0.00580259 -0.0149106
         vertex -0.097 0.00611041 -0.0148069
         vertex -0.1105 0.00611041 -0.0148069
      endloop
   endfacet
   facet normal -9.90629e-18 -0.161782 0.986827
      outer loop
         vertex -0.097 0.00548535 -0.0149805
         vertex -0.097 0.00580259 -0.0149106
         vertex -0.1105 0.00580259 -0.0149106
      endloop
   endfacet
   facet normal -3.31505e-18 -0.0541389 0.998533
      outer loop
         vertex -0.097 0.00516242 -0.0150156
         vertex -0.097 0.00548535 -0.0149805
         vertex -0.1105 0.00548535 -0.0149805
      endloop
   endfacet
   facet normal 3.31505e-18 0.0541389 0.998533
      outer loop
         vertex -0.097 0.00483758 -0.0150156
         vertex -0.097 0.00516242 -0.0150156
         vertex -0.1105 0.00516242 -0.0150156
      endloop
   endfacet
   facet normal 9.90629e-18 0.161782 0.986827
      outer loop
         vertex -0.097 0.00451465 -0.0149805
         vertex -0.097 0.00483758 -0.0150156
         vertex -0.1105 0.00483758 -0.0150156
      endloop
   endfacet
   facet normal 1.63814e-17 0.267528 0.96355
      outer loop
         vertex -0.097 0.00419741 -0.0149106
         vertex -0.097 0.00451465 -0.0149805
         vertex -0.1105 0.00451465 -0.0149805
      endloop
   endfacet
   facet normal 2.26644e-17 0.370138 0.928977
      outer loop
         vertex -0.097 0.00388959 -0.0148069
         vertex -0.097 0.00419741 -0.0149106
         vertex -0.1105 0.00419741 -0.0149106
      endloop
   endfacet
   facet normal 2.86817e-17 0.468408 0.883512
      outer loop
         vertex -0.097 0.00359477 -0.0146705
         vertex -0.097 0.00388959 -0.0148069
         vertex -0.1105 0.00388959 -0.0148069
      endloop
   endfacet
   facet normal 3.43628e-17 0.561187 0.827689
      outer loop
         vertex -0.097 0.00331644 -0.0145031
         vertex -0.097 0.00359477 -0.0146705
         vertex -0.1105 0.00359477 -0.0146705
      endloop
   endfacet
   facet normal 3.9641e-17 0.647386 0.762162
      outer loop
         vertex -0.097 0.00305784 -0.0143065
         vertex -0.097 0.00331644 -0.0145031
         vertex -0.1105 0.00331644 -0.0145031
      endloop
   endfacet
   facet normal 4.44544e-17 0.725995 0.687699
      outer loop
         vertex -0.097 0.00282201 -0.0140831
         vertex -0.097 0.00305784 -0.0143065
         vertex -0.1105 0.00305784 -0.0143065
      endloop
   endfacet
   facet normal 4.87466e-17 0.796093 0.605174
      outer loop
         vertex -0.097 0.00261172 -0.0138355
         vertex -0.097 0.00282201 -0.0140831
         vertex -0.1105 0.00282201 -0.0140831
      endloop
   endfacet
   facet normal 5.24674e-17 0.856857 0.515554
      outer loop
         vertex -0.097 0.00242943 -0.0135667
         vertex -0.097 0.00261172 -0.0138355
         vertex -0.1105 0.00261172 -0.0138355
      endloop
   endfacet
   facet normal 5.5573e-17 0.907575 0.419889
      outer loop
         vertex -0.097 0.00227727 -0.0132797
         vertex -0.097 0.00242943 -0.0135667
         vertex -0.1105 0.00242943 -0.0135667
      endloop
   endfacet
   facet normal 5.8027e-17 0.947653 0.319302
      outer loop
         vertex -0.097 0.00215704 -0.0129779
         vertex -0.097 0.00227727 -0.0132797
         vertex -0.1105 0.00227727 -0.0132797
      endloop
   endfacet
   facet normal 5.98008e-17 0.976621 0.21497
      outer loop
         vertex -0.097 0.00207014 -0.0126649
         vertex -0.097 0.00215704 -0.0129779
         vertex -0.1105 0.00215704 -0.0129779
      endloop
   endfacet
   facet normal 6.08734e-17 0.994138 0.108119
      outer loop
         vertex -0.097 0.00201759 -0.0123444
         vertex -0.097 0.00207014 -0.0126649
         vertex -0.1105 0.00207014 -0.0126649
      endloop
   endfacet
   facet normal 6.12323e-17 1 2.44929e-16
      outer loop
         vertex -0.097 0.002 -0.01202
         vertex -0.097 0.00201759 -0.0123444
         vertex -0.1105 0.00201759 -0.0123444
      endloop
   endfacet
   facet normal -1 6.12323e-17 0
      outer loop
         vertex -0.097 0.00483758 -0.0090244
         vertex -0.097 0.00492421 -0.0106221
         vertex -0.097 0.00477351 -0.0106384
      endloop
   endfacet
   facet normal -1 6.12323e-17 0
      outer loop
         vertex -0.097 0.00483758 -0.0090244
         vertex -0.097 0.00516242 -0.0090244
         vertex -0.097 0.00507579 -0.0106221
      endloop
   endfacet
   facet normal -1 6.12323e-17 0
      outer loop
         vertex -0.097 0.00507579 -0.0106221
         vertex -0.097 0.00492421 -0.0106221
         vertex -0.097 0.00483758 -0.0090244
      endloop
   endfacet
   facet normal -1 6.12323e-17 0
      outer loop
         vertex -0.097 0.00516242 -0.0090244
         vertex -0.097 0.00548535 -0.00905952
         vertex -0.097 0.00522649 -0.0106384
      endloop
   endfacet
   facet normal -1 6.12323e-17 0
      outer loop
         vertex -0.097 0.00419741 -0.00912935
         vertex -0.097 0.00462546 -0.010671
         vertex -0.097 0.00448181 -0.0107194
      endloop
   endfacet
   facet normal -1 6.12323e-17 0
      outer loop
         vertex -0.097 0.00451465 -0.00905952
         vertex -0.097 0.00477351 -0.0106384
         vertex -0.097 0.00462546 -0.010671
      endloop
   endfacet
   facet normal -1 6.12323e-17 0
      outer loop
         vertex -0.097 0.00522649 -0.0106384
         vertex -0.097 0.00507579 -0.0106221
         vertex -0.097 0.00516242 -0.0090244
      endloop
   endfacet
   facet normal -1 6.12323e-17 0
      outer loop
         vertex -0.097 0.00548535 -0.00905952
         vertex -0.097 0.00580259 -0.00912935
         vertex -0.097 0.00537454 -0.010671
      endloop
   endfacet
   facet normal -1 6.12323e-17 0
      outer loop
         vertex -0.097 0.00207014 -0.0113751
         vertex -0.097 0.00363273 -0.011719
         vertex -0.097 0.00360821 -0.0118686
      endloop
   endfacet
   facet normal -1 6.12323e-17 0
      outer loop
         vertex -0.097 0.00207014 -0.0113751
         vertex -0.097 0.00215704 -0.0110621
         vertex -0.097 0.00367329 -0.011573
      endloop
   endfacet
   facet normal -1 6.12323e-17 0
      outer loop
         vertex -0.097 0.00242943 -0.0104733
         vertex -0.097 0.0038004 -0.0112982
         vertex -0.097 0.00372939 -0.0114322
      endloop
   endfacet
   facet normal -1 6.12323e-17 0
      outer loop
         vertex -0.097 0.00242943 -0.0104733
         vertex -0.097 0.00261172 -0.0102045
         vertex -0.097 0.00388547 -0.0111728
      endloop
   endfacet
   facet normal -1 6.12323e-17 0
      outer loop
         vertex -0.097 0.00331644 -0.00953693
         vertex -0.097 0.00421434 -0.0108612
         vertex -0.097 0.00409366 -0.010953
      endloop
   endfacet
   facet normal -1 6.12323e-17 0
      outer loop
         vertex -0.097 0.00331644 -0.00953693
         vertex -0.097 0.00359477 -0.00936946
         vertex -0.097 0.00434423 -0.0107831
      endloop
   endfacet
   facet normal -1 6.12323e-17 0
      outer loop
         vertex -0.097 0.00462546 -0.010671
         vertex -0.097 0.00419741 -0.00912935
         vertex -0.097 0.00451465 -0.00905952
      endloop
   endfacet
   facet normal -1 6.12323e-17 0
      outer loop
         vertex -0.097 0.00537454 -0.010671
         vertex -0.097 0.00522649 -0.0106384
         vertex -0.097 0.00548535 -0.00905952
      endloop
   endfacet
   facet normal -1 6.12323e-17 0
      outer loop
         vertex -0.097 0.00516242 -0.0150156
         vertex -0.097 0.00507579 -0.0134179
         vertex -0.097 0.00522649 -0.0134016
      endloop
   endfacet
   facet normal -1 6.12323e-17 0
      outer loop
         vertex -0.097 0.00483758 -0.0150156
         vertex -0.097 0.00492421 -0.0134179
         vertex -0.097 0.00507579 -0.0134179
      endloop
   endfacet
   facet normal -1 6.12323e-17 0
      outer loop
         vertex -0.097 0.00201759 -0.0116956
         vertex -0.097 0.00360821 -0.0118686
         vertex -0.097 0.0036 -0.01202
      endloop
   endfacet
   facet normal -1 6.12323e-17 0
      outer loop
         vertex -0.097 0.00367329 -0.011573
         vertex -0.097 0.00363273 -0.011719
         vertex -0.097 0.00207014 -0.0113751
      endloop
   endfacet
   facet normal -1 6.12323e-17 0
      outer loop
         vertex -0.097 0.00388547 -0.0111728
         vertex -0.097 0.0038004 -0.0112982
         vertex -0.097 0.00242943 -0.0104733
      endloop
   endfacet
   facet normal -1 6.12323e-17 0
      outer loop
         vertex -0.097 0.00261172 -0.0102045
         vertex -0.097 0.00282201 -0.0099569
         vertex -0.097 0.00398361 -0.0110572
      endloop
   endfacet
   facet normal -1 6.12323e-17 0
      outer loop
         vertex -0.097 0.00434423 -0.0107831
         vertex -0.097 0.00421434 -0.0108612
         vertex -0.097 0.00331644 -0.00953693
      endloop
   endfacet
   facet normal -1 6.12323e-17 0
      outer loop
         vertex -0.097 0.00359477 -0.00936946
         vertex -0.097 0.00388959 -0.00923307
         vertex -0.097 0.00448181 -0.0107194
      endloop
   endfacet
   facet normal -1 6.12323e-17 0
      outer loop
         vertex -0.097 0.00477351 -0.0106384
         vertex -0.097 0.00451465 -0.00905952
         vertex -0.097 0.00483758 -0.0090244
      endloop
   endfacet
   facet normal -1 6.12323e-17 0
      outer loop
         vertex -0.097 0.00580259 -0.00912935
         vertex -0.097 0.00611041 -0.00923307
         vertex -0.097 0.00551819 -0.0107194
      endloop
   endfacet
   facet normal -1 6.12323e-17 0
      outer loop
         vertex -0.097 0.00668356 -0.00953693
         vertex -0.097 0.00578566 -0.0108612
         vertex -0.097 0.00565577 -0.0107831
      endloop
   endfacet
   facet normal -1 6.12323e-17 0
      outer loop
         vertex -0.097 0.00668356 -0.00953693
         vertex -0.097 0.00694216 -0.00973351
         vertex -0.097 0.00590634 -0.010953
      endloop
   endfacet
   facet normal -1 6.12323e-17 0
      outer loop
         vertex -0.097 0.00507579 -0.0134179
         vertex -0.097 0.00516242 -0.0150156
         vertex -0.097 0.00483758 -0.0150156
      endloop
   endfacet
   facet normal -1 6.12323e-17 0
      outer loop
         vertex -0.097 0.00483758 -0.0150156
         vertex -0.097 0.00451465 -0.0149805
         vertex -0.097 0.00477351 -0.0134016
      endloop
   endfacet
   facet normal -1 6.12323e-17 0
      outer loop
         vertex -0.097 0.00360821 -0.0118686
         vertex -0.097 0.00201759 -0.0116956
         vertex -0.097 0.00207014 -0.0113751
      endloop
   endfacet
   facet normal -1 6.12323e-17 0
      outer loop
         vertex -0.097 0.00215704 -0.0110621
         vertex -0.097 0.00227727 -0.0107603
         vertex -0.097 0.00372939 -0.0114322
      endloop
   endfacet
   facet normal -1 6.12323e-17 0
      outer loop
         vertex -0.097 0.00398361 -0.0110572
         vertex -0.097 0.00388547 -0.0111728
         vertex -0.097 0.00261172 -0.0102045
      endloop
   endfacet
   facet normal -1 6.12323e-17 0
      outer loop
         vertex -0.097 0.00282201 -0.0099569
         vertex -0.097 0.00305784 -0.00973351
         vertex -0.097 0.00409366 -0.010953
      endloop
   endfacet
   facet normal -1 6.12323e-17 0
      outer loop
         vertex -0.097 0.00448181 -0.0107194
         vertex -0.097 0.00434423 -0.0107831
         vertex -0.097 0.00359477 -0.00936946
      endloop
   endfacet
   facet normal -1 6.12323e-17 0
      outer loop
         vertex -0.097 0.00551819 -0.0107194
         vertex -0.097 0.00537454 -0.010671
         vertex -0.097 0.00580259 -0.00912935
      endloop
   endfacet
   facet normal -1 6.12323e-17 0
      outer loop
         vertex -0.097 0.00640523 -0.00936946
         vertex -0.097 0.00565577 -0.0107831
         vertex -0.097 0.00551819 -0.0107194
      endloop
   endfacet
   facet normal -1 6.12323e-17 0
      outer loop
         vertex -0.097 0.00590634 -0.010953
         vertex -0.097 0.00578566 -0.0108612
         vertex -0.097 0.00668356 -0.00953693
      endloop
   endfacet
   facet normal -1 6.12323e-17 0
      outer loop
         vertex -0.097 0.00792986 -0.0113751
         vertex -0.097 0.00636727 -0.011719
         vertex -0.097 0.00632671 -0.011573
      endloop
   endfacet
   facet normal -1 6.12323e-17 0
      outer loop
         vertex -0.097 0.00792986 -0.0113751
         vertex -0.097 0.00798241 -0.0116956
         vertex -0.097 0.00639179 -0.0118686
      endloop
   endfacet
   facet normal -1 6.12323e-17 0
      outer loop
         vertex -0.097 0.00792986 -0.0126649
         vertex -0.097 0.00636727 -0.012321
         vertex -0.097 0.00639179 -0.0121714
      endloop
   endfacet
   facet normal -1 6.12323e-17 0
      outer loop
         vertex -0.097 0.00792986 -0.0126649
         vertex -0.097 0.00784296 -0.0129779
         vertex -0.097 0.00632671 -0.012467
      endloop
   endfacet
   facet normal -1 6.12323e-17 0
      outer loop
         vertex -0.097 0.00611041 -0.0148069
         vertex -0.097 0.00551819 -0.0133206
         vertex -0.097 0.00565577 -0.0132569
      endloop
   endfacet
   facet normal -1 6.12323e-17 0
      outer loop
         vertex -0.097 0.00580259 -0.0149106
         vertex -0.097 0.00537454 -0.013369
         vertex -0.097 0.00551819 -0.0133206
      endloop
   endfacet
   facet normal -1 6.12323e-17 0
      outer loop
         vertex -0.097 0.00548535 -0.0149805
         vertex -0.097 0.00522649 -0.0134016
         vertex -0.097 0.00537454 -0.013369
      endloop
   endfacet
   facet normal -1 6.12323e-17 0
      outer loop
         vertex -0.097 0.00477351 -0.0134016
         vertex -0.097 0.00492421 -0.0134179
         vertex -0.097 0.00483758 -0.0150156
      endloop
   endfacet
   facet normal -1 6.12323e-17 0
      outer loop
         vertex -0.097 0.00451465 -0.0149805
         vertex -0.097 0.00419741 -0.0149106
         vertex -0.097 0.00462546 -0.013369
      endloop
   endfacet
   facet normal -1 6.12323e-17 0
      outer loop
         vertex -0.097 0.00419741 -0.0149106
         vertex -0.097 0.00388959 -0.0148069
         vertex -0.097 0.00448181 -0.0133206
      endloop
   endfacet
   facet normal -1 6.12323e-17 0
      outer loop
         vertex -0.097 0.00261172 -0.0138355
         vertex -0.097 0.00388547 -0.0128672
         vertex -0.097 0.00398361 -0.0129828
      endloop
   endfacet
   facet normal -1 6.12323e-17 0
      outer loop
         vertex -0.097 0.00261172 -0.0138355
         vertex -0.097 0.00242943 -0.0135667
         vertex -0.097 0.0038004 -0.0127418
      endloop
   endfacet
   facet normal -1 6.12323e-17 0
      outer loop
         vertex -0.097 0.00372939 -0.0114322
         vertex -0.097 0.00367329 -0.011573
         vertex -0.097 0.00215704 -0.0110621
      endloop
   endfacet
   facet normal -1 6.12323e-17 0
      outer loop
         vertex -0.097 0.00409366 -0.010953
         vertex -0.097 0.00398361 -0.0110572
         vertex -0.097 0.00282201 -0.0099569
      endloop
   endfacet
   facet normal -1 6.12323e-17 0
      outer loop
         vertex -0.097 0.00448181 -0.0107194
         vertex -0.097 0.00388959 -0.00923307
         vertex -0.097 0.00419741 -0.00912935
      endloop
   endfacet
   facet normal -1 6.12323e-17 0
      outer loop
         vertex -0.097 0.00565577 -0.0107831
         vertex -0.097 0.00640523 -0.00936946
         vertex -0.097 0.00668356 -0.00953693
      endloop
   endfacet
   facet normal -1 6.12323e-17 0
      outer loop
         vertex -0.097 0.00738828 -0.0102045
         vertex -0.097 0.00611453 -0.0111728
         vertex -0.097 0.00601639 -0.0110572
      endloop
   endfacet
   facet normal -1 6.12323e-17 0
      outer loop
         vertex -0.097 0.00738828 -0.0102045
         vertex -0.097 0.00757057 -0.0104733
         vertex -0.097 0.0061996 -0.0112982
      endloop
   endfacet
   facet normal -1 6.12323e-17 0
      outer loop
         vertex -0.097 0.00772273 -0.0107603
         vertex -0.097 0.00627061 -0.0114322
         vertex -0.097 0.0061996 -0.0112982
      endloop
   endfacet
   facet normal -1 6.12323e-17 0
      outer loop
         vertex -0.097 0.00784296 -0.0110621
         vertex -0.097 0.00632671 -0.011573
         vertex -0.097 0.00627061 -0.0114322
      endloop
   endfacet
   facet normal -1 6.12323e-17 0
      outer loop
         vertex -0.097 0.00639179 -0.0118686
         vertex -0.097 0.00636727 -0.011719
         vertex -0.097 0.00792986 -0.0113751
      endloop
   endfacet
   facet normal -1 6.12323e-17 0
      outer loop
         vertex -0.097 0.00798241 -0.0116956
         vertex -0.097 0.008 -0.01202
         vertex -0.097 0.0064 -0.01202
      endloop
   endfacet
   facet normal -1 6.12323e-17 0
      outer loop
         vertex -0.097 0.00798241 -0.0123444
         vertex -0.097 0.00639179 -0.0121714
         vertex -0.097 0.0064 -0.01202
      endloop
   endfacet
   facet normal -1 6.12323e-17 0
      outer loop
         vertex -0.097 0.00632671 -0.012467
         vertex -0.097 0.00636727 -0.012321
         vertex -0.097 0.00792986 -0.0126649
      endloop
   endfacet
   facet normal -1 6.12323e-17 0
      outer loop
         vertex -0.097 0.00784296 -0.0129779
         vertex -0.097 0.00772273 -0.0132797
         vertex -0.097 0.00627061 -0.0126078
      endloop
   endfacet
   facet normal -1 6.12323e-17 0
      outer loop
         vertex -0.097 0.00772273 -0.0132797
         vertex -0.097 0.00757057 -0.0135667
         vertex -0.097 0.0061996 -0.0127418
      endloop
   endfacet
   facet normal -1 6.12323e-17 0
      outer loop
         vertex -0.097 0.00640523 -0.0146705
         vertex -0.097 0.00565577 -0.0132569
         vertex -0.097 0.00578566 -0.0131788
      endloop
   endfacet
   facet normal -1 6.12323e-17 0
      outer loop
         vertex -0.097 0.00551819 -0.0133206
         vertex -0.097 0.00611041 -0.0148069
         vertex -0.097 0.00580259 -0.0149106
      endloop
   endfacet
   facet normal -1 6.12323e-17 0
      outer loop
         vertex -0.097 0.00522649 -0.0134016
         vertex -0.097 0.00548535 -0.0149805
         vertex -0.097 0.00516242 -0.0150156
      endloop
   endfacet
   facet normal -1 6.12323e-17 0
      outer loop
         vertex -0.097 0.00448181 -0.0133206
         vertex -0.097 0.00462546 -0.013369
         vertex -0.097 0.00419741 -0.0149106
      endloop
   endfacet
   facet normal -1 6.12323e-17 0
      outer loop
         vertex -0.097 0.00282201 -0.0140831
         vertex -0.097 0.00398361 -0.0129828
         vertex -0.097 0.00409366 -0.013087
      endloop
   endfacet
   facet normal -1 6.12323e-17 0
      outer loop
         vertex -0.097 0.0038004 -0.0127418
         vertex -0.097 0.00388547 -0.0128672
         vertex -0.097 0.00261172 -0.0138355
      endloop
   endfacet
   facet normal -1 6.12323e-17 0
      outer loop
         vertex -0.097 0.00207014 -0.0126649
         vertex -0.097 0.00363273 -0.012321
         vertex -0.097 0.00367329 -0.012467
      endloop
   endfacet
   facet normal -1 6.12323e-17 0
      outer loop
         vertex -0.097 0.00207014 -0.0126649
         vertex -0.097 0.00201759 -0.0123444
         vertex -0.097 0.00360821 -0.0121714
      endloop
   endfacet
   facet normal -1 6.12323e-17 0
      outer loop
         vertex -0.097 0.00372939 -0.0114322
         vertex -0.097 0.00227727 -0.0107603
         vertex -0.097 0.00242943 -0.0104733
      endloop
   endfacet
   facet normal -1 6.12323e-17 0
      outer loop
         vertex -0.097 0.00551819 -0.0107194
         vertex -0.097 0.00611041 -0.00923307
         vertex -0.097 0.00640523 -0.00936946
      endloop
   endfacet
   facet normal -1 6.12323e-17 0
      outer loop
         vertex -0.097 0.00717799 -0.0099569
         vertex -0.097 0.00601639 -0.0110572
         vertex -0.097 0.00590634 -0.010953
      endloop
   endfacet
   facet normal -1 6.12323e-17 0
      outer loop
         vertex -0.097 0.0061996 -0.0112982
         vertex -0.097 0.00611453 -0.0111728
         vertex -0.097 0.00738828 -0.0102045
      endloop
   endfacet
   facet normal -1 6.12323e-17 0
      outer loop
         vertex -0.097 0.00627061 -0.0114322
         vertex -0.097 0.00772273 -0.0107603
         vertex -0.097 0.00784296 -0.0110621
      endloop
   endfacet
   facet normal -1 6.12323e-17 0
      outer loop
         vertex -0.097 0.0064 -0.01202
         vertex -0.097 0.00639179 -0.0118686
         vertex -0.097 0.00798241 -0.0116956
      endloop
   endfacet
   facet normal -1 6.12323e-17 0
      outer loop
         vertex -0.097 0.00639179 -0.0121714
         vertex -0.097 0.00798241 -0.0123444
         vertex -0.097 0.00792986 -0.0126649
      endloop
   endfacet
   facet normal -1 6.12323e-17 0
      outer loop
         vertex -0.097 0.0061996 -0.0127418
         vertex -0.097 0.00627061 -0.0126078
         vertex -0.097 0.00772273 -0.0132797
      endloop
   endfacet
   facet normal -1 6.12323e-17 0
      outer loop
         vertex -0.097 0.00694216 -0.0143065
         vertex -0.097 0.00590634 -0.013087
         vertex -0.097 0.00601639 -0.0129828
      endloop
   endfacet
   facet normal -1 6.12323e-17 0
      outer loop
         vertex -0.097 0.00694216 -0.0143065
         vertex -0.097 0.00668356 -0.0145031
         vertex -0.097 0.00578566 -0.0131788
      endloop
   endfacet
   facet normal -1 6.12323e-17 0
      outer loop
         vertex -0.097 0.00565577 -0.0132569
         vertex -0.097 0.00640523 -0.0146705
         vertex -0.097 0.00611041 -0.0148069
      endloop
   endfacet
   facet normal -1 6.12323e-17 0
      outer loop
         vertex -0.097 0.00462546 -0.013369
         vertex -0.097 0.00477351 -0.0134016
         vertex -0.097 0.00451465 -0.0149805
      endloop
   endfacet
   facet normal -1 6.12323e-17 0
      outer loop
         vertex -0.097 0.00398361 -0.0129828
         vertex -0.097 0.00282201 -0.0140831
         vertex -0.097 0.00261172 -0.0138355
      endloop
   endfacet
   facet normal -1 6.12323e-17 0
      outer loop
         vertex -0.097 0.00227727 -0.0132797
         vertex -0.097 0.00372939 -0.0126078
         vertex -0.097 0.0038004 -0.0127418
      endloop
   endfacet
   facet normal -1 6.12323e-17 0
      outer loop
         vertex -0.097 0.00215704 -0.0129779
         vertex -0.097 0.00367329 -0.012467
         vertex -0.097 0.00372939 -0.0126078
      endloop
   endfacet
   facet normal -1 6.12323e-17 0
      outer loop
         vertex -0.097 0.00360821 -0.0121714
         vertex -0.097 0.00363273 -0.012321
         vertex -0.097 0.00207014 -0.0126649
      endloop
   endfacet
   facet normal -1 6.12323e-17 0
      outer loop
         vertex -0.097 0.00409366 -0.010953
         vertex -0.097 0.00305784 -0.00973351
         vertex -0.097 0.00331644 -0.00953693
      endloop
   endfacet
   facet normal -1 6.12323e-17 0
      outer loop
         vertex -0.097 0.00601639 -0.0110572
         vertex -0.097 0.00717799 -0.0099569
         vertex -0.097 0.00738828 -0.0102045
      endloop
   endfacet
   facet normal -1 6.12323e-17 0
      outer loop
         vertex -0.097 0.00632671 -0.011573
         vertex -0.097 0.00784296 -0.0110621
         vertex -0.097 0.00792986 -0.0113751
      endloop
   endfacet
   facet normal -1 6.12323e-17 0
      outer loop
         vertex -0.097 0.00627061 -0.0126078
         vertex -0.097 0.00632671 -0.012467
         vertex -0.097 0.00784296 -0.0129779
      endloop
   endfacet
   facet normal -1 6.12323e-17 0
      outer loop
         vertex -0.097 0.00738828 -0.0138355
         vertex -0.097 0.00611453 -0.0128672
         vertex -0.097 0.0061996 -0.0127418
      endloop
   endfacet
   facet normal -1 6.12323e-17 0
      outer loop
         vertex -0.097 0.00738828 -0.0138355
         vertex -0.097 0.00717799 -0.0140831
         vertex -0.097 0.00601639 -0.0129828
      endloop
   endfacet
   facet normal -1 6.12323e-17 0
      outer loop
         vertex -0.097 0.00578566 -0.0131788
         vertex -0.097 0.00590634 -0.013087
         vertex -0.097 0.00694216 -0.0143065
      endloop
   endfacet
   facet normal -1 6.12323e-17 0
      outer loop
         vertex -0.097 0.00537454 -0.013369
         vertex -0.097 0.00580259 -0.0149106
         vertex -0.097 0.00548535 -0.0149805
      endloop
   endfacet
   facet normal -1 6.12323e-17 0
      outer loop
         vertex -0.097 0.00359477 -0.0146705
         vertex -0.097 0.00434423 -0.0132569
         vertex -0.097 0.00448181 -0.0133206
      endloop
   endfacet
   facet normal -1 6.12323e-17 0
      outer loop
         vertex -0.097 0.00359477 -0.0146705
         vertex -0.097 0.00331644 -0.0145031
         vertex -0.097 0.00421434 -0.0131788
      endloop
   endfacet
   facet normal -1 6.12323e-17 0
      outer loop
         vertex -0.097 0.0038004 -0.0127418
         vertex -0.097 0.00242943 -0.0135667
         vertex -0.097 0.00227727 -0.0132797
      endloop
   endfacet
   facet normal -1 6.12323e-17 0
      outer loop
         vertex -0.097 0.00367329 -0.012467
         vertex -0.097 0.00215704 -0.0129779
         vertex -0.097 0.00207014 -0.0126649
      endloop
   endfacet
   facet normal -1 6.12323e-17 0
      outer loop
         vertex -0.097 0.00590634 -0.010953
         vertex -0.097 0.00694216 -0.00973351
         vertex -0.097 0.00717799 -0.0099569
      endloop
   endfacet
   facet normal -1 6.12323e-17 0
      outer loop
         vertex -0.097 0.0064 -0.01202
         vertex -0.097 0.008 -0.01202
         vertex -0.097 0.00798241 -0.0123444
      endloop
   endfacet
   facet normal -1 6.12323e-17 0
      outer loop
         vertex -0.097 0.00601639 -0.0129828
         vertex -0.097 0.00611453 -0.0128672
         vertex -0.097 0.00738828 -0.0138355
      endloop
   endfacet
   facet normal -1 6.12323e-17 0
      outer loop
         vertex -0.097 0.00578566 -0.0131788
         vertex -0.097 0.00668356 -0.0145031
         vertex -0.097 0.00640523 -0.0146705
      endloop
   endfacet
   facet normal -1 6.12323e-17 0
      outer loop
         vertex -0.097 0.00421434 -0.0131788
         vertex -0.097 0.00434423 -0.0132569
         vertex -0.097 0.00359477 -0.0146705
      endloop
   endfacet
   facet normal -1 6.12323e-17 0
      outer loop
         vertex -0.097 0.00331644 -0.0145031
         vertex -0.097 0.00305784 -0.0143065
         vertex -0.097 0.00409366 -0.013087
      endloop
   endfacet
   facet normal -1 6.12323e-17 0
      outer loop
         vertex -0.097 0.00372939 -0.0126078
         vertex -0.097 0.00227727 -0.0132797
         vertex -0.097 0.00215704 -0.0129779
      endloop
   endfacet
   facet normal -1 6.12323e-17 0
      outer loop
         vertex -0.097 0.00201759 -0.0123444
         vertex -0.097 0.002 -0.01202
         vertex -0.097 0.0036 -0.01202
      endloop
   endfacet
   facet normal -1 6.12323e-17 0
      outer loop
         vertex -0.097 0.0061996 -0.0112982
         vertex -0.097 0.00757057 -0.0104733
         vertex -0.097 0.00772273 -0.0107603
      endloop
   endfacet
   facet normal -1 6.12323e-17 0
      outer loop
         vertex -0.097 0.00601639 -0.0129828
         vertex -0.097 0.00717799 -0.0140831
         vertex -0.097 0.00694216 -0.0143065
      endloop
   endfacet
   facet normal -1 6.12323e-17 0
      outer loop
         vertex -0.097 0.00409366 -0.013087
         vertex -0.097 0.00421434 -0.0131788
         vertex -0.097 0.00331644 -0.0145031
      endloop
   endfacet
   facet normal -1 6.12323e-17 0
      outer loop
         vertex -0.097 0.0036 -0.01202
         vertex -0.097 0.00360821 -0.0121714
         vertex -0.097 0.00201759 -0.0123444
      endloop
   endfacet
   facet normal -1 6.12323e-17 0
      outer loop
         vertex -0.097 0.0061996 -0.0127418
         vertex -0.097 0.00757057 -0.0135667
         vertex -0.097 0.00738828 -0.0138355
      endloop
   endfacet
   facet normal -1 6.12323e-17 0
      outer loop
         vertex -0.097 0.00409366 -0.013087
         vertex -0.097 0.00305784 -0.0143065
         vertex -0.097 0.00282201 -0.0140831
      endloop
   endfacet
   facet normal -1 6.12323e-17 0
      outer loop
         vertex -0.097 0.00448181 -0.0133206
         vertex -0.097 0.00388959 -0.0148069
         vertex -0.097 0.00359477 -0.0146705
      endloop
   endfacet
   facet normal -1 6.12323e-17 0
      outer loop
         vertex -0.097 0.0036 -0.01202
         vertex -0.097 0.002 -0.01202
         vertex -0.097 0.00201759 -0.0116956
      endloop
   endfacet
   facet normal -6.08734e-17 -0.994138 0.108119
      outer loop
         vertex -0.0938 0.00639179 -0.0121714
         vertex -0.0938 0.0064 -0.01202
         vertex -0.097 0.0064 -0.01202
      endloop
   endfacet
   facet normal -5.98008e-17 -0.976621 0.21497
      outer loop
         vertex -0.0938 0.00636727 -0.012321
         vertex -0.0938 0.00639179 -0.0121714
         vertex -0.097 0.00639179 -0.0121714
      endloop
   endfacet
   facet normal -5.8027e-17 -0.947653 0.319302
      outer loop
         vertex -0.0938 0.00632671 -0.012467
         vertex -0.0938 0.00636727 -0.012321
         vertex -0.097 0.00636727 -0.012321
      endloop
   endfacet
   facet normal -5.5573e-17 -0.907575 0.419889
      outer loop
         vertex -0.0938 0.00627061 -0.0126078
         vertex -0.0938 0.00632671 -0.012467
         vertex -0.097 0.00632671 -0.012467
      endloop
   endfacet
   facet normal -5.24674e-17 -0.856857 0.515554
      outer loop
         vertex -0.0938 0.0061996 -0.0127418
         vertex -0.0938 0.00627061 -0.0126078
         vertex -0.097 0.00627061 -0.0126078
      endloop
   endfacet
   facet normal -4.87466e-17 -0.796093 0.605174
      outer loop
         vertex -0.0938 0.00611453 -0.0128672
         vertex -0.0938 0.0061996 -0.0127418
         vertex -0.097 0.0061996 -0.0127418
      endloop
   endfacet
   facet normal -4.44544e-17 -0.725995 0.687699
      outer loop
         vertex -0.0938 0.00601639 -0.0129828
         vertex -0.0938 0.00611453 -0.0128672
         vertex -0.097 0.00611453 -0.0128672
      endloop
   endfacet
   facet normal -3.9641e-17 -0.647386 0.762162
      outer loop
         vertex -0.0938 0.00590634 -0.013087
         vertex -0.0938 0.00601639 -0.0129828
         vertex -0.097 0.00601639 -0.0129828
      endloop
   endfacet
   facet normal -3.43628e-17 -0.561187 0.827689
      outer loop
         vertex -0.0938 0.00578566 -0.0131788
         vertex -0.0938 0.00590634 -0.013087
         vertex -0.097 0.00590634 -0.013087
      endloop
   endfacet
   facet normal -2.86817e-17 -0.468408 0.883512
      outer loop
         vertex -0.0938 0.00565577 -0.0132569
         vertex -0.0938 0.00578566 -0.0131788
         vertex -0.097 0.00578566 -0.0131788
      endloop
   endfacet
   facet normal -2.26644e-17 -0.370138 0.928977
      outer loop
         vertex -0.0938 0.00551819 -0.0133206
         vertex -0.0938 0.00565577 -0.0132569
         vertex -0.097 0.00565577 -0.0132569
      endloop
   endfacet
   facet normal -1.63814e-17 -0.267528 0.96355
      outer loop
         vertex -0.0938 0.00537454 -0.013369
         vertex -0.0938 0.00551819 -0.0133206
         vertex -0.097 0.00551819 -0.0133206
      endloop
   endfacet
   facet normal -9.90629e-18 -0.161782 0.986827
      outer loop
         vertex -0.0938 0.00522649 -0.0134016
         vertex -0.0938 0.00537454 -0.013369
         vertex -0.097 0.00537454 -0.013369
      endloop
   endfacet
   facet normal -3.31505e-18 -0.0541389 0.998533
      outer loop
         vertex -0.0938 0.00507579 -0.0134179
         vertex -0.0938 0.00522649 -0.0134016
         vertex -0.097 0.00522649 -0.0134016
      endloop
   endfacet
   facet normal 3.31505e-18 0.0541389 0.998533
      outer loop
         vertex -0.0938 0.00492421 -0.0134179
         vertex -0.0938 0.00507579 -0.0134179
         vertex -0.097 0.00507579 -0.0134179
      endloop
   endfacet
   facet normal 9.90629e-18 0.161782 0.986827
      outer loop
         vertex -0.0938 0.00477351 -0.0134016
         vertex -0.0938 0.00492421 -0.0134179
         vertex -0.097 0.00492421 -0.0134179
      endloop
   endfacet
   facet normal 1.63814e-17 0.267528 0.96355
      outer loop
         vertex -0.0938 0.00462546 -0.013369
         vertex -0.0938 0.00477351 -0.0134016
         vertex -0.097 0.00477351 -0.0134016
      endloop
   endfacet
   facet normal 2.26644e-17 0.370138 0.928977
      outer loop
         vertex -0.0938 0.00448181 -0.0133206
         vertex -0.0938 0.00462546 -0.013369
         vertex -0.097 0.00462546 -0.013369
      endloop
   endfacet
   facet normal 2.86817e-17 0.468408 0.883512
      outer loop
         vertex -0.0938 0.00434423 -0.0132569
         vertex -0.0938 0.00448181 -0.0133206
         vertex -0.097 0.00448181 -0.0133206
      endloop
   endfacet
   facet normal 3.43628e-17 0.561187 0.827689
      outer loop
         vertex -0.0938 0.00421434 -0.0131788
         vertex -0.0938 0.00434423 -0.0132569
         vertex -0.097 0.00434423 -0.0132569
      endloop
   endfacet
   facet normal 3.9641e-17 0.647386 0.762162
      outer loop
         vertex -0.0938 0.00409366 -0.013087
         vertex -0.0938 0.00421434 -0.0131788
         vertex -0.097 0.00421434 -0.0131788
      endloop
   endfacet
   facet normal 4.44544e-17 0.725995 0.687699
      outer loop
         vertex -0.0938 0.00398361 -0.0129828
         vertex -0.0938 0.00409366 -0.013087
         vertex -0.097 0.00409366 -0.013087
      endloop
   endfacet
   facet normal 4.87466e-17 0.796093 0.605174
      outer loop
         vertex -0.0938 0.00388547 -0.0128672
         vertex -0.0938 0.00398361 -0.0129828
         vertex -0.097 0.00398361 -0.0129828
      endloop
   endfacet
   facet normal 5.24674e-17 0.856857 0.515554
      outer loop
         vertex -0.0938 0.0038004 -0.0127418
         vertex -0.0938 0.00388547 -0.0128672
         vertex -0.097 0.00388547 -0.0128672
      endloop
   endfacet
   facet normal 5.5573e-17 0.907575 0.419889
      outer loop
         vertex -0.0938 0.00372939 -0.0126078
         vertex -0.0938 0.0038004 -0.0127418
         vertex -0.097 0.0038004 -0.0127418
      endloop
   endfacet
   facet normal 5.8027e-17 0.947653 0.319302
      outer loop
         vertex -0.0938 0.00367329 -0.012467
         vertex -0.0938 0.00372939 -0.0126078
         vertex -0.097 0.00372939 -0.0126078
      endloop
   endfacet
   facet normal 5.98008e-17 0.976621 0.21497
      outer loop
         vertex -0.0938 0.00363273 -0.012321
         vertex -0.0938 0.00367329 -0.012467
         vertex -0.097 0.00367329 -0.012467
      endloop
   endfacet
   facet normal 6.08734e-17 0.994138 0.108119
      outer loop
         vertex -0.0938 0.00360821 -0.0121714
         vertex -0.0938 0.00363273 -0.012321
         vertex -0.097 0.00363273 -0.012321
      endloop
   endfacet
   facet normal 6.12323e-17 1 -1.22465e-16
      outer loop
         vertex -0.0938 0.0036 -0.01202
         vertex -0.0938 0.00360821 -0.0121714
         vertex -0.097 0.00360821 -0.0121714
      endloop
   endfacet
   facet normal 6.08734e-17 0.994138 -0.108119
      outer loop
         vertex -0.0938 0.00360821 -0.0118686
         vertex -0.0938 0.0036 -0.01202
         vertex -0.097 0.0036 -0.01202
      endloop
   endfacet
   facet normal 5.98008e-17 0.976621 -0.21497
      outer loop
         vertex -0.0938 0.00363273 -0.011719
         vertex -0.0938 0.00360821 -0.0118686
         vertex -0.097 0.00360821 -0.0118686
      endloop
   endfacet
   facet normal 5.8027e-17 0.947653 -0.319302
      outer loop
         vertex -0.0938 0.00367329 -0.011573
         vertex -0.0938 0.00363273 -0.011719
         vertex -0.097 0.00363273 -0.011719
      endloop
   endfacet
   facet normal 5.5573e-17 0.907575 -0.419889
      outer loop
         vertex -0.0938 0.00372939 -0.0114322
         vertex -0.0938 0.00367329 -0.011573
         vertex -0.097 0.00367329 -0.011573
      endloop
   endfacet
   facet normal 5.24674e-17 0.856857 -0.515554
      outer loop
         vertex -0.0938 0.0038004 -0.0112982
         vertex -0.0938 0.00372939 -0.0114322
         vertex -0.097 0.00372939 -0.0114322
      endloop
   endfacet
   facet normal 4.87466e-17 0.796093 -0.605174
      outer loop
         vertex -0.0938 0.00388547 -0.0111728
         vertex -0.0938 0.0038004 -0.0112982
         vertex -0.097 0.0038004 -0.0112982
      endloop
   endfacet
   facet normal 4.44544e-17 0.725995 -0.687699
      outer loop
         vertex -0.0938 0.00398361 -0.0110572
         vertex -0.0938 0.00388547 -0.0111728
         vertex -0.097 0.00388547 -0.0111728
      endloop
   endfacet
   facet normal 3.9641e-17 0.647386 -0.762162
      outer loop
         vertex -0.0938 0.00409366 -0.010953
         vertex -0.0938 0.00398361 -0.0110572
         vertex -0.097 0.00398361 -0.0110572
      endloop
   endfacet
   facet normal 3.43628e-17 0.561187 -0.827689
      outer loop
         vertex -0.0938 0.00421434 -0.0108612
         vertex -0.0938 0.00409366 -0.010953
         vertex -0.097 0.00409366 -0.010953
      endloop
   endfacet
   facet normal 2.86817e-17 0.468408 -0.883512
      outer loop
         vertex -0.0938 0.00434423 -0.0107831
         vertex -0.0938 0.00421434 -0.0108612
         vertex -0.097 0.00421434 -0.0108612
      endloop
   endfacet
   facet normal 2.26644e-17 0.370138 -0.928977
      outer loop
         vertex -0.0938 0.00448181 -0.0107194
         vertex -0.0938 0.00434423 -0.0107831
         vertex -0.097 0.00434423 -0.0107831
      endloop
   endfacet
   facet normal 1.63814e-17 0.267528 -0.96355
      outer loop
         vertex -0.0938 0.00462546 -0.010671
         vertex -0.0938 0.00448181 -0.0107194
         vertex -0.097 0.00448181 -0.0107194
      endloop
   endfacet
   facet normal 9.90629e-18 0.161782 -0.986827
      outer loop
         vertex -0.0938 0.00477351 -0.0106384
         vertex -0.0938 0.00462546 -0.010671
         vertex -0.097 0.00462546 -0.010671
      endloop
   endfacet
   facet normal 3.31505e-18 0.0541389 -0.998533
      outer loop
         vertex -0.0938 0.00492421 -0.0106221
         vertex -0.0938 0.00477351 -0.0106384
         vertex -0.097 0.00477351 -0.0106384
      endloop
   endfacet
   facet normal -3.31505e-18 -0.0541389 -0.998533
      outer loop
         vertex -0.0938 0.00507579 -0.0106221
         vertex -0.0938 0.00492421 -0.0106221
         vertex -0.097 0.00492421 -0.0106221
      endloop
   endfacet
   facet normal -9.90629e-18 -0.161782 -0.986827
      outer loop
         vertex -0.0938 0.00522649 -0.0106384
         vertex -0.0938 0.00507579 -0.0106221
         vertex -0.097 0.00507579 -0.0106221
      endloop
   endfacet
   facet normal -1.63814e-17 -0.267528 -0.96355
      outer loop
         vertex -0.0938 0.00537454 -0.010671
         vertex -0.0938 0.00522649 -0.0106384
         vertex -0.097 0.00522649 -0.0106384
      endloop
   endfacet
   facet normal -2.26644e-17 -0.370138 -0.928977
      outer loop
         vertex -0.0938 0.00551819 -0.0107194
         vertex -0.0938 0.00537454 -0.010671
         vertex -0.097 0.00537454 -0.010671
      endloop
   endfacet
   facet normal -2.86817e-17 -0.468408 -0.883512
      outer loop
         vertex -0.0938 0.00565577 -0.0107831
         vertex -0.0938 0.00551819 -0.0107194
         vertex -0.097 0.00551819 -0.0107194
      endloop
   endfacet
   facet normal -3.43628e-17 -0.561187 -0.827689
      outer loop
         vertex -0.0938 0.00578566 -0.0108612
         vertex -0.0938 0.00565577 -0.0107831
         vertex -0.097 0.00565577 -0.0107831
      endloop
   endfacet
   facet normal -3.9641e-17 -0.647386 -0.762162
      outer loop
         vertex -0.0938 0.00590634 -0.010953
         vertex -0.0938 0.00578566 -0.0108612
         vertex -0.097 0.00578566 -0.0108612
      endloop
   endfacet
   facet normal -4.44544e-17 -0.725995 -0.687699
      outer loop
         vertex -0.0938 0.00601639 -0.0110572
         vertex -0.0938 0.00590634 -0.010953
         vertex -0.097 0.00590634 -0.010953
      endloop
   endfacet
   facet normal -4.87466e-17 -0.796093 -0.605174
      outer loop
         vertex -0.0938 0.00611453 -0.0111728
         vertex -0.0938 0.00601639 -0.0110572
         vertex -0.097 0.00601639 -0.0110572
      endloop
   endfacet
   facet normal -5.24674e-17 -0.856857 -0.515554
      outer loop
         vertex -0.0938 0.0061996 -0.0112982
         vertex -0.0938 0.00611453 -0.0111728
         vertex -0.097 0.00611453 -0.0111728
      endloop
   endfacet
   facet normal -5.5573e-17 -0.907575 -0.419889
      outer loop
         vertex -0.0938 0.00627061 -0.0114322
         vertex -0.0938 0.0061996 -0.0112982
         vertex -0.097 0.0061996 -0.0112982
      endloop
   endfacet
   facet normal -5.8027e-17 -0.947653 -0.319302
      outer loop
         vertex -0.0938 0.00632671 -0.011573
         vertex -0.0938 0.00627061 -0.0114322
         vertex -0.097 0.00627061 -0.0114322
      endloop
   endfacet
   facet normal -5.98008e-17 -0.976621 -0.21497
      outer loop
         vertex -0.0938 0.00636727 -0.011719
         vertex -0.0938 0.00632671 -0.011573
         vertex -0.097 0.00632671 -0.011573
      endloop
   endfacet
   facet normal -6.08734e-17 -0.994138 -0.108119
      outer loop
         vertex -0.0938 0.00639179 -0.0118686
         vertex -0.0938 0.00636727 -0.011719
         vertex -0.097 0.00636727 -0.011719
      endloop
   endfacet
   facet normal -6.12323e-17 -1 2.44929e-16
      outer loop
         vertex -0.0938 0.0064 -0.01202
         vertex -0.0938 0.00639179 -0.0118686
         vertex -0.097 0.00639179 -0.0118686
      endloop
   endfacet
   facet normal -6.08734e-17 -0.994138 -0.108119
      outer loop
         vertex -0.097 0.00639179 -0.0118686
         vertex -0.097 0.0064 -0.01202
         vertex -0.0938 0.0064 -0.01202
      endloop
   endfacet
   facet normal -5.98008e-17 -0.976621 -0.21497
      outer loop
         vertex -0.097 0.00636727 -0.011719
         vertex -0.097 0.00639179 -0.0118686
         vertex -0.0938 0.00639179 -0.0118686
      endloop
   endfacet
   facet normal -5.8027e-17 -0.947653 -0.319302
      outer loop
         vertex -0.097 0.00632671 -0.011573
         vertex -0.097 0.00636727 -0.011719
         vertex -0.0938 0.00636727 -0.011719
      endloop
   endfacet
   facet normal -5.5573e-17 -0.907575 -0.419889
      outer loop
         vertex -0.097 0.00627061 -0.0114322
         vertex -0.097 0.00632671 -0.011573
         vertex -0.0938 0.00632671 -0.011573
      endloop
   endfacet
   facet normal -5.24674e-17 -0.856857 -0.515554
      outer loop
         vertex -0.097 0.0061996 -0.0112982
         vertex -0.097 0.00627061 -0.0114322
         vertex -0.0938 0.00627061 -0.0114322
      endloop
   endfacet
   facet normal -4.87466e-17 -0.796093 -0.605174
      outer loop
         vertex -0.097 0.00611453 -0.0111728
         vertex -0.097 0.0061996 -0.0112982
         vertex -0.0938 0.0061996 -0.0112982
      endloop
   endfacet
   facet normal -4.44544e-17 -0.725995 -0.687699
      outer loop
         vertex -0.097 0.00601639 -0.0110572
         vertex -0.097 0.00611453 -0.0111728
         vertex -0.0938 0.00611453 -0.0111728
      endloop
   endfacet
   facet normal -3.9641e-17 -0.647386 -0.762162
      outer loop
         vertex -0.097 0.00590634 -0.010953
         vertex -0.097 0.00601639 -0.0110572
         vertex -0.0938 0.00601639 -0.0110572
      endloop
   endfacet
   facet normal -3.43628e-17 -0.561187 -0.827689
      outer loop
         vertex -0.097 0.00578566 -0.0108612
         vertex -0.097 0.00590634 -0.010953
         vertex -0.0938 0.00590634 -0.010953
      endloop
   endfacet
   facet normal -2.86817e-17 -0.468408 -0.883512
      outer loop
         vertex -0.097 0.00565577 -0.0107831
         vertex -0.097 0.00578566 -0.0108612
         vertex -0.0938 0.00578566 -0.0108612
      endloop
   endfacet
   facet normal -2.26644e-17 -0.370138 -0.928977
      outer loop
         vertex -0.097 0.00551819 -0.0107194
         vertex -0.097 0.00565577 -0.0107831
         vertex -0.0938 0.00565577 -0.0107831
      endloop
   endfacet
   facet normal -1.63814e-17 -0.267528 -0.96355
      outer loop
         vertex -0.097 0.00537454 -0.010671
         vertex -0.097 0.00551819 -0.0107194
         vertex -0.0938 0.00551819 -0.0107194
      endloop
   endfacet
   facet normal -9.90629e-18 -0.161782 -0.986827
      outer loop
         vertex -0.097 0.00522649 -0.0106384
         vertex -0.097 0.00537454 -0.010671
         vertex -0.0938 0.00537454 -0.010671
      endloop
   endfacet
   facet normal -3.31505e-18 -0.0541389 -0.998533
      outer loop
         vertex -0.097 0.00507579 -0.0106221
         vertex -0.097 0.00522649 -0.0106384
         vertex -0.0938 0.00522649 -0.0106384
      endloop
   endfacet
   facet normal 3.31505e-18 0.0541389 -0.998533
      outer loop
         vertex -0.097 0.00492421 -0.0106221
         vertex -0.097 0.00507579 -0.0106221
         vertex -0.0938 0.00507579 -0.0106221
      endloop
   endfacet
   facet normal 9.90629e-18 0.161782 -0.986827
      outer loop
         vertex -0.097 0.00477351 -0.0106384
         vertex -0.097 0.00492421 -0.0106221
         vertex -0.0938 0.00492421 -0.0106221
      endloop
   endfacet
   facet normal 1.63814e-17 0.267528 -0.96355
      outer loop
         vertex -0.097 0.00462546 -0.010671
         vertex -0.097 0.00477351 -0.0106384
         vertex -0.0938 0.00477351 -0.0106384
      endloop
   endfacet
   facet normal 2.26644e-17 0.370138 -0.928977
      outer loop
         vertex -0.097 0.00448181 -0.0107194
         vertex -0.097 0.00462546 -0.010671
         vertex -0.0938 0.00462546 -0.010671
      endloop
   endfacet
   facet normal 2.86817e-17 0.468408 -0.883512
      outer loop
         vertex -0.097 0.00434423 -0.0107831
         vertex -0.097 0.00448181 -0.0107194
         vertex -0.0938 0.00448181 -0.0107194
      endloop
   endfacet
   facet normal 3.43628e-17 0.561187 -0.827689
      outer loop
         vertex -0.097 0.00421434 -0.0108612
         vertex -0.097 0.00434423 -0.0107831
         vertex -0.0938 0.00434423 -0.0107831
      endloop
   endfacet
   facet normal 3.9641e-17 0.647386 -0.762162
      outer loop
         vertex -0.097 0.00409366 -0.010953
         vertex -0.097 0.00421434 -0.0108612
         vertex -0.0938 0.00421434 -0.0108612
      endloop
   endfacet
   facet normal 4.44544e-17 0.725995 -0.687699
      outer loop
         vertex -0.097 0.00398361 -0.0110572
         vertex -0.097 0.00409366 -0.010953
         vertex -0.0938 0.00409366 -0.010953
      endloop
   endfacet
   facet normal 4.87466e-17 0.796093 -0.605174
      outer loop
         vertex -0.097 0.00388547 -0.0111728
         vertex -0.097 0.00398361 -0.0110572
         vertex -0.0938 0.00398361 -0.0110572
      endloop
   endfacet
   facet normal 5.24674e-17 0.856857 -0.515554
      outer loop
         vertex -0.097 0.0038004 -0.0112982
         vertex -0.097 0.00388547 -0.0111728
         vertex -0.0938 0.00388547 -0.0111728
      endloop
   endfacet
   facet normal 5.5573e-17 0.907575 -0.419889
      outer loop
         vertex -0.097 0.00372939 -0.0114322
         vertex -0.097 0.0038004 -0.0112982
         vertex -0.0938 0.0038004 -0.0112982
      endloop
   endfacet
   facet normal 5.8027e-17 0.947653 -0.319302
      outer loop
         vertex -0.097 0.00367329 -0.011573
         vertex -0.097 0.00372939 -0.0114322
         vertex -0.0938 0.00372939 -0.0114322
      endloop
   endfacet
   facet normal 5.98008e-17 0.976621 -0.21497
      outer loop
         vertex -0.097 0.00363273 -0.011719
         vertex -0.097 0.00367329 -0.011573
         vertex -0.0938 0.00367329 -0.011573
      endloop
   endfacet
   facet normal 6.08734e-17 0.994138 -0.108119
      outer loop
         vertex -0.097 0.00360821 -0.0118686
         vertex -0.097 0.00363273 -0.011719
         vertex -0.0938 0.00363273 -0.011719
      endloop
   endfacet
   facet normal 6.12323e-17 1 -1.22465e-16
      outer loop
         vertex -0.097 0.0036 -0.01202
         vertex -0.097 0.00360821 -0.0118686
         vertex -0.0938 0.00360821 -0.0118686
      endloop
   endfacet
   facet normal 6.08734e-17 0.994138 0.108119
      outer loop
         vertex -0.097 0.00360821 -0.0121714
         vertex -0.097 0.0036 -0.01202
         vertex -0.0938 0.0036 -0.01202
      endloop
   endfacet
   facet normal 5.98008e-17 0.976621 0.21497
      outer loop
         vertex -0.097 0.00363273 -0.012321
         vertex -0.097 0.00360821 -0.0121714
         vertex -0.0938 0.00360821 -0.0121714
      endloop
   endfacet
   facet normal 5.8027e-17 0.947653 0.319302
      outer loop
         vertex -0.097 0.00367329 -0.012467
         vertex -0.097 0.00363273 -0.012321
         vertex -0.0938 0.00363273 -0.012321
      endloop
   endfacet
   facet normal 5.5573e-17 0.907575 0.419889
      outer loop
         vertex -0.097 0.00372939 -0.0126078
         vertex -0.097 0.00367329 -0.012467
         vertex -0.0938 0.00367329 -0.012467
      endloop
   endfacet
   facet normal 5.24674e-17 0.856857 0.515554
      outer loop
         vertex -0.097 0.0038004 -0.0127418
         vertex -0.097 0.00372939 -0.0126078
         vertex -0.0938 0.00372939 -0.0126078
      endloop
   endfacet
   facet normal 4.87466e-17 0.796093 0.605174
      outer loop
         vertex -0.097 0.00388547 -0.0128672
         vertex -0.097 0.0038004 -0.0127418
         vertex -0.0938 0.0038004 -0.0127418
      endloop
   endfacet
   facet normal 4.44544e-17 0.725995 0.687699
      outer loop
         vertex -0.097 0.00398361 -0.0129828
         vertex -0.097 0.00388547 -0.0128672
         vertex -0.0938 0.00388547 -0.0128672
      endloop
   endfacet
   facet normal 3.9641e-17 0.647386 0.762162
      outer loop
         vertex -0.097 0.00409366 -0.013087
         vertex -0.097 0.00398361 -0.0129828
         vertex -0.0938 0.00398361 -0.0129828
      endloop
   endfacet
   facet normal 3.43628e-17 0.561187 0.827689
      outer loop
         vertex -0.097 0.00421434 -0.0131788
         vertex -0.097 0.00409366 -0.013087
         vertex -0.0938 0.00409366 -0.013087
      endloop
   endfacet
   facet normal 2.86817e-17 0.468408 0.883512
      outer loop
         vertex -0.097 0.00434423 -0.0132569
         vertex -0.097 0.00421434 -0.0131788
         vertex -0.0938 0.00421434 -0.0131788
      endloop
   endfacet
   facet normal 2.26644e-17 0.370138 0.928977
      outer loop
         vertex -0.097 0.00448181 -0.0133206
         vertex -0.097 0.00434423 -0.0132569
         vertex -0.0938 0.00434423 -0.0132569
      endloop
   endfacet
   facet normal 1.63814e-17 0.267528 0.96355
      outer loop
         vertex -0.097 0.00462546 -0.013369
         vertex -0.097 0.00448181 -0.0133206
         vertex -0.0938 0.00448181 -0.0133206
      endloop
   endfacet
   facet normal 9.90629e-18 0.161782 0.986827
      outer loop
         vertex -0.097 0.00477351 -0.0134016
         vertex -0.097 0.00462546 -0.013369
         vertex -0.0938 0.00462546 -0.013369
      endloop
   endfacet
   facet normal 3.31505e-18 0.0541389 0.998533
      outer loop
         vertex -0.097 0.00492421 -0.0134179
         vertex -0.097 0.00477351 -0.0134016
         vertex -0.0938 0.00477351 -0.0134016
      endloop
   endfacet
   facet normal -3.31505e-18 -0.0541389 0.998533
      outer loop
         vertex -0.097 0.00507579 -0.0134179
         vertex -0.097 0.00492421 -0.0134179
         vertex -0.0938 0.00492421 -0.0134179
      endloop
   endfacet
   facet normal -9.90629e-18 -0.161782 0.986827
      outer loop
         vertex -0.097 0.00522649 -0.0134016
         vertex -0.097 0.00507579 -0.0134179
         vertex -0.0938 0.00507579 -0.0134179
      endloop
   endfacet
   facet normal -1.63814e-17 -0.267528 0.96355
      outer loop
         vertex -0.097 0.00537454 -0.013369
         vertex -0.097 0.00522649 -0.0134016
         vertex -0.0938 0.00522649 -0.0134016
      endloop
   endfacet
   facet normal -2.26644e-17 -0.370138 0.928977
      outer loop
         vertex -0.097 0.00551819 -0.0133206
         vertex -0.097 0.00537454 -0.013369
         vertex -0.0938 0.00537454 -0.013369
      endloop
   endfacet
   facet normal -2.86817e-17 -0.468408 0.883512
      outer loop
         vertex -0.097 0.00565577 -0.0132569
         vertex -0.097 0.00551819 -0.0133206
         vertex -0.0938 0.00551819 -0.0133206
      endloop
   endfacet
   facet normal -3.43628e-17 -0.561187 0.827689
      outer loop
         vertex -0.097 0.00578566 -0.0131788
         vertex -0.097 0.00565577 -0.0132569
         vertex -0.0938 0.00565577 -0.0132569
      endloop
   endfacet
   facet normal -3.9641e-17 -0.647386 0.762162
      outer loop
         vertex -0.097 0.00590634 -0.013087
         vertex -0.097 0.00578566 -0.0131788
         vertex -0.0938 0.00578566 -0.0131788
      endloop
   endfacet
   facet normal -4.44544e-17 -0.725995 0.687699
      outer loop
         vertex -0.097 0.00601639 -0.0129828
         vertex -0.097 0.00590634 -0.013087
         vertex -0.0938 0.00590634 -0.013087
      endloop
   endfacet
   facet normal -4.87466e-17 -0.796093 0.605174
      outer loop
         vertex -0.097 0.00611453 -0.0128672
         vertex -0.097 0.00601639 -0.0129828
         vertex -0.0938 0.00601639 -0.0129828
      endloop
   endfacet
   facet normal -5.24674e-17 -0.856857 0.515554
      outer loop
         vertex -0.097 0.0061996 -0.0127418
         vertex -0.097 0.00611453 -0.0128672
         vertex -0.0938 0.00611453 -0.0128672
      endloop
   endfacet
   facet normal -5.5573e-17 -0.907575 0.419889
      outer loop
         vertex -0.097 0.00627061 -0.0126078
         vertex -0.097 0.0061996 -0.0127418
         vertex -0.0938 0.0061996 -0.0127418
      endloop
   endfacet
   facet normal -5.8027e-17 -0.947653 0.319302
      outer loop
         vertex -0.097 0.00632671 -0.012467
         vertex -0.097 0.00627061 -0.0126078
         vertex -0.0938 0.00627061 -0.0126078
      endloop
   endfacet
   facet normal -5.98008e-17 -0.976621 0.21497
      outer loop
         vertex -0.097 0.00636727 -0.012321
         vertex -0.097 0.00632671 -0.012467
         vertex -0.0938 0.00632671 -0.012467
      endloop
   endfacet
   facet normal -6.08734e-17 -0.994138 0.108119
      outer loop
         vertex -0.097 0.00639179 -0.0121714
         vertex -0.097 0.00636727 -0.012321
         vertex -0.0938 0.00636727 -0.012321
      endloop
   endfacet
   facet normal -6.12323e-17 -1 2.44929e-16
      outer loop
         vertex -0.097 0.0064 -0.01202
         vertex -0.097 0.00639179 -0.0121714
         vertex -0.0938 0.00639179 -0.0121714
      endloop
   endfacet
   facet normal 6.08734e-17 0.994138 0.108119
      outer loop
         vertex -0.1105 -0.00798241 -0.0123444
         vertex -0.1105 -0.008 -0.01202
         vertex -0.097 -0.008 -0.01202
      endloop
   endfacet
   facet normal 5.98008e-17 0.976621 0.21497
      outer loop
         vertex -0.1105 -0.00792986 -0.0126649
         vertex -0.1105 -0.00798241 -0.0123444
         vertex -0.097 -0.00798241 -0.0123444
      endloop
   endfacet
   facet normal 5.8027e-17 0.947653 0.319302
      outer loop
         vertex -0.1105 -0.00784296 -0.0129779
         vertex -0.1105 -0.00792986 -0.0126649
         vertex -0.097 -0.00792986 -0.0126649
      endloop
   endfacet
   facet normal 5.5573e-17 0.907575 0.419889
      outer loop
         vertex -0.1105 -0.00772273 -0.0132797
         vertex -0.1105 -0.00784296 -0.0129779
         vertex -0.097 -0.00784296 -0.0129779
      endloop
   endfacet
   facet normal 5.24674e-17 0.856857 0.515554
      outer loop
         vertex -0.1105 -0.00757057 -0.0135667
         vertex -0.1105 -0.00772273 -0.0132797
         vertex -0.097 -0.00772273 -0.0132797
      endloop
   endfacet
   facet normal 4.87466e-17 0.796093 0.605174
      outer loop
         vertex -0.1105 -0.00738828 -0.0138355
         vertex -0.1105 -0.00757057 -0.0135667
         vertex -0.097 -0.00757057 -0.0135667
      endloop
   endfacet
   facet normal 4.44544e-17 0.725995 0.687699
      outer loop
         vertex -0.1105 -0.00717799 -0.0140831
         vertex -0.1105 -0.00738828 -0.0138355
         vertex -0.097 -0.00738828 -0.0138355
      endloop
   endfacet
   facet normal 3.9641e-17 0.647386 0.762162
      outer loop
         vertex -0.1105 -0.00694216 -0.0143065
         vertex -0.1105 -0.00717799 -0.0140831
         vertex -0.097 -0.00717799 -0.0140831
      endloop
   endfacet
   facet normal 3.43628e-17 0.561187 0.827689
      outer loop
         vertex -0.1105 -0.00668356 -0.0145031
         vertex -0.1105 -0.00694216 -0.0143065
         vertex -0.097 -0.00694216 -0.0143065
      endloop
   endfacet
   facet normal 2.86817e-17 0.468408 0.883512
      outer loop
         vertex -0.1105 -0.00640523 -0.0146705
         vertex -0.1105 -0.00668356 -0.0145031
         vertex -0.097 -0.00668356 -0.0145031
      endloop
   endfacet
   facet normal 2.26644e-17 0.370138 0.928977
      outer loop
         vertex -0.1105 -0.00611041 -0.0148069
         vertex -0.1105 -0.00640523 -0.0146705
         vertex -0.097 -0.00640523 -0.0146705
      endloop
   endfacet
   facet normal 1.63814e-17 0.267528 0.96355
      outer loop
         vertex -0.1105 -0.00580259 -0.0149106
         vertex -0.1105 -0.00611041 -0.0148069
         vertex -0.097 -0.00611041 -0.0148069
      endloop
   endfacet
   facet normal 9.90629e-18 0.161782 0.986827
      outer loop
         vertex -0.1105 -0.00548535 -0.0149805
         vertex -0.1105 -0.00580259 -0.0149106
         vertex -0.097 -0.00580259 -0.0149106
      endloop
   endfacet
   facet normal 3.31505e-18 0.0541389 0.998533
      outer loop
         vertex -0.1105 -0.00516242 -0.0150156
         vertex -0.1105 -0.00548535 -0.0149805
         vertex -0.097 -0.00548535 -0.0149805
      endloop
   endfacet
   facet normal 3.31505e-18 0.0541389 0.998533
      outer loop
         vertex -0.1105 -0.00516242 -0.0150156
         vertex -0.097 -0.00516242 -0.0150156
         vertex -0.097 -0.005 -0.01502
      endloop
   endfacet
   facet normal -1.12482e-32 -1.83697e-16 1
      outer loop
         vertex -0.097 -0.005 -0.01502
         vertex -0.1105 -0.00483758 -0.0150156
         vertex -0.1105 -0.00516242 -0.0150156
      endloop
   endfacet
   facet normal -9.90629e-18 -0.161782 0.986827
      outer loop
         vertex -0.1105 -0.00451465 -0.0149805
         vertex -0.1105 -0.00483758 -0.0150156
         vertex -0.097 -0.00483758 -0.0150156
      endloop
   endfacet
   facet normal -1.63814e-17 -0.267528 0.96355
      outer loop
         vertex -0.1105 -0.00419741 -0.0149106
         vertex -0.1105 -0.00451465 -0.0149805
         vertex -0.097 -0.00451465 -0.0149805
      endloop
   endfacet
   facet normal -2.26644e-17 -0.370138 0.928977
      outer loop
         vertex -0.1105 -0.00388959 -0.0148069
         vertex -0.1105 -0.00419741 -0.0149106
         vertex -0.097 -0.00419741 -0.0149106
      endloop
   endfacet
   facet normal -2.86817e-17 -0.468408 0.883512
      outer loop
         vertex -0.1105 -0.00359477 -0.0146705
         vertex -0.1105 -0.00388959 -0.0148069
         vertex -0.097 -0.00388959 -0.0148069
      endloop
   endfacet
   facet normal -3.43628e-17 -0.561187 0.827689
      outer loop
         vertex -0.1105 -0.00331644 -0.0145031
         vertex -0.1105 -0.00359477 -0.0146705
         vertex -0.097 -0.00359477 -0.0146705
      endloop
   endfacet
   facet normal -3.9641e-17 -0.647386 0.762162
      outer loop
         vertex -0.1105 -0.00305784 -0.0143065
         vertex -0.1105 -0.00331644 -0.0145031
         vertex -0.097 -0.00331644 -0.0145031
      endloop
   endfacet
   facet normal -4.44544e-17 -0.725995 0.687699
      outer loop
         vertex -0.1105 -0.00282201 -0.0140831
         vertex -0.1105 -0.00305784 -0.0143065
         vertex -0.097 -0.00305784 -0.0143065
      endloop
   endfacet
   facet normal -4.87466e-17 -0.796093 0.605174
      outer loop
         vertex -0.1105 -0.00261172 -0.0138355
         vertex -0.1105 -0.00282201 -0.0140831
         vertex -0.097 -0.00282201 -0.0140831
      endloop
   endfacet
   facet normal -5.24674e-17 -0.856857 0.515554
      outer loop
         vertex -0.1105 -0.00242943 -0.0135667
         vertex -0.1105 -0.00261172 -0.0138355
         vertex -0.097 -0.00261172 -0.0138355
      endloop
   endfacet
   facet normal -5.5573e-17 -0.907575 0.419889
      outer loop
         vertex -0.1105 -0.00227727 -0.0132797
         vertex -0.1105 -0.00242943 -0.0135667
         vertex -0.097 -0.00242943 -0.0135667
      endloop
   endfacet
   facet normal -5.8027e-17 -0.947653 0.319302
      outer loop
         vertex -0.1105 -0.00215704 -0.0129779
         vertex -0.1105 -0.00227727 -0.0132797
         vertex -0.097 -0.00227727 -0.0132797
      endloop
   endfacet
   facet normal -5.98008e-17 -0.976621 0.21497
      outer loop
         vertex -0.1105 -0.00207014 -0.0126649
         vertex -0.1105 -0.00215704 -0.0129779
         vertex -0.097 -0.00215704 -0.0129779
      endloop
   endfacet
   facet normal -6.08734e-17 -0.994138 0.108119
      outer loop
         vertex -0.1105 -0.00201759 -0.0123444
         vertex -0.1105 -0.00207014 -0.0126649
         vertex -0.097 -0.00207014 -0.0126649
      endloop
   endfacet
   facet normal -6.12323e-17 -1 -1.22465e-16
      outer loop
         vertex -0.1105 -0.002 -0.01202
         vertex -0.1105 -0.00201759 -0.0123444
         vertex -0.097 -0.00201759 -0.0123444
      endloop
   endfacet
   facet normal -6.08734e-17 -0.994138 -0.108119
      outer loop
         vertex -0.1105 -0.00201759 -0.0116956
         vertex -0.1105 -0.002 -0.01202
         vertex -0.097 -0.002 -0.01202
      endloop
   endfacet
   facet normal -5.98008e-17 -0.976621 -0.21497
      outer loop
         vertex -0.1105 -0.00207014 -0.0113751
         vertex -0.1105 -0.00201759 -0.0116956
         vertex -0.097 -0.00201759 -0.0116956
      endloop
   endfacet
   facet normal -5.8027e-17 -0.947653 -0.319302
      outer loop
         vertex -0.1105 -0.00215704 -0.0110621
         vertex -0.1105 -0.00207014 -0.0113751
         vertex -0.097 -0.00207014 -0.0113751
      endloop
   endfacet
   facet normal -5.5573e-17 -0.907575 -0.419889
      outer loop
         vertex -0.1105 -0.00227727 -0.0107603
         vertex -0.1105 -0.00215704 -0.0110621
         vertex -0.097 -0.00215704 -0.0110621
      endloop
   endfacet
   facet normal -5.24674e-17 -0.856857 -0.515554
      outer loop
         vertex -0.1105 -0.00242943 -0.0104733
         vertex -0.1105 -0.00227727 -0.0107603
         vertex -0.097 -0.00227727 -0.0107603
      endloop
   endfacet
   facet normal -4.87466e-17 -0.796093 -0.605174
      outer loop
         vertex -0.1105 -0.00261172 -0.0102045
         vertex -0.1105 -0.00242943 -0.0104733
         vertex -0.097 -0.00242943 -0.0104733
      endloop
   endfacet
   facet normal -4.44544e-17 -0.725995 -0.687699
      outer loop
         vertex -0.1105 -0.00282201 -0.0099569
         vertex -0.1105 -0.00261172 -0.0102045
         vertex -0.097 -0.00261172 -0.0102045
      endloop
   endfacet
   facet normal -3.9641e-17 -0.647386 -0.762162
      outer loop
         vertex -0.1105 -0.00305784 -0.00973351
         vertex -0.1105 -0.00282201 -0.0099569
         vertex -0.097 -0.00282201 -0.0099569
      endloop
   endfacet
   facet normal -3.43628e-17 -0.561187 -0.827689
      outer loop
         vertex -0.1105 -0.00331644 -0.00953693
         vertex -0.1105 -0.00305784 -0.00973351
         vertex -0.097 -0.00305784 -0.00973351
      endloop
   endfacet
   facet normal -2.86817e-17 -0.468408 -0.883512
      outer loop
         vertex -0.1105 -0.00359477 -0.00936946
         vertex -0.1105 -0.00331644 -0.00953693
         vertex -0.097 -0.00331644 -0.00953693
      endloop
   endfacet
   facet normal -2.26644e-17 -0.370138 -0.928977
      outer loop
         vertex -0.1105 -0.00388959 -0.00923307
         vertex -0.1105 -0.00359477 -0.00936946
         vertex -0.097 -0.00359477 -0.00936946
      endloop
   endfacet
   facet normal -1.63814e-17 -0.267528 -0.96355
      outer loop
         vertex -0.1105 -0.00419741 -0.00912935
         vertex -0.1105 -0.00388959 -0.00923307
         vertex -0.097 -0.00388959 -0.00923307
      endloop
   endfacet
   facet normal -9.90629e-18 -0.161782 -0.986827
      outer loop
         vertex -0.1105 -0.00451465 -0.00905952
         vertex -0.1105 -0.00419741 -0.00912935
         vertex -0.097 -0.00419741 -0.00912935
      endloop
   endfacet
   facet normal -3.31505e-18 -0.0541389 -0.998533
      outer loop
         vertex -0.1105 -0.00483758 -0.0090244
         vertex -0.1105 -0.00451465 -0.00905952
         vertex -0.097 -0.00451465 -0.00905952
      endloop
   endfacet
   facet normal -3.31505e-18 -0.0541389 -0.998533
      outer loop
         vertex -0.097 -0.00483758 -0.0090244
         vertex -0.097 -0.00516242 -0.0090244
         vertex -0.1105 -0.005 -0.00902
      endloop
   endfacet
   facet normal 3.31505e-18 0.0541389 -0.998533
      outer loop
         vertex -0.097 -0.00516242 -0.0090244
         vertex -0.1105 -0.00516242 -0.0090244
         vertex -0.1105 -0.005 -0.00902
      endloop
   endfacet
   facet normal 9.90629e-18 0.161782 -0.986827
      outer loop
         vertex -0.1105 -0.00548535 -0.00905952
         vertex -0.1105 -0.00516242 -0.0090244
         vertex -0.097 -0.00516242 -0.0090244
      endloop
   endfacet
   facet normal 1.63814e-17 0.267528 -0.96355
      outer loop
         vertex -0.1105 -0.00580259 -0.00912935
         vertex -0.1105 -0.00548535 -0.00905952
         vertex -0.097 -0.00548535 -0.00905952
      endloop
   endfacet
   facet normal 2.26644e-17 0.370138 -0.928977
      outer loop
         vertex -0.1105 -0.00611041 -0.00923307
         vertex -0.1105 -0.00580259 -0.00912935
         vertex -0.097 -0.00580259 -0.00912935
      endloop
   endfacet
   facet normal 2.86817e-17 0.468408 -0.883512
      outer loop
         vertex -0.1105 -0.00640523 -0.00936946
         vertex -0.1105 -0.00611041 -0.00923307
         vertex -0.097 -0.00611041 -0.00923307
      endloop
   endfacet
   facet normal 3.43628e-17 0.561187 -0.827689
      outer loop
         vertex -0.1105 -0.00668356 -0.00953693
         vertex -0.1105 -0.00640523 -0.00936946
         vertex -0.097 -0.00640523 -0.00936946
      endloop
   endfacet
   facet normal 3.9641e-17 0.647386 -0.762162
      outer loop
         vertex -0.1105 -0.00694216 -0.00973351
         vertex -0.1105 -0.00668356 -0.00953693
         vertex -0.097 -0.00668356 -0.00953693
      endloop
   endfacet
   facet normal 4.44544e-17 0.725995 -0.687699
      outer loop
         vertex -0.1105 -0.00717799 -0.0099569
         vertex -0.1105 -0.00694216 -0.00973351
         vertex -0.097 -0.00694216 -0.00973351
      endloop
   endfacet
   facet normal 4.87466e-17 0.796093 -0.605174
      outer loop
         vertex -0.1105 -0.00738828 -0.0102045
         vertex -0.1105 -0.00717799 -0.0099569
         vertex -0.097 -0.00717799 -0.0099569
      endloop
   endfacet
   facet normal 5.24674e-17 0.856857 -0.515554
      outer loop
         vertex -0.1105 -0.00757057 -0.0104733
         vertex -0.1105 -0.00738828 -0.0102045
         vertex -0.097 -0.00738828 -0.0102045
      endloop
   endfacet
   facet normal 5.5573e-17 0.907575 -0.419889
      outer loop
         vertex -0.1105 -0.00772273 -0.0107603
         vertex -0.1105 -0.00757057 -0.0104733
         vertex -0.097 -0.00757057 -0.0104733
      endloop
   endfacet
   facet normal 5.8027e-17 0.947653 -0.319302
      outer loop
         vertex -0.1105 -0.00784296 -0.0110621
         vertex -0.1105 -0.00772273 -0.0107603
         vertex -0.097 -0.00772273 -0.0107603
      endloop
   endfacet
   facet normal 5.98008e-17 0.976621 -0.21497
      outer loop
         vertex -0.1105 -0.00792986 -0.0113751
         vertex -0.1105 -0.00784296 -0.0110621
         vertex -0.097 -0.00784296 -0.0110621
      endloop
   endfacet
   facet normal 6.08734e-17 0.994138 -0.108119
      outer loop
         vertex -0.1105 -0.00798241 -0.0116956
         vertex -0.1105 -0.00792986 -0.0113751
         vertex -0.097 -0.00792986 -0.0113751
      endloop
   endfacet
   facet normal 6.12323e-17 1 2.44929e-16
      outer loop
         vertex -0.1105 -0.008 -0.01202
         vertex -0.1105 -0.00798241 -0.0116956
         vertex -0.097 -0.00798241 -0.0116956
      endloop
   endfacet
   facet normal 6.08734e-17 0.994138 -0.108119
      outer loop
         vertex -0.097 -0.00798241 -0.0116956
         vertex -0.097 -0.008 -0.01202
         vertex -0.1105 -0.008 -0.01202
      endloop
   endfacet
   facet normal 5.98008e-17 0.976621 -0.21497
      outer loop
         vertex -0.097 -0.00792986 -0.0113751
         vertex -0.097 -0.00798241 -0.0116956
         vertex -0.1105 -0.00798241 -0.0116956
      endloop
   endfacet
   facet normal 5.8027e-17 0.947653 -0.319302
      outer loop
         vertex -0.097 -0.00784296 -0.0110621
         vertex -0.097 -0.00792986 -0.0113751
         vertex -0.1105 -0.00792986 -0.0113751
      endloop
   endfacet
   facet normal 5.5573e-17 0.907575 -0.419889
      outer loop
         vertex -0.097 -0.00772273 -0.0107603
         vertex -0.097 -0.00784296 -0.0110621
         vertex -0.1105 -0.00784296 -0.0110621
      endloop
   endfacet
   facet normal 5.24674e-17 0.856857 -0.515554
      outer loop
         vertex -0.097 -0.00757057 -0.0104733
         vertex -0.097 -0.00772273 -0.0107603
         vertex -0.1105 -0.00772273 -0.0107603
      endloop
   endfacet
   facet normal 4.87466e-17 0.796093 -0.605174
      outer loop
         vertex -0.097 -0.00738828 -0.0102045
         vertex -0.097 -0.00757057 -0.0104733
         vertex -0.1105 -0.00757057 -0.0104733
      endloop
   endfacet
   facet normal 4.44544e-17 0.725995 -0.687699
      outer loop
         vertex -0.097 -0.00717799 -0.0099569
         vertex -0.097 -0.00738828 -0.0102045
         vertex -0.1105 -0.00738828 -0.0102045
      endloop
   endfacet
   facet normal 3.9641e-17 0.647386 -0.762162
      outer loop
         vertex -0.097 -0.00694216 -0.00973351
         vertex -0.097 -0.00717799 -0.0099569
         vertex -0.1105 -0.00717799 -0.0099569
      endloop
   endfacet
   facet normal 3.43628e-17 0.561187 -0.827689
      outer loop
         vertex -0.097 -0.00668356 -0.00953693
         vertex -0.097 -0.00694216 -0.00973351
         vertex -0.1105 -0.00694216 -0.00973351
      endloop
   endfacet
   facet normal 2.86817e-17 0.468408 -0.883512
      outer loop
         vertex -0.097 -0.00640523 -0.00936946
         vertex -0.097 -0.00668356 -0.00953693
         vertex -0.1105 -0.00668356 -0.00953693
      endloop
   endfacet
   facet normal 2.26644e-17 0.370138 -0.928977
      outer loop
         vertex -0.097 -0.00611041 -0.00923307
         vertex -0.097 -0.00640523 -0.00936946
         vertex -0.1105 -0.00640523 -0.00936946
      endloop
   endfacet
   facet normal 1.63814e-17 0.267528 -0.96355
      outer loop
         vertex -0.097 -0.00580259 -0.00912935
         vertex -0.097 -0.00611041 -0.00923307
         vertex -0.1105 -0.00611041 -0.00923307
      endloop
   endfacet
   facet normal 9.90629e-18 0.161782 -0.986827
      outer loop
         vertex -0.097 -0.00548535 -0.00905952
         vertex -0.097 -0.00580259 -0.00912935
         vertex -0.1105 -0.00580259 -0.00912935
      endloop
   endfacet
   facet normal 3.31505e-18 0.0541389 -0.998533
      outer loop
         vertex -0.097 -0.00516242 -0.0090244
         vertex -0.097 -0.00548535 -0.00905952
         vertex -0.1105 -0.00548535 -0.00905952
      endloop
   endfacet
   facet normal 0 5.64666e-16 -1
      outer loop
         vertex -0.1105 -0.005 -0.00902
         vertex -0.1105 -0.00483758 -0.0090244
         vertex -0.097 -0.00483758 -0.0090244
      endloop
   endfacet
   facet normal -9.90629e-18 -0.161782 -0.986827
      outer loop
         vertex -0.097 -0.00451465 -0.00905952
         vertex -0.097 -0.00483758 -0.0090244
         vertex -0.1105 -0.00483758 -0.0090244
      endloop
   endfacet
   facet normal -1.63814e-17 -0.267528 -0.96355
      outer loop
         vertex -0.097 -0.00419741 -0.00912935
         vertex -0.097 -0.00451465 -0.00905952
         vertex -0.1105 -0.00451465 -0.00905952
      endloop
   endfacet
   facet normal -2.26644e-17 -0.370138 -0.928977
      outer loop
         vertex -0.097 -0.00388959 -0.00923307
         vertex -0.097 -0.00419741 -0.00912935
         vertex -0.1105 -0.00419741 -0.00912935
      endloop
   endfacet
   facet normal -2.86817e-17 -0.468408 -0.883512
      outer loop
         vertex -0.097 -0.00359477 -0.00936946
         vertex -0.097 -0.00388959 -0.00923307
         vertex -0.1105 -0.00388959 -0.00923307
      endloop
   endfacet
   facet normal -3.43628e-17 -0.561187 -0.827689
      outer loop
         vertex -0.097 -0.00331644 -0.00953693
         vertex -0.097 -0.00359477 -0.00936946
         vertex -0.1105 -0.00359477 -0.00936946
      endloop
   endfacet
   facet normal -3.9641e-17 -0.647386 -0.762162
      outer loop
         vertex -0.097 -0.00305784 -0.00973351
         vertex -0.097 -0.00331644 -0.00953693
         vertex -0.1105 -0.00331644 -0.00953693
      endloop
   endfacet
   facet normal -4.44544e-17 -0.725995 -0.687699
      outer loop
         vertex -0.097 -0.00282201 -0.0099569
         vertex -0.097 -0.00305784 -0.00973351
         vertex -0.1105 -0.00305784 -0.00973351
      endloop
   endfacet
   facet normal -4.87466e-17 -0.796093 -0.605174
      outer loop
         vertex -0.097 -0.00261172 -0.0102045
         vertex -0.097 -0.00282201 -0.0099569
         vertex -0.1105 -0.00282201 -0.0099569
      endloop
   endfacet
   facet normal -5.24674e-17 -0.856857 -0.515554
      outer loop
         vertex -0.097 -0.00242943 -0.0104733
         vertex -0.097 -0.00261172 -0.0102045
         vertex -0.1105 -0.00261172 -0.0102045
      endloop
   endfacet
   facet normal -5.5573e-17 -0.907575 -0.419889
      outer loop
         vertex -0.097 -0.00227727 -0.0107603
         vertex -0.097 -0.00242943 -0.0104733
         vertex -0.1105 -0.00242943 -0.0104733
      endloop
   endfacet
   facet normal -5.8027e-17 -0.947653 -0.319302
      outer loop
         vertex -0.097 -0.00215704 -0.0110621
         vertex -0.097 -0.00227727 -0.0107603
         vertex -0.1105 -0.00227727 -0.0107603
      endloop
   endfacet
   facet normal -5.98008e-17 -0.976621 -0.21497
      outer loop
         vertex -0.097 -0.00207014 -0.0113751
         vertex -0.097 -0.00215704 -0.0110621
         vertex -0.1105 -0.00215704 -0.0110621
      endloop
   endfacet
   facet normal -6.08734e-17 -0.994138 -0.108119
      outer loop
         vertex -0.097 -0.00201759 -0.0116956
         vertex -0.097 -0.00207014 -0.0113751
         vertex -0.1105 -0.00207014 -0.0113751
      endloop
   endfacet
   facet normal -6.12323e-17 -1 -1.22465e-16
      outer loop
         vertex -0.097 -0.002 -0.01202
         vertex -0.097 -0.00201759 -0.0116956
         vertex -0.1105 -0.00201759 -0.0116956
      endloop
   endfacet
   facet normal -6.08734e-17 -0.994138 0.108119
      outer loop
         vertex -0.097 -0.00201759 -0.0123444
         vertex -0.097 -0.002 -0.01202
         vertex -0.1105 -0.002 -0.01202
      endloop
   endfacet
   facet normal -5.98008e-17 -0.976621 0.21497
      outer loop
         vertex -0.097 -0.00207014 -0.0126649
         vertex -0.097 -0.00201759 -0.0123444
         vertex -0.1105 -0.00201759 -0.0123444
      endloop
   endfacet
   facet normal -5.8027e-17 -0.947653 0.319302
      outer loop
         vertex -0.097 -0.00215704 -0.0129779
         vertex -0.097 -0.00207014 -0.0126649
         vertex -0.1105 -0.00207014 -0.0126649
      endloop
   endfacet
   facet normal -5.5573e-17 -0.907575 0.419889
      outer loop
         vertex -0.097 -0.00227727 -0.0132797
         vertex -0.097 -0.00215704 -0.0129779
         vertex -0.1105 -0.00215704 -0.0129779
      endloop
   endfacet
   facet normal -5.24674e-17 -0.856857 0.515554
      outer loop
         vertex -0.097 -0.00242943 -0.0135667
         vertex -0.097 -0.00227727 -0.0132797
         vertex -0.1105 -0.00227727 -0.0132797
      endloop
   endfacet
   facet normal -4.87466e-17 -0.796093 0.605174
      outer loop
         vertex -0.097 -0.00261172 -0.0138355
         vertex -0.097 -0.00242943 -0.0135667
         vertex -0.1105 -0.00242943 -0.0135667
      endloop
   endfacet
   facet normal -4.44544e-17 -0.725995 0.687699
      outer loop
         vertex -0.097 -0.00282201 -0.0140831
         vertex -0.097 -0.00261172 -0.0138355
         vertex -0.1105 -0.00261172 -0.0138355
      endloop
   endfacet
   facet normal -3.9641e-17 -0.647386 0.762162
      outer loop
         vertex -0.097 -0.00305784 -0.0143065
         vertex -0.097 -0.00282201 -0.0140831
         vertex -0.1105 -0.00282201 -0.0140831
      endloop
   endfacet
   facet normal -3.43628e-17 -0.561187 0.827689
      outer loop
         vertex -0.097 -0.00331644 -0.0145031
         vertex -0.097 -0.00305784 -0.0143065
         vertex -0.1105 -0.00305784 -0.0143065
      endloop
   endfacet
   facet normal -2.86817e-17 -0.468408 0.883512
      outer loop
         vertex -0.097 -0.00359477 -0.0146705
         vertex -0.097 -0.00331644 -0.0145031
         vertex -0.1105 -0.00331644 -0.0145031
      endloop
   endfacet
   facet normal -2.26644e-17 -0.370138 0.928977
      outer loop
         vertex -0.097 -0.00388959 -0.0148069
         vertex -0.097 -0.00359477 -0.0146705
         vertex -0.1105 -0.00359477 -0.0146705
      endloop
   endfacet
   facet normal -1.63814e-17 -0.267528 0.96355
      outer loop
         vertex -0.097 -0.00419741 -0.0149106
         vertex -0.097 -0.00388959 -0.0148069
         vertex -0.1105 -0.00388959 -0.0148069
      endloop
   endfacet
   facet normal -9.90629e-18 -0.161782 0.986827
      outer loop
         vertex -0.097 -0.00451465 -0.0149805
         vertex -0.097 -0.00419741 -0.0149106
         vertex -0.1105 -0.00419741 -0.0149106
      endloop
   endfacet
   facet normal -3.31505e-18 -0.0541389 0.998533
      outer loop
         vertex -0.097 -0.00483758 -0.0150156
         vertex -0.097 -0.00451465 -0.0149805
         vertex -0.1105 -0.00451465 -0.0149805
      endloop
   endfacet
   facet normal -1.12482e-32 -1.83697e-16 1
      outer loop
         vertex -0.097 -0.005 -0.01502
         vertex -0.097 -0.00483758 -0.0150156
         vertex -0.1105 -0.00483758 -0.0150156
      endloop
   endfacet
   facet normal 9.90629e-18 0.161782 0.986827
      outer loop
         vertex -0.097 -0.00548535 -0.0149805
         vertex -0.097 -0.00516242 -0.0150156
         vertex -0.1105 -0.00516242 -0.0150156
      endloop
   endfacet
   facet normal 1.63814e-17 0.267528 0.96355
      outer loop
         vertex -0.097 -0.00580259 -0.0149106
         vertex -0.097 -0.00548535 -0.0149805
         vertex -0.1105 -0.00548535 -0.0149805
      endloop
   endfacet
   facet normal 2.26644e-17 0.370138 0.928977
      outer loop
         vertex -0.097 -0.00611041 -0.0148069
         vertex -0.097 -0.00580259 -0.0149106
         vertex -0.1105 -0.00580259 -0.0149106
      endloop
   endfacet
   facet normal 2.86817e-17 0.468408 0.883512
      outer loop
         vertex -0.097 -0.00640523 -0.0146705
         vertex -0.097 -0.00611041 -0.0148069
         vertex -0.1105 -0.00611041 -0.0148069
      endloop
   endfacet
   facet normal 3.43628e-17 0.561187 0.827689
      outer loop
         vertex -0.097 -0.00668356 -0.0145031
         vertex -0.097 -0.00640523 -0.0146705
         vertex -0.1105 -0.00640523 -0.0146705
      endloop
   endfacet
   facet normal 3.9641e-17 0.647386 0.762162
      outer loop
         vertex -0.097 -0.00694216 -0.0143065
         vertex -0.097 -0.00668356 -0.0145031
         vertex -0.1105 -0.00668356 -0.0145031
      endloop
   endfacet
   facet normal 4.44544e-17 0.725995 0.687699
      outer loop
         vertex -0.097 -0.00717799 -0.0140831
         vertex -0.097 -0.00694216 -0.0143065
         vertex -0.1105 -0.00694216 -0.0143065
      endloop
   endfacet
   facet normal 4.87466e-17 0.796093 0.605174
      outer loop
         vertex -0.097 -0.00738828 -0.0138355
         vertex -0.097 -0.00717799 -0.0140831
         vertex -0.1105 -0.00717799 -0.0140831
      endloop
   endfacet
   facet normal 5.24674e-17 0.856857 0.515554
      outer loop
         vertex -0.097 -0.00757057 -0.0135667
         vertex -0.097 -0.00738828 -0.0138355
         vertex -0.1105 -0.00738828 -0.0138355
      endloop
   endfacet
   facet normal 5.5573e-17 0.907575 0.419889
      outer loop
         vertex -0.097 -0.00772273 -0.0132797
         vertex -0.097 -0.00757057 -0.0135667
         vertex -0.1105 -0.00757057 -0.0135667
      endloop
   endfacet
   facet normal 5.8027e-17 0.947653 0.319302
      outer loop
         vertex -0.097 -0.00784296 -0.0129779
         vertex -0.097 -0.00772273 -0.0132797
         vertex -0.1105 -0.00772273 -0.0132797
      endloop
   endfacet
   facet normal 5.98008e-17 0.976621 0.21497
      outer loop
         vertex -0.097 -0.00792986 -0.0126649
         vertex -0.097 -0.00784296 -0.0129779
         vertex -0.1105 -0.00784296 -0.0129779
      endloop
   endfacet
   facet normal 6.08734e-17 0.994138 0.108119
      outer loop
         vertex -0.097 -0.00798241 -0.0123444
         vertex -0.097 -0.00792986 -0.0126649
         vertex -0.1105 -0.00792986 -0.0126649
      endloop
   endfacet
   facet normal 6.12323e-17 1 2.44929e-16
      outer loop
         vertex -0.097 -0.008 -0.01202
         vertex -0.097 -0.00798241 -0.0123444
         vertex -0.1105 -0.00798241 -0.0123444
      endloop
   endfacet
   facet normal -1 6.12323e-17 0
      outer loop
         vertex -0.097 -0.00215704 -0.0129779
         vertex -0.097 -0.00369943 -0.0125382
         vertex -0.097 -0.00365103 -0.0123945
      endloop
   endfacet
   facet normal -1 6.12323e-17 0
      outer loop
         vertex -0.097 -0.00331644 -0.00953693
         vertex -0.097 -0.00415276 -0.0109055
         vertex -0.097 -0.00427822 -0.0108204
      endloop
   endfacet
   facet normal -1 6.12323e-17 0
      outer loop
         vertex -0.097 -0.00207014 -0.0113751
         vertex -0.097 -0.00201759 -0.0116956
         vertex -0.097 -0.00361844 -0.0117935
      endloop
   endfacet
   facet normal -1 6.12323e-17 0
      outer loop
         vertex -0.097 -0.00201759 -0.0116956
         vertex -0.097 -0.002 -0.01202
         vertex -0.097 -0.00360205 -0.0119442
      endloop
   endfacet
   facet normal -1 6.12323e-17 0
      outer loop
         vertex -0.097 -0.002 -0.01202
         vertex -0.097 -0.00201759 -0.0123444
         vertex -0.097 -0.00360205 -0.0120958
      endloop
   endfacet
   facet normal -1 6.12323e-17 0
      outer loop
         vertex -0.097 -0.00201759 -0.0123444
         vertex -0.097 -0.00207014 -0.0126649
         vertex -0.097 -0.00361844 -0.0122465
      endloop
   endfacet
   facet normal -1 6.12323e-17 0
      outer loop
         vertex -0.097 -0.00365103 -0.0123945
         vertex -0.097 -0.00207014 -0.0126649
         vertex -0.097 -0.00215704 -0.0129779
      endloop
   endfacet
   facet normal -1 6.12323e-17 0
      outer loop
         vertex -0.097 -0.00427822 -0.0108204
         vertex -0.097 -0.00359477 -0.00936946
         vertex -0.097 -0.00331644 -0.00953693
      endloop
   endfacet
   facet normal -1 6.12323e-17 0
      outer loop
         vertex -0.097 -0.00215704 -0.0110621
         vertex -0.097 -0.00365103 -0.0116455
         vertex -0.097 -0.00369943 -0.0115018
      endloop
   endfacet
   facet normal -1 6.12323e-17 0
      outer loop
         vertex -0.097 -0.00365103 -0.0116455
         vertex -0.097 -0.00215704 -0.0110621
         vertex -0.097 -0.00207014 -0.0113751
      endloop
   endfacet
   facet normal -1 6.12323e-17 0
      outer loop
         vertex -0.097 -0.00360205 -0.0120958
         vertex -0.097 -0.00360205 -0.0119442
         vertex -0.097 -0.002 -0.01202
      endloop
   endfacet
   facet normal -1 6.12323e-17 0
      outer loop
         vertex -0.097 -0.00365103 -0.0123945
         vertex -0.097 -0.00361844 -0.0122465
         vertex -0.097 -0.00207014 -0.0126649
      endloop
   endfacet
   facet normal -1 6.12323e-17 0
      outer loop
         vertex -0.097 -0.00305784 -0.00973351
         vertex -0.097 -0.00403722 -0.0110036
         vertex -0.097 -0.00415276 -0.0109055
      endloop
   endfacet
   facet normal -1 6.12323e-17 0
      outer loop
         vertex -0.097 -0.00282201 -0.0099569
         vertex -0.097 -0.00393297 -0.0111137
         vertex -0.097 -0.00403722 -0.0110036
      endloop
   endfacet
   facet normal -1 6.12323e-17 0
      outer loop
         vertex -0.097 -0.00261172 -0.0102045
         vertex -0.097 -0.00384124 -0.0112343
         vertex -0.097 -0.00393297 -0.0111137
      endloop
   endfacet
   facet normal -1 6.12323e-17 0
      outer loop
         vertex -0.097 -0.00242943 -0.0104733
         vertex -0.097 -0.00227727 -0.0107603
         vertex -0.097 -0.00376308 -0.0113642
      endloop
   endfacet
   facet normal -1 6.12323e-17 0
      outer loop
         vertex -0.097 -0.00361844 -0.0117935
         vertex -0.097 -0.00365103 -0.0116455
         vertex -0.097 -0.00207014 -0.0113751
      endloop
   endfacet
   facet normal -1 6.12323e-17 0
      outer loop
         vertex -0.097 -0.00361844 -0.0122465
         vertex -0.097 -0.00360205 -0.0120958
         vertex -0.097 -0.00201759 -0.0123444
      endloop
   endfacet
   facet normal -1 6.12323e-17 0
      outer loop
         vertex -0.097 -0.00227727 -0.0132797
         vertex -0.097 -0.00242943 -0.0135667
         vertex -0.097 -0.00376308 -0.0126758
      endloop
   endfacet
   facet normal -1 6.12323e-17 0
      outer loop
         vertex -0.097 -0.00282201 -0.0140831
         vertex -0.097 -0.00305784 -0.0143065
         vertex -0.097 -0.00403722 -0.0130364
      endloop
   endfacet
   facet normal -1 6.12323e-17 0
      outer loop
         vertex -0.097 -0.00403722 -0.0110036
         vertex -0.097 -0.00305784 -0.00973351
         vertex -0.097 -0.00282201 -0.0099569
      endloop
   endfacet
   facet normal -1 6.12323e-17 0
      outer loop
         vertex -0.097 -0.00393297 -0.0111137
         vertex -0.097 -0.00282201 -0.0099569
         vertex -0.097 -0.00261172 -0.0102045
      endloop
   endfacet
   facet normal -1 6.12323e-17 0
      outer loop
         vertex -0.097 -0.00227727 -0.0107603
         vertex -0.097 -0.00369943 -0.0115018
         vertex -0.097 -0.00376308 -0.0113642
      endloop
   endfacet
   facet normal -1 6.12323e-17 0
      outer loop
         vertex -0.097 -0.00360205 -0.0119442
         vertex -0.097 -0.00361844 -0.0117935
         vertex -0.097 -0.00201759 -0.0116956
      endloop
   endfacet
   facet normal -1 6.12323e-17 0
      outer loop
         vertex -0.097 -0.00369943 -0.0125382
         vertex -0.097 -0.00215704 -0.0129779
         vertex -0.097 -0.00227727 -0.0132797
      endloop
   endfacet
   facet normal -1 6.12323e-17 0
      outer loop
         vertex -0.097 -0.00261172 -0.0138355
         vertex -0.097 -0.00393297 -0.0129263
         vertex -0.097 -0.00384124 -0.0128057
      endloop
   endfacet
   facet normal -1 6.12323e-17 0
      outer loop
         vertex -0.097 -0.00393297 -0.0129263
         vertex -0.097 -0.00261172 -0.0138355
         vertex -0.097 -0.00282201 -0.0140831
      endloop
   endfacet
   facet normal -1 6.12323e-17 0
      outer loop
         vertex -0.097 -0.00784296 -0.0110621
         vertex -0.097 -0.00630057 -0.0115018
         vertex -0.097 -0.00634897 -0.0116455
      endloop
   endfacet
   facet normal -1 6.12323e-17 0
      outer loop
         vertex -0.097 -0.00772273 -0.0107603
         vertex -0.097 -0.00623692 -0.0113642
         vertex -0.097 -0.00630057 -0.0115018
      endloop
   endfacet
   facet normal -1 6.12323e-17 0
      outer loop
         vertex -0.097 -0.00261172 -0.0102045
         vertex -0.097 -0.00242943 -0.0104733
         vertex -0.097 -0.00384124 -0.0112343
      endloop
   endfacet
   facet normal -1 6.12323e-17 0
      outer loop
         vertex -0.097 -0.00369943 -0.0115018
         vertex -0.097 -0.00227727 -0.0107603
         vertex -0.097 -0.00215704 -0.0110621
      endloop
   endfacet
   facet normal -1 6.12323e-17 0
      outer loop
         vertex -0.097 -0.00242943 -0.0135667
         vertex -0.097 -0.00384124 -0.0128057
         vertex -0.097 -0.00376308 -0.0126758
      endloop
   endfacet
   facet normal -1 6.12323e-17 0
      outer loop
         vertex -0.097 -0.00403722 -0.0130364
         vertex -0.097 -0.00393297 -0.0129263
         vertex -0.097 -0.00282201 -0.0140831
      endloop
   endfacet
   facet normal -1 6.12323e-17 0
      outer loop
         vertex -0.097 -0.00668356 -0.0145031
         vertex -0.097 -0.00694216 -0.0143065
         vertex -0.097 -0.00584724 -0.0131345
      endloop
   endfacet
   facet normal -1 6.12323e-17 0
      outer loop
         vertex -0.097 -0.00634897 -0.0116455
         vertex -0.097 -0.00792986 -0.0113751
         vertex -0.097 -0.00784296 -0.0110621
      endloop
   endfacet
   facet normal -1 6.12323e-17 0
      outer loop
         vertex -0.097 -0.00630057 -0.0115018
         vertex -0.097 -0.00784296 -0.0110621
         vertex -0.097 -0.00772273 -0.0107603
      endloop
   endfacet
   facet normal -1 6.12323e-17 0
      outer loop
         vertex -0.097 -0.00757057 -0.0104733
         vertex -0.097 -0.00738828 -0.0102045
         vertex -0.097 -0.00615876 -0.0112343
      endloop
   endfacet
   facet normal -1 6.12323e-17 0
      outer loop
         vertex -0.097 -0.00717799 -0.0099569
         vertex -0.097 -0.00596278 -0.0110036
         vertex -0.097 -0.00606703 -0.0111137
      endloop
   endfacet
   facet normal -1 6.12323e-17 0
      outer loop
         vertex -0.097 -0.00419741 -0.00912935
         vertex -0.097 -0.00388959 -0.00923307
         vertex -0.097 -0.00455298 -0.0106933
      endloop
   endfacet
   facet normal -1 6.12323e-17 0
      outer loop
         vertex -0.097 -0.00376308 -0.0113642
         vertex -0.097 -0.00384124 -0.0112343
         vertex -0.097 -0.00242943 -0.0104733
      endloop
   endfacet
   facet normal -1 6.12323e-17 0
      outer loop
         vertex -0.097 -0.00384124 -0.0128057
         vertex -0.097 -0.00242943 -0.0135667
         vertex -0.097 -0.00261172 -0.0138355
      endloop
   endfacet
   facet normal -1 6.12323e-17 0
      outer loop
         vertex -0.097 -0.00305784 -0.0143065
         vertex -0.097 -0.00331644 -0.0145031
         vertex -0.097 -0.00415276 -0.0131345
      endloop
   endfacet
   facet normal -1 6.12323e-17 0
      outer loop
         vertex -0.097 -0.00331644 -0.0145031
         vertex -0.097 -0.00359477 -0.0146705
         vertex -0.097 -0.00427822 -0.0132196
      endloop
   endfacet
   facet normal -1 6.12323e-17 0
      outer loop
         vertex -0.097 -0.00580259 -0.0149106
         vertex -0.097 -0.00611041 -0.0148069
         vertex -0.097 -0.00544702 -0.0133467
      endloop
   endfacet
   facet normal -1 6.12323e-17 0
      outer loop
         vertex -0.097 -0.00572178 -0.0132196
         vertex -0.097 -0.00640523 -0.0146705
         vertex -0.097 -0.00668356 -0.0145031
      endloop
   endfacet
   facet normal -1 6.12323e-17 0
      outer loop
         vertex -0.097 -0.00717799 -0.0140831
         vertex -0.097 -0.00606703 -0.0129263
         vertex -0.097 -0.00596278 -0.0130364
      endloop
   endfacet
   facet normal -1 6.12323e-17 0
      outer loop
         vertex -0.097 -0.00772273 -0.0132797
         vertex -0.097 -0.00784296 -0.0129779
         vertex -0.097 -0.00630057 -0.0125382
      endloop
   endfacet
   facet normal -1 6.12323e-17 0
      outer loop
         vertex -0.097 -0.008 -0.01202
         vertex -0.097 -0.00798241 -0.0116956
         vertex -0.097 -0.00639795 -0.0119442
      endloop
   endfacet
   facet normal -1 6.12323e-17 0
      outer loop
         vertex -0.097 -0.00798241 -0.0116956
         vertex -0.097 -0.00792986 -0.0113751
         vertex -0.097 -0.00638156 -0.0117935
      endloop
   endfacet
   facet normal -1 6.12323e-17 0
      outer loop
         vertex -0.097 -0.00772273 -0.0107603
         vertex -0.097 -0.00757057 -0.0104733
         vertex -0.097 -0.00623692 -0.0113642
      endloop
   endfacet
   facet normal -1 6.12323e-17 0
      outer loop
         vertex -0.097 -0.00738828 -0.0102045
         vertex -0.097 -0.00606703 -0.0111137
         vertex -0.097 -0.00615876 -0.0112343
      endloop
   endfacet
   facet normal -1 6.12323e-17 0
      outer loop
         vertex -0.097 -0.00606703 -0.0111137
         vertex -0.097 -0.00738828 -0.0102045
         vertex -0.097 -0.00717799 -0.0099569
      endloop
   endfacet
   facet normal -1 6.12323e-17 0
      outer loop
         vertex -0.097 -0.00668356 -0.00953693
         vertex -0.097 -0.00640523 -0.00936946
         vertex -0.097 -0.00572178 -0.0108204
      endloop
   endfacet
   facet normal -1 6.12323e-17 0
      outer loop
         vertex -0.097 -0.00388959 -0.00923307
         vertex -0.097 -0.00441216 -0.0107494
         vertex -0.097 -0.00455298 -0.0106933
      endloop
   endfacet
   facet normal -1 6.12323e-17 0
      outer loop
         vertex -0.097 -0.00359477 -0.00936946
         vertex -0.097 -0.00427822 -0.0108204
         vertex -0.097 -0.00441216 -0.0107494
      endloop
   endfacet
   facet normal -1 6.12323e-17 0
      outer loop
         vertex -0.097 -0.00376308 -0.0126758
         vertex -0.097 -0.00369943 -0.0125382
         vertex -0.097 -0.00227727 -0.0132797
      endloop
   endfacet
   facet normal -1 6.12323e-17 0
      outer loop
         vertex -0.097 -0.00427822 -0.0132196
         vertex -0.097 -0.00415276 -0.0131345
         vertex -0.097 -0.00331644 -0.0145031
      endloop
   endfacet
   facet normal -1 6.12323e-17 0
      outer loop
         vertex -0.097 -0.00419741 -0.0149106
         vertex -0.097 -0.00469904 -0.0133873
         vertex -0.097 -0.00455298 -0.0133467
      endloop
   endfacet
   facet normal -1 6.12323e-17 0
      outer loop
         vertex -0.097 -0.00451465 -0.0149805
         vertex -0.097 -0.00484863 -0.0134118
         vertex -0.097 -0.00469904 -0.0133873
      endloop
   endfacet
   facet normal -1 6.12323e-17 0
      outer loop
         vertex -0.097 -0.00548535 -0.0149805
         vertex -0.097 -0.00580259 -0.0149106
         vertex -0.097 -0.00530096 -0.0133873
      endloop
   endfacet
   facet normal -1 6.12323e-17 0
      outer loop
         vertex -0.097 -0.00611041 -0.0148069
         vertex -0.097 -0.00558784 -0.0132906
         vertex -0.097 -0.00544702 -0.0133467
      endloop
   endfacet
   facet normal -1 6.12323e-17 0
      outer loop
         vertex -0.097 -0.00640523 -0.0146705
         vertex -0.097 -0.00572178 -0.0132196
         vertex -0.097 -0.00558784 -0.0132906
      endloop
   endfacet
   facet normal -1 6.12323e-17 0
      outer loop
         vertex -0.097 -0.00694216 -0.0143065
         vertex -0.097 -0.00596278 -0.0130364
         vertex -0.097 -0.00584724 -0.0131345
      endloop
   endfacet
   facet normal -1 6.12323e-17 0
      outer loop
         vertex -0.097 -0.00596278 -0.0130364
         vertex -0.097 -0.00694216 -0.0143065
         vertex -0.097 -0.00717799 -0.0140831
      endloop
   endfacet
   facet normal -1 6.12323e-17 0
      outer loop
         vertex -0.097 -0.00623692 -0.0126758
         vertex -0.097 -0.00757057 -0.0135667
         vertex -0.097 -0.00772273 -0.0132797
      endloop
   endfacet
   facet normal -1 6.12323e-17 0
      outer loop
         vertex -0.097 -0.00798241 -0.0123444
         vertex -0.097 -0.00639795 -0.0120958
         vertex -0.097 -0.00638156 -0.0122465
      endloop
   endfacet
   facet normal -1 6.12323e-17 0
      outer loop
         vertex -0.097 -0.008 -0.01202
         vertex -0.097 -0.0064 -0.01202
         vertex -0.097 -0.00639795 -0.0120958
      endloop
   endfacet
   facet normal -1 6.12323e-17 0
      outer loop
         vertex -0.097 -0.00638156 -0.0117935
         vertex -0.097 -0.00639795 -0.0119442
         vertex -0.097 -0.00798241 -0.0116956
      endloop
   endfacet
   facet normal -1 6.12323e-17 0
      outer loop
         vertex -0.097 -0.00615876 -0.0112343
         vertex -0.097 -0.00623692 -0.0113642
         vertex -0.097 -0.00757057 -0.0104733
      endloop
   endfacet
   facet normal -1 6.12323e-17 0
      outer loop
         vertex -0.097 -0.00694216 -0.00973351
         vertex -0.097 -0.00584724 -0.0109055
         vertex -0.097 -0.00596278 -0.0110036
      endloop
   endfacet
   facet normal -1 6.12323e-17 0
      outer loop
         vertex -0.097 -0.00584724 -0.0109055
         vertex -0.097 -0.00694216 -0.00973351
         vertex -0.097 -0.00668356 -0.00953693
      endloop
   endfacet
   facet normal -1 6.12323e-17 0
      outer loop
         vertex -0.097 -0.00580259 -0.00912935
         vertex -0.097 -0.00530096 -0.0106527
         vertex -0.097 -0.00544702 -0.0106933
      endloop
   endfacet
   facet normal -1 6.12323e-17 0
      outer loop
         vertex -0.097 -0.00548535 -0.00905952
         vertex -0.097 -0.00515137 -0.0106282
         vertex -0.097 -0.00530096 -0.0106527
      endloop
   endfacet
   facet normal -1 6.12323e-17 0
      outer loop
         vertex -0.097 -0.00451465 -0.00905952
         vertex -0.097 -0.00469904 -0.0106527
         vertex -0.097 -0.00484863 -0.0106282
      endloop
   endfacet
   facet normal -1 6.12323e-17 0
      outer loop
         vertex -0.097 -0.00441216 -0.0107494
         vertex -0.097 -0.00388959 -0.00923307
         vertex -0.097 -0.00359477 -0.00936946
      endloop
   endfacet
   facet normal -1 6.12323e-17 0
      outer loop
         vertex -0.097 -0.00415276 -0.0131345
         vertex -0.097 -0.00403722 -0.0130364
         vertex -0.097 -0.00305784 -0.0143065
      endloop
   endfacet
   facet normal -1 6.12323e-17 0
      outer loop
         vertex -0.097 -0.00359477 -0.0146705
         vertex -0.097 -0.00388959 -0.0148069
         vertex -0.097 -0.00441216 -0.0132906
      endloop
   endfacet
   facet normal -1 6.12323e-17 0
      outer loop
         vertex -0.097 -0.00455298 -0.0133467
         vertex -0.097 -0.00388959 -0.0148069
         vertex -0.097 -0.00419741 -0.0149106
      endloop
   endfacet
   facet normal -1 6.12323e-17 0
      outer loop
         vertex -0.097 -0.00469904 -0.0133873
         vertex -0.097 -0.00419741 -0.0149106
         vertex -0.097 -0.00451465 -0.0149805
      endloop
   endfacet
   facet normal -1 6.12323e-17 0
      outer loop
         vertex -0.097 -0.00483758 -0.0150156
         vertex -0.097 -0.005 -0.01502
         vertex -0.097 -0.005 -0.01342
      endloop
   endfacet
   facet normal -1 6.12323e-17 0
      outer loop
         vertex -0.097 -0.00516242 -0.0150156
         vertex -0.097 -0.00515137 -0.0134118
         vertex -0.097 -0.005 -0.01342
      endloop
   endfacet
   facet normal -1 6.12323e-17 0
      outer loop
         vertex -0.097 -0.00515137 -0.0134118
         vertex -0.097 -0.00516242 -0.0150156
         vertex -0.097 -0.00548535 -0.0149805
      endloop
   endfacet
   facet normal -1 6.12323e-17 0
      outer loop
         vertex -0.097 -0.00558784 -0.0132906
         vertex -0.097 -0.00611041 -0.0148069
         vertex -0.097 -0.00640523 -0.0146705
      endloop
   endfacet
   facet normal -1 6.12323e-17 0
      outer loop
         vertex -0.097 -0.00717799 -0.0140831
         vertex -0.097 -0.00738828 -0.0138355
         vertex -0.097 -0.00606703 -0.0129263
      endloop
   endfacet
   facet normal -1 6.12323e-17 0
      outer loop
         vertex -0.097 -0.00738828 -0.0138355
         vertex -0.097 -0.00757057 -0.0135667
         vertex -0.097 -0.00615876 -0.0128057
      endloop
   endfacet
   facet normal -1 6.12323e-17 0
      outer loop
         vertex -0.097 -0.00630057 -0.0125382
         vertex -0.097 -0.00623692 -0.0126758
         vertex -0.097 -0.00772273 -0.0132797
      endloop
   endfacet
   facet normal -1 6.12323e-17 0
      outer loop
         vertex -0.097 -0.00639795 -0.0120958
         vertex -0.097 -0.00798241 -0.0123444
         vertex -0.097 -0.008 -0.01202
      endloop
   endfacet
   facet normal -1 6.12323e-17 0
      outer loop
         vertex -0.097 -0.00634897 -0.0116455
         vertex -0.097 -0.00638156 -0.0117935
         vertex -0.097 -0.00792986 -0.0113751
      endloop
   endfacet
   facet normal -1 6.12323e-17 0
      outer loop
         vertex -0.097 -0.00572178 -0.0108204
         vertex -0.097 -0.00584724 -0.0109055
         vertex -0.097 -0.00668356 -0.00953693
      endloop
   endfacet
   facet normal -1 6.12323e-17 0
      outer loop
         vertex -0.097 -0.00640523 -0.00936946
         vertex -0.097 -0.00611041 -0.00923307
         vertex -0.097 -0.00558784 -0.0107494
      endloop
   endfacet
   facet normal -1 6.12323e-17 0
      outer loop
         vertex -0.097 -0.00544702 -0.0106933
         vertex -0.097 -0.00611041 -0.00923307
         vertex -0.097 -0.00580259 -0.00912935
      endloop
   endfacet
   facet normal -1 6.12323e-17 0
      outer loop
         vertex -0.097 -0.00530096 -0.0106527
         vertex -0.097 -0.00580259 -0.00912935
         vertex -0.097 -0.00548535 -0.00905952
      endloop
   endfacet
   facet normal -1 6.12323e-17 0
      outer loop
         vertex -0.097 -0.00483758 -0.0090244
         vertex -0.097 -0.00484863 -0.0106282
         vertex -0.097 -0.005 -0.01062
      endloop
   endfacet
   facet normal -1 6.12323e-17 0
      outer loop
         vertex -0.097 -0.00484863 -0.0106282
         vertex -0.097 -0.00483758 -0.0090244
         vertex -0.097 -0.00451465 -0.00905952
      endloop
   endfacet
   facet normal -1 6.12323e-17 0
      outer loop
         vertex -0.097 -0.00331644 -0.00953693
         vertex -0.097 -0.00305784 -0.00973351
         vertex -0.097 -0.00415276 -0.0109055
      endloop
   endfacet
   facet normal -1 6.12323e-17 0
      outer loop
         vertex -0.097 -0.00455298 -0.0133467
         vertex -0.097 -0.00441216 -0.0132906
         vertex -0.097 -0.00388959 -0.0148069
      endloop
   endfacet
   facet normal -1 6.12323e-17 0
      outer loop
         vertex -0.097 -0.005 -0.01342
         vertex -0.097 -0.00484863 -0.0134118
         vertex -0.097 -0.00483758 -0.0150156
      endloop
   endfacet
   facet normal -1 6.12323e-17 0
      outer loop
         vertex -0.097 -0.00530096 -0.0133873
         vertex -0.097 -0.00515137 -0.0134118
         vertex -0.097 -0.00548535 -0.0149805
      endloop
   endfacet
   facet normal -1 6.12323e-17 0
      outer loop
         vertex -0.097 -0.00584724 -0.0131345
         vertex -0.097 -0.00572178 -0.0132196
         vertex -0.097 -0.00668356 -0.0145031
      endloop
   endfacet
   facet normal -1 6.12323e-17 0
      outer loop
         vertex -0.097 -0.00623692 -0.0126758
         vertex -0.097 -0.00615876 -0.0128057
         vertex -0.097 -0.00757057 -0.0135667
      endloop
   endfacet
   facet normal -1 6.12323e-17 0
      outer loop
         vertex -0.097 -0.00784296 -0.0129779
         vertex -0.097 -0.00792986 -0.0126649
         vertex -0.097 -0.00634897 -0.0123945
      endloop
   endfacet
   facet normal -1 6.12323e-17 0
      outer loop
         vertex -0.097 -0.00638156 -0.0122465
         vertex -0.097 -0.00792986 -0.0126649
         vertex -0.097 -0.00798241 -0.0123444
      endloop
   endfacet
   facet normal -1 6.12323e-17 0
      outer loop
         vertex -0.097 -0.00717799 -0.0099569
         vertex -0.097 -0.00694216 -0.00973351
         vertex -0.097 -0.00596278 -0.0110036
      endloop
   endfacet
   facet normal -1 6.12323e-17 0
      outer loop
         vertex -0.097 -0.00544702 -0.0106933
         vertex -0.097 -0.00558784 -0.0107494
         vertex -0.097 -0.00611041 -0.00923307
      endloop
   endfacet
   facet normal -1 6.12323e-17 0
      outer loop
         vertex -0.097 -0.00516242 -0.0090244
         vertex -0.097 -0.005 -0.01062
         vertex -0.097 -0.00515137 -0.0106282
      endloop
   endfacet
   facet normal -1 6.12323e-17 0
      outer loop
         vertex -0.097 -0.00451465 -0.00905952
         vertex -0.097 -0.00419741 -0.00912935
         vertex -0.097 -0.00469904 -0.0106527
      endloop
   endfacet
   facet normal -1 6.12323e-17 0
      outer loop
         vertex -0.097 -0.00441216 -0.0132906
         vertex -0.097 -0.00427822 -0.0132196
         vertex -0.097 -0.00359477 -0.0146705
      endloop
   endfacet
   facet normal -1 6.12323e-17 0
      outer loop
         vertex -0.097 -0.005 -0.01342
         vertex -0.097 -0.005 -0.01502
         vertex -0.097 -0.00516242 -0.0150156
      endloop
   endfacet
   facet normal -1 6.12323e-17 0
      outer loop
         vertex -0.097 -0.00615876 -0.0128057
         vertex -0.097 -0.00606703 -0.0129263
         vertex -0.097 -0.00738828 -0.0138355
      endloop
   endfacet
   facet normal -1 6.12323e-17 0
      outer loop
         vertex -0.097 -0.00638156 -0.0122465
         vertex -0.097 -0.00634897 -0.0123945
         vertex -0.097 -0.00792986 -0.0126649
      endloop
   endfacet
   facet normal -1 6.12323e-17 0
      outer loop
         vertex -0.097 -0.00558784 -0.0107494
         vertex -0.097 -0.00572178 -0.0108204
         vertex -0.097 -0.00640523 -0.00936946
      endloop
   endfacet
   facet normal -1 6.12323e-17 0
      outer loop
         vertex -0.097 -0.005 -0.01062
         vertex -0.097 -0.00516242 -0.0090244
         vertex -0.097 -0.00483758 -0.0090244
      endloop
   endfacet
   facet normal -1 6.12323e-17 0
      outer loop
         vertex -0.097 -0.00451465 -0.0149805
         vertex -0.097 -0.00483758 -0.0150156
         vertex -0.097 -0.00484863 -0.0134118
      endloop
   endfacet
   facet normal -1 6.12323e-17 0
      outer loop
         vertex -0.097 -0.00634897 -0.0123945
         vertex -0.097 -0.00630057 -0.0125382
         vertex -0.097 -0.00784296 -0.0129779
      endloop
   endfacet
   facet normal -1 6.12323e-17 0
      outer loop
         vertex -0.097 -0.00548535 -0.00905952
         vertex -0.097 -0.00516242 -0.0090244
         vertex -0.097 -0.00515137 -0.0106282
      endloop
   endfacet
   facet normal -1 6.12323e-17 0
      outer loop
         vertex -0.097 -0.00544702 -0.0133467
         vertex -0.097 -0.00530096 -0.0133873
         vertex -0.097 -0.00580259 -0.0149106
      endloop
   endfacet
   facet normal -1 6.12323e-17 0
      outer loop
         vertex -0.097 -0.00455298 -0.0106933
         vertex -0.097 -0.00469904 -0.0106527
         vertex -0.097 -0.00419741 -0.00912935
      endloop
   endfacet
   facet normal -1 6.12323e-17 0
      outer loop
         vertex -0.097 -0.00639795 -0.0119442
         vertex -0.097 -0.0064 -0.01202
         vertex -0.097 -0.008 -0.01202
      endloop
   endfacet
   facet normal -6.62038e-18 -0.108119 -0.994138
      outer loop
         vertex -0.0938 -0.00484863 -0.0106282
         vertex -0.0938 -0.005 -0.01062
         vertex -0.097 -0.005 -0.01062
      endloop
   endfacet
   facet normal -1.31631e-17 -0.21497 -0.976621
      outer loop
         vertex -0.0938 -0.00469904 -0.0106527
         vertex -0.0938 -0.00484863 -0.0106282
         vertex -0.097 -0.00484863 -0.0106282
      endloop
   endfacet
   facet normal -1.95516e-17 -0.319302 -0.947653
      outer loop
         vertex -0.0938 -0.00455298 -0.0106933
         vertex -0.0938 -0.00469904 -0.0106527
         vertex -0.097 -0.00469904 -0.0106527
      endloop
   endfacet
   facet normal -2.57108e-17 -0.419889 -0.907575
      outer loop
         vertex -0.0938 -0.00441216 -0.0107494
         vertex -0.0938 -0.00455298 -0.0106933
         vertex -0.097 -0.00455298 -0.0106933
      endloop
   endfacet
   facet normal -3.15686e-17 -0.515554 -0.856857
      outer loop
         vertex -0.0938 -0.00427822 -0.0108204
         vertex -0.0938 -0.00441216 -0.0107494
         vertex -0.097 -0.00441216 -0.0107494
      endloop
   endfacet
   facet normal -3.70562e-17 -0.605174 -0.796093
      outer loop
         vertex -0.0938 -0.00415276 -0.0109055
         vertex -0.0938 -0.00427822 -0.0108204
         vertex -0.097 -0.00427822 -0.0108204
      endloop
   endfacet
   facet normal -4.21094e-17 -0.687699 -0.725995
      outer loop
         vertex -0.0938 -0.00403722 -0.0110036
         vertex -0.0938 -0.00415276 -0.0109055
         vertex -0.097 -0.00415276 -0.0109055
      endloop
   endfacet
   facet normal -4.6669e-17 -0.762162 -0.647386
      outer loop
         vertex -0.0938 -0.00393297 -0.0111137
         vertex -0.0938 -0.00403722 -0.0110036
         vertex -0.097 -0.00403722 -0.0110036
      endloop
   endfacet
   facet normal -5.06813e-17 -0.827689 -0.561187
      outer loop
         vertex -0.0938 -0.00384124 -0.0112343
         vertex -0.0938 -0.00393297 -0.0111137
         vertex -0.097 -0.00393297 -0.0111137
      endloop
   endfacet
   facet normal -5.40995e-17 -0.883512 -0.468408
      outer loop
         vertex -0.0938 -0.00376308 -0.0113642
         vertex -0.0938 -0.00384124 -0.0112343
         vertex -0.097 -0.00384124 -0.0112343
      endloop
   endfacet
   facet normal -5.68834e-17 -0.928977 -0.370138
      outer loop
         vertex -0.0938 -0.00369943 -0.0115018
         vertex -0.0938 -0.00376308 -0.0113642
         vertex -0.097 -0.00376308 -0.0113642
      endloop
   endfacet
   facet normal -5.90004e-17 -0.96355 -0.267528
      outer loop
         vertex -0.0938 -0.00365103 -0.0116455
         vertex -0.0938 -0.00369943 -0.0115018
         vertex -0.097 -0.00369943 -0.0115018
      endloop
   endfacet
   facet normal -6.04257e-17 -0.986827 -0.161782
      outer loop
         vertex -0.0938 -0.00361844 -0.0117935
         vertex -0.0938 -0.00365103 -0.0116455
         vertex -0.097 -0.00365103 -0.0116455
      endloop
   endfacet
   facet normal -6.11425e-17 -0.998533 -0.0541389
      outer loop
         vertex -0.0938 -0.00360205 -0.0119442
         vertex -0.0938 -0.00361844 -0.0117935
         vertex -0.097 -0.00361844 -0.0117935
      endloop
   endfacet
   facet normal -6.11425e-17 -0.998533 0.0541389
      outer loop
         vertex -0.0938 -0.00360205 -0.0120958
         vertex -0.0938 -0.00360205 -0.0119442
         vertex -0.097 -0.00360205 -0.0119442
      endloop
   endfacet
   facet normal -6.04257e-17 -0.986827 0.161782
      outer loop
         vertex -0.0938 -0.00361844 -0.0122465
         vertex -0.0938 -0.00360205 -0.0120958
         vertex -0.097 -0.00360205 -0.0120958
      endloop
   endfacet
   facet normal -5.90004e-17 -0.96355 0.267528
      outer loop
         vertex -0.0938 -0.00365103 -0.0123945
         vertex -0.0938 -0.00361844 -0.0122465
         vertex -0.097 -0.00361844 -0.0122465
      endloop
   endfacet
   facet normal -5.68834e-17 -0.928977 0.370138
      outer loop
         vertex -0.0938 -0.00369943 -0.0125382
         vertex -0.0938 -0.00365103 -0.0123945
         vertex -0.097 -0.00365103 -0.0123945
      endloop
   endfacet
   facet normal -5.40995e-17 -0.883512 0.468408
      outer loop
         vertex -0.0938 -0.00376308 -0.0126758
         vertex -0.0938 -0.00369943 -0.0125382
         vertex -0.097 -0.00369943 -0.0125382
      endloop
   endfacet
   facet normal -5.06813e-17 -0.827689 0.561187
      outer loop
         vertex -0.0938 -0.00384124 -0.0128057
         vertex -0.0938 -0.00376308 -0.0126758
         vertex -0.097 -0.00376308 -0.0126758
      endloop
   endfacet
   facet normal -4.6669e-17 -0.762162 0.647386
      outer loop
         vertex -0.0938 -0.00393297 -0.0129263
         vertex -0.0938 -0.00384124 -0.0128057
         vertex -0.097 -0.00384124 -0.0128057
      endloop
   endfacet
   facet normal -4.21094e-17 -0.687699 0.725995
      outer loop
         vertex -0.0938 -0.00403722 -0.0130364
         vertex -0.0938 -0.00393297 -0.0129263
         vertex -0.097 -0.00393297 -0.0129263
      endloop
   endfacet
   facet normal -3.70562e-17 -0.605174 0.796093
      outer loop
         vertex -0.0938 -0.00415276 -0.0131345
         vertex -0.0938 -0.00403722 -0.0130364
         vertex -0.097 -0.00403722 -0.0130364
      endloop
   endfacet
   facet normal -3.15686e-17 -0.515554 0.856857
      outer loop
         vertex -0.0938 -0.00427822 -0.0132196
         vertex -0.0938 -0.00415276 -0.0131345
         vertex -0.097 -0.00415276 -0.0131345
      endloop
   endfacet
   facet normal -2.57108e-17 -0.419889 0.907575
      outer loop
         vertex -0.0938 -0.00441216 -0.0132906
         vertex -0.0938 -0.00427822 -0.0132196
         vertex -0.097 -0.00427822 -0.0132196
      endloop
   endfacet
   facet normal -1.95516e-17 -0.319302 0.947653
      outer loop
         vertex -0.0938 -0.00455298 -0.0133467
         vertex -0.0938 -0.00441216 -0.0132906
         vertex -0.097 -0.00441216 -0.0132906
      endloop
   endfacet
   facet normal -1.31631e-17 -0.21497 0.976621
      outer loop
         vertex -0.0938 -0.00469904 -0.0133873
         vertex -0.0938 -0.00455298 -0.0133467
         vertex -0.097 -0.00455298 -0.0133467
      endloop
   endfacet
   facet normal -6.62038e-18 -0.108119 0.994138
      outer loop
         vertex -0.0938 -0.00484863 -0.0134118
         vertex -0.0938 -0.00469904 -0.0133873
         vertex -0.097 -0.00469904 -0.0133873
      endloop
   endfacet
   facet normal 1.12482e-32 1.83697e-16 1
      outer loop
         vertex -0.0938 -0.005 -0.01342
         vertex -0.0938 -0.00484863 -0.0134118
         vertex -0.097 -0.00484863 -0.0134118
      endloop
   endfacet
   facet normal 6.62038e-18 0.108119 0.994138
      outer loop
         vertex -0.0938 -0.00515137 -0.0134118
         vertex -0.0938 -0.005 -0.01342
         vertex -0.097 -0.005 -0.01342
      endloop
   endfacet
   facet normal 1.31631e-17 0.21497 0.976621
      outer loop
         vertex -0.0938 -0.00530096 -0.0133873
         vertex -0.0938 -0.00515137 -0.0134118
         vertex -0.097 -0.00515137 -0.0134118
      endloop
   endfacet
   facet normal 1.95516e-17 0.319302 0.947653
      outer loop
         vertex -0.0938 -0.00544702 -0.0133467
         vertex -0.0938 -0.00530096 -0.0133873
         vertex -0.097 -0.00530096 -0.0133873
      endloop
   endfacet
   facet normal 2.57108e-17 0.419889 0.907575
      outer loop
         vertex -0.0938 -0.00558784 -0.0132906
         vertex -0.0938 -0.00544702 -0.0133467
         vertex -0.097 -0.00544702 -0.0133467
      endloop
   endfacet
   facet normal 3.15686e-17 0.515554 0.856857
      outer loop
         vertex -0.0938 -0.00572178 -0.0132196
         vertex -0.0938 -0.00558784 -0.0132906
         vertex -0.097 -0.00558784 -0.0132906
      endloop
   endfacet
   facet normal 3.70562e-17 0.605174 0.796093
      outer loop
         vertex -0.0938 -0.00584724 -0.0131345
         vertex -0.0938 -0.00572178 -0.0132196
         vertex -0.097 -0.00572178 -0.0132196
      endloop
   endfacet
   facet normal 4.21094e-17 0.687699 0.725995
      outer loop
         vertex -0.0938 -0.00596278 -0.0130364
         vertex -0.0938 -0.00584724 -0.0131345
         vertex -0.097 -0.00584724 -0.0131345
      endloop
   endfacet
   facet normal 4.6669e-17 0.762162 0.647386
      outer loop
         vertex -0.0938 -0.00606703 -0.0129263
         vertex -0.0938 -0.00596278 -0.0130364
         vertex -0.097 -0.00596278 -0.0130364
      endloop
   endfacet
   facet normal 5.06813e-17 0.827689 0.561187
      outer loop
         vertex -0.0938 -0.00615876 -0.0128057
         vertex -0.0938 -0.00606703 -0.0129263
         vertex -0.097 -0.00606703 -0.0129263
      endloop
   endfacet
   facet normal 5.40995e-17 0.883512 0.468408
      outer loop
         vertex -0.0938 -0.00623692 -0.0126758
         vertex -0.0938 -0.00615876 -0.0128057
         vertex -0.097 -0.00615876 -0.0128057
      endloop
   endfacet
   facet normal 5.68834e-17 0.928977 0.370138
      outer loop
         vertex -0.0938 -0.00630057 -0.0125382
         vertex -0.0938 -0.00623692 -0.0126758
         vertex -0.097 -0.00623692 -0.0126758
      endloop
   endfacet
   facet normal 5.90004e-17 0.96355 0.267528
      outer loop
         vertex -0.0938 -0.00634897 -0.0123945
         vertex -0.0938 -0.00630057 -0.0125382
         vertex -0.097 -0.00630057 -0.0125382
      endloop
   endfacet
   facet normal 6.04257e-17 0.986827 0.161782
      outer loop
         vertex -0.0938 -0.00638156 -0.0122465
         vertex -0.0938 -0.00634897 -0.0123945
         vertex -0.097 -0.00634897 -0.0123945
      endloop
   endfacet
   facet normal 6.11425e-17 0.998533 0.0541389
      outer loop
         vertex -0.0938 -0.00639795 -0.0120958
         vertex -0.0938 -0.00638156 -0.0122465
         vertex -0.097 -0.00638156 -0.0122465
      endloop
   endfacet
   facet normal 6.11425e-17 0.998533 0.0541389
      outer loop
         vertex -0.0938 -0.00639795 -0.0120958
         vertex -0.097 -0.00639795 -0.0120958
         vertex -0.097 -0.0064 -0.01202
      endloop
   endfacet
   facet normal 6.12323e-17 1 9.95799e-17
      outer loop
         vertex -0.097 -0.0064 -0.01202
         vertex -0.0938 -0.00639795 -0.0119442
         vertex -0.0938 -0.00639795 -0.0120958
      endloop
   endfacet
   facet normal 6.04257e-17 0.986827 -0.161782
      outer loop
         vertex -0.0938 -0.00638156 -0.0117935
         vertex -0.0938 -0.00639795 -0.0119442
         vertex -0.097 -0.00639795 -0.0119442
      endloop
   endfacet
   facet normal 5.90004e-17 0.96355 -0.267528
      outer loop
         vertex -0.0938 -0.00634897 -0.0116455
         vertex -0.0938 -0.00638156 -0.0117935
         vertex -0.097 -0.00638156 -0.0117935
      endloop
   endfacet
   facet normal 5.68834e-17 0.928977 -0.370138
      outer loop
         vertex -0.0938 -0.00630057 -0.0115018
         vertex -0.0938 -0.00634897 -0.0116455
         vertex -0.097 -0.00634897 -0.0116455
      endloop
   endfacet
   facet normal 5.40995e-17 0.883512 -0.468408
      outer loop
         vertex -0.0938 -0.00623692 -0.0113642
         vertex -0.0938 -0.00630057 -0.0115018
         vertex -0.097 -0.00630057 -0.0115018
      endloop
   endfacet
   facet normal 5.06813e-17 0.827689 -0.561187
      outer loop
         vertex -0.0938 -0.00615876 -0.0112343
         vertex -0.0938 -0.00623692 -0.0113642
         vertex -0.097 -0.00623692 -0.0113642
      endloop
   endfacet
   facet normal 4.6669e-17 0.762162 -0.647386
      outer loop
         vertex -0.0938 -0.00606703 -0.0111137
         vertex -0.0938 -0.00615876 -0.0112343
         vertex -0.097 -0.00615876 -0.0112343
      endloop
   endfacet
   facet normal 4.21094e-17 0.687699 -0.725995
      outer loop
         vertex -0.0938 -0.00596278 -0.0110036
         vertex -0.0938 -0.00606703 -0.0111137
         vertex -0.097 -0.00606703 -0.0111137
      endloop
   endfacet
   facet normal 3.70562e-17 0.605174 -0.796093
      outer loop
         vertex -0.0938 -0.00584724 -0.0109055
         vertex -0.0938 -0.00596278 -0.0110036
         vertex -0.097 -0.00596278 -0.0110036
      endloop
   endfacet
   facet normal 3.15686e-17 0.515554 -0.856857
      outer loop
         vertex -0.0938 -0.00572178 -0.0108204
         vertex -0.0938 -0.00584724 -0.0109055
         vertex -0.097 -0.00584724 -0.0109055
      endloop
   endfacet
   facet normal 2.57108e-17 0.419889 -0.907575
      outer loop
         vertex -0.0938 -0.00558784 -0.0107494
         vertex -0.0938 -0.00572178 -0.0108204
         vertex -0.097 -0.00572178 -0.0108204
      endloop
   endfacet
   facet normal 1.95516e-17 0.319302 -0.947653
      outer loop
         vertex -0.0938 -0.00544702 -0.0106933
         vertex -0.0938 -0.00558784 -0.0107494
         vertex -0.097 -0.00558784 -0.0107494
      endloop
   endfacet
   facet normal 1.31631e-17 0.21497 -0.976621
      outer loop
         vertex -0.0938 -0.00530096 -0.0106527
         vertex -0.0938 -0.00544702 -0.0106933
         vertex -0.097 -0.00544702 -0.0106933
      endloop
   endfacet
   facet normal 6.62038e-18 0.108119 -0.994138
      outer loop
         vertex -0.0938 -0.00515137 -0.0106282
         vertex -0.0938 -0.00530096 -0.0106527
         vertex -0.097 -0.00530096 -0.0106527
      endloop
   endfacet
   facet normal -1.8747e-32 -3.06162e-16 -1
      outer loop
         vertex -0.0938 -0.005 -0.01062
         vertex -0.0938 -0.00515137 -0.0106282
         vertex -0.097 -0.00515137 -0.0106282
      endloop
   endfacet
   facet normal 6.62038e-18 0.108119 -0.994138
      outer loop
         vertex -0.097 -0.00515137 -0.0106282
         vertex -0.097 -0.005 -0.01062
         vertex -0.0938 -0.005 -0.01062
      endloop
   endfacet
   facet normal 1.31631e-17 0.21497 -0.976621
      outer loop
         vertex -0.097 -0.00530096 -0.0106527
         vertex -0.097 -0.00515137 -0.0106282
         vertex -0.0938 -0.00515137 -0.0106282
      endloop
   endfacet
   facet normal 1.95516e-17 0.319302 -0.947653
      outer loop
         vertex -0.097 -0.00544702 -0.0106933
         vertex -0.097 -0.00530096 -0.0106527
         vertex -0.0938 -0.00530096 -0.0106527
      endloop
   endfacet
   facet normal 2.57108e-17 0.419889 -0.907575
      outer loop
         vertex -0.097 -0.00558784 -0.0107494
         vertex -0.097 -0.00544702 -0.0106933
         vertex -0.0938 -0.00544702 -0.0106933
      endloop
   endfacet
   facet normal 3.15686e-17 0.515554 -0.856857
      outer loop
         vertex -0.097 -0.00572178 -0.0108204
         vertex -0.097 -0.00558784 -0.0107494
         vertex -0.0938 -0.00558784 -0.0107494
      endloop
   endfacet
   facet normal 3.70562e-17 0.605174 -0.796093
      outer loop
         vertex -0.097 -0.00584724 -0.0109055
         vertex -0.097 -0.00572178 -0.0108204
         vertex -0.0938 -0.00572178 -0.0108204
      endloop
   endfacet
   facet normal 4.21094e-17 0.687699 -0.725995
      outer loop
         vertex -0.097 -0.00596278 -0.0110036
         vertex -0.097 -0.00584724 -0.0109055
         vertex -0.0938 -0.00584724 -0.0109055
      endloop
   endfacet
   facet normal 4.6669e-17 0.762162 -0.647386
      outer loop
         vertex -0.097 -0.00606703 -0.0111137
         vertex -0.097 -0.00596278 -0.0110036
         vertex -0.0938 -0.00596278 -0.0110036
      endloop
   endfacet
   facet normal 5.06813e-17 0.827689 -0.561187
      outer loop
         vertex -0.097 -0.00615876 -0.0112343
         vertex -0.097 -0.00606703 -0.0111137
         vertex -0.0938 -0.00606703 -0.0111137
      endloop
   endfacet
   facet normal 5.40995e-17 0.883512 -0.468408
      outer loop
         vertex -0.097 -0.00623692 -0.0113642
         vertex -0.097 -0.00615876 -0.0112343
         vertex -0.0938 -0.00615876 -0.0112343
      endloop
   endfacet
   facet normal 5.68834e-17 0.928977 -0.370138
      outer loop
         vertex -0.097 -0.00630057 -0.0115018
         vertex -0.097 -0.00623692 -0.0113642
         vertex -0.0938 -0.00623692 -0.0113642
      endloop
   endfacet
   facet normal 5.90004e-17 0.96355 -0.267528
      outer loop
         vertex -0.097 -0.00634897 -0.0116455
         vertex -0.097 -0.00630057 -0.0115018
         vertex -0.0938 -0.00630057 -0.0115018
      endloop
   endfacet
   facet normal 6.04257e-17 0.986827 -0.161782
      outer loop
         vertex -0.097 -0.00638156 -0.0117935
         vertex -0.097 -0.00634897 -0.0116455
         vertex -0.0938 -0.00634897 -0.0116455
      endloop
   endfacet
   facet normal 6.11425e-17 0.998533 -0.0541389
      outer loop
         vertex -0.097 -0.00639795 -0.0119442
         vertex -0.097 -0.00638156 -0.0117935
         vertex -0.0938 -0.00638156 -0.0117935
      endloop
   endfacet
   facet normal 6.12323e-17 1 9.95799e-17
      outer loop
         vertex -0.097 -0.0064 -0.01202
         vertex -0.097 -0.00639795 -0.0119442
         vertex -0.0938 -0.00639795 -0.0119442
      endloop
   endfacet
   facet normal 6.04257e-17 0.986827 0.161782
      outer loop
         vertex -0.097 -0.00638156 -0.0122465
         vertex -0.097 -0.00639795 -0.0120958
         vertex -0.0938 -0.00639795 -0.0120958
      endloop
   endfacet
   facet normal 5.90004e-17 0.96355 0.267528
      outer loop
         vertex -0.097 -0.00634897 -0.0123945
         vertex -0.097 -0.00638156 -0.0122465
         vertex -0.0938 -0.00638156 -0.0122465
      endloop
   endfacet
   facet normal 5.68834e-17 0.928977 0.370138
      outer loop
         vertex -0.097 -0.00630057 -0.0125382
         vertex -0.097 -0.00634897 -0.0123945
         vertex -0.0938 -0.00634897 -0.0123945
      endloop
   endfacet
   facet normal 5.40995e-17 0.883512 0.468408
      outer loop
         vertex -0.097 -0.00623692 -0.0126758
         vertex -0.097 -0.00630057 -0.0125382
         vertex -0.0938 -0.00630057 -0.0125382
      endloop
   endfacet
   facet normal 5.06813e-17 0.827689 0.561187
      outer loop
         vertex -0.097 -0.00615876 -0.0128057
         vertex -0.097 -0.00623692 -0.0126758
         vertex -0.0938 -0.00623692 -0.0126758
      endloop
   endfacet
   facet normal 4.6669e-17 0.762162 0.647386
      outer loop
         vertex -0.097 -0.00606703 -0.0129263
         vertex -0.097 -0.00615876 -0.0128057
         vertex -0.0938 -0.00615876 -0.0128057
      endloop
   endfacet
   facet normal 4.21094e-17 0.687699 0.725995
      outer loop
         vertex -0.097 -0.00596278 -0.0130364
         vertex -0.097 -0.00606703 -0.0129263
         vertex -0.0938 -0.00606703 -0.0129263
      endloop
   endfacet
   facet normal 3.70562e-17 0.605174 0.796093
      outer loop
         vertex -0.097 -0.00584724 -0.0131345
         vertex -0.097 -0.00596278 -0.0130364
         vertex -0.0938 -0.00596278 -0.0130364
      endloop
   endfacet
   facet normal 3.15686e-17 0.515554 0.856857
      outer loop
         vertex -0.097 -0.00572178 -0.0132196
         vertex -0.097 -0.00584724 -0.0131345
         vertex -0.0938 -0.00584724 -0.0131345
      endloop
   endfacet
   facet normal 2.57108e-17 0.419889 0.907575
      outer loop
         vertex -0.097 -0.00558784 -0.0132906
         vertex -0.097 -0.00572178 -0.0132196
         vertex -0.0938 -0.00572178 -0.0132196
      endloop
   endfacet
   facet normal 1.95516e-17 0.319302 0.947653
      outer loop
         vertex -0.097 -0.00544702 -0.0133467
         vertex -0.097 -0.00558784 -0.0132906
         vertex -0.0938 -0.00558784 -0.0132906
      endloop
   endfacet
   facet normal 1.31631e-17 0.21497 0.976621
      outer loop
         vertex -0.097 -0.00530096 -0.0133873
         vertex -0.097 -0.00544702 -0.0133467
         vertex -0.0938 -0.00544702 -0.0133467
      endloop
   endfacet
   facet normal 6.62038e-18 0.108119 0.994138
      outer loop
         vertex -0.097 -0.00515137 -0.0134118
         vertex -0.097 -0.00530096 -0.0133873
         vertex -0.0938 -0.00530096 -0.0133873
      endloop
   endfacet
   facet normal 1.12482e-32 1.83697e-16 1
      outer loop
         vertex -0.097 -0.005 -0.01342
         vertex -0.097 -0.00515137 -0.0134118
         vertex -0.0938 -0.00515137 -0.0134118
      endloop
   endfacet
   facet normal -6.62038e-18 -0.108119 0.994138
      outer loop
         vertex -0.097 -0.00484863 -0.0134118
         vertex -0.097 -0.005 -0.01342
         vertex -0.0938 -0.005 -0.01342
      endloop
   endfacet
   facet normal -1.31631e-17 -0.21497 0.976621
      outer loop
         vertex -0.097 -0.00469904 -0.0133873
         vertex -0.097 -0.00484863 -0.0134118
         vertex -0.0938 -0.00484863 -0.0134118
      endloop
   endfacet
   facet normal -1.95516e-17 -0.319302 0.947653
      outer loop
         vertex -0.097 -0.00455298 -0.0133467
         vertex -0.097 -0.00469904 -0.0133873
         vertex -0.0938 -0.00469904 -0.0133873
      endloop
   endfacet
   facet normal -2.57108e-17 -0.419889 0.907575
      outer loop
         vertex -0.097 -0.00441216 -0.0132906
         vertex -0.097 -0.00455298 -0.0133467
         vertex -0.0938 -0.00455298 -0.0133467
      endloop
   endfacet
   facet normal -3.15686e-17 -0.515554 0.856857
      outer loop
         vertex -0.097 -0.00427822 -0.0132196
         vertex -0.097 -0.00441216 -0.0132906
         vertex -0.0938 -0.00441216 -0.0132906
      endloop
   endfacet
   facet normal -3.70562e-17 -0.605174 0.796093
      outer loop
         vertex -0.097 -0.00415276 -0.0131345
         vertex -0.097 -0.00427822 -0.0132196
         vertex -0.0938 -0.00427822 -0.0132196
      endloop
   endfacet
   facet normal -4.21094e-17 -0.687699 0.725995
      outer loop
         vertex -0.097 -0.00403722 -0.0130364
         vertex -0.097 -0.00415276 -0.0131345
         vertex -0.0938 -0.00415276 -0.0131345
      endloop
   endfacet
   facet normal -4.6669e-17 -0.762162 0.647386
      outer loop
         vertex -0.097 -0.00393297 -0.0129263
         vertex -0.097 -0.00403722 -0.0130364
         vertex -0.0938 -0.00403722 -0.0130364
      endloop
   endfacet
   facet normal -5.06813e-17 -0.827689 0.561187
      outer loop
         vertex -0.097 -0.00384124 -0.0128057
         vertex -0.097 -0.00393297 -0.0129263
         vertex -0.0938 -0.00393297 -0.0129263
      endloop
   endfacet
   facet normal -5.40995e-17 -0.883512 0.468408
      outer loop
         vertex -0.097 -0.00376308 -0.0126758
         vertex -0.097 -0.00384124 -0.0128057
         vertex -0.0938 -0.00384124 -0.0128057
      endloop
   endfacet
   facet normal -5.68834e-17 -0.928977 0.370138
      outer loop
         vertex -0.097 -0.00369943 -0.0125382
         vertex -0.097 -0.00376308 -0.0126758
         vertex -0.0938 -0.00376308 -0.0126758
      endloop
   endfacet
   facet normal -5.90004e-17 -0.96355 0.267528
      outer loop
         vertex -0.097 -0.00365103 -0.0123945
         vertex -0.097 -0.00369943 -0.0125382
         vertex -0.0938 -0.00369943 -0.0125382
      endloop
   endfacet
   facet normal -6.04257e-17 -0.986827 0.161782
      outer loop
         vertex -0.097 -0.00361844 -0.0122465
         vertex -0.097 -0.00365103 -0.0123945
         vertex -0.0938 -0.00365103 -0.0123945
      endloop
   endfacet
   facet normal -6.11425e-17 -0.998533 0.0541389
      outer loop
         vertex -0.097 -0.00360205 -0.0120958
         vertex -0.097 -0.00361844 -0.0122465
         vertex -0.0938 -0.00361844 -0.0122465
      endloop
   endfacet
   facet normal -6.11425e-17 -0.998533 -0.0541389
      outer loop
         vertex -0.097 -0.00360205 -0.0119442
         vertex -0.097 -0.00360205 -0.0120958
         vertex -0.0938 -0.00360205 -0.0120958
      endloop
   endfacet
   facet normal -6.04257e-17 -0.986827 -0.161782
      outer loop
         vertex -0.097 -0.00361844 -0.0117935
         vertex -0.097 -0.00360205 -0.0119442
         vertex -0.0938 -0.00360205 -0.0119442
      endloop
   endfacet
   facet normal -5.90004e-17 -0.96355 -0.267528
      outer loop
         vertex -0.097 -0.00365103 -0.0116455
         vertex -0.097 -0.00361844 -0.0117935
         vertex -0.0938 -0.00361844 -0.0117935
      endloop
   endfacet
   facet normal -5.68834e-17 -0.928977 -0.370138
      outer loop
         vertex -0.097 -0.00369943 -0.0115018
         vertex -0.097 -0.00365103 -0.0116455
         vertex -0.0938 -0.00365103 -0.0116455
      endloop
   endfacet
   facet normal -5.40995e-17 -0.883512 -0.468408
      outer loop
         vertex -0.097 -0.00376308 -0.0113642
         vertex -0.097 -0.00369943 -0.0115018
         vertex -0.0938 -0.00369943 -0.0115018
      endloop
   endfacet
   facet normal -5.06813e-17 -0.827689 -0.561187
      outer loop
         vertex -0.097 -0.00384124 -0.0112343
         vertex -0.097 -0.00376308 -0.0113642
         vertex -0.0938 -0.00376308 -0.0113642
      endloop
   endfacet
   facet normal -4.6669e-17 -0.762162 -0.647386
      outer loop
         vertex -0.097 -0.00393297 -0.0111137
         vertex -0.097 -0.00384124 -0.0112343
         vertex -0.0938 -0.00384124 -0.0112343
      endloop
   endfacet
   facet normal -4.21094e-17 -0.687699 -0.725995
      outer loop
         vertex -0.097 -0.00403722 -0.0110036
         vertex -0.097 -0.00393297 -0.0111137
         vertex -0.0938 -0.00393297 -0.0111137
      endloop
   endfacet
   facet normal -3.70562e-17 -0.605174 -0.796093
      outer loop
         vertex -0.097 -0.00415276 -0.0109055
         vertex -0.097 -0.00403722 -0.0110036
         vertex -0.0938 -0.00403722 -0.0110036
      endloop
   endfacet
   facet normal -3.15686e-17 -0.515554 -0.856857
      outer loop
         vertex -0.097 -0.00427822 -0.0108204
         vertex -0.097 -0.00415276 -0.0109055
         vertex -0.0938 -0.00415276 -0.0109055
      endloop
   endfacet
   facet normal -2.57108e-17 -0.419889 -0.907575
      outer loop
         vertex -0.097 -0.00441216 -0.0107494
         vertex -0.097 -0.00427822 -0.0108204
         vertex -0.0938 -0.00427822 -0.0108204
      endloop
   endfacet
   facet normal -1.95516e-17 -0.319302 -0.947653
      outer loop
         vertex -0.097 -0.00455298 -0.0106933
         vertex -0.097 -0.00441216 -0.0107494
         vertex -0.0938 -0.00441216 -0.0107494
      endloop
   endfacet
   facet normal -1.31631e-17 -0.21497 -0.976621
      outer loop
         vertex -0.097 -0.00469904 -0.0106527
         vertex -0.097 -0.00455298 -0.0106933
         vertex -0.0938 -0.00455298 -0.0106933
      endloop
   endfacet
   facet normal -6.62038e-18 -0.108119 -0.994138
      outer loop
         vertex -0.097 -0.00484863 -0.0106282
         vertex -0.097 -0.00469904 -0.0106527
         vertex -0.0938 -0.00469904 -0.0106527
      endloop
   endfacet
   facet normal -1.8747e-32 -3.06162e-16 -1
      outer loop
         vertex -0.097 -0.005 -0.01062
         vertex -0.097 -0.00484863 -0.0106282
         vertex -0.0938 -0.00484863 -0.0106282
      endloop
   endfacet
   facet normal 6.08734e-17 0.994138 0.108119
      outer loop
         vertex -0.1105 -0.00798241 -0.0223444
         vertex -0.1105 -0.008 -0.02202
         vertex -0.097 -0.008 -0.02202
      endloop
   endfacet
   facet normal 5.98008e-17 0.976621 0.21497
      outer loop
         vertex -0.1105 -0.00792986 -0.0226649
         vertex -0.1105 -0.00798241 -0.0223444
         vertex -0.097 -0.00798241 -0.0223444
      endloop
   endfacet
   facet normal 5.8027e-17 0.947653 0.319302
      outer loop
         vertex -0.1105 -0.00784296 -0.0229779
         vertex -0.1105 -0.00792986 -0.0226649
         vertex -0.097 -0.00792986 -0.0226649
      endloop
   endfacet
   facet normal 5.5573e-17 0.907575 0.419889
      outer loop
         vertex -0.1105 -0.00772273 -0.0232797
         vertex -0.1105 -0.00784296 -0.0229779
         vertex -0.097 -0.00784296 -0.0229779
      endloop
   endfacet
   facet normal 5.24674e-17 0.856857 0.515554
      outer loop
         vertex -0.1105 -0.00757057 -0.0235667
         vertex -0.1105 -0.00772273 -0.0232797
         vertex -0.097 -0.00772273 -0.0232797
      endloop
   endfacet
   facet normal 4.87466e-17 0.796093 0.605174
      outer loop
         vertex -0.1105 -0.00738828 -0.0238355
         vertex -0.1105 -0.00757057 -0.0235667
         vertex -0.097 -0.00757057 -0.0235667
      endloop
   endfacet
   facet normal 4.44544e-17 0.725995 0.687699
      outer loop
         vertex -0.1105 -0.00717799 -0.0240831
         vertex -0.1105 -0.00738828 -0.0238355
         vertex -0.097 -0.00738828 -0.0238355
      endloop
   endfacet
   facet normal 3.9641e-17 0.647386 0.762162
      outer loop
         vertex -0.1105 -0.00694216 -0.0243065
         vertex -0.1105 -0.00717799 -0.0240831
         vertex -0.097 -0.00717799 -0.0240831
      endloop
   endfacet
   facet normal 3.43628e-17 0.561187 0.827689
      outer loop
         vertex -0.1105 -0.00668356 -0.0245031
         vertex -0.1105 -0.00694216 -0.0243065
         vertex -0.097 -0.00694216 -0.0243065
      endloop
   endfacet
   facet normal 2.86817e-17 0.468408 0.883512
      outer loop
         vertex -0.1105 -0.00640523 -0.0246705
         vertex -0.1105 -0.00668356 -0.0245031
         vertex -0.097 -0.00668356 -0.0245031
      endloop
   endfacet
   facet normal 2.26644e-17 0.370138 0.928977
      outer loop
         vertex -0.1105 -0.00611041 -0.0248069
         vertex -0.1105 -0.00640523 -0.0246705
         vertex -0.097 -0.00640523 -0.0246705
      endloop
   endfacet
   facet normal 1.63814e-17 0.267528 0.96355
      outer loop
         vertex -0.1105 -0.00580259 -0.0249106
         vertex -0.1105 -0.00611041 -0.0248069
         vertex -0.097 -0.00611041 -0.0248069
      endloop
   endfacet
   facet normal 9.90629e-18 0.161782 0.986827
      outer loop
         vertex -0.1105 -0.00548535 -0.0249805
         vertex -0.1105 -0.00580259 -0.0249106
         vertex -0.097 -0.00580259 -0.0249106
      endloop
   endfacet
   facet normal 3.31505e-18 0.0541389 0.998533
      outer loop
         vertex -0.1105 -0.00516242 -0.0250156
         vertex -0.1105 -0.00548535 -0.0249805
         vertex -0.097 -0.00548535 -0.0249805
      endloop
   endfacet
   facet normal -3.31505e-18 -0.0541389 0.998533
      outer loop
         vertex -0.1105 -0.00483758 -0.0250156
         vertex -0.1105 -0.00516242 -0.0250156
         vertex -0.097 -0.00516242 -0.0250156
      endloop
   endfacet
   facet normal -9.90629e-18 -0.161782 0.986827
      outer loop
         vertex -0.1105 -0.00451465 -0.0249805
         vertex -0.1105 -0.00483758 -0.0250156
         vertex -0.097 -0.00483758 -0.0250156
      endloop
   endfacet
   facet normal -1.63814e-17 -0.267528 0.96355
      outer loop
         vertex -0.1105 -0.00419741 -0.0249106
         vertex -0.1105 -0.00451465 -0.0249805
         vertex -0.097 -0.00451465 -0.0249805
      endloop
   endfacet
   facet normal -2.26644e-17 -0.370138 0.928977
      outer loop
         vertex -0.1105 -0.00388959 -0.0248069
         vertex -0.1105 -0.00419741 -0.0249106
         vertex -0.097 -0.00419741 -0.0249106
      endloop
   endfacet
   facet normal -2.86817e-17 -0.468408 0.883512
      outer loop
         vertex -0.1105 -0.00359477 -0.0246705
         vertex -0.1105 -0.00388959 -0.0248069
         vertex -0.097 -0.00388959 -0.0248069
      endloop
   endfacet
   facet normal -3.43628e-17 -0.561187 0.827689
      outer loop
         vertex -0.1105 -0.00331644 -0.0245031
         vertex -0.1105 -0.00359477 -0.0246705
         vertex -0.097 -0.00359477 -0.0246705
      endloop
   endfacet
   facet normal -3.9641e-17 -0.647386 0.762162
      outer loop
         vertex -0.1105 -0.00305784 -0.0243065
         vertex -0.1105 -0.00331644 -0.0245031
         vertex -0.097 -0.00331644 -0.0245031
      endloop
   endfacet
   facet normal -4.44544e-17 -0.725995 0.687699
      outer loop
         vertex -0.1105 -0.00282201 -0.0240831
         vertex -0.1105 -0.00305784 -0.0243065
         vertex -0.097 -0.00305784 -0.0243065
      endloop
   endfacet
   facet normal -4.87466e-17 -0.796093 0.605174
      outer loop
         vertex -0.1105 -0.00261172 -0.0238355
         vertex -0.1105 -0.00282201 -0.0240831
         vertex -0.097 -0.00282201 -0.0240831
      endloop
   endfacet
   facet normal -5.24674e-17 -0.856857 0.515554
      outer loop
         vertex -0.1105 -0.00242943 -0.0235667
         vertex -0.1105 -0.00261172 -0.0238355
         vertex -0.097 -0.00261172 -0.0238355
      endloop
   endfacet
   facet normal -5.5573e-17 -0.907575 0.419889
      outer loop
         vertex -0.1105 -0.00227727 -0.0232797
         vertex -0.1105 -0.00242943 -0.0235667
         vertex -0.097 -0.00242943 -0.0235667
      endloop
   endfacet
   facet normal -5.8027e-17 -0.947653 0.319302
      outer loop
         vertex -0.1105 -0.00215704 -0.0229779
         vertex -0.1105 -0.00227727 -0.0232797
         vertex -0.097 -0.00227727 -0.0232797
      endloop
   endfacet
   facet normal -5.98008e-17 -0.976621 0.21497
      outer loop
         vertex -0.1105 -0.00207014 -0.0226649
         vertex -0.1105 -0.00215704 -0.0229779
         vertex -0.097 -0.00215704 -0.0229779
      endloop
   endfacet
   facet normal -6.08734e-17 -0.994138 0.108119
      outer loop
         vertex -0.1105 -0.00201759 -0.0223444
         vertex -0.1105 -0.00207014 -0.0226649
         vertex -0.097 -0.00207014 -0.0226649
      endloop
   endfacet
   facet normal -6.12323e-17 -1 -1.22465e-16
      outer loop
         vertex -0.1105 -0.002 -0.02202
         vertex -0.1105 -0.00201759 -0.0223444
         vertex -0.097 -0.00201759 -0.0223444
      endloop
   endfacet
   facet normal -6.08734e-17 -0.994138 -0.108119
      outer loop
         vertex -0.1105 -0.00201759 -0.0216956
         vertex -0.1105 -0.002 -0.02202
         vertex -0.097 -0.002 -0.02202
      endloop
   endfacet
   facet normal -5.98008e-17 -0.976621 -0.21497
      outer loop
         vertex -0.1105 -0.00207014 -0.0213751
         vertex -0.1105 -0.00201759 -0.0216956
         vertex -0.097 -0.00201759 -0.0216956
      endloop
   endfacet
   facet normal -5.8027e-17 -0.947653 -0.319302
      outer loop
         vertex -0.1105 -0.00215704 -0.0210621
         vertex -0.1105 -0.00207014 -0.0213751
         vertex -0.097 -0.00207014 -0.0213751
      endloop
   endfacet
   facet normal -5.5573e-17 -0.907575 -0.419889
      outer loop
         vertex -0.1105 -0.00227727 -0.0207603
         vertex -0.1105 -0.00215704 -0.0210621
         vertex -0.097 -0.00215704 -0.0210621
      endloop
   endfacet
   facet normal -5.24674e-17 -0.856857 -0.515554
      outer loop
         vertex -0.1105 -0.00242943 -0.0204733
         vertex -0.1105 -0.00227727 -0.0207603
         vertex -0.097 -0.00227727 -0.0207603
      endloop
   endfacet
   facet normal -4.87466e-17 -0.796093 -0.605174
      outer loop
         vertex -0.1105 -0.00261172 -0.0202045
         vertex -0.1105 -0.00242943 -0.0204733
         vertex -0.097 -0.00242943 -0.0204733
      endloop
   endfacet
   facet normal -4.44544e-17 -0.725995 -0.687699
      outer loop
         vertex -0.1105 -0.00282201 -0.0199569
         vertex -0.1105 -0.00261172 -0.0202045
         vertex -0.097 -0.00261172 -0.0202045
      endloop
   endfacet
   facet normal -3.9641e-17 -0.647386 -0.762162
      outer loop
         vertex -0.1105 -0.00305784 -0.0197335
         vertex -0.1105 -0.00282201 -0.0199569
         vertex -0.097 -0.00282201 -0.0199569
      endloop
   endfacet
   facet normal -3.43628e-17 -0.561187 -0.827689
      outer loop
         vertex -0.1105 -0.00331644 -0.0195369
         vertex -0.1105 -0.00305784 -0.0197335
         vertex -0.097 -0.00305784 -0.0197335
      endloop
   endfacet
   facet normal -2.86817e-17 -0.468408 -0.883512
      outer loop
         vertex -0.1105 -0.00359477 -0.0193695
         vertex -0.1105 -0.00331644 -0.0195369
         vertex -0.097 -0.00331644 -0.0195369
      endloop
   endfacet
   facet normal -2.26644e-17 -0.370138 -0.928977
      outer loop
         vertex -0.1105 -0.00388959 -0.0192331
         vertex -0.1105 -0.00359477 -0.0193695
         vertex -0.097 -0.00359477 -0.0193695
      endloop
   endfacet
   facet normal -1.63814e-17 -0.267528 -0.96355
      outer loop
         vertex -0.1105 -0.00419741 -0.0191294
         vertex -0.1105 -0.00388959 -0.0192331
         vertex -0.097 -0.00388959 -0.0192331
      endloop
   endfacet
   facet normal -9.90629e-18 -0.161782 -0.986827
      outer loop
         vertex -0.1105 -0.00451465 -0.0190595
         vertex -0.1105 -0.00419741 -0.0191294
         vertex -0.097 -0.00419741 -0.0191294
      endloop
   endfacet
   facet normal -3.31505e-18 -0.0541389 -0.998533
      outer loop
         vertex -0.1105 -0.00483758 -0.0190244
         vertex -0.1105 -0.00451465 -0.0190595
         vertex -0.097 -0.00451465 -0.0190595
      endloop
   endfacet
   facet normal -3.31505e-18 -0.0541389 -0.998533
      outer loop
         vertex -0.097 -0.00483758 -0.0190244
         vertex -0.097 -0.00516242 -0.0190244
         vertex -0.1105 -0.005 -0.01902
      endloop
   endfacet
   facet normal 3.31505e-18 0.0541389 -0.998533
      outer loop
         vertex -0.097 -0.00516242 -0.0190244
         vertex -0.1105 -0.00516242 -0.0190244
         vertex -0.1105 -0.005 -0.01902
      endloop
   endfacet
   facet normal 9.90629e-18 0.161782 -0.986827
      outer loop
         vertex -0.1105 -0.00548535 -0.0190595
         vertex -0.1105 -0.00516242 -0.0190244
         vertex -0.097 -0.00516242 -0.0190244
      endloop
   endfacet
   facet normal 1.63814e-17 0.267528 -0.96355
      outer loop
         vertex -0.1105 -0.00580259 -0.0191294
         vertex -0.1105 -0.00548535 -0.0190595
         vertex -0.097 -0.00548535 -0.0190595
      endloop
   endfacet
   facet normal 2.26644e-17 0.370138 -0.928977
      outer loop
         vertex -0.1105 -0.00611041 -0.0192331
         vertex -0.1105 -0.00580259 -0.0191294
         vertex -0.097 -0.00580259 -0.0191294
      endloop
   endfacet
   facet normal 2.86817e-17 0.468408 -0.883512
      outer loop
         vertex -0.1105 -0.00640523 -0.0193695
         vertex -0.1105 -0.00611041 -0.0192331
         vertex -0.097 -0.00611041 -0.0192331
      endloop
   endfacet
   facet normal 3.43628e-17 0.561187 -0.827689
      outer loop
         vertex -0.1105 -0.00668356 -0.0195369
         vertex -0.1105 -0.00640523 -0.0193695
         vertex -0.097 -0.00640523 -0.0193695
      endloop
   endfacet
   facet normal 3.9641e-17 0.647386 -0.762162
      outer loop
         vertex -0.1105 -0.00694216 -0.0197335
         vertex -0.1105 -0.00668356 -0.0195369
         vertex -0.097 -0.00668356 -0.0195369
      endloop
   endfacet
   facet normal 4.44544e-17 0.725995 -0.687699
      outer loop
         vertex -0.1105 -0.00717799 -0.0199569
         vertex -0.1105 -0.00694216 -0.0197335
         vertex -0.097 -0.00694216 -0.0197335
      endloop
   endfacet
   facet normal 4.87466e-17 0.796093 -0.605174
      outer loop
         vertex -0.1105 -0.00738828 -0.0202045
         vertex -0.1105 -0.00717799 -0.0199569
         vertex -0.097 -0.00717799 -0.0199569
      endloop
   endfacet
   facet normal 5.24674e-17 0.856857 -0.515554
      outer loop
         vertex -0.1105 -0.00757057 -0.0204733
         vertex -0.1105 -0.00738828 -0.0202045
         vertex -0.097 -0.00738828 -0.0202045
      endloop
   endfacet
   facet normal 5.5573e-17 0.907575 -0.419889
      outer loop
         vertex -0.1105 -0.00772273 -0.0207603
         vertex -0.1105 -0.00757057 -0.0204733
         vertex -0.097 -0.00757057 -0.0204733
      endloop
   endfacet
   facet normal 5.8027e-17 0.947653 -0.319302
      outer loop
         vertex -0.1105 -0.00784296 -0.0210621
         vertex -0.1105 -0.00772273 -0.0207603
         vertex -0.097 -0.00772273 -0.0207603
      endloop
   endfacet
   facet normal 5.98008e-17 0.976621 -0.21497
      outer loop
         vertex -0.1105 -0.00792986 -0.0213751
         vertex -0.1105 -0.00784296 -0.0210621
         vertex -0.097 -0.00784296 -0.0210621
      endloop
   endfacet
   facet normal 6.08734e-17 0.994138 -0.108119
      outer loop
         vertex -0.1105 -0.00798241 -0.0216956
         vertex -0.1105 -0.00792986 -0.0213751
         vertex -0.097 -0.00792986 -0.0213751
      endloop
   endfacet
   facet normal 6.12323e-17 1 2.44929e-16
      outer loop
         vertex -0.1105 -0.008 -0.02202
         vertex -0.1105 -0.00798241 -0.0216956
         vertex -0.097 -0.00798241 -0.0216956
      endloop
   endfacet
   facet normal 6.08734e-17 0.994138 -0.108119
      outer loop
         vertex -0.097 -0.00798241 -0.0216956
         vertex -0.097 -0.008 -0.02202
         vertex -0.1105 -0.008 -0.02202
      endloop
   endfacet
   facet normal 5.98008e-17 0.976621 -0.21497
      outer loop
         vertex -0.097 -0.00792986 -0.0213751
         vertex -0.097 -0.00798241 -0.0216956
         vertex -0.1105 -0.00798241 -0.0216956
      endloop
   endfacet
   facet normal 5.8027e-17 0.947653 -0.319302
      outer loop
         vertex -0.097 -0.00784296 -0.0210621
         vertex -0.097 -0.00792986 -0.0213751
         vertex -0.1105 -0.00792986 -0.0213751
      endloop
   endfacet
   facet normal 5.5573e-17 0.907575 -0.419889
      outer loop
         vertex -0.097 -0.00772273 -0.0207603
         vertex -0.097 -0.00784296 -0.0210621
         vertex -0.1105 -0.00784296 -0.0210621
      endloop
   endfacet
   facet normal 5.24674e-17 0.856857 -0.515554
      outer loop
         vertex -0.097 -0.00757057 -0.0204733
         vertex -0.097 -0.00772273 -0.0207603
         vertex -0.1105 -0.00772273 -0.0207603
      endloop
   endfacet
   facet normal 4.87466e-17 0.796093 -0.605174
      outer loop
         vertex -0.097 -0.00738828 -0.0202045
         vertex -0.097 -0.00757057 -0.0204733
         vertex -0.1105 -0.00757057 -0.0204733
      endloop
   endfacet
   facet normal 4.44544e-17 0.725995 -0.687699
      outer loop
         vertex -0.097 -0.00717799 -0.0199569
         vertex -0.097 -0.00738828 -0.0202045
         vertex -0.1105 -0.00738828 -0.0202045
      endloop
   endfacet
   facet normal 3.9641e-17 0.647386 -0.762162
      outer loop
         vertex -0.097 -0.00694216 -0.0197335
         vertex -0.097 -0.00717799 -0.0199569
         vertex -0.1105 -0.00717799 -0.0199569
      endloop
   endfacet
   facet normal 3.43628e-17 0.561187 -0.827689
      outer loop
         vertex -0.097 -0.00668356 -0.0195369
         vertex -0.097 -0.00694216 -0.0197335
         vertex -0.1105 -0.00694216 -0.0197335
      endloop
   endfacet
   facet normal 2.86817e-17 0.468408 -0.883512
      outer loop
         vertex -0.097 -0.00640523 -0.0193695
         vertex -0.097 -0.00668356 -0.0195369
         vertex -0.1105 -0.00668356 -0.0195369
      endloop
   endfacet
   facet normal 2.26644e-17 0.370138 -0.928977
      outer loop
         vertex -0.097 -0.00611041 -0.0192331
         vertex -0.097 -0.00640523 -0.0193695
         vertex -0.1105 -0.00640523 -0.0193695
      endloop
   endfacet
   facet normal 1.63814e-17 0.267528 -0.96355
      outer loop
         vertex -0.097 -0.00580259 -0.0191294
         vertex -0.097 -0.00611041 -0.0192331
         vertex -0.1105 -0.00611041 -0.0192331
      endloop
   endfacet
   facet normal 9.90629e-18 0.161782 -0.986827
      outer loop
         vertex -0.097 -0.00548535 -0.0190595
         vertex -0.097 -0.00580259 -0.0191294
         vertex -0.1105 -0.00580259 -0.0191294
      endloop
   endfacet
   facet normal 3.31505e-18 0.0541389 -0.998533
      outer loop
         vertex -0.097 -0.00516242 -0.0190244
         vertex -0.097 -0.00548535 -0.0190595
         vertex -0.1105 -0.00548535 -0.0190595
      endloop
   endfacet
   facet normal 0 5.64666e-16 -1
      outer loop
         vertex -0.1105 -0.005 -0.01902
         vertex -0.1105 -0.00483758 -0.0190244
         vertex -0.097 -0.00483758 -0.0190244
      endloop
   endfacet
   facet normal -9.90629e-18 -0.161782 -0.986827
      outer loop
         vertex -0.097 -0.00451465 -0.0190595
         vertex -0.097 -0.00483758 -0.0190244
         vertex -0.1105 -0.00483758 -0.0190244
      endloop
   endfacet
   facet normal -1.63814e-17 -0.267528 -0.96355
      outer loop
         vertex -0.097 -0.00419741 -0.0191294
         vertex -0.097 -0.00451465 -0.0190595
         vertex -0.1105 -0.00451465 -0.0190595
      endloop
   endfacet
   facet normal -2.26644e-17 -0.370138 -0.928977
      outer loop
         vertex -0.097 -0.00388959 -0.0192331
         vertex -0.097 -0.00419741 -0.0191294
         vertex -0.1105 -0.00419741 -0.0191294
      endloop
   endfacet
   facet normal -2.86817e-17 -0.468408 -0.883512
      outer loop
         vertex -0.097 -0.00359477 -0.0193695
         vertex -0.097 -0.00388959 -0.0192331
         vertex -0.1105 -0.00388959 -0.0192331
      endloop
   endfacet
   facet normal -3.43628e-17 -0.561187 -0.827689
      outer loop
         vertex -0.097 -0.00331644 -0.0195369
         vertex -0.097 -0.00359477 -0.0193695
         vertex -0.1105 -0.00359477 -0.0193695
      endloop
   endfacet
   facet normal -3.9641e-17 -0.647386 -0.762162
      outer loop
         vertex -0.097 -0.00305784 -0.0197335
         vertex -0.097 -0.00331644 -0.0195369
         vertex -0.1105 -0.00331644 -0.0195369
      endloop
   endfacet
   facet normal -4.44544e-17 -0.725995 -0.687699
      outer loop
         vertex -0.097 -0.00282201 -0.0199569
         vertex -0.097 -0.00305784 -0.0197335
         vertex -0.1105 -0.00305784 -0.0197335
      endloop
   endfacet
   facet normal -4.87466e-17 -0.796093 -0.605174
      outer loop
         vertex -0.097 -0.00261172 -0.0202045
         vertex -0.097 -0.00282201 -0.0199569
         vertex -0.1105 -0.00282201 -0.0199569
      endloop
   endfacet
   facet normal -5.24674e-17 -0.856857 -0.515554
      outer loop
         vertex -0.097 -0.00242943 -0.0204733
         vertex -0.097 -0.00261172 -0.0202045
         vertex -0.1105 -0.00261172 -0.0202045
      endloop
   endfacet
   facet normal -5.5573e-17 -0.907575 -0.419889
      outer loop
         vertex -0.097 -0.00227727 -0.0207603
         vertex -0.097 -0.00242943 -0.0204733
         vertex -0.1105 -0.00242943 -0.0204733
      endloop
   endfacet
   facet normal -5.8027e-17 -0.947653 -0.319302
      outer loop
         vertex -0.097 -0.00215704 -0.0210621
         vertex -0.097 -0.00227727 -0.0207603
         vertex -0.1105 -0.00227727 -0.0207603
      endloop
   endfacet
   facet normal -5.98008e-17 -0.976621 -0.21497
      outer loop
         vertex -0.097 -0.00207014 -0.0213751
         vertex -0.097 -0.00215704 -0.0210621
         vertex -0.1105 -0.00215704 -0.0210621
      endloop
   endfacet
   facet normal -6.08734e-17 -0.994138 -0.108119
      outer loop
         vertex -0.097 -0.00201759 -0.0216956
         vertex -0.097 -0.00207014 -0.0213751
         vertex -0.1105 -0.00207014 -0.0213751
      endloop
   endfacet
   facet normal -6.12323e-17 -1 -1.22465e-16
      outer loop
         vertex -0.097 -0.002 -0.02202
         vertex -0.097 -0.00201759 -0.0216956
         vertex -0.1105 -0.00201759 -0.0216956
      endloop
   endfacet
   facet normal -6.08734e-17 -0.994138 0.108119
      outer loop
         vertex -0.097 -0.00201759 -0.0223444
         vertex -0.097 -0.002 -0.02202
         vertex -0.1105 -0.002 -0.02202
      endloop
   endfacet
   facet normal -5.98008e-17 -0.976621 0.21497
      outer loop
         vertex -0.097 -0.00207014 -0.0226649
         vertex -0.097 -0.00201759 -0.0223444
         vertex -0.1105 -0.00201759 -0.0223444
      endloop
   endfacet
   facet normal -5.8027e-17 -0.947653 0.319302
      outer loop
         vertex -0.097 -0.00215704 -0.0229779
         vertex -0.097 -0.00207014 -0.0226649
         vertex -0.1105 -0.00207014 -0.0226649
      endloop
   endfacet
   facet normal -5.5573e-17 -0.907575 0.419889
      outer loop
         vertex -0.097 -0.00227727 -0.0232797
         vertex -0.097 -0.00215704 -0.0229779
         vertex -0.1105 -0.00215704 -0.0229779
      endloop
   endfacet
   facet normal -5.24674e-17 -0.856857 0.515554
      outer loop
         vertex -0.097 -0.00242943 -0.0235667
         vertex -0.097 -0.00227727 -0.0232797
         vertex -0.1105 -0.00227727 -0.0232797
      endloop
   endfacet
   facet normal -4.87466e-17 -0.796093 0.605174
      outer loop
         vertex -0.097 -0.00261172 -0.0238355
         vertex -0.097 -0.00242943 -0.0235667
         vertex -0.1105 -0.00242943 -0.0235667
      endloop
   endfacet
   facet normal -4.44544e-17 -0.725995 0.687699
      outer loop
         vertex -0.097 -0.00282201 -0.0240831
         vertex -0.097 -0.00261172 -0.0238355
         vertex -0.1105 -0.00261172 -0.0238355
      endloop
   endfacet
   facet normal -3.9641e-17 -0.647386 0.762162
      outer loop
         vertex -0.097 -0.00305784 -0.0243065
         vertex -0.097 -0.00282201 -0.0240831
         vertex -0.1105 -0.00282201 -0.0240831
      endloop
   endfacet
   facet normal -3.43628e-17 -0.561187 0.827689
      outer loop
         vertex -0.097 -0.00331644 -0.0245031
         vertex -0.097 -0.00305784 -0.0243065
         vertex -0.1105 -0.00305784 -0.0243065
      endloop
   endfacet
   facet normal -2.86817e-17 -0.468408 0.883512
      outer loop
         vertex -0.097 -0.00359477 -0.0246705
         vertex -0.097 -0.00331644 -0.0245031
         vertex -0.1105 -0.00331644 -0.0245031
      endloop
   endfacet
   facet normal -2.26644e-17 -0.370138 0.928977
      outer loop
         vertex -0.097 -0.00388959 -0.0248069
         vertex -0.097 -0.00359477 -0.0246705
         vertex -0.1105 -0.00359477 -0.0246705
      endloop
   endfacet
   facet normal -1.63814e-17 -0.267528 0.96355
      outer loop
         vertex -0.097 -0.00419741 -0.0249106
         vertex -0.097 -0.00388959 -0.0248069
         vertex -0.1105 -0.00388959 -0.0248069
      endloop
   endfacet
   facet normal -9.90629e-18 -0.161782 0.986827
      outer loop
         vertex -0.097 -0.00451465 -0.0249805
         vertex -0.097 -0.00419741 -0.0249106
         vertex -0.1105 -0.00419741 -0.0249106
      endloop
   endfacet
   facet normal -3.31505e-18 -0.0541389 0.998533
      outer loop
         vertex -0.097 -0.00483758 -0.0250156
         vertex -0.097 -0.00451465 -0.0249805
         vertex -0.1105 -0.00451465 -0.0249805
      endloop
   endfacet
   facet normal 3.31505e-18 0.0541389 0.998533
      outer loop
         vertex -0.097 -0.00516242 -0.0250156
         vertex -0.097 -0.00483758 -0.0250156
         vertex -0.1105 -0.00483758 -0.0250156
      endloop
   endfacet
   facet normal 9.90629e-18 0.161782 0.986827
      outer loop
         vertex -0.097 -0.00548535 -0.0249805
         vertex -0.097 -0.00516242 -0.0250156
         vertex -0.1105 -0.00516242 -0.0250156
      endloop
   endfacet
   facet normal 1.63814e-17 0.267528 0.96355
      outer loop
         vertex -0.097 -0.00580259 -0.0249106
         vertex -0.097 -0.00548535 -0.0249805
         vertex -0.1105 -0.00548535 -0.0249805
      endloop
   endfacet
   facet normal 2.26644e-17 0.370138 0.928977
      outer loop
         vertex -0.097 -0.00611041 -0.0248069
         vertex -0.097 -0.00580259 -0.0249106
         vertex -0.1105 -0.00580259 -0.0249106
      endloop
   endfacet
   facet normal 2.86817e-17 0.468408 0.883512
      outer loop
         vertex -0.097 -0.00640523 -0.0246705
         vertex -0.097 -0.00611041 -0.0248069
         vertex -0.1105 -0.00611041 -0.0248069
      endloop
   endfacet
   facet normal 3.43628e-17 0.561187 0.827689
      outer loop
         vertex -0.097 -0.00668356 -0.0245031
         vertex -0.097 -0.00640523 -0.0246705
         vertex -0.1105 -0.00640523 -0.0246705
      endloop
   endfacet
   facet normal 3.9641e-17 0.647386 0.762162
      outer loop
         vertex -0.097 -0.00694216 -0.0243065
         vertex -0.097 -0.00668356 -0.0245031
         vertex -0.1105 -0.00668356 -0.0245031
      endloop
   endfacet
   facet normal 4.44544e-17 0.725995 0.687699
      outer loop
         vertex -0.097 -0.00717799 -0.0240831
         vertex -0.097 -0.00694216 -0.0243065
         vertex -0.1105 -0.00694216 -0.0243065
      endloop
   endfacet
   facet normal 4.87466e-17 0.796093 0.605174
      outer loop
         vertex -0.097 -0.00738828 -0.0238355
         vertex -0.097 -0.00717799 -0.0240831
         vertex -0.1105 -0.00717799 -0.0240831
      endloop
   endfacet
   facet normal 5.24674e-17 0.856857 0.515554
      outer loop
         vertex -0.097 -0.00757057 -0.0235667
         vertex -0.097 -0.00738828 -0.0238355
         vertex -0.1105 -0.00738828 -0.0238355
      endloop
   endfacet
   facet normal 5.5573e-17 0.907575 0.419889
      outer loop
         vertex -0.097 -0.00772273 -0.0232797
         vertex -0.097 -0.00757057 -0.0235667
         vertex -0.1105 -0.00757057 -0.0235667
      endloop
   endfacet
   facet normal 5.8027e-17 0.947653 0.319302
      outer loop
         vertex -0.097 -0.00784296 -0.0229779
         vertex -0.097 -0.00772273 -0.0232797
         vertex -0.1105 -0.00772273 -0.0232797
      endloop
   endfacet
   facet normal 5.98008e-17 0.976621 0.21497
      outer loop
         vertex -0.097 -0.00792986 -0.0226649
         vertex -0.097 -0.00784296 -0.0229779
         vertex -0.1105 -0.00784296 -0.0229779
      endloop
   endfacet
   facet normal 6.08734e-17 0.994138 0.108119
      outer loop
         vertex -0.097 -0.00798241 -0.0223444
         vertex -0.097 -0.00792986 -0.0226649
         vertex -0.1105 -0.00792986 -0.0226649
      endloop
   endfacet
   facet normal 6.12323e-17 1 2.44929e-16
      outer loop
         vertex -0.097 -0.008 -0.02202
         vertex -0.097 -0.00798241 -0.0223444
         vertex -0.1105 -0.00798241 -0.0223444
      endloop
   endfacet
   facet normal -1 6.12323e-17 0
      outer loop
         vertex -0.097 -0.00215704 -0.0210621
         vertex -0.097 -0.00367329 -0.021573
         vertex -0.097 -0.00372939 -0.0214322
      endloop
   endfacet
   facet normal -1 6.12323e-17 0
      outer loop
         vertex -0.097 -0.00215704 -0.0210621
         vertex -0.097 -0.00207014 -0.0213751
         vertex -0.097 -0.00363273 -0.021719
      endloop
   endfacet
   facet normal -1 6.12323e-17 0
      outer loop
         vertex -0.097 -0.00207014 -0.0213751
         vertex -0.097 -0.00201759 -0.0216956
         vertex -0.097 -0.00360821 -0.0218686
      endloop
   endfacet
   facet normal -1 6.12323e-17 0
      outer loop
         vertex -0.097 -0.00201759 -0.0216956
         vertex -0.097 -0.002 -0.02202
         vertex -0.097 -0.0036 -0.02202
      endloop
   endfacet
   facet normal -1 6.12323e-17 0
      outer loop
         vertex -0.097 -0.00201759 -0.0223444
         vertex -0.097 -0.00360821 -0.0221714
         vertex -0.097 -0.0036 -0.02202
      endloop
   endfacet
   facet normal -1 6.12323e-17 0
      outer loop
         vertex -0.097 -0.00201759 -0.0223444
         vertex -0.097 -0.00207014 -0.0226649
         vertex -0.097 -0.00363273 -0.022321
      endloop
   endfacet
   facet normal -1 6.12323e-17 0
      outer loop
         vertex -0.097 -0.00207014 -0.0226649
         vertex -0.097 -0.00215704 -0.0229779
         vertex -0.097 -0.00367329 -0.022467
      endloop
   endfacet
   facet normal -1 6.12323e-17 0
      outer loop
         vertex -0.097 -0.00215704 -0.0229779
         vertex -0.097 -0.00227727 -0.0232797
         vertex -0.097 -0.00372939 -0.0226078
      endloop
   endfacet
   facet normal -1 6.12323e-17 0
      outer loop
         vertex -0.097 -0.00242943 -0.0204733
         vertex -0.097 -0.0038004 -0.0212982
         vertex -0.097 -0.00388547 -0.0211728
      endloop
   endfacet
   facet normal -1 6.12323e-17 0
      outer loop
         vertex -0.097 -0.00242943 -0.0204733
         vertex -0.097 -0.00227727 -0.0207603
         vertex -0.097 -0.00372939 -0.0214322
      endloop
   endfacet
   facet normal -1 6.12323e-17 0
      outer loop
         vertex -0.097 -0.00363273 -0.021719
         vertex -0.097 -0.00367329 -0.021573
         vertex -0.097 -0.00215704 -0.0210621
      endloop
   endfacet
   facet normal -1 6.12323e-17 0
      outer loop
         vertex -0.097 -0.0036 -0.02202
         vertex -0.097 -0.00360821 -0.0218686
         vertex -0.097 -0.00201759 -0.0216956
      endloop
   endfacet
   facet normal -1 6.12323e-17 0
      outer loop
         vertex -0.097 -0.00363273 -0.022321
         vertex -0.097 -0.00360821 -0.0221714
         vertex -0.097 -0.00201759 -0.0223444
      endloop
   endfacet
   facet normal -1 6.12323e-17 0
      outer loop
         vertex -0.097 -0.00372939 -0.0226078
         vertex -0.097 -0.00367329 -0.022467
         vertex -0.097 -0.00215704 -0.0229779
      endloop
   endfacet
   facet normal -1 6.12323e-17 0
      outer loop
         vertex -0.097 -0.00242943 -0.0235667
         vertex -0.097 -0.0038004 -0.0227418
         vertex -0.097 -0.00372939 -0.0226078
      endloop
   endfacet
   facet normal -1 6.12323e-17 0
      outer loop
         vertex -0.097 -0.00242943 -0.0235667
         vertex -0.097 -0.00261172 -0.0238355
         vertex -0.097 -0.00388547 -0.0228672
      endloop
   endfacet
   facet normal -1 6.12323e-17 0
      outer loop
         vertex -0.097 -0.00331644 -0.0245031
         vertex -0.097 -0.00421434 -0.0231788
         vertex -0.097 -0.00409366 -0.023087
      endloop
   endfacet
   facet normal -1 6.12323e-17 0
      outer loop
         vertex -0.097 -0.00331644 -0.0245031
         vertex -0.097 -0.00359477 -0.0246705
         vertex -0.097 -0.00434423 -0.0232569
      endloop
   endfacet
   facet normal -1 6.12323e-17 0
      outer loop
         vertex -0.097 -0.00282201 -0.0199569
         vertex -0.097 -0.00261172 -0.0202045
         vertex -0.097 -0.00388547 -0.0211728
      endloop
   endfacet
   facet normal -1 6.12323e-17 0
      outer loop
         vertex -0.097 -0.00372939 -0.0214322
         vertex -0.097 -0.0038004 -0.0212982
         vertex -0.097 -0.00242943 -0.0204733
      endloop
   endfacet
   facet normal -1 6.12323e-17 0
      outer loop
         vertex -0.097 -0.00360821 -0.0218686
         vertex -0.097 -0.00363273 -0.021719
         vertex -0.097 -0.00207014 -0.0213751
      endloop
   endfacet
   facet normal -1 6.12323e-17 0
      outer loop
         vertex -0.097 -0.00367329 -0.022467
         vertex -0.097 -0.00363273 -0.022321
         vertex -0.097 -0.00207014 -0.0226649
      endloop
   endfacet
   facet normal -1 6.12323e-17 0
      outer loop
         vertex -0.097 -0.00388547 -0.0228672
         vertex -0.097 -0.0038004 -0.0227418
         vertex -0.097 -0.00242943 -0.0235667
      endloop
   endfacet
   facet normal -1 6.12323e-17 0
      outer loop
         vertex -0.097 -0.00261172 -0.0238355
         vertex -0.097 -0.00282201 -0.0240831
         vertex -0.097 -0.00398361 -0.0229828
      endloop
   endfacet
   facet normal -1 6.12323e-17 0
      outer loop
         vertex -0.097 -0.00305784 -0.0243065
         vertex -0.097 -0.00409366 -0.023087
         vertex -0.097 -0.00398361 -0.0229828
      endloop
   endfacet
   facet normal -1 6.12323e-17 0
      outer loop
         vertex -0.097 -0.00434423 -0.0232569
         vertex -0.097 -0.00421434 -0.0231788
         vertex -0.097 -0.00331644 -0.0245031
      endloop
   endfacet
   facet normal -1 6.12323e-17 0
      outer loop
         vertex -0.097 -0.00757057 -0.0235667
         vertex -0.097 -0.0061996 -0.0227418
         vertex -0.097 -0.00611453 -0.0228672
      endloop
   endfacet
   facet normal -1 6.12323e-17 0
      outer loop
         vertex -0.097 -0.00757057 -0.0235667
         vertex -0.097 -0.00772273 -0.0232797
         vertex -0.097 -0.00627061 -0.0226078
      endloop
   endfacet
   facet normal -1 6.12323e-17 0
      outer loop
         vertex -0.097 -0.00388547 -0.0211728
         vertex -0.097 -0.00261172 -0.0202045
         vertex -0.097 -0.00242943 -0.0204733
      endloop
   endfacet
   facet normal -1 6.12323e-17 0
      outer loop
         vertex -0.097 -0.0036 -0.02202
         vertex -0.097 -0.002 -0.02202
         vertex -0.097 -0.00201759 -0.0223444
      endloop
   endfacet
   facet normal -1 6.12323e-17 0
      outer loop
         vertex -0.097 -0.00398361 -0.0229828
         vertex -0.097 -0.00388547 -0.0228672
         vertex -0.097 -0.00261172 -0.0238355
      endloop
   endfacet
   facet normal -1 6.12323e-17 0
      outer loop
         vertex -0.097 -0.00409366 -0.023087
         vertex -0.097 -0.00305784 -0.0243065
         vertex -0.097 -0.00331644 -0.0245031
      endloop
   endfacet
   facet normal -1 6.12323e-17 0
      outer loop
         vertex -0.097 -0.00640523 -0.0246705
         vertex -0.097 -0.00565577 -0.0232569
         vertex -0.097 -0.00551819 -0.0233206
      endloop
   endfacet
   facet normal -1 6.12323e-17 0
      outer loop
         vertex -0.097 -0.00640523 -0.0246705
         vertex -0.097 -0.00668356 -0.0245031
         vertex -0.097 -0.00578566 -0.0231788
      endloop
   endfacet
   facet normal -1 6.12323e-17 0
      outer loop
         vertex -0.097 -0.00694216 -0.0243065
         vertex -0.097 -0.00590634 -0.023087
         vertex -0.097 -0.00578566 -0.0231788
      endloop
   endfacet
   facet normal -1 6.12323e-17 0
      outer loop
         vertex -0.097 -0.00694216 -0.0243065
         vertex -0.097 -0.00717799 -0.0240831
         vertex -0.097 -0.00601639 -0.0229828
      endloop
   endfacet
   facet normal -1 6.12323e-17 0
      outer loop
         vertex -0.097 -0.00738828 -0.0238355
         vertex -0.097 -0.00611453 -0.0228672
         vertex -0.097 -0.00601639 -0.0229828
      endloop
   endfacet
   facet normal -1 6.12323e-17 0
      outer loop
         vertex -0.097 -0.00627061 -0.0226078
         vertex -0.097 -0.0061996 -0.0227418
         vertex -0.097 -0.00757057 -0.0235667
      endloop
   endfacet
   facet normal -1 6.12323e-17 0
      outer loop
         vertex -0.097 -0.00784296 -0.0229779
         vertex -0.097 -0.00632671 -0.022467
         vertex -0.097 -0.00627061 -0.0226078
      endloop
   endfacet
   facet normal -1 6.12323e-17 0
      outer loop
         vertex -0.097 -0.00792986 -0.0226649
         vertex -0.097 -0.00636727 -0.022321
         vertex -0.097 -0.00632671 -0.022467
      endloop
   endfacet
   facet normal -1 6.12323e-17 0
      outer loop
         vertex -0.097 -0.00798241 -0.0223444
         vertex -0.097 -0.00639179 -0.0221714
         vertex -0.097 -0.00636727 -0.022321
      endloop
   endfacet
   facet normal -1 6.12323e-17 0
      outer loop
         vertex -0.097 -0.00798241 -0.0223444
         vertex -0.097 -0.008 -0.02202
         vertex -0.097 -0.0064 -0.02202
      endloop
   endfacet
   facet normal -1 6.12323e-17 0
      outer loop
         vertex -0.097 -0.00611041 -0.0192331
         vertex -0.097 -0.00551819 -0.0207194
         vertex -0.097 -0.00565577 -0.0207831
      endloop
   endfacet
   facet normal -1 6.12323e-17 0
      outer loop
         vertex -0.097 -0.00611041 -0.0192331
         vertex -0.097 -0.00580259 -0.0191294
         vertex -0.097 -0.00537454 -0.020671
      endloop
   endfacet
   facet normal -1 6.12323e-17 0
      outer loop
         vertex -0.097 -0.00305784 -0.0197335
         vertex -0.097 -0.00409366 -0.020953
         vertex -0.097 -0.00421434 -0.0208612
      endloop
   endfacet
   facet normal -1 6.12323e-17 0
      outer loop
         vertex -0.097 -0.00305784 -0.0197335
         vertex -0.097 -0.00282201 -0.0199569
         vertex -0.097 -0.00398361 -0.0210572
      endloop
   endfacet
   facet normal -1 6.12323e-17 0
      outer loop
         vertex -0.097 -0.00372939 -0.0214322
         vertex -0.097 -0.00227727 -0.0207603
         vertex -0.097 -0.00215704 -0.0210621
      endloop
   endfacet
   facet normal -1 6.12323e-17 0
      outer loop
         vertex -0.097 -0.00398361 -0.0229828
         vertex -0.097 -0.00282201 -0.0240831
         vertex -0.097 -0.00305784 -0.0243065
      endloop
   endfacet
   facet normal -1 6.12323e-17 0
      outer loop
         vertex -0.097 -0.00611041 -0.0248069
         vertex -0.097 -0.00551819 -0.0233206
         vertex -0.097 -0.00537454 -0.023369
      endloop
   endfacet
   facet normal -1 6.12323e-17 0
      outer loop
         vertex -0.097 -0.00578566 -0.0231788
         vertex -0.097 -0.00565577 -0.0232569
         vertex -0.097 -0.00640523 -0.0246705
      endloop
   endfacet
   facet normal -1 6.12323e-17 0
      outer loop
         vertex -0.097 -0.00601639 -0.0229828
         vertex -0.097 -0.00590634 -0.023087
         vertex -0.097 -0.00694216 -0.0243065
      endloop
   endfacet
   facet normal -1 6.12323e-17 0
      outer loop
         vertex -0.097 -0.00611453 -0.0228672
         vertex -0.097 -0.00738828 -0.0238355
         vertex -0.097 -0.00757057 -0.0235667
      endloop
   endfacet
   facet normal -1 6.12323e-17 0
      outer loop
         vertex -0.097 -0.00632671 -0.022467
         vertex -0.097 -0.00784296 -0.0229779
         vertex -0.097 -0.00792986 -0.0226649
      endloop
   endfacet
   facet normal -1 6.12323e-17 0
      outer loop
         vertex -0.097 -0.0064 -0.02202
         vertex -0.097 -0.00639179 -0.0221714
         vertex -0.097 -0.00798241 -0.0223444
      endloop
   endfacet
   facet normal -1 6.12323e-17 0
      outer loop
         vertex -0.097 -0.00640523 -0.0193695
         vertex -0.097 -0.00565577 -0.0207831
         vertex -0.097 -0.00578566 -0.0208612
      endloop
   endfacet
   facet normal -1 6.12323e-17 0
      outer loop
         vertex -0.097 -0.00537454 -0.020671
         vertex -0.097 -0.00551819 -0.0207194
         vertex -0.097 -0.00611041 -0.0192331
      endloop
   endfacet
   facet normal -1 6.12323e-17 0
      outer loop
         vertex -0.097 -0.00516242 -0.0190244
         vertex -0.097 -0.00507579 -0.0206221
         vertex -0.097 -0.00522649 -0.0206384
      endloop
   endfacet
   facet normal -1 6.12323e-17 0
      outer loop
         vertex -0.097 -0.00516242 -0.0190244
         vertex -0.097 -0.00483758 -0.0190244
         vertex -0.097 -0.00492421 -0.0206221
      endloop
   endfacet
   facet normal -1 6.12323e-17 0
      outer loop
         vertex -0.097 -0.00388959 -0.0192331
         vertex -0.097 -0.00448181 -0.0207194
         vertex -0.097 -0.00462546 -0.020671
      endloop
   endfacet
   facet normal -1 6.12323e-17 0
      outer loop
         vertex -0.097 -0.00388959 -0.0192331
         vertex -0.097 -0.00359477 -0.0193695
         vertex -0.097 -0.00434423 -0.0207831
      endloop
   endfacet
   facet normal -1 6.12323e-17 0
      outer loop
         vertex -0.097 -0.00398361 -0.0210572
         vertex -0.097 -0.00409366 -0.020953
         vertex -0.097 -0.00305784 -0.0197335
      endloop
   endfacet
   facet normal -1 6.12323e-17 0
      outer loop
         vertex -0.097 -0.00372939 -0.0226078
         vertex -0.097 -0.00227727 -0.0232797
         vertex -0.097 -0.00242943 -0.0235667
      endloop
   endfacet
   facet normal -1 6.12323e-17 0
      outer loop
         vertex -0.097 -0.00359477 -0.0246705
         vertex -0.097 -0.00388959 -0.0248069
         vertex -0.097 -0.00448181 -0.0233206
      endloop
   endfacet
   facet normal -1 6.12323e-17 0
      outer loop
         vertex -0.097 -0.00388959 -0.0248069
         vertex -0.097 -0.00419741 -0.0249106
         vertex -0.097 -0.00462546 -0.023369
      endloop
   endfacet
   facet normal -1 6.12323e-17 0
      outer loop
         vertex -0.097 -0.00483758 -0.0250156
         vertex -0.097 -0.00492421 -0.0234179
         vertex -0.097 -0.00477351 -0.0234016
      endloop
   endfacet
   facet normal -1 6.12323e-17 0
      outer loop
         vertex -0.097 -0.00483758 -0.0250156
         vertex -0.097 -0.00516242 -0.0250156
         vertex -0.097 -0.00507579 -0.0234179
      endloop
   endfacet
   facet normal -1 6.12323e-17 0
      outer loop
         vertex -0.097 -0.00548535 -0.0249805
         vertex -0.097 -0.00580259 -0.0249106
         vertex -0.097 -0.00537454 -0.023369
      endloop
   endfacet
   facet normal -1 6.12323e-17 0
      outer loop
         vertex -0.097 -0.00551819 -0.0233206
         vertex -0.097 -0.00611041 -0.0248069
         vertex -0.097 -0.00640523 -0.0246705
      endloop
   endfacet
   facet normal -1 6.12323e-17 0
      outer loop
         vertex -0.097 -0.00601639 -0.0229828
         vertex -0.097 -0.00717799 -0.0240831
         vertex -0.097 -0.00738828 -0.0238355
      endloop
   endfacet
   facet normal -1 6.12323e-17 0
      outer loop
         vertex -0.097 -0.00636727 -0.022321
         vertex -0.097 -0.00792986 -0.0226649
         vertex -0.097 -0.00798241 -0.0223444
      endloop
   endfacet
   facet normal -1 6.12323e-17 0
      outer loop
         vertex -0.097 -0.00798241 -0.0216956
         vertex -0.097 -0.00639179 -0.0218686
         vertex -0.097 -0.0064 -0.02202
      endloop
   endfacet
   facet normal -1 6.12323e-17 0
      outer loop
         vertex -0.097 -0.00798241 -0.0216956
         vertex -0.097 -0.00792986 -0.0213751
         vertex -0.097 -0.00636727 -0.021719
      endloop
   endfacet
   facet normal -1 6.12323e-17 0
      outer loop
         vertex -0.097 -0.00792986 -0.0213751
         vertex -0.097 -0.00784296 -0.0210621
         vertex -0.097 -0.00632671 -0.021573
      endloop
   endfacet
   facet normal -1 6.12323e-17 0
      outer loop
         vertex -0.097 -0.00784296 -0.0210621
         vertex -0.097 -0.00772273 -0.0207603
         vertex -0.097 -0.00627061 -0.0214322
      endloop
   endfacet
   facet normal -1 6.12323e-17 0
      outer loop
         vertex -0.097 -0.00757057 -0.0204733
         vertex -0.097 -0.0061996 -0.0212982
         vertex -0.097 -0.00627061 -0.0214322
      endloop
   endfacet
   facet normal -1 6.12323e-17 0
      outer loop
         vertex -0.097 -0.00757057 -0.0204733
         vertex -0.097 -0.00738828 -0.0202045
         vertex -0.097 -0.00611453 -0.0211728
      endloop
   endfacet
   facet normal -1 6.12323e-17 0
      outer loop
         vertex -0.097 -0.00565577 -0.0207831
         vertex -0.097 -0.00640523 -0.0193695
         vertex -0.097 -0.00611041 -0.0192331
      endloop
   endfacet
   facet normal -1 6.12323e-17 0
      outer loop
         vertex -0.097 -0.00548535 -0.0190595
         vertex -0.097 -0.00522649 -0.0206384
         vertex -0.097 -0.00537454 -0.020671
      endloop
   endfacet
   facet normal -1 6.12323e-17 0
      outer loop
         vertex -0.097 -0.00492421 -0.0206221
         vertex -0.097 -0.00507579 -0.0206221
         vertex -0.097 -0.00516242 -0.0190244
      endloop
   endfacet
   facet normal -1 6.12323e-17 0
      outer loop
         vertex -0.097 -0.00483758 -0.0190244
         vertex -0.097 -0.00451465 -0.0190595
         vertex -0.097 -0.00477351 -0.0206384
      endloop
   endfacet
   facet normal -1 6.12323e-17 0
      outer loop
         vertex -0.097 -0.00434423 -0.0207831
         vertex -0.097 -0.00448181 -0.0207194
         vertex -0.097 -0.00388959 -0.0192331
      endloop
   endfacet
   facet normal -1 6.12323e-17 0
      outer loop
         vertex -0.097 -0.00359477 -0.0193695
         vertex -0.097 -0.00331644 -0.0195369
         vertex -0.097 -0.00421434 -0.0208612
      endloop
   endfacet
   facet normal -1 6.12323e-17 0
      outer loop
         vertex -0.097 -0.00388547 -0.0211728
         vertex -0.097 -0.00398361 -0.0210572
         vertex -0.097 -0.00282201 -0.0199569
      endloop
   endfacet
   facet normal -1 6.12323e-17 0
      outer loop
         vertex -0.097 -0.00462546 -0.023369
         vertex -0.097 -0.00448181 -0.0233206
         vertex -0.097 -0.00388959 -0.0248069
      endloop
   endfacet
   facet normal -1 6.12323e-17 0
      outer loop
         vertex -0.097 -0.00507579 -0.0234179
         vertex -0.097 -0.00492421 -0.0234179
         vertex -0.097 -0.00483758 -0.0250156
      endloop
   endfacet
   facet normal -1 6.12323e-17 0
      outer loop
         vertex -0.097 -0.00516242 -0.0250156
         vertex -0.097 -0.00548535 -0.0249805
         vertex -0.097 -0.00522649 -0.0234016
      endloop
   endfacet
   facet normal -1 6.12323e-17 0
      outer loop
         vertex -0.097 -0.00537454 -0.023369
         vertex -0.097 -0.00580259 -0.0249106
         vertex -0.097 -0.00611041 -0.0248069
      endloop
   endfacet
   facet normal -1 6.12323e-17 0
      outer loop
         vertex -0.097 -0.00627061 -0.0226078
         vertex -0.097 -0.00772273 -0.0232797
         vertex -0.097 -0.00784296 -0.0229779
      endloop
   endfacet
   facet normal -1 6.12323e-17 0
      outer loop
         vertex -0.097 -0.00636727 -0.021719
         vertex -0.097 -0.00639179 -0.0218686
         vertex -0.097 -0.00798241 -0.0216956
      endloop
   endfacet
   facet normal -1 6.12323e-17 0
      outer loop
         vertex -0.097 -0.00627061 -0.0214322
         vertex -0.097 -0.00632671 -0.021573
         vertex -0.097 -0.00784296 -0.0210621
      endloop
   endfacet
   facet normal -1 6.12323e-17 0
      outer loop
         vertex -0.097 -0.00611453 -0.0211728
         vertex -0.097 -0.0061996 -0.0212982
         vertex -0.097 -0.00757057 -0.0204733
      endloop
   endfacet
   facet normal -1 6.12323e-17 0
      outer loop
         vertex -0.097 -0.00738828 -0.0202045
         vertex -0.097 -0.00717799 -0.0199569
         vertex -0.097 -0.00601639 -0.0210572
      endloop
   endfacet
   facet normal -1 6.12323e-17 0
      outer loop
         vertex -0.097 -0.00537454 -0.020671
         vertex -0.097 -0.00580259 -0.0191294
         vertex -0.097 -0.00548535 -0.0190595
      endloop
   endfacet
   facet normal -1 6.12323e-17 0
      outer loop
         vertex -0.097 -0.00477351 -0.0206384
         vertex -0.097 -0.00492421 -0.0206221
         vertex -0.097 -0.00483758 -0.0190244
      endloop
   endfacet
   facet normal -1 6.12323e-17 0
      outer loop
         vertex -0.097 -0.00451465 -0.0190595
         vertex -0.097 -0.00419741 -0.0191294
         vertex -0.097 -0.00462546 -0.020671
      endloop
   endfacet
   facet normal -1 6.12323e-17 0
      outer loop
         vertex -0.097 -0.00421434 -0.0208612
         vertex -0.097 -0.00434423 -0.0207831
         vertex -0.097 -0.00359477 -0.0193695
      endloop
   endfacet
   facet normal -1 6.12323e-17 0
      outer loop
         vertex -0.097 -0.00448181 -0.0233206
         vertex -0.097 -0.00434423 -0.0232569
         vertex -0.097 -0.00359477 -0.0246705
      endloop
   endfacet
   facet normal -1 6.12323e-17 0
      outer loop
         vertex -0.097 -0.00451465 -0.0249805
         vertex -0.097 -0.00477351 -0.0234016
         vertex -0.097 -0.00462546 -0.023369
      endloop
   endfacet
   facet normal -1 6.12323e-17 0
      outer loop
         vertex -0.097 -0.00522649 -0.0234016
         vertex -0.097 -0.00507579 -0.0234179
         vertex -0.097 -0.00516242 -0.0250156
      endloop
   endfacet
   facet normal -1 6.12323e-17 0
      outer loop
         vertex -0.097 -0.00578566 -0.0231788
         vertex -0.097 -0.00668356 -0.0245031
         vertex -0.097 -0.00694216 -0.0243065
      endloop
   endfacet
   facet normal -1 6.12323e-17 0
      outer loop
         vertex -0.097 -0.00632671 -0.021573
         vertex -0.097 -0.00636727 -0.021719
         vertex -0.097 -0.00792986 -0.0213751
      endloop
   endfacet
   facet normal -1 6.12323e-17 0
      outer loop
         vertex -0.097 -0.00601639 -0.0210572
         vertex -0.097 -0.00611453 -0.0211728
         vertex -0.097 -0.00738828 -0.0202045
      endloop
   endfacet
   facet normal -1 6.12323e-17 0
      outer loop
         vertex -0.097 -0.00694216 -0.0197335
         vertex -0.097 -0.00590634 -0.020953
         vertex -0.097 -0.00601639 -0.0210572
      endloop
   endfacet
   facet normal -1 6.12323e-17 0
      outer loop
         vertex -0.097 -0.00694216 -0.0197335
         vertex -0.097 -0.00668356 -0.0195369
         vertex -0.097 -0.00578566 -0.0208612
      endloop
   endfacet
   facet normal -1 6.12323e-17 0
      outer loop
         vertex -0.097 -0.00522649 -0.0206384
         vertex -0.097 -0.00548535 -0.0190595
         vertex -0.097 -0.00516242 -0.0190244
      endloop
   endfacet
   facet normal -1 6.12323e-17 0
      outer loop
         vertex -0.097 -0.00462546 -0.020671
         vertex -0.097 -0.00419741 -0.0191294
         vertex -0.097 -0.00388959 -0.0192331
      endloop
   endfacet
   facet normal -1 6.12323e-17 0
      outer loop
         vertex -0.097 -0.00462546 -0.023369
         vertex -0.097 -0.00419741 -0.0249106
         vertex -0.097 -0.00451465 -0.0249805
      endloop
   endfacet
   facet normal -1 6.12323e-17 0
      outer loop
         vertex -0.097 -0.00537454 -0.023369
         vertex -0.097 -0.00522649 -0.0234016
         vertex -0.097 -0.00548535 -0.0249805
      endloop
   endfacet
   facet normal -1 6.12323e-17 0
      outer loop
         vertex -0.097 -0.00627061 -0.0214322
         vertex -0.097 -0.00772273 -0.0207603
         vertex -0.097 -0.00757057 -0.0204733
      endloop
   endfacet
   facet normal -1 6.12323e-17 0
      outer loop
         vertex -0.097 -0.00578566 -0.0208612
         vertex -0.097 -0.00590634 -0.020953
         vertex -0.097 -0.00694216 -0.0197335
      endloop
   endfacet
   facet normal -1 6.12323e-17 0
      outer loop
         vertex -0.097 -0.00462546 -0.020671
         vertex -0.097 -0.00477351 -0.0206384
         vertex -0.097 -0.00451465 -0.0190595
      endloop
   endfacet
   facet normal -1 6.12323e-17 0
      outer loop
         vertex -0.097 -0.00477351 -0.0234016
         vertex -0.097 -0.00451465 -0.0249805
         vertex -0.097 -0.00483758 -0.0250156
      endloop
   endfacet
   facet normal -1 6.12323e-17 0
      outer loop
         vertex -0.097 -0.00601639 -0.0210572
         vertex -0.097 -0.00717799 -0.0199569
         vertex -0.097 -0.00694216 -0.0197335
      endloop
   endfacet
   facet normal -1 6.12323e-17 0
      outer loop
         vertex -0.097 -0.00421434 -0.0208612
         vertex -0.097 -0.00331644 -0.0195369
         vertex -0.097 -0.00305784 -0.0197335
      endloop
   endfacet
   facet normal -1 6.12323e-17 0
      outer loop
         vertex -0.097 -0.00578566 -0.0208612
         vertex -0.097 -0.00668356 -0.0195369
         vertex -0.097 -0.00640523 -0.0193695
      endloop
   endfacet
   facet normal -1 6.12323e-17 0
      outer loop
         vertex -0.097 -0.0064 -0.02202
         vertex -0.097 -0.008 -0.02202
         vertex -0.097 -0.00798241 -0.0216956
      endloop
   endfacet
   facet normal 6.08734e-17 0.994138 -0.108119
      outer loop
         vertex -0.0938 -0.00639179 -0.0218686
         vertex -0.0938 -0.0064 -0.02202
         vertex -0.097 -0.0064 -0.02202
      endloop
   endfacet
   facet normal 5.98008e-17 0.976621 -0.21497
      outer loop
         vertex -0.0938 -0.00636727 -0.021719
         vertex -0.0938 -0.00639179 -0.0218686
         vertex -0.097 -0.00639179 -0.0218686
      endloop
   endfacet
   facet normal 5.8027e-17 0.947653 -0.319302
      outer loop
         vertex -0.0938 -0.00632671 -0.021573
         vertex -0.0938 -0.00636727 -0.021719
         vertex -0.097 -0.00636727 -0.021719
      endloop
   endfacet
   facet normal 5.5573e-17 0.907575 -0.419889
      outer loop
         vertex -0.0938 -0.00627061 -0.0214322
         vertex -0.0938 -0.00632671 -0.021573
         vertex -0.097 -0.00632671 -0.021573
      endloop
   endfacet
   facet normal 5.24674e-17 0.856857 -0.515554
      outer loop
         vertex -0.0938 -0.0061996 -0.0212982
         vertex -0.0938 -0.00627061 -0.0214322
         vertex -0.097 -0.00627061 -0.0214322
      endloop
   endfacet
   facet normal 4.87466e-17 0.796093 -0.605174
      outer loop
         vertex -0.0938 -0.00611453 -0.0211728
         vertex -0.0938 -0.0061996 -0.0212982
         vertex -0.097 -0.0061996 -0.0212982
      endloop
   endfacet
   facet normal 4.44544e-17 0.725995 -0.687699
      outer loop
         vertex -0.0938 -0.00601639 -0.0210572
         vertex -0.0938 -0.00611453 -0.0211728
         vertex -0.097 -0.00611453 -0.0211728
      endloop
   endfacet
   facet normal 3.9641e-17 0.647386 -0.762162
      outer loop
         vertex -0.0938 -0.00590634 -0.020953
         vertex -0.0938 -0.00601639 -0.0210572
         vertex -0.097 -0.00601639 -0.0210572
      endloop
   endfacet
   facet normal 3.43628e-17 0.561187 -0.827689
      outer loop
         vertex -0.0938 -0.00578566 -0.0208612
         vertex -0.0938 -0.00590634 -0.020953
         vertex -0.097 -0.00590634 -0.020953
      endloop
   endfacet
   facet normal 2.86817e-17 0.468408 -0.883512
      outer loop
         vertex -0.0938 -0.00565577 -0.0207831
         vertex -0.0938 -0.00578566 -0.0208612
         vertex -0.097 -0.00578566 -0.0208612
      endloop
   endfacet
   facet normal 2.26644e-17 0.370138 -0.928977
      outer loop
         vertex -0.0938 -0.00551819 -0.0207194
         vertex -0.0938 -0.00565577 -0.0207831
         vertex -0.097 -0.00565577 -0.0207831
      endloop
   endfacet
   facet normal 1.63814e-17 0.267528 -0.96355
      outer loop
         vertex -0.0938 -0.00537454 -0.020671
         vertex -0.0938 -0.00551819 -0.0207194
         vertex -0.097 -0.00551819 -0.0207194
      endloop
   endfacet
   facet normal 9.90629e-18 0.161782 -0.986827
      outer loop
         vertex -0.0938 -0.00522649 -0.0206384
         vertex -0.0938 -0.00537454 -0.020671
         vertex -0.097 -0.00537454 -0.020671
      endloop
   endfacet
   facet normal 3.31505e-18 0.0541389 -0.998533
      outer loop
         vertex -0.0938 -0.00507579 -0.0206221
         vertex -0.0938 -0.00522649 -0.0206384
         vertex -0.097 -0.00522649 -0.0206384
      endloop
   endfacet
   facet normal -3.31505e-18 -0.0541389 -0.998533
      outer loop
         vertex -0.0938 -0.00492421 -0.0206221
         vertex -0.0938 -0.00507579 -0.0206221
         vertex -0.097 -0.00507579 -0.0206221
      endloop
   endfacet
   facet normal -9.90629e-18 -0.161782 -0.986827
      outer loop
         vertex -0.0938 -0.00477351 -0.0206384
         vertex -0.0938 -0.00492421 -0.0206221
         vertex -0.097 -0.00492421 -0.0206221
      endloop
   endfacet
   facet normal -1.63814e-17 -0.267528 -0.96355
      outer loop
         vertex -0.0938 -0.00462546 -0.020671
         vertex -0.0938 -0.00477351 -0.0206384
         vertex -0.097 -0.00477351 -0.0206384
      endloop
   endfacet
   facet normal -2.26644e-17 -0.370138 -0.928977
      outer loop
         vertex -0.0938 -0.00448181 -0.0207194
         vertex -0.0938 -0.00462546 -0.020671
         vertex -0.097 -0.00462546 -0.020671
      endloop
   endfacet
   facet normal -2.86817e-17 -0.468408 -0.883512
      outer loop
         vertex -0.0938 -0.00434423 -0.0207831
         vertex -0.0938 -0.00448181 -0.0207194
         vertex -0.097 -0.00448181 -0.0207194
      endloop
   endfacet
   facet normal -3.43628e-17 -0.561187 -0.827689
      outer loop
         vertex -0.0938 -0.00421434 -0.0208612
         vertex -0.0938 -0.00434423 -0.0207831
         vertex -0.097 -0.00434423 -0.0207831
      endloop
   endfacet
   facet normal -3.9641e-17 -0.647386 -0.762162
      outer loop
         vertex -0.0938 -0.00409366 -0.020953
         vertex -0.0938 -0.00421434 -0.0208612
         vertex -0.097 -0.00421434 -0.0208612
      endloop
   endfacet
   facet normal -4.44544e-17 -0.725995 -0.687699
      outer loop
         vertex -0.0938 -0.00398361 -0.0210572
         vertex -0.0938 -0.00409366 -0.020953
         vertex -0.097 -0.00409366 -0.020953
      endloop
   endfacet
   facet normal -4.87466e-17 -0.796093 -0.605174
      outer loop
         vertex -0.0938 -0.00388547 -0.0211728
         vertex -0.0938 -0.00398361 -0.0210572
         vertex -0.097 -0.00398361 -0.0210572
      endloop
   endfacet
   facet normal -5.24674e-17 -0.856857 -0.515554
      outer loop
         vertex -0.0938 -0.0038004 -0.0212982
         vertex -0.0938 -0.00388547 -0.0211728
         vertex -0.097 -0.00388547 -0.0211728
      endloop
   endfacet
   facet normal -5.5573e-17 -0.907575 -0.419889
      outer loop
         vertex -0.0938 -0.00372939 -0.0214322
         vertex -0.0938 -0.0038004 -0.0212982
         vertex -0.097 -0.0038004 -0.0212982
      endloop
   endfacet
   facet normal -5.8027e-17 -0.947653 -0.319302
      outer loop
         vertex -0.0938 -0.00367329 -0.021573
         vertex -0.0938 -0.00372939 -0.0214322
         vertex -0.097 -0.00372939 -0.0214322
      endloop
   endfacet
   facet normal -5.98008e-17 -0.976621 -0.21497
      outer loop
         vertex -0.0938 -0.00363273 -0.021719
         vertex -0.0938 -0.00367329 -0.021573
         vertex -0.097 -0.00367329 -0.021573
      endloop
   endfacet
   facet normal -6.08734e-17 -0.994138 -0.108119
      outer loop
         vertex -0.0938 -0.00360821 -0.0218686
         vertex -0.0938 -0.00363273 -0.021719
         vertex -0.097 -0.00363273 -0.021719
      endloop
   endfacet
   facet normal -6.12323e-17 -1 2.44929e-16
      outer loop
         vertex -0.0938 -0.0036 -0.02202
         vertex -0.0938 -0.00360821 -0.0218686
         vertex -0.097 -0.00360821 -0.0218686
      endloop
   endfacet
   facet normal -6.08734e-17 -0.994138 0.108119
      outer loop
         vertex -0.0938 -0.00360821 -0.0221714
         vertex -0.0938 -0.0036 -0.02202
         vertex -0.097 -0.0036 -0.02202
      endloop
   endfacet
   facet normal -5.98008e-17 -0.976621 0.21497
      outer loop
         vertex -0.0938 -0.00363273 -0.022321
         vertex -0.0938 -0.00360821 -0.0221714
         vertex -0.097 -0.00360821 -0.0221714
      endloop
   endfacet
   facet normal -5.8027e-17 -0.947653 0.319302
      outer loop
         vertex -0.0938 -0.00367329 -0.022467
         vertex -0.0938 -0.00363273 -0.022321
         vertex -0.097 -0.00363273 -0.022321
      endloop
   endfacet
   facet normal -5.5573e-17 -0.907575 0.419889
      outer loop
         vertex -0.0938 -0.00372939 -0.0226078
         vertex -0.0938 -0.00367329 -0.022467
         vertex -0.097 -0.00367329 -0.022467
      endloop
   endfacet
   facet normal -5.24674e-17 -0.856857 0.515554
      outer loop
         vertex -0.0938 -0.0038004 -0.0227418
         vertex -0.0938 -0.00372939 -0.0226078
         vertex -0.097 -0.00372939 -0.0226078
      endloop
   endfacet
   facet normal -4.87466e-17 -0.796093 0.605174
      outer loop
         vertex -0.0938 -0.00388547 -0.0228672
         vertex -0.0938 -0.0038004 -0.0227418
         vertex -0.097 -0.0038004 -0.0227418
      endloop
   endfacet
   facet normal -4.44544e-17 -0.725995 0.687699
      outer loop
         vertex -0.0938 -0.00398361 -0.0229828
         vertex -0.0938 -0.00388547 -0.0228672
         vertex -0.097 -0.00388547 -0.0228672
      endloop
   endfacet
   facet normal -3.9641e-17 -0.647386 0.762162
      outer loop
         vertex -0.0938 -0.00409366 -0.023087
         vertex -0.0938 -0.00398361 -0.0229828
         vertex -0.097 -0.00398361 -0.0229828
      endloop
   endfacet
   facet normal -3.43628e-17 -0.561187 0.827689
      outer loop
         vertex -0.0938 -0.00421434 -0.0231788
         vertex -0.0938 -0.00409366 -0.023087
         vertex -0.097 -0.00409366 -0.023087
      endloop
   endfacet
   facet normal -2.86817e-17 -0.468408 0.883512
      outer loop
         vertex -0.0938 -0.00434423 -0.0232569
         vertex -0.0938 -0.00421434 -0.0231788
         vertex -0.097 -0.00421434 -0.0231788
      endloop
   endfacet
   facet normal -2.26644e-17 -0.370138 0.928977
      outer loop
         vertex -0.0938 -0.00448181 -0.0233206
         vertex -0.0938 -0.00434423 -0.0232569
         vertex -0.097 -0.00434423 -0.0232569
      endloop
   endfacet
   facet normal -1.63814e-17 -0.267528 0.96355
      outer loop
         vertex -0.0938 -0.00462546 -0.023369
         vertex -0.0938 -0.00448181 -0.0233206
         vertex -0.097 -0.00448181 -0.0233206
      endloop
   endfacet
   facet normal -9.90629e-18 -0.161782 0.986827
      outer loop
         vertex -0.0938 -0.00477351 -0.0234016
         vertex -0.0938 -0.00462546 -0.023369
         vertex -0.097 -0.00462546 -0.023369
      endloop
   endfacet
   facet normal -3.31505e-18 -0.0541389 0.998533
      outer loop
         vertex -0.0938 -0.00492421 -0.0234179
         vertex -0.0938 -0.00477351 -0.0234016
         vertex -0.097 -0.00477351 -0.0234016
      endloop
   endfacet
   facet normal 3.31505e-18 0.0541389 0.998533
      outer loop
         vertex -0.0938 -0.00507579 -0.0234179
         vertex -0.0938 -0.00492421 -0.0234179
         vertex -0.097 -0.00492421 -0.0234179
      endloop
   endfacet
   facet normal 9.90629e-18 0.161782 0.986827
      outer loop
         vertex -0.0938 -0.00522649 -0.0234016
         vertex -0.0938 -0.00507579 -0.0234179
         vertex -0.097 -0.00507579 -0.0234179
      endloop
   endfacet
   facet normal 1.63814e-17 0.267528 0.96355
      outer loop
         vertex -0.0938 -0.00537454 -0.023369
         vertex -0.0938 -0.00522649 -0.0234016
         vertex -0.097 -0.00522649 -0.0234016
      endloop
   endfacet
   facet normal 2.26644e-17 0.370138 0.928977
      outer loop
         vertex -0.0938 -0.00551819 -0.0233206
         vertex -0.0938 -0.00537454 -0.023369
         vertex -0.097 -0.00537454 -0.023369
      endloop
   endfacet
   facet normal 2.86817e-17 0.468408 0.883512
      outer loop
         vertex -0.0938 -0.00565577 -0.0232569
         vertex -0.0938 -0.00551819 -0.0233206
         vertex -0.097 -0.00551819 -0.0233206
      endloop
   endfacet
   facet normal 3.43628e-17 0.561187 0.827689
      outer loop
         vertex -0.0938 -0.00578566 -0.0231788
         vertex -0.0938 -0.00565577 -0.0232569
         vertex -0.097 -0.00565577 -0.0232569
      endloop
   endfacet
   facet normal 3.9641e-17 0.647386 0.762162
      outer loop
         vertex -0.0938 -0.00590634 -0.023087
         vertex -0.0938 -0.00578566 -0.0231788
         vertex -0.097 -0.00578566 -0.0231788
      endloop
   endfacet
   facet normal 4.44544e-17 0.725995 0.687699
      outer loop
         vertex -0.0938 -0.00601639 -0.0229828
         vertex -0.0938 -0.00590634 -0.023087
         vertex -0.097 -0.00590634 -0.023087
      endloop
   endfacet
   facet normal 4.87466e-17 0.796093 0.605174
      outer loop
         vertex -0.0938 -0.00611453 -0.0228672
         vertex -0.0938 -0.00601639 -0.0229828
         vertex -0.097 -0.00601639 -0.0229828
      endloop
   endfacet
   facet normal 5.24674e-17 0.856857 0.515554
      outer loop
         vertex -0.0938 -0.0061996 -0.0227418
         vertex -0.0938 -0.00611453 -0.0228672
         vertex -0.097 -0.00611453 -0.0228672
      endloop
   endfacet
   facet normal 5.5573e-17 0.907575 0.419889
      outer loop
         vertex -0.0938 -0.00627061 -0.0226078
         vertex -0.0938 -0.0061996 -0.0227418
         vertex -0.097 -0.0061996 -0.0227418
      endloop
   endfacet
   facet normal 5.8027e-17 0.947653 0.319302
      outer loop
         vertex -0.0938 -0.00632671 -0.022467
         vertex -0.0938 -0.00627061 -0.0226078
         vertex -0.097 -0.00627061 -0.0226078
      endloop
   endfacet
   facet normal 5.98008e-17 0.976621 0.21497
      outer loop
         vertex -0.0938 -0.00636727 -0.022321
         vertex -0.0938 -0.00632671 -0.022467
         vertex -0.097 -0.00632671 -0.022467
      endloop
   endfacet
   facet normal 6.08734e-17 0.994138 0.108119
      outer loop
         vertex -0.0938 -0.00639179 -0.0221714
         vertex -0.0938 -0.00636727 -0.022321
         vertex -0.097 -0.00636727 -0.022321
      endloop
   endfacet
   facet normal 6.12323e-17 1 -3.67394e-16
      outer loop
         vertex -0.0938 -0.0064 -0.02202
         vertex -0.0938 -0.00639179 -0.0221714
         vertex -0.097 -0.00639179 -0.0221714
      endloop
   endfacet
   facet normal 6.08734e-17 0.994138 0.108119
      outer loop
         vertex -0.097 -0.00639179 -0.0221714
         vertex -0.097 -0.0064 -0.02202
         vertex -0.0938 -0.0064 -0.02202
      endloop
   endfacet
   facet normal 5.98008e-17 0.976621 0.21497
      outer loop
         vertex -0.097 -0.00636727 -0.022321
         vertex -0.097 -0.00639179 -0.0221714
         vertex -0.0938 -0.00639179 -0.0221714
      endloop
   endfacet
   facet normal 5.8027e-17 0.947653 0.319302
      outer loop
         vertex -0.097 -0.00632671 -0.022467
         vertex -0.097 -0.00636727 -0.022321
         vertex -0.0938 -0.00636727 -0.022321
      endloop
   endfacet
   facet normal 5.5573e-17 0.907575 0.419889
      outer loop
         vertex -0.097 -0.00627061 -0.0226078
         vertex -0.097 -0.00632671 -0.022467
         vertex -0.0938 -0.00632671 -0.022467
      endloop
   endfacet
   facet normal 5.24674e-17 0.856857 0.515554
      outer loop
         vertex -0.097 -0.0061996 -0.0227418
         vertex -0.097 -0.00627061 -0.0226078
         vertex -0.0938 -0.00627061 -0.0226078
      endloop
   endfacet
   facet normal 4.87466e-17 0.796093 0.605174
      outer loop
         vertex -0.097 -0.00611453 -0.0228672
         vertex -0.097 -0.0061996 -0.0227418
         vertex -0.0938 -0.0061996 -0.0227418
      endloop
   endfacet
   facet normal 4.44544e-17 0.725995 0.687699
      outer loop
         vertex -0.097 -0.00601639 -0.0229828
         vertex -0.097 -0.00611453 -0.0228672
         vertex -0.0938 -0.00611453 -0.0228672
      endloop
   endfacet
   facet normal 3.9641e-17 0.647386 0.762162
      outer loop
         vertex -0.097 -0.00590634 -0.023087
         vertex -0.097 -0.00601639 -0.0229828
         vertex -0.0938 -0.00601639 -0.0229828
      endloop
   endfacet
   facet normal 3.43628e-17 0.561187 0.827689
      outer loop
         vertex -0.097 -0.00578566 -0.0231788
         vertex -0.097 -0.00590634 -0.023087
         vertex -0.0938 -0.00590634 -0.023087
      endloop
   endfacet
   facet normal 2.86817e-17 0.468408 0.883512
      outer loop
         vertex -0.097 -0.00565577 -0.0232569
         vertex -0.097 -0.00578566 -0.0231788
         vertex -0.0938 -0.00578566 -0.0231788
      endloop
   endfacet
   facet normal 2.26644e-17 0.370138 0.928977
      outer loop
         vertex -0.097 -0.00551819 -0.0233206
         vertex -0.097 -0.00565577 -0.0232569
         vertex -0.0938 -0.00565577 -0.0232569
      endloop
   endfacet
   facet normal 1.63814e-17 0.267528 0.96355
      outer loop
         vertex -0.097 -0.00537454 -0.023369
         vertex -0.097 -0.00551819 -0.0233206
         vertex -0.0938 -0.00551819 -0.0233206
      endloop
   endfacet
   facet normal 9.90629e-18 0.161782 0.986827
      outer loop
         vertex -0.097 -0.00522649 -0.0234016
         vertex -0.097 -0.00537454 -0.023369
         vertex -0.0938 -0.00537454 -0.023369
      endloop
   endfacet
   facet normal 3.31505e-18 0.0541389 0.998533
      outer loop
         vertex -0.097 -0.00507579 -0.0234179
         vertex -0.097 -0.00522649 -0.0234016
         vertex -0.0938 -0.00522649 -0.0234016
      endloop
   endfacet
   facet normal -3.31505e-18 -0.0541389 0.998533
      outer loop
         vertex -0.097 -0.00492421 -0.0234179
         vertex -0.097 -0.00507579 -0.0234179
         vertex -0.0938 -0.00507579 -0.0234179
      endloop
   endfacet
   facet normal -9.90629e-18 -0.161782 0.986827
      outer loop
         vertex -0.097 -0.00477351 -0.0234016
         vertex -0.097 -0.00492421 -0.0234179
         vertex -0.0938 -0.00492421 -0.0234179
      endloop
   endfacet
   facet normal -1.63814e-17 -0.267528 0.96355
      outer loop
         vertex -0.097 -0.00462546 -0.023369
         vertex -0.097 -0.00477351 -0.0234016
         vertex -0.0938 -0.00477351 -0.0234016
      endloop
   endfacet
   facet normal -2.26644e-17 -0.370138 0.928977
      outer loop
         vertex -0.097 -0.00448181 -0.0233206
         vertex -0.097 -0.00462546 -0.023369
         vertex -0.0938 -0.00462546 -0.023369
      endloop
   endfacet
   facet normal -2.86817e-17 -0.468408 0.883512
      outer loop
         vertex -0.097 -0.00434423 -0.0232569
         vertex -0.097 -0.00448181 -0.0233206
         vertex -0.0938 -0.00448181 -0.0233206
      endloop
   endfacet
   facet normal -3.43628e-17 -0.561187 0.827689
      outer loop
         vertex -0.097 -0.00421434 -0.0231788
         vertex -0.097 -0.00434423 -0.0232569
         vertex -0.0938 -0.00434423 -0.0232569
      endloop
   endfacet
   facet normal -3.9641e-17 -0.647386 0.762162
      outer loop
         vertex -0.097 -0.00409366 -0.023087
         vertex -0.097 -0.00421434 -0.0231788
         vertex -0.0938 -0.00421434 -0.0231788
      endloop
   endfacet
   facet normal -4.44544e-17 -0.725995 0.687699
      outer loop
         vertex -0.097 -0.00398361 -0.0229828
         vertex -0.097 -0.00409366 -0.023087
         vertex -0.0938 -0.00409366 -0.023087
      endloop
   endfacet
   facet normal -4.87466e-17 -0.796093 0.605174
      outer loop
         vertex -0.097 -0.00388547 -0.0228672
         vertex -0.097 -0.00398361 -0.0229828
         vertex -0.0938 -0.00398361 -0.0229828
      endloop
   endfacet
   facet normal -5.24674e-17 -0.856857 0.515554
      outer loop
         vertex -0.097 -0.0038004 -0.0227418
         vertex -0.097 -0.00388547 -0.0228672
         vertex -0.0938 -0.00388547 -0.0228672
      endloop
   endfacet
   facet normal -5.5573e-17 -0.907575 0.419889
      outer loop
         vertex -0.097 -0.00372939 -0.0226078
         vertex -0.097 -0.0038004 -0.0227418
         vertex -0.0938 -0.0038004 -0.0227418
      endloop
   endfacet
   facet normal -5.8027e-17 -0.947653 0.319302
      outer loop
         vertex -0.097 -0.00367329 -0.022467
         vertex -0.097 -0.00372939 -0.0226078
         vertex -0.0938 -0.00372939 -0.0226078
      endloop
   endfacet
   facet normal -5.98008e-17 -0.976621 0.21497
      outer loop
         vertex -0.097 -0.00363273 -0.022321
         vertex -0.097 -0.00367329 -0.022467
         vertex -0.0938 -0.00367329 -0.022467
      endloop
   endfacet
   facet normal -6.08734e-17 -0.994138 0.108119
      outer loop
         vertex -0.097 -0.00360821 -0.0221714
         vertex -0.097 -0.00363273 -0.022321
         vertex -0.0938 -0.00363273 -0.022321
      endloop
   endfacet
   facet normal -6.12323e-17 -1 2.44929e-16
      outer loop
         vertex -0.097 -0.0036 -0.02202
         vertex -0.097 -0.00360821 -0.0221714
         vertex -0.0938 -0.00360821 -0.0221714
      endloop
   endfacet
   facet normal -6.08734e-17 -0.994138 -0.108119
      outer loop
         vertex -0.097 -0.00360821 -0.0218686
         vertex -0.097 -0.0036 -0.02202
         vertex -0.0938 -0.0036 -0.02202
      endloop
   endfacet
   facet normal -5.98008e-17 -0.976621 -0.21497
      outer loop
         vertex -0.097 -0.00363273 -0.021719
         vertex -0.097 -0.00360821 -0.0218686
         vertex -0.0938 -0.00360821 -0.0218686
      endloop
   endfacet
   facet normal -5.8027e-17 -0.947653 -0.319302
      outer loop
         vertex -0.097 -0.00367329 -0.021573
         vertex -0.097 -0.00363273 -0.021719
         vertex -0.0938 -0.00363273 -0.021719
      endloop
   endfacet
   facet normal -5.5573e-17 -0.907575 -0.419889
      outer loop
         vertex -0.097 -0.00372939 -0.0214322
         vertex -0.097 -0.00367329 -0.021573
         vertex -0.0938 -0.00367329 -0.021573
      endloop
   endfacet
   facet normal -5.24674e-17 -0.856857 -0.515554
      outer loop
         vertex -0.097 -0.0038004 -0.0212982
         vertex -0.097 -0.00372939 -0.0214322
         vertex -0.0938 -0.00372939 -0.0214322
      endloop
   endfacet
   facet normal -4.87466e-17 -0.796093 -0.605174
      outer loop
         vertex -0.097 -0.00388547 -0.0211728
         vertex -0.097 -0.0038004 -0.0212982
         vertex -0.0938 -0.0038004 -0.0212982
      endloop
   endfacet
   facet normal -4.44544e-17 -0.725995 -0.687699
      outer loop
         vertex -0.097 -0.00398361 -0.0210572
         vertex -0.097 -0.00388547 -0.0211728
         vertex -0.0938 -0.00388547 -0.0211728
      endloop
   endfacet
   facet normal -3.9641e-17 -0.647386 -0.762162
      outer loop
         vertex -0.097 -0.00409366 -0.020953
         vertex -0.097 -0.00398361 -0.0210572
         vertex -0.0938 -0.00398361 -0.0210572
      endloop
   endfacet
   facet normal -3.43628e-17 -0.561187 -0.827689
      outer loop
         vertex -0.097 -0.00421434 -0.0208612
         vertex -0.097 -0.00409366 -0.020953
         vertex -0.0938 -0.00409366 -0.020953
      endloop
   endfacet
   facet normal -2.86817e-17 -0.468408 -0.883512
      outer loop
         vertex -0.097 -0.00434423 -0.0207831
         vertex -0.097 -0.00421434 -0.0208612
         vertex -0.0938 -0.00421434 -0.0208612
      endloop
   endfacet
   facet normal -2.26644e-17 -0.370138 -0.928977
      outer loop
         vertex -0.097 -0.00448181 -0.0207194
         vertex -0.097 -0.00434423 -0.0207831
         vertex -0.0938 -0.00434423 -0.0207831
      endloop
   endfacet
   facet normal -1.63814e-17 -0.267528 -0.96355
      outer loop
         vertex -0.097 -0.00462546 -0.020671
         vertex -0.097 -0.00448181 -0.0207194
         vertex -0.0938 -0.00448181 -0.0207194
      endloop
   endfacet
   facet normal -9.90629e-18 -0.161782 -0.986827
      outer loop
         vertex -0.097 -0.00477351 -0.0206384
         vertex -0.097 -0.00462546 -0.020671
         vertex -0.0938 -0.00462546 -0.020671
      endloop
   endfacet
   facet normal -3.31505e-18 -0.0541389 -0.998533
      outer loop
         vertex -0.097 -0.00492421 -0.0206221
         vertex -0.097 -0.00477351 -0.0206384
         vertex -0.0938 -0.00477351 -0.0206384
      endloop
   endfacet
   facet normal 3.31505e-18 0.0541389 -0.998533
      outer loop
         vertex -0.097 -0.00507579 -0.0206221
         vertex -0.097 -0.00492421 -0.0206221
         vertex -0.0938 -0.00492421 -0.0206221
      endloop
   endfacet
   facet normal 9.90629e-18 0.161782 -0.986827
      outer loop
         vertex -0.097 -0.00522649 -0.0206384
         vertex -0.097 -0.00507579 -0.0206221
         vertex -0.0938 -0.00507579 -0.0206221
      endloop
   endfacet
   facet normal 1.63814e-17 0.267528 -0.96355
      outer loop
         vertex -0.097 -0.00537454 -0.020671
         vertex -0.097 -0.00522649 -0.0206384
         vertex -0.0938 -0.00522649 -0.0206384
      endloop
   endfacet
   facet normal 2.26644e-17 0.370138 -0.928977
      outer loop
         vertex -0.097 -0.00551819 -0.0207194
         vertex -0.097 -0.00537454 -0.020671
         vertex -0.0938 -0.00537454 -0.020671
      endloop
   endfacet
   facet normal 2.86817e-17 0.468408 -0.883512
      outer loop
         vertex -0.097 -0.00565577 -0.0207831
         vertex -0.097 -0.00551819 -0.0207194
         vertex -0.0938 -0.00551819 -0.0207194
      endloop
   endfacet
   facet normal 3.43628e-17 0.561187 -0.827689
      outer loop
         vertex -0.097 -0.00578566 -0.0208612
         vertex -0.097 -0.00565577 -0.0207831
         vertex -0.0938 -0.00565577 -0.0207831
      endloop
   endfacet
   facet normal 3.9641e-17 0.647386 -0.762162
      outer loop
         vertex -0.097 -0.00590634 -0.020953
         vertex -0.097 -0.00578566 -0.0208612
         vertex -0.0938 -0.00578566 -0.0208612
      endloop
   endfacet
   facet normal 4.44544e-17 0.725995 -0.687699
      outer loop
         vertex -0.097 -0.00601639 -0.0210572
         vertex -0.097 -0.00590634 -0.020953
         vertex -0.0938 -0.00590634 -0.020953
      endloop
   endfacet
   facet normal 4.87466e-17 0.796093 -0.605174
      outer loop
         vertex -0.097 -0.00611453 -0.0211728
         vertex -0.097 -0.00601639 -0.0210572
         vertex -0.0938 -0.00601639 -0.0210572
      endloop
   endfacet
   facet normal 5.24674e-17 0.856857 -0.515554
      outer loop
         vertex -0.097 -0.0061996 -0.0212982
         vertex -0.097 -0.00611453 -0.0211728
         vertex -0.0938 -0.00611453 -0.0211728
      endloop
   endfacet
   facet normal 5.5573e-17 0.907575 -0.419889
      outer loop
         vertex -0.097 -0.00627061 -0.0214322
         vertex -0.097 -0.0061996 -0.0212982
         vertex -0.0938 -0.0061996 -0.0212982
      endloop
   endfacet
   facet normal 5.8027e-17 0.947653 -0.319302
      outer loop
         vertex -0.097 -0.00632671 -0.021573
         vertex -0.097 -0.00627061 -0.0214322
         vertex -0.0938 -0.00627061 -0.0214322
      endloop
   endfacet
   facet normal 5.98008e-17 0.976621 -0.21497
      outer loop
         vertex -0.097 -0.00636727 -0.021719
         vertex -0.097 -0.00632671 -0.021573
         vertex -0.0938 -0.00632671 -0.021573
      endloop
   endfacet
   facet normal 6.08734e-17 0.994138 -0.108119
      outer loop
         vertex -0.097 -0.00639179 -0.0218686
         vertex -0.097 -0.00636727 -0.021719
         vertex -0.0938 -0.00636727 -0.021719
      endloop
   endfacet
   facet normal 6.12323e-17 1 -3.67394e-16
      outer loop
         vertex -0.097 -0.0064 -0.02202
         vertex -0.097 -0.00639179 -0.0218686
         vertex -0.0938 -0.00639179 -0.0218686
      endloop
   endfacet
   facet normal 1 -6.12323e-17 0
      outer loop
         vertex -0.0938 -0.00639179 -0.0218686
         vertex -0.0938 -0.0323279 -0.020195
         vertex -0.0938 -0.0323095 -0.0205339
      endloop
   endfacet
   facet normal 1 -6.12323e-17 0
      outer loop
         vertex -0.0938 -0.0317402 -0.0240065
         vertex -0.0938 -0.00639179 -0.0221714
         vertex -0.0938 -0.0064 -0.02202
      endloop
   endfacet
   facet normal 1 -6.12323e-17 0
      outer loop
         vertex -0.0938 -0.0307987 -0.0273973
         vertex -0.0938 -0.00636727 -0.022321
         vertex -0.0938 -0.00639179 -0.0221714
      endloop
   endfacet
   facet normal 1 -6.12323e-17 0
      outer loop
         vertex -0.0938 -0.0307987 -0.0273973
         vertex -0.0938 -0.0294962 -0.0306664
         vertex -0.0938 -0.00632671 -0.022467
      endloop
   endfacet
   facet normal 1 -6.12323e-17 0
      outer loop
         vertex -0.0938 -0.0294962 -0.0306664
         vertex -0.0938 -0.0278479 -0.0337755
         vertex -0.0938 -0.00627061 -0.0226078
      endloop
   endfacet
   facet normal 1 -6.12323e-17 0
      outer loop
         vertex -0.0938 -0.0323279 -0.020195
         vertex -0.0938 -0.00636727 -0.021719
         vertex -0.0938 -0.00632671 -0.021573
      endloop
   endfacet
   facet normal 1 -6.12323e-17 0
      outer loop
         vertex -0.0938 -0.0323095 -0.0205339
         vertex -0.0938 -0.0064 -0.02202
         vertex -0.0938 -0.00639179 -0.0218686
      endloop
   endfacet
   facet normal 1 -6.12323e-17 0
      outer loop
         vertex -0.0938 -0.00639179 -0.0221714
         vertex -0.0938 -0.0317402 -0.0240065
         vertex -0.0938 -0.0307987 -0.0273973
      endloop
   endfacet
   facet normal 1 -6.12323e-17 0
      outer loop
         vertex -0.0938 -0.00627061 -0.0226078
         vertex -0.0938 -0.00632671 -0.022467
         vertex -0.0938 -0.0294962 -0.0306664
      endloop
   endfacet
   facet normal 1 -6.12323e-17 0
      outer loop
         vertex -0.0938 -0.025873 -0.0366882
         vertex -0.0938 -0.00611453 -0.0228672
         vertex -0.0938 -0.0061996 -0.0227418
      endloop
   endfacet
   facet normal 1 -6.12323e-17 0
      outer loop
         vertex -0.0938 -0.0323279 -0.020195
         vertex -0.0938 -0.00627061 -0.0214322
         vertex -0.0938 -0.0061996 -0.0212982
      endloop
   endfacet
   facet normal 1 -6.12323e-17 0
      outer loop
         vertex -0.0938 -0.00639179 -0.0218686
         vertex -0.0938 -0.00636727 -0.021719
         vertex -0.0938 -0.0323279 -0.020195
      endloop
   endfacet
   facet normal 1 -6.12323e-17 0
      outer loop
         vertex -0.0938 -0.00632671 -0.022467
         vertex -0.0938 -0.00636727 -0.022321
         vertex -0.0938 -0.0307987 -0.0273973
      endloop
   endfacet
   facet normal 1 -6.12323e-17 0
      outer loop
         vertex -0.0938 -0.0061996 -0.0227418
         vertex -0.0938 -0.0278479 -0.0337755
         vertex -0.0938 -0.025873 -0.0366882
      endloop
   endfacet
   facet normal 1 -6.12323e-17 0
      outer loop
         vertex -0.0938 -0.0235949 -0.0393702
         vertex -0.0938 -0.00601639 -0.0229828
         vertex -0.0938 -0.00611453 -0.0228672
      endloop
   endfacet
   facet normal 1 -6.12323e-17 0
      outer loop
         vertex -0.0938 -0.0235949 -0.0393702
         vertex -0.0938 -0.0210401 -0.0417903
         vertex -0.0938 -0.00590634 -0.023087
      endloop
   endfacet
   facet normal 1 -6.12323e-17 0
      outer loop
         vertex -0.0938 -0.0210401 -0.0417903
         vertex -0.0938 -0.0182386 -0.0439199
         vertex -0.0938 -0.00578566 -0.0231788
      endloop
   endfacet
   facet normal 1 -6.12323e-17 0
      outer loop
         vertex -0.0938 0.003175 -0.020195
         vertex -0.0938 -0.00372939 -0.0226078
         vertex -0.0938 -0.0038004 -0.0227418
      endloop
   endfacet
   facet normal 1 -6.12323e-17 0
      outer loop
         vertex -0.0938 -0.0061996 -0.0212982
         vertex -0.0938 -0.00611453 -0.0211728
         vertex -0.0938 -0.0323279 -0.020195
      endloop
   endfacet
   facet normal 1 -6.12323e-17 0
      outer loop
         vertex -0.0938 -0.0064 -0.02202
         vertex -0.0938 -0.0323095 -0.0205339
         vertex -0.0938 -0.0317402 -0.0240065
      endloop
   endfacet
   facet normal 1 -6.12323e-17 0
      outer loop
         vertex -0.0938 -0.00611453 -0.0228672
         vertex -0.0938 -0.025873 -0.0366882
         vertex -0.0938 -0.0235949 -0.0393702
      endloop
   endfacet
   facet normal 1 -6.12323e-17 0
      outer loop
         vertex -0.0938 -0.00578566 -0.0231788
         vertex -0.0938 -0.00590634 -0.023087
         vertex -0.0938 -0.0210401 -0.0417903
      endloop
   endfacet
   facet normal 1 -6.12323e-17 0
      outer loop
         vertex -0.0938 -0.0152233 -0.0457341
         vertex -0.0938 -0.00551819 -0.0233206
         vertex -0.0938 -0.00565577 -0.0232569
      endloop
   endfacet
   facet normal 1 -6.12323e-17 0
      outer loop
         vertex -0.0938 0.003175 -0.0493184
         vertex -0.0938 -0.00398361 -0.0229828
         vertex -0.0938 -0.00409366 -0.023087
      endloop
   endfacet
   facet normal 1 -6.12323e-17 0
      outer loop
         vertex -0.0938 -0.0038004 -0.0227418
         vertex -0.0938 0.003175 -0.0493184
         vertex -0.0938 0.003175 -0.020195
      endloop
   endfacet
   facet normal 1 -6.12323e-17 0
      outer loop
         vertex -0.0938 -0.0323279 -0.020195
         vertex -0.0938 -0.00578566 -0.0208612
         vertex -0.0938 -0.00565577 -0.0207831
      endloop
   endfacet
   facet normal 1 -6.12323e-17 0
      outer loop
         vertex -0.0938 -0.00632671 -0.021573
         vertex -0.0938 -0.00627061 -0.0214322
         vertex -0.0938 -0.0323279 -0.020195
      endloop
   endfacet
   facet normal 1 -6.12323e-17 0
      outer loop
         vertex -0.0938 -0.00590634 -0.023087
         vertex -0.0938 -0.00601639 -0.0229828
         vertex -0.0938 -0.0235949 -0.0393702
      endloop
   endfacet
   facet normal 1 -6.12323e-17 0
      outer loop
         vertex -0.0938 -0.00565577 -0.0232569
         vertex -0.0938 -0.0182386 -0.0439199
         vertex -0.0938 -0.0152233 -0.0457341
      endloop
   endfacet
   facet normal 1 -6.12323e-17 0
      outer loop
         vertex -0.0938 -0.0120295 -0.0472117
         vertex -0.0938 -0.00537454 -0.023369
         vertex -0.0938 -0.00551819 -0.0233206
      endloop
   endfacet
   facet normal 1 -6.12323e-17 0
      outer loop
         vertex -0.0938 -0.00409366 -0.023087
         vertex -0.0938 -0.00421434 -0.0231788
         vertex -0.0938 0.003175 -0.0493184
      endloop
   endfacet
   facet normal 1 -6.12323e-17 0
      outer loop
         vertex -0.0938 -0.0038004 -0.0227418
         vertex -0.0938 -0.00388547 -0.0228672
         vertex -0.0938 0.003175 -0.0493184
      endloop
   endfacet
   facet normal 1 -6.12323e-17 0
      outer loop
         vertex -0.0938 0.003175 -0.020195
         vertex -0.0938 -0.00363273 -0.022321
         vertex -0.0938 -0.00367329 -0.022467
      endloop
   endfacet
   facet normal 1 -6.12323e-17 0
      outer loop
         vertex -0.0938 0.003175 -0.020195
         vertex -0.0938 -0.0036 -0.02202
         vertex -0.0938 -0.00360821 -0.0221714
      endloop
   endfacet
   facet normal 1 -6.12323e-17 0
      outer loop
         vertex -0.0938 0.003175 -0.020195
         vertex -0.0938 -0.00363273 -0.021719
         vertex -0.0938 -0.00360821 -0.0218686
      endloop
   endfacet
   facet normal 1 -6.12323e-17 0
      outer loop
         vertex -0.0938 0.003175 -0.020195
         vertex -0.0938 -0.00372939 -0.0214322
         vertex -0.0938 -0.00367329 -0.021573
      endloop
   endfacet
   facet normal 1 -6.12323e-17 0
      outer loop
         vertex -0.0938 0.003175 -0.020195
         vertex -0.0938 -0.00388547 -0.0211728
         vertex -0.0938 -0.0038004 -0.0212982
      endloop
   endfacet
   facet normal 1 -6.12323e-17 0
      outer loop
         vertex -0.0938 0.003175 -0.020195
         vertex -0.0938 -0.00462546 -0.020671
         vertex -0.0938 -0.00448181 -0.0207194
      endloop
   endfacet
   facet normal 1 -6.12323e-17 0
      outer loop
         vertex -0.0938 0.003175 -0.020195
         vertex -0.0938 -0.00507579 -0.0206221
         vertex -0.0938 -0.00492421 -0.0206221
      endloop
   endfacet
   facet normal 1 -6.12323e-17 0
      outer loop
         vertex -0.0938 -0.0323279 -0.020195
         vertex -0.0938 -0.00522649 -0.0206384
         vertex -0.0938 -0.00507579 -0.0206221
      endloop
   endfacet
   facet normal 1 -6.12323e-17 0
      outer loop
         vertex -0.0938 -0.00565577 -0.0207831
         vertex -0.0938 -0.00551819 -0.0207194
         vertex -0.0938 -0.0323279 -0.020195
      endloop
   endfacet
   facet normal 1 -6.12323e-17 0
      outer loop
         vertex -0.0938 -0.0323279 -0.020195
         vertex -0.0938 -0.00601639 -0.0210572
         vertex -0.0938 -0.00590634 -0.020953
      endloop
   endfacet
   facet normal 1 -6.12323e-17 0
      outer loop
         vertex -0.0938 -0.0061996 -0.0227418
         vertex -0.0938 -0.00627061 -0.0226078
         vertex -0.0938 -0.0278479 -0.0337755
      endloop
   endfacet
   facet normal 1 -6.12323e-17 0
      outer loop
         vertex -0.0938 -0.00551819 -0.0233206
         vertex -0.0938 -0.0152233 -0.0457341
         vertex -0.0938 -0.0120295 -0.0472117
      endloop
   endfacet
   facet normal 1 -6.12323e-17 0
      outer loop
         vertex -0.0938 -0.0120295 -0.0472117
         vertex -0.0938 -0.00869467 -0.0483354
         vertex -0.0938 -0.00522649 -0.0234016
      endloop
   endfacet
   facet normal 1 -6.12323e-17 0
      outer loop
         vertex -0.0938 -0.00525791 -0.0490919
         vertex -0.0938 -0.00175951 -0.0494723
         vertex -0.0938 -0.00492421 -0.0234179
      endloop
   endfacet
   facet normal 1 -6.12323e-17 0
      outer loop
         vertex -0.0938 -0.00388547 -0.0228672
         vertex -0.0938 -0.00398361 -0.0229828
         vertex -0.0938 0.003175 -0.0493184
      endloop
   endfacet
   facet normal 1 -6.12323e-17 0
      outer loop
         vertex -0.0938 -0.00360821 -0.0221714
         vertex -0.0938 -0.00363273 -0.022321
         vertex -0.0938 0.003175 -0.020195
      endloop
   endfacet
   facet normal 1 -6.12323e-17 0
      outer loop
         vertex -0.0938 -0.00367329 -0.021573
         vertex -0.0938 -0.00363273 -0.021719
         vertex -0.0938 0.003175 -0.020195
      endloop
   endfacet
   facet normal 1 -6.12323e-17 0
      outer loop
         vertex -0.0938 0.003175 -0.020195
         vertex -0.0938 -0.00398361 -0.0210572
         vertex -0.0938 -0.00388547 -0.0211728
      endloop
   endfacet
   facet normal 1 -6.12323e-17 0
      outer loop
         vertex -0.0938 -0.00448181 -0.0207194
         vertex -0.0938 -0.00434423 -0.0207831
         vertex -0.0938 0.003175 -0.020195
      endloop
   endfacet
   facet normal 1 -6.12323e-17 0
      outer loop
         vertex -0.0938 -0.00507579 -0.0206221
         vertex -0.0938 0.003175 -0.020195
         vertex -0.0938 -0.0323279 -0.020195
      endloop
   endfacet
   facet normal 1 -6.12323e-17 0
      outer loop
         vertex -0.0938 -0.00551819 -0.0207194
         vertex -0.0938 -0.00537454 -0.020671
         vertex -0.0938 -0.0323279 -0.020195
      endloop
   endfacet
   facet normal 1 -6.12323e-17 0
      outer loop
         vertex -0.0938 -0.00611453 -0.0211728
         vertex -0.0938 -0.00601639 -0.0210572
         vertex -0.0938 -0.0323279 -0.020195
      endloop
   endfacet
   facet normal 1 -6.12323e-17 0
      outer loop
         vertex -0.0938 -0.00522649 -0.0234016
         vertex -0.0938 -0.00537454 -0.023369
         vertex -0.0938 -0.0120295 -0.0472117
      endloop
   endfacet
   facet normal 1 -6.12323e-17 0
      outer loop
         vertex -0.0938 -0.00869467 -0.0483354
         vertex -0.0938 -0.00525791 -0.0490919
         vertex -0.0938 -0.00507579 -0.0234179
      endloop
   endfacet
   facet normal 1 -6.12323e-17 0
      outer loop
         vertex -0.0938 -0.00175951 -0.0494723
         vertex -0.0938 -0.00477351 -0.0234016
         vertex -0.0938 -0.00492421 -0.0234179
      endloop
   endfacet
   facet normal 1 -6.12323e-17 0
      outer loop
         vertex -0.0938 -0.00462546 -0.023369
         vertex -0.0938 -0.00477351 -0.0234016
         vertex -0.0938 -0.00175951 -0.0494723
      endloop
   endfacet
   facet normal 1 -6.12323e-17 0
      outer loop
         vertex -0.0938 0.003175 -0.0493184
         vertex -0.0938 -0.00434423 -0.0232569
         vertex -0.0938 -0.00448181 -0.0233206
      endloop
   endfacet
   facet normal 1 -6.12323e-17 0
      outer loop
         vertex -0.0938 -0.00367329 -0.022467
         vertex -0.0938 -0.00372939 -0.0226078
         vertex -0.0938 0.003175 -0.020195
      endloop
   endfacet
   facet normal 1 -6.12323e-17 0
      outer loop
         vertex -0.0938 -0.0038004 -0.0212982
         vertex -0.0938 -0.00372939 -0.0214322
         vertex -0.0938 0.003175 -0.020195
      endloop
   endfacet
   facet normal 1 -6.12323e-17 0
      outer loop
         vertex -0.0938 0.003175 -0.020195
         vertex -0.0938 -0.00421434 -0.0208612
         vertex -0.0938 -0.00409366 -0.020953
      endloop
   endfacet
   facet normal 1 -6.12323e-17 0
      outer loop
         vertex -0.0938 0.003175 -0.020195
         vertex -0.0938 -0.00477351 -0.0206384
         vertex -0.0938 -0.00462546 -0.020671
      endloop
   endfacet
   facet normal 1 -6.12323e-17 0
      outer loop
         vertex -0.0938 -0.00537454 -0.020671
         vertex -0.0938 -0.00522649 -0.0206384
         vertex -0.0938 -0.0323279 -0.020195
      endloop
   endfacet
   facet normal 1 -6.12323e-17 0
      outer loop
         vertex -0.0938 -0.00565577 -0.0232569
         vertex -0.0938 -0.00578566 -0.0231788
         vertex -0.0938 -0.0182386 -0.0439199
      endloop
   endfacet
   facet normal 1 -6.12323e-17 0
      outer loop
         vertex -0.0938 -0.00492421 -0.0234179
         vertex -0.0938 -0.00507579 -0.0234179
         vertex -0.0938 -0.00525791 -0.0490919
      endloop
   endfacet
   facet normal 1 -6.12323e-17 0
      outer loop
         vertex -0.0938 -0.00175951 -0.0494723
         vertex -0.0938 0.00175951 -0.0494723
         vertex -0.0938 -0.00462546 -0.023369
      endloop
   endfacet
   facet normal 1 -6.12323e-17 0
      outer loop
         vertex -0.0938 -0.00421434 -0.0231788
         vertex -0.0938 -0.00434423 -0.0232569
         vertex -0.0938 0.003175 -0.0493184
      endloop
   endfacet
   facet normal 1 -6.12323e-17 0
      outer loop
         vertex -0.0938 -0.00409366 -0.020953
         vertex -0.0938 -0.00398361 -0.0210572
         vertex -0.0938 0.003175 -0.020195
      endloop
   endfacet
   facet normal 1 -6.12323e-17 0
      outer loop
         vertex -0.0938 -0.00492421 -0.0206221
         vertex -0.0938 -0.00477351 -0.0206384
         vertex -0.0938 0.003175 -0.020195
      endloop
   endfacet
   facet normal 1 -6.12323e-17 0
      outer loop
         vertex -0.0938 -0.00507579 -0.0234179
         vertex -0.0938 -0.00522649 -0.0234016
         vertex -0.0938 -0.00869467 -0.0483354
      endloop
   endfacet
   facet normal 1 -6.12323e-17 0
      outer loop
         vertex -0.0938 -0.00448181 -0.0233206
         vertex -0.0938 -0.00462546 -0.023369
         vertex -0.0938 0.003175 -0.0493184
      endloop
   endfacet
   facet normal 1 -6.12323e-17 0
      outer loop
         vertex -0.0938 -0.00434423 -0.0207831
         vertex -0.0938 -0.00421434 -0.0208612
         vertex -0.0938 0.003175 -0.020195
      endloop
   endfacet
   facet normal 1 -6.12323e-17 0
      outer loop
         vertex -0.0938 0.00175951 -0.0494723
         vertex -0.0938 0.003175 -0.0493184
         vertex -0.0938 -0.00462546 -0.023369
      endloop
   endfacet
   facet normal 1 -6.12323e-17 0
      outer loop
         vertex -0.0938 -0.00590634 -0.020953
         vertex -0.0938 -0.00578566 -0.0208612
         vertex -0.0938 -0.0323279 -0.020195
      endloop
   endfacet
   facet normal 1 -6.12323e-17 0
      outer loop
         vertex -0.0938 0.003175 -0.020195
         vertex -0.0938 0.00393297 -0.0211137
         vertex -0.0938 0.00403722 -0.0210036
      endloop
   endfacet
   facet normal 1 -6.12323e-17 0
      outer loop
         vertex -0.0938 0.00403722 -0.0210036
         vertex -0.0938 0.00415276 -0.0209055
         vertex -0.0938 0.003175 -0.020195
      endloop
   endfacet
   facet normal 1 -6.12323e-17 0
      outer loop
         vertex -0.0938 0.003175 -0.020195
         vertex -0.0938 0.00360205 -0.0219442
         vertex -0.0938 0.00361844 -0.0217935
      endloop
   endfacet
   facet normal 1 -6.12323e-17 0
      outer loop
         vertex -0.0938 0.003175 -0.0493184
         vertex -0.0938 0.00365103 -0.0223945
         vertex -0.0938 0.00361844 -0.0222465
      endloop
   endfacet
   facet normal 1 -6.12323e-17 0
      outer loop
         vertex -0.0938 0.00415276 -0.0209055
         vertex -0.0938 0.00427822 -0.0208204
         vertex -0.0938 0.003175 -0.020195
      endloop
   endfacet
   facet normal 1 -6.12323e-17 0
      outer loop
         vertex -0.0938 0.00361844 -0.0217935
         vertex -0.0938 0.00365103 -0.0216455
         vertex -0.0938 0.003175 -0.020195
      endloop
   endfacet
   facet normal 1 -6.12323e-17 0
      outer loop
         vertex -0.0938 0.003175 -0.0493184
         vertex -0.0938 0.00369943 -0.0225382
         vertex -0.0938 0.00365103 -0.0223945
      endloop
   endfacet
   facet normal 1 -6.12323e-17 0
      outer loop
         vertex -0.0938 0.0278479 -0.0337755
         vertex -0.0938 0.00623692 -0.0226758
         vertex -0.0938 0.00615876 -0.0228057
      endloop
   endfacet
   facet normal 1 -6.12323e-17 0
      outer loop
         vertex -0.0938 0.0278479 -0.0337755
         vertex -0.0938 0.0294962 -0.0306664
         vertex -0.0938 0.00630057 -0.0225382
      endloop
   endfacet
   facet normal 1 -6.12323e-17 0
      outer loop
         vertex -0.0938 0.003175 -0.020195
         vertex -0.0938 0.00384124 -0.0212343
         vertex -0.0938 0.00393297 -0.0211137
      endloop
   endfacet
   facet normal 1 -6.12323e-17 0
      outer loop
         vertex -0.0938 0.003175 -0.020195
         vertex -0.0938 0.00369943 -0.0215018
         vertex -0.0938 0.00376308 -0.0213642
      endloop
   endfacet
   facet normal 1 -6.12323e-17 0
      outer loop
         vertex -0.0938 0.003175 -0.020195
         vertex -0.0938 0.00360205 -0.0220958
         vertex -0.0938 0.00360205 -0.0219442
      endloop
   endfacet
   facet normal 1 -6.12323e-17 0
      outer loop
         vertex -0.0938 0.00361844 -0.0222465
         vertex -0.0938 0.003175 -0.020195
         vertex -0.0938 0.003175 -0.0493184
      endloop
   endfacet
   facet normal 1 -6.12323e-17 0
      outer loop
         vertex -0.0938 0.00630057 -0.0225382
         vertex -0.0938 0.00623692 -0.0226758
         vertex -0.0938 0.0278479 -0.0337755
      endloop
   endfacet
   facet normal 1 -6.12323e-17 0
      outer loop
         vertex -0.0938 0.0294962 -0.0306664
         vertex -0.0938 0.0307987 -0.0273973
         vertex -0.0938 0.00634897 -0.0223945
      endloop
   endfacet
   facet normal 1 -6.12323e-17 0
      outer loop
         vertex -0.0938 0.00376308 -0.0213642
         vertex -0.0938 0.00384124 -0.0212343
         vertex -0.0938 0.003175 -0.020195
      endloop
   endfacet
   facet normal 1 -6.12323e-17 0
      outer loop
         vertex -0.0938 0.00361844 -0.0222465
         vertex -0.0938 0.00360205 -0.0220958
         vertex -0.0938 0.003175 -0.020195
      endloop
   endfacet
   facet normal 1 -6.12323e-17 0
      outer loop
         vertex -0.0938 0.003175 -0.0493184
         vertex -0.0938 0.00415276 -0.0231345
         vertex -0.0938 0.00403722 -0.0230364
      endloop
   endfacet
   facet normal 1 -6.12323e-17 0
      outer loop
         vertex -0.0938 0.025873 -0.0366882
         vertex -0.0938 0.00615876 -0.0228057
         vertex -0.0938 0.00606703 -0.0229263
      endloop
   endfacet
   facet normal 1 -6.12323e-17 0
      outer loop
         vertex -0.0938 0.00634897 -0.0223945
         vertex -0.0938 0.00630057 -0.0225382
         vertex -0.0938 0.0294962 -0.0306664
      endloop
   endfacet
   facet normal 1 -6.12323e-17 0
      outer loop
         vertex -0.0938 0.0317402 -0.0240065
         vertex -0.0938 0.00639795 -0.0220958
         vertex -0.0938 0.00638156 -0.0222465
      endloop
   endfacet
   facet normal 1 -6.12323e-17 0
      outer loop
         vertex -0.0938 0.00365103 -0.0216455
         vertex -0.0938 0.00369943 -0.0215018
         vertex -0.0938 0.003175 -0.020195
      endloop
   endfacet
   facet normal 1 -6.12323e-17 0
      outer loop
         vertex -0.0938 0.003175 -0.0493184
         vertex -0.0938 0.00384124 -0.0228057
         vertex -0.0938 0.00376308 -0.0226758
      endloop
   endfacet
   facet normal 1 -6.12323e-17 0
      outer loop
         vertex -0.0938 0.00403722 -0.0230364
         vertex -0.0938 0.00393297 -0.0229263
         vertex -0.0938 0.003175 -0.0493184
      endloop
   endfacet
   facet normal 1 -6.12323e-17 0
      outer loop
         vertex -0.0938 0.003175 -0.0493184
         vertex -0.0938 0.00441216 -0.0232906
         vertex -0.0938 0.00427822 -0.0232196
      endloop
   endfacet
   facet normal 1 -6.12323e-17 0
      outer loop
         vertex -0.0938 0.00615876 -0.0228057
         vertex -0.0938 0.025873 -0.0366882
         vertex -0.0938 0.0278479 -0.0337755
      endloop
   endfacet
   facet normal 1 -6.12323e-17 0
      outer loop
         vertex -0.0938 0.00638156 -0.0222465
         vertex -0.0938 0.0307987 -0.0273973
         vertex -0.0938 0.0317402 -0.0240065
      endloop
   endfacet
   facet normal 1 -6.12323e-17 0
      outer loop
         vertex -0.0938 0.0323095 -0.0205339
         vertex -0.0938 0.00634897 -0.0216455
         vertex -0.0938 0.00638156 -0.0217935
      endloop
   endfacet
   facet normal 1 -6.12323e-17 0
      outer loop
         vertex -0.0938 0.0323095 -0.0205339
         vertex -0.0938 0.00584724 -0.0209055
         vertex -0.0938 0.00596278 -0.0210036
      endloop
   endfacet
   facet normal 1 -6.12323e-17 0
      outer loop
         vertex -0.0938 0.00376308 -0.0226758
         vertex -0.0938 0.00369943 -0.0225382
         vertex -0.0938 0.003175 -0.0493184
      endloop
   endfacet
   facet normal 1 -6.12323e-17 0
      outer loop
         vertex -0.0938 0.00427822 -0.0232196
         vertex -0.0938 0.00415276 -0.0231345
         vertex -0.0938 0.003175 -0.0493184
      endloop
   endfacet
   facet normal 1 -6.12323e-17 0
      outer loop
         vertex -0.0938 0.0210401 -0.0417903
         vertex -0.0938 0.0235949 -0.0393702
         vertex -0.0938 0.00596278 -0.0230364
      endloop
   endfacet
   facet normal 1 -6.12323e-17 0
      outer loop
         vertex -0.0938 0.00638156 -0.0222465
         vertex -0.0938 0.00634897 -0.0223945
         vertex -0.0938 0.0307987 -0.0273973
      endloop
   endfacet
   facet normal 1 -6.12323e-17 0
      outer loop
         vertex -0.0938 0.00639795 -0.0219442
         vertex -0.0938 0.00639795 -0.0220958
         vertex -0.0938 0.0317402 -0.0240065
      endloop
   endfacet
   facet normal 1 -6.12323e-17 0
      outer loop
         vertex -0.0938 0.0323095 -0.0205339
         vertex -0.0938 0.00630057 -0.0215018
         vertex -0.0938 0.00634897 -0.0216455
      endloop
   endfacet
   facet normal 1 -6.12323e-17 0
      outer loop
         vertex -0.0938 0.0323095 -0.0205339
         vertex -0.0938 0.00615876 -0.0212343
         vertex -0.0938 0.00623692 -0.0213642
      endloop
   endfacet
   facet normal 1 -6.12323e-17 0
      outer loop
         vertex -0.0938 0.00596278 -0.0210036
         vertex -0.0938 0.00606703 -0.0211137
         vertex -0.0938 0.0323095 -0.0205339
      endloop
   endfacet
   facet normal 1 -6.12323e-17 0
      outer loop
         vertex -0.0938 0.0323095 -0.0205339
         vertex -0.0938 0.00558784 -0.0207494
         vertex -0.0938 0.00572178 -0.0208204
      endloop
   endfacet
   facet normal 1 -6.12323e-17 0
      outer loop
         vertex -0.0938 0.003175 -0.020195
         vertex -0.0938 0.005 -0.02062
         vertex -0.0938 0.00515137 -0.0206282
      endloop
   endfacet
   facet normal 1 -6.12323e-17 0
      outer loop
         vertex -0.0938 0.003175 -0.020195
         vertex -0.0938 0.00441216 -0.0207494
         vertex -0.0938 0.00455298 -0.0206933
      endloop
   endfacet
   facet normal 1 -6.12323e-17 0
      outer loop
         vertex -0.0938 0.00393297 -0.0229263
         vertex -0.0938 0.00384124 -0.0228057
         vertex -0.0938 0.003175 -0.0493184
      endloop
   endfacet
   facet normal 1 -6.12323e-17 0
      outer loop
         vertex -0.0938 0.003175 -0.0493184
         vertex -0.0938 0.00469904 -0.0233873
         vertex -0.0938 0.00455298 -0.0233467
      endloop
   endfacet
   facet normal 1 -6.12323e-17 0
      outer loop
         vertex -0.0938 0.0182386 -0.0439199
         vertex -0.0938 0.00572178 -0.0232196
         vertex -0.0938 0.00558784 -0.0232906
      endloop
   endfacet
   facet normal 1 -6.12323e-17 0
      outer loop
         vertex -0.0938 0.0182386 -0.0439199
         vertex -0.0938 0.0210401 -0.0417903
         vertex -0.0938 0.00584724 -0.0231345
      endloop
   endfacet
   facet normal 1 -6.12323e-17 0
      outer loop
         vertex -0.0938 0.0235949 -0.0393702
         vertex -0.0938 0.00606703 -0.0229263
         vertex -0.0938 0.00596278 -0.0230364
      endloop
   endfacet
   facet normal 1 -6.12323e-17 0
      outer loop
         vertex -0.0938 0.0317402 -0.0240065
         vertex -0.0938 0.0323095 -0.0205339
         vertex -0.0938 0.00639795 -0.0219442
      endloop
   endfacet
   facet normal 1 -6.12323e-17 0
      outer loop
         vertex -0.0938 0.00623692 -0.0213642
         vertex -0.0938 0.00630057 -0.0215018
         vertex -0.0938 0.0323095 -0.0205339
      endloop
   endfacet
   facet normal 1 -6.12323e-17 0
      outer loop
         vertex -0.0938 0.00572178 -0.0208204
         vertex -0.0938 0.00584724 -0.0209055
         vertex -0.0938 0.0323095 -0.0205339
      endloop
   endfacet
   facet normal 1 -6.12323e-17 0
      outer loop
         vertex -0.0938 0.0323279 -0.020195
         vertex -0.0938 0.00530096 -0.0206527
         vertex -0.0938 0.00544702 -0.0206933
      endloop
   endfacet
   facet normal 1 -6.12323e-17 0
      outer loop
         vertex -0.0938 0.00515137 -0.0206282
         vertex -0.0938 0.0323279 -0.020195
         vertex -0.0938 0.003175 -0.020195
      endloop
   endfacet
   facet normal 1 -6.12323e-17 0
      outer loop
         vertex -0.0938 0.003175 -0.020195
         vertex -0.0938 0.00469904 -0.0206527
         vertex -0.0938 0.00484863 -0.0206282
      endloop
   endfacet
   facet normal 1 -6.12323e-17 0
      outer loop
         vertex -0.0938 0.00427822 -0.0208204
         vertex -0.0938 0.00441216 -0.0207494
         vertex -0.0938 0.003175 -0.020195
      endloop
   endfacet
   facet normal 1 -6.12323e-17 0
      outer loop
         vertex -0.0938 0.003175 -0.0493184
         vertex -0.0938 0.00484863 -0.0234118
         vertex -0.0938 0.00469904 -0.0233873
      endloop
   endfacet
   facet normal 1 -6.12323e-17 0
      outer loop
         vertex -0.0938 0.00484863 -0.0234118
         vertex -0.0938 0.003175 -0.0493184
         vertex -0.0938 0.00525791 -0.0490919
      endloop
   endfacet
   facet normal 1 -6.12323e-17 0
      outer loop
         vertex -0.0938 0.00525791 -0.0490919
         vertex -0.0938 0.00869467 -0.0483354
         vertex -0.0938 0.00515137 -0.0234118
      endloop
   endfacet
   facet normal 1 -6.12323e-17 0
      outer loop
         vertex -0.0938 0.0152233 -0.0457341
         vertex -0.0938 0.00558784 -0.0232906
         vertex -0.0938 0.00544702 -0.0233467
      endloop
   endfacet
   facet normal 1 -6.12323e-17 0
      outer loop
         vertex -0.0938 0.00584724 -0.0231345
         vertex -0.0938 0.00572178 -0.0232196
         vertex -0.0938 0.0182386 -0.0439199
      endloop
   endfacet
   facet normal 1 -6.12323e-17 0
      outer loop
         vertex -0.0938 0.00606703 -0.0229263
         vertex -0.0938 0.0235949 -0.0393702
         vertex -0.0938 0.025873 -0.0366882
      endloop
   endfacet
   facet normal 1 -6.12323e-17 0
      outer loop
         vertex -0.0938 0.00606703 -0.0211137
         vertex -0.0938 0.00615876 -0.0212343
         vertex -0.0938 0.0323095 -0.0205339
      endloop
   endfacet
   facet normal 1 -6.12323e-17 0
      outer loop
         vertex -0.0938 0.00544702 -0.0206933
         vertex -0.0938 0.0323095 -0.0205339
         vertex -0.0938 0.0323279 -0.020195
      endloop
   endfacet
   facet normal 1 -6.12323e-17 0
      outer loop
         vertex -0.0938 0.00484863 -0.0206282
         vertex -0.0938 0.005 -0.02062
         vertex -0.0938 0.003175 -0.020195
      endloop
   endfacet
   facet normal 1 -6.12323e-17 0
      outer loop
         vertex -0.0938 0.00455298 -0.0233467
         vertex -0.0938 0.00441216 -0.0232906
         vertex -0.0938 0.003175 -0.0493184
      endloop
   endfacet
   facet normal 1 -6.12323e-17 0
      outer loop
         vertex -0.0938 0.00515137 -0.0234118
         vertex -0.0938 0.005 -0.02342
         vertex -0.0938 0.00525791 -0.0490919
      endloop
   endfacet
   facet normal 1 -6.12323e-17 0
      outer loop
         vertex -0.0938 0.00869467 -0.0483354
         vertex -0.0938 0.0120295 -0.0472117
         vertex -0.0938 0.00530096 -0.0233873
      endloop
   endfacet
   facet normal 1 -6.12323e-17 0
      outer loop
         vertex -0.0938 0.00544702 -0.0233467
         vertex -0.0938 0.0120295 -0.0472117
         vertex -0.0938 0.0152233 -0.0457341
      endloop
   endfacet
   facet normal 1 -6.12323e-17 0
      outer loop
         vertex -0.0938 0.00596278 -0.0230364
         vertex -0.0938 0.00584724 -0.0231345
         vertex -0.0938 0.0210401 -0.0417903
      endloop
   endfacet
   facet normal 1 -6.12323e-17 0
      outer loop
         vertex -0.0938 0.00544702 -0.0206933
         vertex -0.0938 0.00558784 -0.0207494
         vertex -0.0938 0.0323095 -0.0205339
      endloop
   endfacet
   facet normal 1 -6.12323e-17 0
      outer loop
         vertex -0.0938 0.00455298 -0.0206933
         vertex -0.0938 0.00469904 -0.0206527
         vertex -0.0938 0.003175 -0.020195
      endloop
   endfacet
   facet normal 1 -6.12323e-17 0
      outer loop
         vertex -0.0938 0.00530096 -0.0233873
         vertex -0.0938 0.00515137 -0.0234118
         vertex -0.0938 0.00869467 -0.0483354
      endloop
   endfacet
   facet normal 1 -6.12323e-17 0
      outer loop
         vertex -0.0938 0.00558784 -0.0232906
         vertex -0.0938 0.0152233 -0.0457341
         vertex -0.0938 0.0182386 -0.0439199
      endloop
   endfacet
   facet normal 1 -6.12323e-17 0
      outer loop
         vertex -0.0938 0.00515137 -0.0206282
         vertex -0.0938 0.00530096 -0.0206527
         vertex -0.0938 0.0323279 -0.020195
      endloop
   endfacet
   facet normal 1 -6.12323e-17 0
      outer loop
         vertex -0.0938 0.00544702 -0.0233467
         vertex -0.0938 0.00530096 -0.0233873
         vertex -0.0938 0.0120295 -0.0472117
      endloop
   endfacet
   facet normal 1 -6.12323e-17 0
      outer loop
         vertex -0.0938 0.00525791 -0.0490919
         vertex -0.0938 0.005 -0.02342
         vertex -0.0938 0.00484863 -0.0234118
      endloop
   endfacet
   facet normal 1 -6.12323e-17 0
      outer loop
         vertex -0.0938 0.003175 0.0152784
         vertex -0.0938 0.00360821 -0.0118686
         vertex -0.0938 0.00363273 -0.011719
      endloop
   endfacet
   facet normal 1 -6.12323e-17 0
      outer loop
         vertex -0.0938 0.003175 0.0152784
         vertex -0.0938 0.003175 -0.020195
         vertex -0.0938 0.0036 -0.01202
      endloop
   endfacet
   facet normal 1 -6.12323e-17 0
      outer loop
         vertex -0.0938 0.003175 -0.020195
         vertex -0.0938 0.00367329 -0.012467
         vertex -0.0938 0.00363273 -0.012321
      endloop
   endfacet
   facet normal 1 -6.12323e-17 0
      outer loop
         vertex -0.0938 0.0036 -0.01202
         vertex -0.0938 0.00360821 -0.0118686
         vertex -0.0938 0.003175 0.0152784
      endloop
   endfacet
   facet normal 1 -6.12323e-17 0
      outer loop
         vertex -0.0938 0.00363273 -0.012321
         vertex -0.0938 0.00360821 -0.0121714
         vertex -0.0938 0.003175 -0.020195
      endloop
   endfacet
   facet normal 1 -6.12323e-17 0
      outer loop
         vertex -0.0938 0.003175 0.0152784
         vertex -0.0938 0.00367329 -0.011573
         vertex -0.0938 0.00372939 -0.0114322
      endloop
   endfacet
   facet normal 1 -6.12323e-17 0
      outer loop
         vertex -0.0938 0.00360821 -0.0121714
         vertex -0.0938 0.0036 -0.01202
         vertex -0.0938 0.003175 -0.020195
      endloop
   endfacet
   facet normal 1 -6.12323e-17 0
      outer loop
         vertex -0.0938 0.003175 0.0152784
         vertex -0.0938 0.0038004 -0.0112982
         vertex -0.0938 0.00388547 -0.0111728
      endloop
   endfacet
   facet normal 1 -6.12323e-17 0
      outer loop
         vertex -0.0938 0.00363273 -0.011719
         vertex -0.0938 0.00367329 -0.011573
         vertex -0.0938 0.003175 0.0152784
      endloop
   endfacet
   facet normal 1 -6.12323e-17 0
      outer loop
         vertex -0.0938 0.003175 -0.020195
         vertex -0.0938 0.0038004 -0.0127418
         vertex -0.0938 0.00372939 -0.0126078
      endloop
   endfacet
   facet normal 1 -6.12323e-17 0
      outer loop
         vertex -0.0938 0.00388547 -0.0111728
         vertex -0.0938 0.00398361 -0.0110572
         vertex -0.0938 0.003175 0.0152784
      endloop
   endfacet
   facet normal 1 -6.12323e-17 0
      outer loop
         vertex -0.0938 0.00372939 -0.0126078
         vertex -0.0938 0.00367329 -0.012467
         vertex -0.0938 0.003175 -0.020195
      endloop
   endfacet
   facet normal 1 -6.12323e-17 0
      outer loop
         vertex -0.0938 0.003175 -0.020195
         vertex -0.0938 0.00398361 -0.0129828
         vertex -0.0938 0.00388547 -0.0128672
      endloop
   endfacet
   facet normal 1 -6.12323e-17 0
      outer loop
         vertex -0.0938 0.0307987 -0.0066427
         vertex -0.0938 0.00636727 -0.011719
         vertex -0.0938 0.00639179 -0.0118686
      endloop
   endfacet
   facet normal 1 -6.12323e-17 0
      outer loop
         vertex -0.0938 0.0307987 -0.0066427
         vertex -0.0938 0.0294962 -0.0033736
         vertex -0.0938 0.00632671 -0.011573
      endloop
   endfacet
   facet normal 1 -6.12323e-17 0
      outer loop
         vertex -0.0938 0.00372939 -0.0114322
         vertex -0.0938 0.0038004 -0.0112982
         vertex -0.0938 0.003175 0.0152784
      endloop
   endfacet
   facet normal 1 -6.12323e-17 0
      outer loop
         vertex -0.0938 0.003175 -0.020195
         vertex -0.0938 0.00409366 -0.013087
         vertex -0.0938 0.00398361 -0.0129828
      endloop
   endfacet
   facet normal 1 -6.12323e-17 0
      outer loop
         vertex -0.0938 0.003175 -0.020195
         vertex -0.0938 0.00434423 -0.0132569
         vertex -0.0938 0.00421434 -0.0131788
      endloop
   endfacet
   facet normal 1 -6.12323e-17 0
      outer loop
         vertex -0.0938 0.003175 -0.020195
         vertex -0.0938 0.00462546 -0.013369
         vertex -0.0938 0.00448181 -0.0133206
      endloop
   endfacet
   facet normal 1 -6.12323e-17 0
      outer loop
         vertex -0.0938 0.003175 -0.020195
         vertex -0.0938 0.00537454 -0.013369
         vertex -0.0938 0.00522649 -0.0134016
      endloop
   endfacet
   facet normal 1 -6.12323e-17 0
      outer loop
         vertex -0.0938 0.0317402 -0.0100335
         vertex -0.0938 0.00639179 -0.0118686
         vertex -0.0938 0.0064 -0.01202
      endloop
   endfacet
   facet normal 1 -6.12323e-17 0
      outer loop
         vertex -0.0938 0.00632671 -0.011573
         vertex -0.0938 0.00636727 -0.011719
         vertex -0.0938 0.0307987 -0.0066427
      endloop
   endfacet
   facet normal 1 -6.12323e-17 0
      outer loop
         vertex -0.0938 0.0294962 -0.0033736
         vertex -0.0938 0.0278479 -0.0002645
         vertex -0.0938 0.00627061 -0.0114322
      endloop
   endfacet
   facet normal 1 -6.12323e-17 0
      outer loop
         vertex -0.0938 0.025873 0.00264816
         vertex -0.0938 0.00611453 -0.0111728
         vertex -0.0938 0.0061996 -0.0112982
      endloop
   endfacet
   facet normal 1 -6.12323e-17 0
      outer loop
         vertex -0.0938 0.0235949 0.00533023
         vertex -0.0938 0.00601639 -0.0110572
         vertex -0.0938 0.00611453 -0.0111728
      endloop
   endfacet
   facet normal 1 -6.12323e-17 0
      outer loop
         vertex -0.0938 0.00388547 -0.0128672
         vertex -0.0938 0.0038004 -0.0127418
         vertex -0.0938 0.003175 -0.020195
      endloop
   endfacet
   facet normal 1 -6.12323e-17 0
      outer loop
         vertex -0.0938 0.00448181 -0.0133206
         vertex -0.0938 0.00434423 -0.0132569
         vertex -0.0938 0.003175 -0.020195
      endloop
   endfacet
   facet normal 1 -6.12323e-17 0
      outer loop
         vertex -0.0938 0.003175 -0.020195
         vertex -0.0938 0.00492421 -0.0134179
         vertex -0.0938 0.00477351 -0.0134016
      endloop
   endfacet
   facet normal 1 -6.12323e-17 0
      outer loop
         vertex -0.0938 0.00522649 -0.0134016
         vertex -0.0938 0.00507579 -0.0134179
         vertex -0.0938 0.003175 -0.020195
      endloop
   endfacet
   facet normal 1 -6.12323e-17 0
      outer loop
         vertex -0.0938 0.00632671 -0.012467
         vertex -0.0938 0.0323279 -0.020195
         vertex -0.0938 0.0325 -0.01702
      endloop
   endfacet
   facet normal 1 -6.12323e-17 0
      outer loop
         vertex -0.0938 0.0325 -0.01702
         vertex -0.0938 0.0323095 -0.0135061
         vertex -0.0938 0.00639179 -0.0121714
      endloop
   endfacet
   facet normal 1 -6.12323e-17 0
      outer loop
         vertex -0.0938 0.00639179 -0.0118686
         vertex -0.0938 0.0317402 -0.0100335
         vertex -0.0938 0.0307987 -0.0066427
      endloop
   endfacet
   facet normal 1 -6.12323e-17 0
      outer loop
         vertex -0.0938 0.0278479 -0.0002645
         vertex -0.0938 0.0061996 -0.0112982
         vertex -0.0938 0.00627061 -0.0114322
      endloop
   endfacet
   facet normal 1 -6.12323e-17 0
      outer loop
         vertex -0.0938 0.00611453 -0.0111728
         vertex -0.0938 0.025873 0.00264816
         vertex -0.0938 0.0235949 0.00533023
      endloop
   endfacet
   facet normal 1 -6.12323e-17 0
      outer loop
         vertex -0.0938 0.0235949 0.00533023
         vertex -0.0938 0.0210401 0.00775027
         vertex -0.0938 0.00590634 -0.010953
      endloop
   endfacet
   facet normal 1 -6.12323e-17 0
      outer loop
         vertex -0.0938 0.0210401 0.00775027
         vertex -0.0938 0.0182386 0.00987989
         vertex -0.0938 0.00578566 -0.0108612
      endloop
   endfacet
   facet normal 1 -6.12323e-17 0
      outer loop
         vertex -0.0938 0.0152233 0.0116941
         vertex -0.0938 0.00551819 -0.0107194
         vertex -0.0938 0.00565577 -0.0107831
      endloop
   endfacet
   facet normal 1 -6.12323e-17 0
      outer loop
         vertex -0.0938 0.0120295 0.0131717
         vertex -0.0938 0.00537454 -0.010671
         vertex -0.0938 0.00551819 -0.0107194
      endloop
   endfacet
   facet normal 1 -6.12323e-17 0
      outer loop
         vertex -0.0938 0.0120295 0.0131717
         vertex -0.0938 0.00869467 0.0142954
         vertex -0.0938 0.00522649 -0.0106384
      endloop
   endfacet
   facet normal 1 -6.12323e-17 0
      outer loop
         vertex -0.0938 0.00869467 0.0142954
         vertex -0.0938 0.00525791 0.0150519
         vertex -0.0938 0.00507579 -0.0106221
      endloop
   endfacet
   facet normal 1 -6.12323e-17 0
      outer loop
         vertex -0.0938 0.00492421 -0.0106221
         vertex -0.0938 0.00507579 -0.0106221
         vertex -0.0938 0.00525791 0.0150519
      endloop
   endfacet
   facet normal 1 -6.12323e-17 0
      outer loop
         vertex -0.0938 0.003175 0.0152784
         vertex -0.0938 0.00462546 -0.010671
         vertex -0.0938 0.00477351 -0.0106384
      endloop
   endfacet
   facet normal 1 -6.12323e-17 0
      outer loop
         vertex -0.0938 0.003175 0.0152784
         vertex -0.0938 0.00434423 -0.0107831
         vertex -0.0938 0.00448181 -0.0107194
      endloop
   endfacet
   facet normal 1 -6.12323e-17 0
      outer loop
         vertex -0.0938 0.003175 0.0152784
         vertex -0.0938 0.00409366 -0.010953
         vertex -0.0938 0.00421434 -0.0108612
      endloop
   endfacet
   facet normal 1 -6.12323e-17 0
      outer loop
         vertex -0.0938 0.00421434 -0.0131788
         vertex -0.0938 0.00409366 -0.013087
         vertex -0.0938 0.003175 -0.020195
      endloop
   endfacet
   facet normal 1 -6.12323e-17 0
      outer loop
         vertex -0.0938 0.00507579 -0.0134179
         vertex -0.0938 0.00492421 -0.0134179
         vertex -0.0938 0.003175 -0.020195
      endloop
   endfacet
   facet normal 1 -6.12323e-17 0
      outer loop
         vertex -0.0938 0.00639179 -0.0121714
         vertex -0.0938 0.00636727 -0.012321
         vertex -0.0938 0.0325 -0.01702
      endloop
   endfacet
   facet normal 1 -6.12323e-17 0
      outer loop
         vertex -0.0938 0.00627061 -0.0114322
         vertex -0.0938 0.00632671 -0.011573
         vertex -0.0938 0.0294962 -0.0033736
      endloop
   endfacet
   facet normal 1 -6.12323e-17 0
      outer loop
         vertex -0.0938 0.00590634 -0.010953
         vertex -0.0938 0.00601639 -0.0110572
         vertex -0.0938 0.0235949 0.00533023
      endloop
   endfacet
   facet normal 1 -6.12323e-17 0
      outer loop
         vertex -0.0938 0.0182386 0.00987989
         vertex -0.0938 0.00565577 -0.0107831
         vertex -0.0938 0.00578566 -0.0108612
      endloop
   endfacet
   facet normal 1 -6.12323e-17 0
      outer loop
         vertex -0.0938 0.00551819 -0.0107194
         vertex -0.0938 0.0152233 0.0116941
         vertex -0.0938 0.0120295 0.0131717
      endloop
   endfacet
   facet normal 1 -6.12323e-17 0
      outer loop
         vertex -0.0938 0.00507579 -0.0106221
         vertex -0.0938 0.00522649 -0.0106384
         vertex -0.0938 0.00869467 0.0142954
      endloop
   endfacet
   facet normal 1 -6.12323e-17 0
      outer loop
         vertex -0.0938 0.00477351 -0.0106384
         vertex -0.0938 0.00492421 -0.0106221
         vertex -0.0938 0.003175 0.0152784
      endloop
   endfacet
   facet normal 1 -6.12323e-17 0
      outer loop
         vertex -0.0938 0.00421434 -0.0108612
         vertex -0.0938 0.00434423 -0.0107831
         vertex -0.0938 0.003175 0.0152784
      endloop
   endfacet
   facet normal 1 -6.12323e-17 0
      outer loop
         vertex -0.0938 0.00477351 -0.0134016
         vertex -0.0938 0.00462546 -0.013369
         vertex -0.0938 0.003175 -0.020195
      endloop
   endfacet
   facet normal 1 -6.12323e-17 0
      outer loop
         vertex -0.0938 0.003175 -0.020195
         vertex -0.0938 0.0323279 -0.020195
         vertex -0.0938 0.00565577 -0.0132569
      endloop
   endfacet
   facet normal 1 -6.12323e-17 0
      outer loop
         vertex -0.0938 0.0323279 -0.020195
         vertex -0.0938 0.0061996 -0.0127418
         vertex -0.0938 0.00611453 -0.0128672
      endloop
   endfacet
   facet normal 1 -6.12323e-17 0
      outer loop
         vertex -0.0938 0.0323279 -0.020195
         vertex -0.0938 0.00632671 -0.012467
         vertex -0.0938 0.00627061 -0.0126078
      endloop
   endfacet
   facet normal 1 -6.12323e-17 0
      outer loop
         vertex -0.0938 0.0323095 -0.0135061
         vertex -0.0938 0.0064 -0.01202
         vertex -0.0938 0.00639179 -0.0121714
      endloop
   endfacet
   facet normal 1 -6.12323e-17 0
      outer loop
         vertex -0.0938 0.0061996 -0.0112982
         vertex -0.0938 0.0278479 -0.0002645
         vertex -0.0938 0.025873 0.00264816
      endloop
   endfacet
   facet normal 1 -6.12323e-17 0
      outer loop
         vertex -0.0938 0.00565577 -0.0107831
         vertex -0.0938 0.0182386 0.00987989
         vertex -0.0938 0.0152233 0.0116941
      endloop
   endfacet
   facet normal 1 -6.12323e-17 0
      outer loop
         vertex -0.0938 0.00525791 0.0150519
         vertex -0.0938 0.003175 0.0152784
         vertex -0.0938 0.00492421 -0.0106221
      endloop
   endfacet
   facet normal 1 -6.12323e-17 0
      outer loop
         vertex -0.0938 0.00398361 -0.0110572
         vertex -0.0938 0.00409366 -0.010953
         vertex -0.0938 0.003175 0.0152784
      endloop
   endfacet
   facet normal 1 -6.12323e-17 0
      outer loop
         vertex -0.0938 0.00565577 -0.0132569
         vertex -0.0938 0.00551819 -0.0133206
         vertex -0.0938 0.003175 -0.020195
      endloop
   endfacet
   facet normal 1 -6.12323e-17 0
      outer loop
         vertex -0.0938 0.0323279 -0.020195
         vertex -0.0938 0.00590634 -0.013087
         vertex -0.0938 0.00578566 -0.0131788
      endloop
   endfacet
   facet normal 1 -6.12323e-17 0
      outer loop
         vertex -0.0938 0.00611453 -0.0128672
         vertex -0.0938 0.00601639 -0.0129828
         vertex -0.0938 0.0323279 -0.020195
      endloop
   endfacet
   facet normal 1 -6.12323e-17 0
      outer loop
         vertex -0.0938 0.0325 -0.01702
         vertex -0.0938 0.00636727 -0.012321
         vertex -0.0938 0.00632671 -0.012467
      endloop
   endfacet
   facet normal 1 -6.12323e-17 0
      outer loop
         vertex -0.0938 0.00578566 -0.0108612
         vertex -0.0938 0.00590634 -0.010953
         vertex -0.0938 0.0210401 0.00775027
      endloop
   endfacet
   facet normal 1 -6.12323e-17 0
      outer loop
         vertex -0.0938 0.00448181 -0.0107194
         vertex -0.0938 0.00462546 -0.010671
         vertex -0.0938 0.003175 0.0152784
      endloop
   endfacet
   facet normal 1 -6.12323e-17 0
      outer loop
         vertex -0.0938 0.00578566 -0.0131788
         vertex -0.0938 0.00565577 -0.0132569
         vertex -0.0938 0.0323279 -0.020195
      endloop
   endfacet
   facet normal 1 -6.12323e-17 0
      outer loop
         vertex -0.0938 0.00627061 -0.0126078
         vertex -0.0938 0.0061996 -0.0127418
         vertex -0.0938 0.0323279 -0.020195
      endloop
   endfacet
   facet normal 1 -6.12323e-17 0
      outer loop
         vertex -0.0938 0.00522649 -0.0106384
         vertex -0.0938 0.00537454 -0.010671
         vertex -0.0938 0.0120295 0.0131717
      endloop
   endfacet
   facet normal 1 -6.12323e-17 0
      outer loop
         vertex -0.0938 0.00601639 -0.0129828
         vertex -0.0938 0.00590634 -0.013087
         vertex -0.0938 0.0323279 -0.020195
      endloop
   endfacet
   facet normal 1 -6.12323e-17 0
      outer loop
         vertex -0.0938 0.00551819 -0.0133206
         vertex -0.0938 0.00537454 -0.013369
         vertex -0.0938 0.003175 -0.020195
      endloop
   endfacet
   facet normal 1 -6.12323e-17 0
      outer loop
         vertex -0.0938 -0.0294962 -0.0033736
         vertex -0.0938 -0.0307987 -0.0066427
         vertex -0.0938 -0.00634897 -0.0116455
      endloop
   endfacet
   facet normal 1 -6.12323e-17 0
      outer loop
         vertex -0.0938 -0.0317402 -0.0100335
         vertex -0.0938 -0.00639795 -0.0119442
         vertex -0.0938 -0.00638156 -0.0117935
      endloop
   endfacet
   facet normal 1 -6.12323e-17 0
      outer loop
         vertex -0.0938 -0.00639795 -0.0120958
         vertex -0.0938 -0.00639795 -0.0119442
         vertex -0.0938 -0.0317402 -0.0100335
      endloop
   endfacet
   facet normal 1 -6.12323e-17 0
      outer loop
         vertex -0.0938 -0.00638156 -0.0122465
         vertex -0.0938 -0.00639795 -0.0120958
         vertex -0.0938 -0.0323095 -0.0135061
      endloop
   endfacet
   facet normal 1 -6.12323e-17 0
      outer loop
         vertex -0.0938 -0.00634897 -0.0123945
         vertex -0.0938 -0.00638156 -0.0122465
         vertex -0.0938 -0.0325 -0.01702
      endloop
   endfacet
   facet normal 1 -6.12323e-17 0
      outer loop
         vertex -0.0938 -0.0210401 0.00775027
         vertex -0.0938 -0.0235949 0.00533023
         vertex -0.0938 -0.00596278 -0.0110036
      endloop
   endfacet
   facet normal 1 -6.12323e-17 0
      outer loop
         vertex -0.0938 -0.0307987 -0.0066427
         vertex -0.0938 -0.00638156 -0.0117935
         vertex -0.0938 -0.00634897 -0.0116455
      endloop
   endfacet
   facet normal 1 -6.12323e-17 0
      outer loop
         vertex -0.0938 -0.0317402 -0.0100335
         vertex -0.0938 -0.0323095 -0.0135061
         vertex -0.0938 -0.00639795 -0.0120958
      endloop
   endfacet
   facet normal 1 -6.12323e-17 0
      outer loop
         vertex -0.0938 -0.0325 -0.01702
         vertex -0.0938 -0.0323279 -0.020195
         vertex -0.0938 -0.00634897 -0.0123945
      endloop
   endfacet
   facet normal 1 -6.12323e-17 0
      outer loop
         vertex -0.0938 -0.0182386 0.00987989
         vertex -0.0938 -0.00572178 -0.0108204
         vertex -0.0938 -0.00558784 -0.0107494
      endloop
   endfacet
   facet normal 1 -6.12323e-17 0
      outer loop
         vertex -0.0938 -0.0182386 0.00987989
         vertex -0.0938 -0.0210401 0.00775027
         vertex -0.0938 -0.00584724 -0.0109055
      endloop
   endfacet
   facet normal 1 -6.12323e-17 0
      outer loop
         vertex -0.0938 -0.0235949 0.00533023
         vertex -0.0938 -0.00606703 -0.0111137
         vertex -0.0938 -0.00596278 -0.0110036
      endloop
   endfacet
   facet normal 1 -6.12323e-17 0
      outer loop
         vertex -0.0938 -0.025873 0.00264816
         vertex -0.0938 -0.00615876 -0.0112343
         vertex -0.0938 -0.00606703 -0.0111137
      endloop
   endfacet
   facet normal 1 -6.12323e-17 0
      outer loop
         vertex -0.0938 -0.0278479 -0.0002645
         vertex -0.0938 -0.00623692 -0.0113642
         vertex -0.0938 -0.00615876 -0.0112343
      endloop
   endfacet
   facet normal 1 -6.12323e-17 0
      outer loop
         vertex -0.0938 -0.0278479 -0.0002645
         vertex -0.0938 -0.0294962 -0.0033736
         vertex -0.0938 -0.00630057 -0.0115018
      endloop
   endfacet
   facet normal 1 -6.12323e-17 0
      outer loop
         vertex -0.0938 -0.00638156 -0.0117935
         vertex -0.0938 -0.0307987 -0.0066427
         vertex -0.0938 -0.0317402 -0.0100335
      endloop
   endfacet
   facet normal 1 -6.12323e-17 0
      outer loop
         vertex -0.0938 -0.0323279 -0.020195
         vertex -0.0938 -0.00630057 -0.0125382
         vertex -0.0938 -0.00634897 -0.0123945
      endloop
   endfacet
   facet normal 1 -6.12323e-17 0
      outer loop
         vertex -0.0938 -0.00584724 -0.0109055
         vertex -0.0938 -0.00572178 -0.0108204
         vertex -0.0938 -0.0182386 0.00987989
      endloop
   endfacet
   facet normal 1 -6.12323e-17 0
      outer loop
         vertex -0.0938 -0.00606703 -0.0111137
         vertex -0.0938 -0.0235949 0.00533023
         vertex -0.0938 -0.025873 0.00264816
      endloop
   endfacet
   facet normal 1 -6.12323e-17 0
      outer loop
         vertex -0.0938 -0.00630057 -0.0115018
         vertex -0.0938 -0.00623692 -0.0113642
         vertex -0.0938 -0.0278479 -0.0002645
      endloop
   endfacet
   facet normal 1 -6.12323e-17 0
      outer loop
         vertex -0.0938 -0.0323095 -0.0135061
         vertex -0.0938 -0.0325 -0.01702
         vertex -0.0938 -0.00638156 -0.0122465
      endloop
   endfacet
   facet normal 1 -6.12323e-17 0
      outer loop
         vertex -0.0938 -0.00235636 -0.0184378
         vertex -0.0938 -0.00544702 -0.0133467
         vertex -0.0938 -0.00558784 -0.0132906
      endloop
   endfacet
   facet normal 1 -6.12323e-17 0
      outer loop
         vertex -0.0938 -0.0323279 -0.020195
         vertex -0.0938 -0.00154326 -0.0192961
         vertex -0.0938 -0.00178031 -0.0191159
      endloop
   endfacet
   facet normal 1 -6.12323e-17 0
      outer loop
         vertex -0.0938 0.003175 -0.020195
         vertex -0.0938 0.00101788 -0.0195747
         vertex -0.0938 0.000735703 -0.0196698
      endloop
   endfacet
   facet normal 1 -6.12323e-17 0
      outer loop
         vertex -0.0938 0.003175 -0.020195
         vertex -0.0938 0.00178031 -0.0191159
         vertex -0.0938 0.00154326 -0.0192961
      endloop
   endfacet
   facet normal 1 -6.12323e-17 0
      outer loop
         vertex -0.0938 0.003175 -0.020195
         vertex -0.0938 0.00235636 -0.0184378
         vertex -0.0938 0.00218926 -0.0186842
      endloop
   endfacet
   facet normal 1 -6.12323e-17 0
      outer loop
         vertex -0.0938 0.003175 -0.020195
         vertex -0.0938 0.00260605 -0.0178981
         vertex -0.0938 0.00249583 -0.0181747
      endloop
   endfacet
   facet normal 1 -6.12323e-17 0
      outer loop
         vertex -0.0938 0.003175 -0.020195
         vertex -0.0938 0.00273388 -0.0173173
         vertex -0.0938 0.00268571 -0.0176112
      endloop
   endfacet
   facet normal 1 -6.12323e-17 0
      outer loop
         vertex -0.0938 -0.00441216 -0.0132906
         vertex -0.0938 -0.00249583 -0.0158653
         vertex -0.0938 -0.00235636 -0.0156022
      endloop
   endfacet
   facet normal 1 -6.12323e-17 0
      outer loop
         vertex -0.0938 0.003175 0.0152784
         vertex -0.0938 0.00235636 -0.0156022
         vertex -0.0938 0.00249583 -0.0158653
      endloop
   endfacet
   facet normal 1 -6.12323e-17 0
      outer loop
         vertex -0.0938 -0.00596278 -0.0110036
         vertex -0.0938 -0.00584724 -0.0109055
         vertex -0.0938 -0.0210401 0.00775027
      endloop
   endfacet
   facet normal 1 -6.12323e-17 0
      outer loop
         vertex -0.0938 -0.00634897 -0.0116455
         vertex -0.0938 -0.00630057 -0.0115018
         vertex -0.0938 -0.0294962 -0.0033736
      endloop
   endfacet
   facet normal 1 -6.12323e-17 0
      outer loop
         vertex -0.0938 -0.0323279 -0.020195
         vertex -0.0938 -0.00218926 -0.0186842
         vertex -0.0938 -0.00235636 -0.0184378
      endloop
   endfacet
   facet normal 1 -6.12323e-17 0
      outer loop
         vertex -0.0938 -0.0323279 -0.020195
         vertex -0.0938 -0.00128812 -0.0194497
         vertex -0.0938 -0.00154326 -0.0192961
      endloop
   endfacet
   facet normal 1 -6.12323e-17 0
      outer loop
         vertex -0.0938 -0.0323279 -0.020195
         vertex -0.0938 0.003175 -0.020195
         vertex -0.0938 -0.000148882 -0.019766
      endloop
   endfacet
   facet normal 1 -6.12323e-17 0
      outer loop
         vertex -0.0938 0.003175 -0.020195
         vertex -0.0938 0.00128812 -0.0194497
         vertex -0.0938 0.00101788 -0.0195747
      endloop
   endfacet
   facet normal 1 -6.12323e-17 0
      outer loop
         vertex -0.0938 0.003175 -0.020195
         vertex -0.0938 0.00199649 -0.0189112
         vertex -0.0938 0.00178031 -0.0191159
      endloop
   endfacet
   facet normal 1 -6.12323e-17 0
      outer loop
         vertex -0.0938 0.00249583 -0.0181747
         vertex -0.0938 0.00235636 -0.0184378
         vertex -0.0938 0.003175 -0.020195
      endloop
   endfacet
   facet normal 1 -6.12323e-17 0
      outer loop
         vertex -0.0938 0.003175 -0.020195
         vertex -0.0938 0.00275 -0.01702
         vertex -0.0938 0.00273388 -0.0173173
      endloop
   endfacet
   facet normal 1 -6.12323e-17 0
      outer loop
         vertex -0.0938 -0.00178031 -0.0149241
         vertex -0.0938 -0.00393297 -0.0129263
         vertex -0.0938 -0.00403722 -0.0130364
      endloop
   endfacet
   facet normal 1 -6.12323e-17 0
      outer loop
         vertex -0.0938 -0.00441216 -0.0132906
         vertex -0.0938 -0.00260605 -0.0161419
         vertex -0.0938 -0.00249583 -0.0158653
      endloop
   endfacet
   facet normal 1 -6.12323e-17 0
      outer loop
         vertex -0.0938 -0.00441216 -0.0132906
         vertex -0.0938 -0.00273388 -0.0167227
         vertex -0.0938 -0.00268571 -0.0164288
      endloop
   endfacet
   facet normal 1 -6.12323e-17 0
      outer loop
         vertex -0.0938 0.003175 0.0152784
         vertex -0.0938 0.00260605 -0.0161419
         vertex -0.0938 0.00268571 -0.0164288
      endloop
   endfacet
   facet normal 1 -6.12323e-17 0
      outer loop
         vertex -0.0938 0.003175 0.0152784
         vertex -0.0938 0.00218926 -0.0153558
         vertex -0.0938 0.00235636 -0.0156022
      endloop
   endfacet
   facet normal 1 -6.12323e-17 0
      outer loop
         vertex -0.0938 -0.0152233 0.0116941
         vertex -0.0938 -0.00558784 -0.0107494
         vertex -0.0938 -0.00544702 -0.0106933
      endloop
   endfacet
   facet normal 1 -6.12323e-17 0
      outer loop
         vertex -0.0938 -0.00615876 -0.0112343
         vertex -0.0938 -0.025873 0.00264816
         vertex -0.0938 -0.0278479 -0.0002645
      endloop
   endfacet
   facet normal 1 -6.12323e-17 0
      outer loop
         vertex -0.0938 -0.0323279 -0.020195
         vertex -0.0938 -0.00615876 -0.0128057
         vertex -0.0938 -0.00623692 -0.0126758
      endloop
   endfacet
   facet normal 1 -6.12323e-17 0
      outer loop
         vertex -0.0938 -0.0323279 -0.020195
         vertex -0.0938 -0.00584724 -0.0131345
         vertex -0.0938 -0.00596278 -0.0130364
      endloop
   endfacet
   facet normal 1 -6.12323e-17 0
      outer loop
         vertex -0.0938 -0.00235636 -0.0184378
         vertex -0.0938 -0.00530096 -0.0133873
         vertex -0.0938 -0.00544702 -0.0133467
      endloop
   endfacet
   facet normal 1 -6.12323e-17 0
      outer loop
         vertex -0.0938 -0.00178031 -0.0191159
         vertex -0.0938 -0.00199649 -0.0189112
         vertex -0.0938 -0.0323279 -0.020195
      endloop
   endfacet
   facet normal 1 -6.12323e-17 0
      outer loop
         vertex -0.0938 -0.0323279 -0.020195
         vertex -0.0938 -0.0004449 -0.0197338
         vertex -0.0938 -0.000735703 -0.0196698
      endloop
   endfacet
   facet normal 1 -6.12323e-17 0
      outer loop
         vertex -0.0938 0.003175 -0.020195
         vertex -0.0938 0.000148882 -0.019766
         vertex -0.0938 -0.000148882 -0.019766
      endloop
   endfacet
   facet normal 1 -6.12323e-17 0
      outer loop
         vertex -0.0938 0.00154326 -0.0192961
         vertex -0.0938 0.00128812 -0.0194497
         vertex -0.0938 0.003175 -0.020195
      endloop
   endfacet
   facet normal 1 -6.12323e-17 0
      outer loop
         vertex -0.0938 0.00268571 -0.0176112
         vertex -0.0938 0.00260605 -0.0178981
         vertex -0.0938 0.003175 -0.020195
      endloop
   endfacet
   facet normal 1 -6.12323e-17 0
      outer loop
         vertex -0.0938 -0.00178031 -0.0149241
         vertex -0.0938 -0.00384124 -0.0128057
         vertex -0.0938 -0.00393297 -0.0129263
      endloop
   endfacet
   facet normal 1 -6.12323e-17 0
      outer loop
         vertex -0.0938 -0.00218926 -0.0153558
         vertex -0.0938 -0.00199649 -0.0151288
         vertex -0.0938 -0.00415276 -0.0131345
      endloop
   endfacet
   facet normal 1 -6.12323e-17 0
      outer loop
         vertex -0.0938 -0.00268571 -0.0164288
         vertex -0.0938 -0.00260605 -0.0161419
         vertex -0.0938 -0.00441216 -0.0132906
      endloop
   endfacet
   facet normal 1 -6.12323e-17 0
      outer loop
         vertex -0.0938 0.003175 -0.020195
         vertex -0.0938 0.003175 0.0152784
         vertex -0.0938 0.00273388 -0.0167227
      endloop
   endfacet
   facet normal 1 -6.12323e-17 0
      outer loop
         vertex -0.0938 0.00249583 -0.0158653
         vertex -0.0938 0.00260605 -0.0161419
         vertex -0.0938 0.003175 0.0152784
      endloop
   endfacet
   facet normal 1 -6.12323e-17 0
      outer loop
         vertex -0.0938 0.003175 0.0152784
         vertex -0.0938 0.00154326 -0.0147439
         vertex -0.0938 0.00178031 -0.0149241
      endloop
   endfacet
   facet normal 1 -6.12323e-17 0
      outer loop
         vertex -0.0938 0.00128812 -0.0145903
         vertex -0.0938 -0.00365103 -0.0116455
         vertex -0.0938 -0.00361844 -0.0117935
      endloop
   endfacet
   facet normal 1 -6.12323e-17 0
      outer loop
         vertex -0.0938 -0.00369943 -0.0115018
         vertex -0.0938 -0.00365103 -0.0116455
         vertex -0.0938 0.00128812 -0.0145903
      endloop
   endfacet
   facet normal 1 -6.12323e-17 0
      outer loop
         vertex -0.0938 0.003175 0.0152784
         vertex -0.0938 -0.00384124 -0.0112343
         vertex -0.0938 -0.00376308 -0.0113642
      endloop
   endfacet
   facet normal 1 -6.12323e-17 0
      outer loop
         vertex -0.0938 0.003175 0.0152784
         vertex -0.0938 -0.00403722 -0.0110036
         vertex -0.0938 -0.00393297 -0.0111137
      endloop
   endfacet
   facet normal 1 -6.12323e-17 0
      outer loop
         vertex -0.0938 -0.00544702 -0.0106933
         vertex -0.0938 -0.0120295 0.0131717
         vertex -0.0938 -0.0152233 0.0116941
      endloop
   endfacet
   facet normal 1 -6.12323e-17 0
      outer loop
         vertex -0.0938 -0.00623692 -0.0126758
         vertex -0.0938 -0.00630057 -0.0125382
         vertex -0.0938 -0.0323279 -0.020195
      endloop
   endfacet
   facet normal 1 -6.12323e-17 0
      outer loop
         vertex -0.0938 -0.00596278 -0.0130364
         vertex -0.0938 -0.00606703 -0.0129263
         vertex -0.0938 -0.0323279 -0.020195
      endloop
   endfacet
   facet normal 1 -6.12323e-17 0
      outer loop
         vertex -0.0938 -0.0323279 -0.020195
         vertex -0.0938 -0.00558784 -0.0132906
         vertex -0.0938 -0.00572178 -0.0132196
      endloop
   endfacet
   facet normal 1 -6.12323e-17 0
      outer loop
         vertex -0.0938 -0.00199649 -0.0189112
         vertex -0.0938 -0.00218926 -0.0186842
         vertex -0.0938 -0.0323279 -0.020195
      endloop
   endfacet
   facet normal 1 -6.12323e-17 0
      outer loop
         vertex -0.0938 -0.000735703 -0.0196698
         vertex -0.0938 -0.00101788 -0.0195747
         vertex -0.0938 -0.0323279 -0.020195
      endloop
   endfacet
   facet normal 1 -6.12323e-17 0
      outer loop
         vertex -0.0938 0.003175 -0.020195
         vertex -0.0938 0.0004449 -0.0197338
         vertex -0.0938 0.000148882 -0.019766
      endloop
   endfacet
   facet normal 1 -6.12323e-17 0
      outer loop
         vertex -0.0938 0.00218926 -0.0186842
         vertex -0.0938 0.00199649 -0.0189112
         vertex -0.0938 0.003175 -0.020195
      endloop
   endfacet
   facet normal 1 -6.12323e-17 0
      outer loop
         vertex -0.0938 -0.00403722 -0.0130364
         vertex -0.0938 -0.00199649 -0.0151288
         vertex -0.0938 -0.00178031 -0.0149241
      endloop
   endfacet
   facet normal 1 -6.12323e-17 0
      outer loop
         vertex -0.0938 -0.00415276 -0.0131345
         vertex -0.0938 -0.00427822 -0.0132196
         vertex -0.0938 -0.00218926 -0.0153558
      endloop
   endfacet
   facet normal 1 -6.12323e-17 0
      outer loop
         vertex -0.0938 -0.00441216 -0.0132906
         vertex -0.0938 -0.00275 -0.01702
         vertex -0.0938 -0.00273388 -0.0167227
      endloop
   endfacet
   facet normal 1 -6.12323e-17 0
      outer loop
         vertex -0.0938 -0.00376308 -0.0126758
         vertex -0.0938 -0.00384124 -0.0128057
         vertex -0.0938 -0.00128812 -0.0145903
      endloop
   endfacet
   facet normal 1 -6.12323e-17 0
      outer loop
         vertex -0.0938 -0.0004449 -0.0143062
         vertex -0.0938 -0.00361844 -0.0122465
         vertex -0.0938 -0.00365103 -0.0123945
      endloop
   endfacet
   facet normal 1 -6.12323e-17 0
      outer loop
         vertex -0.0938 0.00268571 -0.0164288
         vertex -0.0938 0.00273388 -0.0167227
         vertex -0.0938 0.003175 0.0152784
      endloop
   endfacet
   facet normal 1 -6.12323e-17 0
      outer loop
         vertex -0.0938 0.00178031 -0.0149241
         vertex -0.0938 0.00199649 -0.0151288
         vertex -0.0938 0.003175 0.0152784
      endloop
   endfacet
   facet normal 1 -6.12323e-17 0
      outer loop
         vertex -0.0938 0.00128812 -0.0145903
         vertex -0.0938 0.00154326 -0.0147439
         vertex -0.0938 -0.00369943 -0.0115018
      endloop
   endfacet
   facet normal 1 -6.12323e-17 0
      outer loop
         vertex -0.0938 -0.00376308 -0.0113642
         vertex -0.0938 0.00154326 -0.0147439
         vertex -0.0938 0.003175 0.0152784
      endloop
   endfacet
   facet normal 1 -6.12323e-17 0
      outer loop
         vertex -0.0938 0.003175 0.0152784
         vertex -0.0938 -0.00415276 -0.0109055
         vertex -0.0938 -0.00403722 -0.0110036
      endloop
   endfacet
   facet normal 1 -6.12323e-17 0
      outer loop
         vertex -0.0938 0.003175 0.0152784
         vertex -0.0938 -0.00441216 -0.0107494
         vertex -0.0938 -0.00427822 -0.0108204
      endloop
   endfacet
   facet normal 1 -6.12323e-17 0
      outer loop
         vertex -0.0938 -0.00455298 -0.0106933
         vertex -0.0938 0.003175 0.0152784
         vertex -0.0938 0.00175951 0.0154323
      endloop
   endfacet
   facet normal 1 -6.12323e-17 0
      outer loop
         vertex -0.0938 -0.00558784 -0.0107494
         vertex -0.0938 -0.0152233 0.0116941
         vertex -0.0938 -0.0182386 0.00987989
      endloop
   endfacet
   facet normal 1 -6.12323e-17 0
      outer loop
         vertex -0.0938 -0.00572178 -0.0132196
         vertex -0.0938 -0.00584724 -0.0131345
         vertex -0.0938 -0.0323279 -0.020195
      endloop
   endfacet
   facet normal 1 -6.12323e-17 0
      outer loop
         vertex -0.0938 -0.00101788 -0.0195747
         vertex -0.0938 -0.00128812 -0.0194497
         vertex -0.0938 -0.0323279 -0.020195
      endloop
   endfacet
   facet normal 1 -6.12323e-17 0
      outer loop
         vertex -0.0938 0.000735703 -0.0196698
         vertex -0.0938 0.0004449 -0.0197338
         vertex -0.0938 0.003175 -0.020195
      endloop
   endfacet
   facet normal 1 -6.12323e-17 0
      outer loop
         vertex -0.0938 -0.00455298 -0.0133467
         vertex -0.0938 -0.00273388 -0.0173173
         vertex -0.0938 -0.00275 -0.01702
      endloop
   endfacet
   facet normal 1 -6.12323e-17 0
      outer loop
         vertex -0.0938 -0.00469904 -0.0133873
         vertex -0.0938 -0.00249583 -0.0181747
         vertex -0.0938 -0.00260605 -0.0178981
      endloop
   endfacet
   facet normal 1 -6.12323e-17 0
      outer loop
         vertex -0.0938 -0.00178031 -0.0149241
         vertex -0.0938 -0.00154326 -0.0147439
         vertex -0.0938 -0.00384124 -0.0128057
      endloop
   endfacet
   facet normal 1 -6.12323e-17 0
      outer loop
         vertex -0.0938 -0.00235636 -0.0156022
         vertex -0.0938 -0.00218926 -0.0153558
         vertex -0.0938 -0.00441216 -0.0132906
      endloop
   endfacet
   facet normal 1 -6.12323e-17 0
      outer loop
         vertex -0.0938 -0.00360205 -0.0119442
         vertex -0.0938 0.0004449 -0.0143062
         vertex -0.0938 0.000735703 -0.0143702
      endloop
   endfacet
   facet normal 1 -6.12323e-17 0
      outer loop
         vertex -0.0938 -0.00360205 -0.0119442
         vertex -0.0938 -0.000148882 -0.014274
         vertex -0.0938 0.000148882 -0.014274
      endloop
   endfacet
   facet normal 1 -6.12323e-17 0
      outer loop
         vertex -0.0938 -0.00369943 -0.0125382
         vertex -0.0938 -0.00101788 -0.0144653
         vertex -0.0938 -0.000735703 -0.0143702
      endloop
   endfacet
   facet normal 1 -6.12323e-17 0
      outer loop
         vertex -0.0938 -0.00101788 -0.0144653
         vertex -0.0938 -0.00369943 -0.0125382
         vertex -0.0938 -0.00376308 -0.0126758
      endloop
   endfacet
   facet normal 1 -6.12323e-17 0
      outer loop
         vertex -0.0938 -0.0004449 -0.0143062
         vertex -0.0938 -0.00360205 -0.0120958
         vertex -0.0938 -0.00361844 -0.0122465
      endloop
   endfacet
   facet normal 1 -6.12323e-17 0
      outer loop
         vertex -0.0938 0.00199649 -0.0151288
         vertex -0.0938 0.00218926 -0.0153558
         vertex -0.0938 0.003175 0.0152784
      endloop
   endfacet
   facet normal 1 -6.12323e-17 0
      outer loop
         vertex -0.0938 -0.00376308 -0.0113642
         vertex -0.0938 -0.00369943 -0.0115018
         vertex -0.0938 0.00154326 -0.0147439
      endloop
   endfacet
   facet normal 1 -6.12323e-17 0
      outer loop
         vertex -0.0938 -0.00427822 -0.0108204
         vertex -0.0938 -0.00415276 -0.0109055
         vertex -0.0938 0.003175 0.0152784
      endloop
   endfacet
   facet normal 1 -6.12323e-17 0
      outer loop
         vertex -0.0938 0.00175951 0.0154323
         vertex -0.0938 -0.00469904 -0.0106527
         vertex -0.0938 -0.00455298 -0.0106933
      endloop
   endfacet
   facet normal 1 -6.12323e-17 0
      outer loop
         vertex -0.0938 -0.00525791 0.0150519
         vertex -0.0938 -0.00869467 0.0142954
         vertex -0.0938 -0.00515137 -0.0106282
      endloop
   endfacet
   facet normal 1 -6.12323e-17 0
      outer loop
         vertex -0.0938 -0.00869467 0.0142954
         vertex -0.0938 -0.0120295 0.0131717
         vertex -0.0938 -0.00530096 -0.0106527
      endloop
   endfacet
   facet normal 1 -6.12323e-17 0
      outer loop
         vertex -0.0938 -0.00606703 -0.0129263
         vertex -0.0938 -0.00615876 -0.0128057
         vertex -0.0938 -0.0323279 -0.020195
      endloop
   endfacet
   facet normal 1 -6.12323e-17 0
      outer loop
         vertex -0.0938 -0.000148882 -0.019766
         vertex -0.0938 -0.0004449 -0.0197338
         vertex -0.0938 -0.0323279 -0.020195
      endloop
   endfacet
   facet normal 1 -6.12323e-17 0
      outer loop
         vertex -0.0938 -0.00275 -0.01702
         vertex -0.0938 -0.00441216 -0.0132906
         vertex -0.0938 -0.00455298 -0.0133467
      endloop
   endfacet
   facet normal 1 -6.12323e-17 0
      outer loop
         vertex -0.0938 -0.00260605 -0.0178981
         vertex -0.0938 -0.00268571 -0.0176112
         vertex -0.0938 -0.00469904 -0.0133873
      endloop
   endfacet
   facet normal 1 -6.12323e-17 0
      outer loop
         vertex -0.0938 -0.00427822 -0.0132196
         vertex -0.0938 -0.00441216 -0.0132906
         vertex -0.0938 -0.00218926 -0.0153558
      endloop
   endfacet
   facet normal 1 -6.12323e-17 0
      outer loop
         vertex -0.0938 0.000735703 -0.0143702
         vertex -0.0938 0.00101788 -0.0144653
         vertex -0.0938 -0.00360205 -0.0119442
      endloop
   endfacet
   facet normal 1 -6.12323e-17 0
      outer loop
         vertex -0.0938 -0.00360205 -0.0119442
         vertex -0.0938 -0.0004449 -0.0143062
         vertex -0.0938 -0.000148882 -0.014274
      endloop
   endfacet
   facet normal 1 -6.12323e-17 0
      outer loop
         vertex -0.0938 -0.00128812 -0.0145903
         vertex -0.0938 -0.00101788 -0.0144653
         vertex -0.0938 -0.00376308 -0.0126758
      endloop
   endfacet
   facet normal 1 -6.12323e-17 0
      outer loop
         vertex -0.0938 -0.0004449 -0.0143062
         vertex -0.0938 -0.00360205 -0.0119442
         vertex -0.0938 -0.00360205 -0.0120958
      endloop
   endfacet
   facet normal 1 -6.12323e-17 0
      outer loop
         vertex -0.0938 -0.00361844 -0.0117935
         vertex -0.0938 -0.00360205 -0.0119442
         vertex -0.0938 0.00128812 -0.0145903
      endloop
   endfacet
   facet normal 1 -6.12323e-17 0
      outer loop
         vertex -0.0938 -0.00455298 -0.0106933
         vertex -0.0938 -0.00441216 -0.0107494
         vertex -0.0938 0.003175 0.0152784
      endloop
   endfacet
   facet normal 1 -6.12323e-17 0
      outer loop
         vertex -0.0938 -0.00469904 -0.0106527
         vertex -0.0938 0.00175951 0.0154323
         vertex -0.0938 -0.00175951 0.0154323
      endloop
   endfacet
   facet normal 1 -6.12323e-17 0
      outer loop
         vertex -0.0938 -0.00484863 -0.0106282
         vertex -0.0938 -0.00175951 0.0154323
         vertex -0.0938 -0.00525791 0.0150519
      endloop
   endfacet
   facet normal 1 -6.12323e-17 0
      outer loop
         vertex -0.0938 -0.00530096 -0.0106527
         vertex -0.0938 -0.00515137 -0.0106282
         vertex -0.0938 -0.00869467 0.0142954
      endloop
   endfacet
   facet normal 1 -6.12323e-17 0
      outer loop
         vertex -0.0938 -0.00558784 -0.0132906
         vertex -0.0938 -0.0323279 -0.020195
         vertex -0.0938 -0.00235636 -0.0184378
      endloop
   endfacet
   facet normal 1 -6.12323e-17 0
      outer loop
         vertex -0.0938 -0.00515137 -0.0134118
         vertex -0.0938 -0.00235636 -0.0184378
         vertex -0.0938 -0.00249583 -0.0181747
      endloop
   endfacet
   facet normal 1 -6.12323e-17 0
      outer loop
         vertex -0.0938 -0.00268571 -0.0176112
         vertex -0.0938 -0.00273388 -0.0173173
         vertex -0.0938 -0.00469904 -0.0133873
      endloop
   endfacet
   facet normal 1 -6.12323e-17 0
      outer loop
         vertex -0.0938 -0.00403722 -0.0130364
         vertex -0.0938 -0.00415276 -0.0131345
         vertex -0.0938 -0.00199649 -0.0151288
      endloop
   endfacet
   facet normal 1 -6.12323e-17 0
      outer loop
         vertex -0.0938 0.000148882 -0.014274
         vertex -0.0938 0.0004449 -0.0143062
         vertex -0.0938 -0.00360205 -0.0119442
      endloop
   endfacet
   facet normal 1 -6.12323e-17 0
      outer loop
         vertex -0.0938 -0.00365103 -0.0123945
         vertex -0.0938 -0.00369943 -0.0125382
         vertex -0.0938 -0.0004449 -0.0143062
      endloop
   endfacet
   facet normal 1 -6.12323e-17 0
      outer loop
         vertex -0.0938 -0.00393297 -0.0111137
         vertex -0.0938 -0.00384124 -0.0112343
         vertex -0.0938 0.003175 0.0152784
      endloop
   endfacet
   facet normal 1 -6.12323e-17 0
      outer loop
         vertex -0.0938 -0.00525791 0.0150519
         vertex -0.0938 -0.005 -0.01062
         vertex -0.0938 -0.00484863 -0.0106282
      endloop
   endfacet
   facet normal 1 -6.12323e-17 0
      outer loop
         vertex -0.0938 -0.00544702 -0.0106933
         vertex -0.0938 -0.00530096 -0.0106527
         vertex -0.0938 -0.0120295 0.0131717
      endloop
   endfacet
   facet normal 1 -6.12323e-17 0
      outer loop
         vertex -0.0938 -0.00249583 -0.0181747
         vertex -0.0938 -0.005 -0.01342
         vertex -0.0938 -0.00515137 -0.0134118
      endloop
   endfacet
   facet normal 1 -6.12323e-17 0
      outer loop
         vertex -0.0938 -0.00154326 -0.0147439
         vertex -0.0938 -0.00128812 -0.0145903
         vertex -0.0938 -0.00384124 -0.0128057
      endloop
   endfacet
   facet normal 1 -6.12323e-17 0
      outer loop
         vertex -0.0938 -0.000735703 -0.0143702
         vertex -0.0938 -0.0004449 -0.0143062
         vertex -0.0938 -0.00369943 -0.0125382
      endloop
   endfacet
   facet normal 1 -6.12323e-17 0
      outer loop
         vertex -0.0938 -0.00175951 0.0154323
         vertex -0.0938 -0.00484863 -0.0106282
         vertex -0.0938 -0.00469904 -0.0106527
      endloop
   endfacet
   facet normal 1 -6.12323e-17 0
      outer loop
         vertex -0.0938 -0.00515137 -0.0134118
         vertex -0.0938 -0.00530096 -0.0133873
         vertex -0.0938 -0.00235636 -0.0184378
      endloop
   endfacet
   facet normal 1 -6.12323e-17 0
      outer loop
         vertex -0.0938 -0.00249583 -0.0181747
         vertex -0.0938 -0.00469904 -0.0133873
         vertex -0.0938 -0.00484863 -0.0134118
      endloop
   endfacet
   facet normal 1 -6.12323e-17 0
      outer loop
         vertex -0.0938 0.00101788 -0.0144653
         vertex -0.0938 0.00128812 -0.0145903
         vertex -0.0938 -0.00360205 -0.0119442
      endloop
   endfacet
   facet normal 1 -6.12323e-17 0
      outer loop
         vertex -0.0938 -0.00515137 -0.0106282
         vertex -0.0938 -0.005 -0.01062
         vertex -0.0938 -0.00525791 0.0150519
      endloop
   endfacet
   facet normal 1 -6.12323e-17 0
      outer loop
         vertex -0.0938 -0.00455298 -0.0133467
         vertex -0.0938 -0.00469904 -0.0133873
         vertex -0.0938 -0.00273388 -0.0173173
      endloop
   endfacet
   facet normal 1 -6.12323e-17 0
      outer loop
         vertex -0.0938 -0.00484863 -0.0134118
         vertex -0.0938 -0.005 -0.01342
         vertex -0.0938 -0.00249583 -0.0181747
      endloop
   endfacet
   facet normal 1 -6.12323e-17 0
      outer loop
         vertex -0.0938 0.00273388 -0.0167227
         vertex -0.0938 0.00275 -0.01702
         vertex -0.0938 0.003175 -0.020195
      endloop
   endfacet
   facet normal 1 -6.12323e-17 0
      outer loop
         vertex -0.0938 0.0064 -0.01202
         vertex -0.0938 0.0323095 -0.0135061
         vertex -0.0938 0.0317402 -0.0100335
      endloop
   endfacet
   facet normal 1 -6.12323e-17 0
      outer loop
         vertex -0.0938 0.00638156 -0.0217935
         vertex -0.0938 0.00639795 -0.0219442
         vertex -0.0938 0.0323095 -0.0205339
      endloop
   endfacet
   facet normal 1 -6.12323e-17 0
      outer loop
         vertex -0.0938 -0.00360821 -0.0218686
         vertex -0.0938 -0.0036 -0.02202
         vertex -0.0938 0.003175 -0.020195
      endloop
   endfacet
   facet normal -0.707107 0.707107 0
      outer loop
         vertex -0.1188 -0.01205 -0.01702
         vertex -0.1188 -0.0119794 -0.0157172
         vertex -0.1178 -0.0109852 -0.0158253
      endloop
   endfacet
   facet normal -0.707107 0.702962 -0.0764517
      outer loop
         vertex -0.1188 -0.0119794 -0.0157172
         vertex -0.1188 -0.0117683 -0.0144296
         vertex -0.1178 -0.0107917 -0.0146446
      endloop
   endfacet
   facet normal -0.707107 0.690575 -0.152007
      outer loop
         vertex -0.1188 -0.0117683 -0.0144296
         vertex -0.1188 -0.0114192 -0.0131724
         vertex -0.1178 -0.0104716 -0.0134917
      endloop
   endfacet
   facet normal -0.707107 0.670092 -0.22578
      outer loop
         vertex -0.1188 -0.0114192 -0.0131724
         vertex -0.1188 -0.0109363 -0.0119603
         vertex -0.1178 -0.0100287 -0.0123802
      endloop
   endfacet
   facet normal -0.707107 0.641753 -0.296906
      outer loop
         vertex -0.1188 -0.0109363 -0.0119603
         vertex -0.1188 -0.0103251 -0.0108076
         vertex -0.1178 -0.00946827 -0.0113231
      endloop
   endfacet
   facet normal -0.707107 0.60589 -0.364552
      outer loop
         vertex -0.1188 -0.0103251 -0.0108076
         vertex -0.1188 -0.00959292 -0.00972765
         vertex -0.1178 -0.00879683 -0.0103328
      endloop
   endfacet
   facet normal -0.707107 0.562923 -0.427923
      outer loop
         vertex -0.1188 -0.00959292 -0.00972765
         vertex -0.1188 -0.00874825 -0.00873322
         vertex -0.1178 -0.00802225 -0.00942092
      endloop
   endfacet
   facet normal -0.707107 0.513356 -0.486277
      outer loop
         vertex -0.1188 -0.00874825 -0.00873322
         vertex -0.1188 -0.007801 -0.00783595
         vertex -0.1178 -0.00715362 -0.00859811
      endloop
   endfacet
   facet normal -0.707107 0.457771 -0.53893
      outer loop
         vertex -0.1188 -0.007801 -0.00783595
         vertex -0.1188 -0.0067623 -0.00704635
         vertex -0.1178 -0.00620112 -0.00787404
      endloop
   endfacet
   facet normal -0.707107 0.396819 -0.585265
      outer loop
         vertex -0.1188 -0.0067623 -0.00704635
         vertex -0.1188 -0.00564432 -0.00637368
         vertex -0.1178 -0.00517591 -0.00725719
      endloop
   endfacet
   facet normal -0.707107 0.331215 -0.624737
      outer loop
         vertex -0.1188 -0.00564432 -0.00637368
         vertex -0.1188 -0.00446016 -0.00582583
         vertex -0.1178 -0.00409003 -0.00675481
      endloop
   endfacet
   facet normal -0.707107 0.261727 -0.656886
      outer loop
         vertex -0.1188 -0.00446016 -0.00582583
         vertex -0.1188 -0.00322372 -0.00540922
         vertex -0.1178 -0.00295619 -0.00637277
      endloop
   endfacet
   facet normal -0.707107 0.189171 -0.681333
      outer loop
         vertex -0.1188 -0.00322372 -0.00540922
         vertex -0.1188 -0.00194947 -0.00512874
         vertex -0.1178 -0.00178769 -0.00611557
      endloop
   endfacet
   facet normal -0.707107 0.114397 -0.697792
      outer loop
         vertex -0.1188 -0.00194947 -0.00512874
         vertex -0.1188 -0.000652374 -0.00498767
         vertex -0.1178 -0.000598235 -0.00598621
      endloop
   endfacet
   facet normal -0.707107 0.038282 -0.70607
      outer loop
         vertex -0.1188 -0.000652374 -0.00498767
         vertex -0.1188 0.000652374 -0.00498767
         vertex -0.1178 0.000598235 -0.00598621
      endloop
   endfacet
   facet normal -0.707107 -0.038282 -0.70607
      outer loop
         vertex -0.1188 0.000652374 -0.00498767
         vertex -0.1188 0.00194947 -0.00512874
         vertex -0.1178 0.00178769 -0.00611557
      endloop
   endfacet
   facet normal -0.707107 -0.114397 -0.697792
      outer loop
         vertex -0.1188 0.00194947 -0.00512874
         vertex -0.1188 0.00322372 -0.00540922
         vertex -0.1178 0.00295619 -0.00637277
      endloop
   endfacet
   facet normal -0.707107 -0.189171 -0.681333
      outer loop
         vertex -0.1188 0.00322372 -0.00540922
         vertex -0.1188 0.00446016 -0.00582583
         vertex -0.1178 0.00409003 -0.00675481
      endloop
   endfacet
   facet normal -0.707107 -0.261727 -0.656886
      outer loop
         vertex -0.1188 0.00446016 -0.00582583
         vertex -0.1188 0.00564432 -0.00637368
         vertex -0.1178 0.00517591 -0.00725719
      endloop
   endfacet
   facet normal -0.707107 -0.331215 -0.624737
      outer loop
         vertex -0.1188 0.00564432 -0.00637368
         vertex -0.1188 0.0067623 -0.00704635
         vertex -0.1178 0.00620112 -0.00787404
      endloop
   endfacet
   facet normal -0.707107 -0.396819 -0.585265
      outer loop
         vertex -0.1188 0.0067623 -0.00704635
         vertex -0.1188 0.007801 -0.00783595
         vertex -0.1178 0.00715362 -0.00859811
      endloop
   endfacet
   facet normal -0.707107 -0.457771 -0.53893
      outer loop
         vertex -0.1188 0.007801 -0.00783595
         vertex -0.1188 0.00874825 -0.00873322
         vertex -0.1178 0.00802225 -0.00942092
      endloop
   endfacet
   facet normal -0.707107 -0.513356 -0.486277
      outer loop
         vertex -0.1188 0.00874825 -0.00873322
         vertex -0.1188 0.00959292 -0.00972765
         vertex -0.1178 0.00879683 -0.0103328
      endloop
   endfacet
   facet normal -0.707107 -0.562923 -0.427923
      outer loop
         vertex -0.1188 0.00959292 -0.00972765
         vertex -0.1188 0.0103251 -0.0108076
         vertex -0.1178 0.00946827 -0.0113231
      endloop
   endfacet
   facet normal -0.707107 -0.60589 -0.364552
      outer loop
         vertex -0.1188 0.0103251 -0.0108076
         vertex -0.1188 0.0109363 -0.0119603
         vertex -0.1178 0.0100287 -0.0123802
      endloop
   endfacet
   facet normal -0.707107 -0.641753 -0.296906
      outer loop
         vertex -0.1188 0.0109363 -0.0119603
         vertex -0.1188 0.0114192 -0.0131724
         vertex -0.1178 0.0104716 -0.0134917
      endloop
   endfacet
   facet normal -0.707107 -0.670092 -0.22578
      outer loop
         vertex -0.1188 0.0114192 -0.0131724
         vertex -0.1188 0.0117683 -0.0144296
         vertex -0.1178 0.0107917 -0.0146446
      endloop
   endfacet
   facet normal -0.707107 -0.690575 -0.152007
      outer loop
         vertex -0.1188 0.0117683 -0.0144296
         vertex -0.1188 0.0119794 -0.0157172
         vertex -0.1178 0.0109852 -0.0158253
      endloop
   endfacet
   facet normal -0.707107 -0.702962 -0.0764517
      outer loop
         vertex -0.1188 0.0119794 -0.0157172
         vertex -0.1188 0.01205 -0.01702
         vertex -0.1178 0.01105 -0.01702
      endloop
   endfacet
   facet normal -0.707107 -0.707107 1.47196e-16
      outer loop
         vertex -0.1188 0.01205 -0.01702
         vertex -0.1188 0.0119794 -0.0183228
         vertex -0.1178 0.0109852 -0.0182147
      endloop
   endfacet
   facet normal -0.707107 -0.702962 0.0764517
      outer loop
         vertex -0.1188 0.0119794 -0.0183228
         vertex -0.1188 0.0117683 -0.0196104
         vertex -0.1178 0.0107917 -0.0193954
      endloop
   endfacet
   facet normal -0.707107 -0.690575 0.152007
      outer loop
         vertex -0.1188 0.0117683 -0.0196104
         vertex -0.1188 0.0114192 -0.0208676
         vertex -0.1178 0.0104716 -0.0205483
      endloop
   endfacet
   facet normal -0.707107 -0.670092 0.22578
      outer loop
         vertex -0.1188 0.0114192 -0.0208676
         vertex -0.1188 0.0109363 -0.0220797
         vertex -0.1178 0.0100287 -0.0216598
      endloop
   endfacet
   facet normal -0.707107 -0.641753 0.296906
      outer loop
         vertex -0.1188 0.0109363 -0.0220797
         vertex -0.1188 0.0103251 -0.0232324
         vertex -0.1178 0.00946827 -0.0227169
      endloop
   endfacet
   facet normal -0.707107 -0.60589 0.364552
      outer loop
         vertex -0.1188 0.0103251 -0.0232324
         vertex -0.1188 0.00959292 -0.0243123
         vertex -0.1178 0.00879683 -0.0237072
      endloop
   endfacet
   facet normal -0.707107 -0.562923 0.427923
      outer loop
         vertex -0.1188 0.00959292 -0.0243123
         vertex -0.1188 0.00874825 -0.0253068
         vertex -0.1178 0.00802225 -0.0246191
      endloop
   endfacet
   facet normal -0.707107 -0.513356 0.486277
      outer loop
         vertex -0.1188 0.00874825 -0.0253068
         vertex -0.1188 0.007801 -0.0262041
         vertex -0.1178 0.00715362 -0.0254419
      endloop
   endfacet
   facet normal -0.707107 -0.457771 0.53893
      outer loop
         vertex -0.1188 0.007801 -0.0262041
         vertex -0.1188 0.0067623 -0.0269937
         vertex -0.1178 0.00620112 -0.026166
      endloop
   endfacet
   facet normal -0.707107 -0.396819 0.585265
      outer loop
         vertex -0.1188 0.0067623 -0.0269937
         vertex -0.1188 0.00564432 -0.0276663
         vertex -0.1178 0.00517591 -0.0267828
      endloop
   endfacet
   facet normal -0.707107 -0.331215 0.624737
      outer loop
         vertex -0.1188 0.00564432 -0.0276663
         vertex -0.1188 0.00446016 -0.0282142
         vertex -0.1178 0.00409003 -0.0272852
      endloop
   endfacet
   facet normal -0.707107 -0.261727 0.656886
      outer loop
         vertex -0.1188 0.00446016 -0.0282142
         vertex -0.1188 0.00322372 -0.0286308
         vertex -0.1178 0.00295619 -0.0276672
      endloop
   endfacet
   facet normal -0.707107 -0.189171 0.681333
      outer loop
         vertex -0.1188 0.00322372 -0.0286308
         vertex -0.1188 0.00194947 -0.0289113
         vertex -0.1178 0.00178769 -0.0279244
      endloop
   endfacet
   facet normal -0.707107 -0.114397 0.697792
      outer loop
         vertex -0.1188 0.00194947 -0.0289113
         vertex -0.1188 0.000652374 -0.0290523
         vertex -0.1178 0.000598235 -0.0280538
      endloop
   endfacet
   facet normal -0.707107 -0.038282 0.70607
      outer loop
         vertex -0.1188 0.000652374 -0.0290523
         vertex -0.1188 -0.000652374 -0.0290523
         vertex -0.1178 -0.000598235 -0.0280538
      endloop
   endfacet
   facet normal -0.707107 0.038282 0.70607
      outer loop
         vertex -0.1188 -0.000652374 -0.0290523
         vertex -0.1188 -0.00194947 -0.0289113
         vertex -0.1178 -0.00178769 -0.0279244
      endloop
   endfacet
   facet normal -0.707107 0.114397 0.697792
      outer loop
         vertex -0.1188 -0.00194947 -0.0289113
         vertex -0.1188 -0.00322372 -0.0286308
         vertex -0.1178 -0.00295619 -0.0276672
      endloop
   endfacet
   facet normal -0.707107 0.189171 0.681333
      outer loop
         vertex -0.1188 -0.00322372 -0.0286308
         vertex -0.1188 -0.00446016 -0.0282142
         vertex -0.1178 -0.00409003 -0.0272852
      endloop
   endfacet
   facet normal -0.707107 0.261727 0.656886
      outer loop
         vertex -0.1188 -0.00446016 -0.0282142
         vertex -0.1188 -0.00564432 -0.0276663
         vertex -0.1178 -0.00517591 -0.0267828
      endloop
   endfacet
   facet normal -0.707107 0.331215 0.624737
      outer loop
         vertex -0.1188 -0.00564432 -0.0276663
         vertex -0.1188 -0.0067623 -0.0269937
         vertex -0.1178 -0.00620112 -0.026166
      endloop
   endfacet
   facet normal -0.707107 0.396819 0.585265
      outer loop
         vertex -0.1188 -0.0067623 -0.0269937
         vertex -0.1188 -0.007801 -0.0262041
         vertex -0.1178 -0.00715362 -0.0254419
      endloop
   endfacet
   facet normal -0.707107 0.457771 0.53893
      outer loop
         vertex -0.1188 -0.007801 -0.0262041
         vertex -0.1188 -0.00874825 -0.0253068
         vertex -0.1178 -0.00802225 -0.0246191
      endloop
   endfacet
   facet normal -0.707107 0.513356 0.486277
      outer loop
         vertex -0.1188 -0.00874825 -0.0253068
         vertex -0.1188 -0.00959292 -0.0243123
         vertex -0.1178 -0.00879683 -0.0237072
      endloop
   endfacet
   facet normal -0.707107 0.562923 0.427923
      outer loop
         vertex -0.1188 -0.00959292 -0.0243123
         vertex -0.1188 -0.0103251 -0.0232324
         vertex -0.1178 -0.00946827 -0.0227169
      endloop
   endfacet
   facet normal -0.707107 0.60589 0.364552
      outer loop
         vertex -0.1188 -0.0103251 -0.0232324
         vertex -0.1188 -0.0109363 -0.0220797
         vertex -0.1178 -0.0100287 -0.0216598
      endloop
   endfacet
   facet normal -0.707107 0.641753 0.296906
      outer loop
         vertex -0.1188 -0.0109363 -0.0220797
         vertex -0.1188 -0.0114192 -0.0208676
         vertex -0.1178 -0.0104716 -0.0205483
      endloop
   endfacet
   facet normal -0.707107 0.670092 0.22578
      outer loop
         vertex -0.1188 -0.0114192 -0.0208676
         vertex -0.1188 -0.0117683 -0.0196104
         vertex -0.1178 -0.0107917 -0.0193954
      endloop
   endfacet
   facet normal -0.707107 0.690575 0.152007
      outer loop
         vertex -0.1188 -0.0117683 -0.0196104
         vertex -0.1188 -0.0119794 -0.0183228
         vertex -0.1178 -0.0109852 -0.0182147
      endloop
   endfacet
   facet normal -0.707107 0.702962 0.0764517
      outer loop
         vertex -0.1188 -0.0119794 -0.0183228
         vertex -0.1188 -0.01205 -0.01702
         vertex -0.1178 -0.01105 -0.01702
      endloop
   endfacet
   facet normal -0.707107 0.707107 0
      outer loop
         vertex -0.1178 -0.01105 -0.01702
         vertex -0.1178 -0.0109852 -0.0182147
         vertex -0.1188 -0.0119794 -0.0183228
      endloop
   endfacet
   facet normal -0.707107 0.702962 0.0764517
      outer loop
         vertex -0.1178 -0.0109852 -0.0182147
         vertex -0.1178 -0.0107917 -0.0193954
         vertex -0.1188 -0.0117683 -0.0196104
      endloop
   endfacet
   facet normal -0.707107 0.690575 0.152007
      outer loop
         vertex -0.1178 -0.0107917 -0.0193954
         vertex -0.1178 -0.0104716 -0.0205483
         vertex -0.1188 -0.0114192 -0.0208676
      endloop
   endfacet
   facet normal -0.707107 0.670092 0.22578
      outer loop
         vertex -0.1178 -0.0104716 -0.0205483
         vertex -0.1178 -0.0100287 -0.0216598
         vertex -0.1188 -0.0109363 -0.0220797
      endloop
   endfacet
   facet normal -0.707107 0.641753 0.296906
      outer loop
         vertex -0.1178 -0.0100287 -0.0216598
         vertex -0.1178 -0.00946827 -0.0227169
         vertex -0.1188 -0.0103251 -0.0232324
      endloop
   endfacet
   facet normal -0.707107 0.60589 0.364552
      outer loop
         vertex -0.1178 -0.00946827 -0.0227169
         vertex -0.1178 -0.00879683 -0.0237072
         vertex -0.1188 -0.00959292 -0.0243123
      endloop
   endfacet
   facet normal -0.707107 0.562923 0.427923
      outer loop
         vertex -0.1178 -0.00879683 -0.0237072
         vertex -0.1178 -0.00802225 -0.0246191
         vertex -0.1188 -0.00874825 -0.0253068
      endloop
   endfacet
   facet normal -0.707107 0.513356 0.486277
      outer loop
         vertex -0.1178 -0.00802225 -0.0246191
         vertex -0.1178 -0.00715362 -0.0254419
         vertex -0.1188 -0.007801 -0.0262041
      endloop
   endfacet
   facet normal -0.707107 0.457771 0.53893
      outer loop
         vertex -0.1178 -0.00715362 -0.0254419
         vertex -0.1178 -0.00620112 -0.026166
         vertex -0.1188 -0.0067623 -0.0269937
      endloop
   endfacet
   facet normal -0.707107 0.396819 0.585265
      outer loop
         vertex -0.1178 -0.00620112 -0.026166
         vertex -0.1178 -0.00517591 -0.0267828
         vertex -0.1188 -0.00564432 -0.0276663
      endloop
   endfacet
   facet normal -0.707107 0.331215 0.624737
      outer loop
         vertex -0.1178 -0.00517591 -0.0267828
         vertex -0.1178 -0.00409003 -0.0272852
         vertex -0.1188 -0.00446016 -0.0282142
      endloop
   endfacet
   facet normal -0.707107 0.261727 0.656886
      outer loop
         vertex -0.1178 -0.00409003 -0.0272852
         vertex -0.1178 -0.00295619 -0.0276672
         vertex -0.1188 -0.00322372 -0.0286308
      endloop
   endfacet
   facet normal -0.707107 0.189171 0.681333
      outer loop
         vertex -0.1178 -0.00295619 -0.0276672
         vertex -0.1178 -0.00178769 -0.0279244
         vertex -0.1188 -0.00194947 -0.0289113
      endloop
   endfacet
   facet normal -0.707107 0.114397 0.697792
      outer loop
         vertex -0.1178 -0.00178769 -0.0279244
         vertex -0.1178 -0.000598235 -0.0280538
         vertex -0.1188 -0.000652374 -0.0290523
      endloop
   endfacet
   facet normal -0.707107 0.038282 0.70607
      outer loop
         vertex -0.1178 -0.000598235 -0.0280538
         vertex -0.1178 0.000598235 -0.0280538
         vertex -0.1188 0.000652374 -0.0290523
      endloop
   endfacet
   facet normal -0.707107 -0.038282 0.70607
      outer loop
         vertex -0.1178 0.000598235 -0.0280538
         vertex -0.1178 0.00178769 -0.0279244
         vertex -0.1188 0.00194947 -0.0289113
      endloop
   endfacet
   facet normal -0.707107 -0.114397 0.697792
      outer loop
         vertex -0.1178 0.00178769 -0.0279244
         vertex -0.1178 0.00295619 -0.0276672
         vertex -0.1188 0.00322372 -0.0286308
      endloop
   endfacet
   facet normal -0.707107 -0.189171 0.681333
      outer loop
         vertex -0.1178 0.00295619 -0.0276672
         vertex -0.1178 0.00409003 -0.0272852
         vertex -0.1188 0.00446016 -0.0282142
      endloop
   endfacet
   facet normal -0.707107 -0.261727 0.656886
      outer loop
         vertex -0.1178 0.00409003 -0.0272852
         vertex -0.1178 0.00517591 -0.0267828
         vertex -0.1188 0.00564432 -0.0276663
      endloop
   endfacet
   facet normal -0.707107 -0.331215 0.624737
      outer loop
         vertex -0.1178 0.00517591 -0.0267828
         vertex -0.1178 0.00620112 -0.026166
         vertex -0.1188 0.0067623 -0.0269937
      endloop
   endfacet
   facet normal -0.707107 -0.396819 0.585265
      outer loop
         vertex -0.1178 0.00620112 -0.026166
         vertex -0.1178 0.00715362 -0.0254419
         vertex -0.1188 0.007801 -0.0262041
      endloop
   endfacet
   facet normal -0.707107 -0.457771 0.53893
      outer loop
         vertex -0.1178 0.00715362 -0.0254419
         vertex -0.1178 0.00802225 -0.0246191
         vertex -0.1188 0.00874825 -0.0253068
      endloop
   endfacet
   facet normal -0.707107 -0.513356 0.486277
      outer loop
         vertex -0.1178 0.00802225 -0.0246191
         vertex -0.1178 0.00879683 -0.0237072
         vertex -0.1188 0.00959292 -0.0243123
      endloop
   endfacet
   facet normal -0.707107 -0.562923 0.427923
      outer loop
         vertex -0.1178 0.00879683 -0.0237072
         vertex -0.1178 0.00946827 -0.0227169
         vertex -0.1188 0.0103251 -0.0232324
      endloop
   endfacet
   facet normal -0.707107 -0.60589 0.364552
      outer loop
         vertex -0.1178 0.00946827 -0.0227169
         vertex -0.1178 0.0100287 -0.0216598
         vertex -0.1188 0.0109363 -0.0220797
      endloop
   endfacet
   facet normal -0.707107 -0.641753 0.296906
      outer loop
         vertex -0.1178 0.0100287 -0.0216598
         vertex -0.1178 0.0104716 -0.0205483
         vertex -0.1188 0.0114192 -0.0208676
      endloop
   endfacet
   facet normal -0.707107 -0.670092 0.22578
      outer loop
         vertex -0.1178 0.0104716 -0.0205483
         vertex -0.1178 0.0107917 -0.0193954
         vertex -0.1188 0.0117683 -0.0196104
      endloop
   endfacet
   facet normal -0.707107 -0.690575 0.152007
      outer loop
         vertex -0.1178 0.0107917 -0.0193954
         vertex -0.1178 0.0109852 -0.0182147
         vertex -0.1188 0.0119794 -0.0183228
      endloop
   endfacet
   facet normal -0.707107 -0.702962 0.0764517
      outer loop
         vertex -0.1178 0.0109852 -0.0182147
         vertex -0.1178 0.01105 -0.01702
         vertex -0.1188 0.01205 -0.01702
      endloop
   endfacet
   facet normal -0.707107 -0.707107 1.47196e-16
      outer loop
         vertex -0.1178 0.01105 -0.01702
         vertex -0.1178 0.0109852 -0.0158253
         vertex -0.1188 0.0119794 -0.0157172
      endloop
   endfacet
   facet normal -0.707107 -0.702962 -0.0764517
      outer loop
         vertex -0.1178 0.0109852 -0.0158253
         vertex -0.1178 0.0107917 -0.0146446
         vertex -0.1188 0.0117683 -0.0144296
      endloop
   endfacet
   facet normal -0.707107 -0.690575 -0.152007
      outer loop
         vertex -0.1178 0.0107917 -0.0146446
         vertex -0.1178 0.0104716 -0.0134917
         vertex -0.1188 0.0114192 -0.0131724
      endloop
   endfacet
   facet normal -0.707107 -0.670092 -0.22578
      outer loop
         vertex -0.1178 0.0104716 -0.0134917
         vertex -0.1178 0.0100287 -0.0123802
         vertex -0.1188 0.0109363 -0.0119603
      endloop
   endfacet
   facet normal -0.707107 -0.641753 -0.296906
      outer loop
         vertex -0.1178 0.0100287 -0.0123802
         vertex -0.1178 0.00946827 -0.0113231
         vertex -0.1188 0.0103251 -0.0108076
      endloop
   endfacet
   facet normal -0.707107 -0.60589 -0.364552
      outer loop
         vertex -0.1178 0.00946827 -0.0113231
         vertex -0.1178 0.00879683 -0.0103328
         vertex -0.1188 0.00959292 -0.00972765
      endloop
   endfacet
   facet normal -0.707107 -0.562923 -0.427923
      outer loop
         vertex -0.1178 0.00879683 -0.0103328
         vertex -0.1178 0.00802225 -0.00942092
         vertex -0.1188 0.00874825 -0.00873322
      endloop
   endfacet
   facet normal -0.707107 -0.513356 -0.486277
      outer loop
         vertex -0.1178 0.00802225 -0.00942092
         vertex -0.1178 0.00715362 -0.00859811
         vertex -0.1188 0.007801 -0.00783595
      endloop
   endfacet
   facet normal -0.707107 -0.457771 -0.53893
      outer loop
         vertex -0.1178 0.00715362 -0.00859811
         vertex -0.1178 0.00620112 -0.00787404
         vertex -0.1188 0.0067623 -0.00704635
      endloop
   endfacet
   facet normal -0.707107 -0.396819 -0.585265
      outer loop
         vertex -0.1178 0.00620112 -0.00787404
         vertex -0.1178 0.00517591 -0.00725719
         vertex -0.1188 0.00564432 -0.00637368
      endloop
   endfacet
   facet normal -0.707107 -0.331215 -0.624737
      outer loop
         vertex -0.1178 0.00517591 -0.00725719
         vertex -0.1178 0.00409003 -0.00675481
         vertex -0.1188 0.00446016 -0.00582583
      endloop
   endfacet
   facet normal -0.707107 -0.261727 -0.656886
      outer loop
         vertex -0.1178 0.00409003 -0.00675481
         vertex -0.1178 0.00295619 -0.00637277
         vertex -0.1188 0.00322372 -0.00540922
      endloop
   endfacet
   facet normal -0.707107 -0.189171 -0.681333
      outer loop
         vertex -0.1178 0.00295619 -0.00637277
         vertex -0.1178 0.00178769 -0.00611557
         vertex -0.1188 0.00194947 -0.00512874
      endloop
   endfacet
   facet normal -0.707107 -0.114397 -0.697792
      outer loop
         vertex -0.1178 0.00178769 -0.00611557
         vertex -0.1178 0.000598235 -0.00598621
         vertex -0.1188 0.000652374 -0.00498767
      endloop
   endfacet
   facet normal -0.707107 -0.038282 -0.70607
      outer loop
         vertex -0.1178 0.000598235 -0.00598621
         vertex -0.1178 -0.000598235 -0.00598621
         vertex -0.1188 -0.000652374 -0.00498767
      endloop
   endfacet
   facet normal -0.707107 0.038282 -0.70607
      outer loop
         vertex -0.1178 -0.000598235 -0.00598621
         vertex -0.1178 -0.00178769 -0.00611557
         vertex -0.1188 -0.00194947 -0.00512874
      endloop
   endfacet
   facet normal -0.707107 0.114397 -0.697792
      outer loop
         vertex -0.1178 -0.00178769 -0.00611557
         vertex -0.1178 -0.00295619 -0.00637277
         vertex -0.1188 -0.00322372 -0.00540922
      endloop
   endfacet
   facet normal -0.707107 0.189171 -0.681333
      outer loop
         vertex -0.1178 -0.00295619 -0.00637277
         vertex -0.1178 -0.00409003 -0.00675481
         vertex -0.1188 -0.00446016 -0.00582583
      endloop
   endfacet
   facet normal -0.707107 0.261727 -0.656886
      outer loop
         vertex -0.1178 -0.00409003 -0.00675481
         vertex -0.1178 -0.00517591 -0.00725719
         vertex -0.1188 -0.00564432 -0.00637368
      endloop
   endfacet
   facet normal -0.707107 0.331215 -0.624737
      outer loop
         vertex -0.1178 -0.00517591 -0.00725719
         vertex -0.1178 -0.00620112 -0.00787404
         vertex -0.1188 -0.0067623 -0.00704635
      endloop
   endfacet
   facet normal -0.707107 0.396819 -0.585265
      outer loop
         vertex -0.1178 -0.00620112 -0.00787404
         vertex -0.1178 -0.00715362 -0.00859811
         vertex -0.1188 -0.007801 -0.00783595
      endloop
   endfacet
   facet normal -0.707107 0.457771 -0.53893
      outer loop
         vertex -0.1178 -0.00715362 -0.00859811
         vertex -0.1178 -0.00802225 -0.00942092
         vertex -0.1188 -0.00874825 -0.00873322
      endloop
   endfacet
   facet normal -0.707107 0.513356 -0.486277
      outer loop
         vertex -0.1178 -0.00802225 -0.00942092
         vertex -0.1178 -0.00879683 -0.0103328
         vertex -0.1188 -0.00959292 -0.00972765
      endloop
   endfacet
   facet normal -0.707107 0.562923 -0.427923
      outer loop
         vertex -0.1178 -0.00879683 -0.0103328
         vertex -0.1178 -0.00946827 -0.0113231
         vertex -0.1188 -0.0103251 -0.0108076
      endloop
   endfacet
   facet normal -0.707107 0.60589 -0.364552
      outer loop
         vertex -0.1178 -0.00946827 -0.0113231
         vertex -0.1178 -0.0100287 -0.0123802
         vertex -0.1188 -0.0109363 -0.0119603
      endloop
   endfacet
   facet normal -0.707107 0.641753 -0.296906
      outer loop
         vertex -0.1178 -0.0100287 -0.0123802
         vertex -0.1178 -0.0104716 -0.0134917
         vertex -0.1188 -0.0114192 -0.0131724
      endloop
   endfacet
   facet normal -0.707107 0.670092 -0.22578
      outer loop
         vertex -0.1178 -0.0104716 -0.0134917
         vertex -0.1178 -0.0107917 -0.0146446
         vertex -0.1188 -0.0117683 -0.0144296
      endloop
   endfacet
   facet normal -0.707107 0.690575 -0.152007
      outer loop
         vertex -0.1178 -0.0107917 -0.0146446
         vertex -0.1178 -0.0109852 -0.0158253
         vertex -0.1188 -0.0119794 -0.0157172
      endloop
   endfacet
   facet normal -0.707107 0.702962 -0.0764517
      outer loop
         vertex -0.1178 -0.0109852 -0.0158253
         vertex -0.1178 -0.01105 -0.01702
         vertex -0.1188 -0.01205 -0.01702
      endloop
   endfacet
   facet normal -1 6.12323e-17 0
      outer loop
         vertex -0.1188 0.0323095 -0.0205339
         vertex -0.1188 0.0119794 -0.0183228
         vertex -0.1188 0.01205 -0.01702
      endloop
   endfacet
   facet normal -1 6.12323e-17 0
      outer loop
         vertex -0.1188 0.0317402 -0.0240065
         vertex -0.1188 0.0117683 -0.0196104
         vertex -0.1188 0.0119794 -0.0183228
      endloop
   endfacet
   facet normal -1 6.12323e-17 0
      outer loop
         vertex -0.1188 0.0278479 -0.0002645
         vertex -0.1188 0.0103251 -0.0108076
         vertex -0.1188 0.00959292 -0.00972765
      endloop
   endfacet
   facet normal -1 6.12323e-17 0
      outer loop
         vertex -0.1188 0.0278479 -0.0002645
         vertex -0.1188 0.0294962 -0.0033736
         vertex -0.1188 0.0109363 -0.0119603
      endloop
   endfacet
   facet normal -1 6.12323e-17 0
      outer loop
         vertex -0.1188 0.0317402 -0.0100335
         vertex -0.1188 0.0117683 -0.0144296
         vertex -0.1188 0.0114192 -0.0131724
      endloop
   endfacet
   facet normal -1 6.12323e-17 0
      outer loop
         vertex -0.1188 0.0323095 -0.0135061
         vertex -0.1188 0.0119794 -0.0157172
         vertex -0.1188 0.0117683 -0.0144296
      endloop
   endfacet
   facet normal -1 6.12323e-17 0
      outer loop
         vertex -0.1188 0.0325 -0.01702
         vertex -0.1188 0.01205 -0.01702
         vertex -0.1188 0.0119794 -0.0157172
      endloop
   endfacet
   facet normal -1 6.12323e-17 0
      outer loop
         vertex -0.1188 0.0119794 -0.0183228
         vertex -0.1188 0.0323095 -0.0205339
         vertex -0.1188 0.0317402 -0.0240065
      endloop
   endfacet
   facet normal -1 6.12323e-17 0
      outer loop
         vertex -0.1188 0.0294962 -0.0306664
         vertex -0.1188 0.0109363 -0.0220797
         vertex -0.1188 0.0114192 -0.0208676
      endloop
   endfacet
   facet normal -1 6.12323e-17 0
      outer loop
         vertex -0.1188 0.0278479 -0.0337755
         vertex -0.1188 0.0103251 -0.0232324
         vertex -0.1188 0.0109363 -0.0220797
      endloop
   endfacet
   facet normal -1 6.12323e-17 0
      outer loop
         vertex -0.1188 -0.0120295 -0.0472117
         vertex -0.1188 -0.0152233 -0.0457341
         vertex -0.1188 -0.00564432 -0.0276663
      endloop
   endfacet
   facet normal -1 6.12323e-17 0
      outer loop
         vertex -0.1188 -0.0152233 -0.0457341
         vertex -0.1188 -0.0182386 -0.0439199
         vertex -0.1188 -0.0067623 -0.0269937
      endloop
   endfacet
   facet normal -1 6.12323e-17 0
      outer loop
         vertex -0.1188 -0.0182386 -0.0439199
         vertex -0.1188 -0.0210401 -0.0417903
         vertex -0.1188 -0.007801 -0.0262041
      endloop
   endfacet
   facet normal -1 6.12323e-17 0
      outer loop
         vertex -0.1188 -0.0210401 -0.0417903
         vertex -0.1188 -0.0235949 -0.0393702
         vertex -0.1188 -0.00874825 -0.0253068
      endloop
   endfacet
   facet normal -1 6.12323e-17 0
      outer loop
         vertex -0.1188 0.0109363 -0.0119603
         vertex -0.1188 0.0103251 -0.0108076
         vertex -0.1188 0.0278479 -0.0002645
      endloop
   endfacet
   facet normal -1 6.12323e-17 0
      outer loop
         vertex -0.1188 0.0307987 -0.0066427
         vertex -0.1188 0.0114192 -0.0131724
         vertex -0.1188 0.0109363 -0.0119603
      endloop
   endfacet
   facet normal -1 6.12323e-17 0
      outer loop
         vertex -0.1188 0.0117683 -0.0144296
         vertex -0.1188 0.0317402 -0.0100335
         vertex -0.1188 0.0323095 -0.0135061
      endloop
   endfacet
   facet normal -1 6.12323e-17 0
      outer loop
         vertex -0.1188 0.01205 -0.01702
         vertex -0.1188 0.0325 -0.01702
         vertex -0.1188 0.0323095 -0.0205339
      endloop
   endfacet
   facet normal -1 6.12323e-17 0
      outer loop
         vertex -0.1188 0.0307987 -0.0273973
         vertex -0.1188 0.0114192 -0.0208676
         vertex -0.1188 0.0117683 -0.0196104
      endloop
   endfacet
   facet normal -1 6.12323e-17 0
      outer loop
         vertex -0.1188 0.0109363 -0.0220797
         vertex -0.1188 0.0294962 -0.0306664
         vertex -0.1188 0.0278479 -0.0337755
      endloop
   endfacet
   facet normal -1 6.12323e-17 0
      outer loop
         vertex -0.1188 0.025873 -0.0366882
         vertex -0.1188 0.00959292 -0.0243123
         vertex -0.1188 0.0103251 -0.0232324
      endloop
   endfacet
   facet normal -1 6.12323e-17 0
      outer loop
         vertex -0.1188 0.0235949 -0.0393702
         vertex -0.1188 0.00874825 -0.0253068
         vertex -0.1188 0.00959292 -0.0243123
      endloop
   endfacet
   facet normal -1 6.12323e-17 0
      outer loop
         vertex -0.1188 0.0120295 -0.0472117
         vertex -0.1188 0.00446016 -0.0282142
         vertex -0.1188 0.00564432 -0.0276663
      endloop
   endfacet
   facet normal -1 6.12323e-17 0
      outer loop
         vertex -0.1188 0.0120295 -0.0472117
         vertex -0.1188 0.00869467 -0.0483354
         vertex -0.1188 0.00322372 -0.0286308
      endloop
   endfacet
   facet normal -1 6.12323e-17 0
      outer loop
         vertex -0.1188 -0.00525791 -0.0490919
         vertex -0.1188 -0.00869467 -0.0483354
         vertex -0.1188 -0.00322372 -0.0286308
      endloop
   endfacet
   facet normal -1 6.12323e-17 0
      outer loop
         vertex -0.1188 -0.00869467 -0.0483354
         vertex -0.1188 -0.0120295 -0.0472117
         vertex -0.1188 -0.00446016 -0.0282142
      endloop
   endfacet
   facet normal -1 6.12323e-17 0
      outer loop
         vertex -0.1188 -0.0067623 -0.0269937
         vertex -0.1188 -0.00564432 -0.0276663
         vertex -0.1188 -0.0152233 -0.0457341
      endloop
   endfacet
   facet normal -1 6.12323e-17 0
      outer loop
         vertex -0.1188 -0.00874825 -0.0253068
         vertex -0.1188 -0.007801 -0.0262041
         vertex -0.1188 -0.0210401 -0.0417903
      endloop
   endfacet
   facet normal -1 6.12323e-17 0
      outer loop
         vertex -0.1188 -0.025873 -0.0366882
         vertex -0.1188 -0.0278479 -0.0337755
         vertex -0.1188 -0.0103251 -0.0232324
      endloop
   endfacet
   facet normal -1 6.12323e-17 0
      outer loop
         vertex -0.1188 -0.0278479 -0.0337755
         vertex -0.1188 -0.0294962 -0.0306664
         vertex -0.1188 -0.0109363 -0.0220797
      endloop
   endfacet
   facet normal -1 6.12323e-17 0
      outer loop
         vertex -0.1188 0.0210401 0.00775027
         vertex -0.1188 0.007801 -0.00783595
         vertex -0.1188 0.0067623 -0.00704635
      endloop
   endfacet
   facet normal -1 6.12323e-17 0
      outer loop
         vertex -0.1188 0.0210401 0.00775027
         vertex -0.1188 0.0235949 0.00533023
         vertex -0.1188 0.00874825 -0.00873322
      endloop
   endfacet
   facet normal -1 6.12323e-17 0
      outer loop
         vertex -0.1188 0.0109363 -0.0119603
         vertex -0.1188 0.0294962 -0.0033736
         vertex -0.1188 0.0307987 -0.0066427
      endloop
   endfacet
   facet normal -1 6.12323e-17 0
      outer loop
         vertex -0.1188 0.0119794 -0.0157172
         vertex -0.1188 0.0323095 -0.0135061
         vertex -0.1188 0.0325 -0.01702
      endloop
   endfacet
   facet normal -1 6.12323e-17 0
      outer loop
         vertex -0.1188 0.0114192 -0.0208676
         vertex -0.1188 0.0307987 -0.0273973
         vertex -0.1188 0.0294962 -0.0306664
      endloop
   endfacet
   facet normal -1 6.12323e-17 0
      outer loop
         vertex -0.1188 0.00959292 -0.0243123
         vertex -0.1188 0.025873 -0.0366882
         vertex -0.1188 0.0235949 -0.0393702
      endloop
   endfacet
   facet normal -1 6.12323e-17 0
      outer loop
         vertex -0.1188 0.00322372 -0.0286308
         vertex -0.1188 0.00446016 -0.0282142
         vertex -0.1188 0.0120295 -0.0472117
      endloop
   endfacet
   facet normal -1 6.12323e-17 0
      outer loop
         vertex -0.1188 0.00869467 -0.0483354
         vertex -0.1188 0.00525791 -0.0490919
         vertex -0.1188 0.00194947 -0.0289113
      endloop
   endfacet
   facet normal -1 6.12323e-17 0
      outer loop
         vertex -0.1188 -0.00446016 -0.0282142
         vertex -0.1188 -0.00322372 -0.0286308
         vertex -0.1188 -0.00869467 -0.0483354
      endloop
   endfacet
   facet normal -1 6.12323e-17 0
      outer loop
         vertex -0.1188 -0.007801 -0.0262041
         vertex -0.1188 -0.0067623 -0.0269937
         vertex -0.1188 -0.0182386 -0.0439199
      endloop
   endfacet
   facet normal -1 6.12323e-17 0
      outer loop
         vertex -0.1188 -0.0235949 -0.0393702
         vertex -0.1188 -0.025873 -0.0366882
         vertex -0.1188 -0.00959292 -0.0243123
      endloop
   endfacet
   facet normal -1 6.12323e-17 0
      outer loop
         vertex -0.1188 -0.0109363 -0.0220797
         vertex -0.1188 -0.0103251 -0.0232324
         vertex -0.1188 -0.0278479 -0.0337755
      endloop
   endfacet
   facet normal -1 6.12323e-17 0
      outer loop
         vertex -0.1188 -0.00525791 0.0150519
         vertex -0.1188 -0.00194947 -0.00512874
         vertex -0.1188 -0.00322372 -0.00540922
      endloop
   endfacet
   facet normal -1 6.12323e-17 0
      outer loop
         vertex -0.1188 -0.00525791 0.0150519
         vertex -0.1188 -0.00175951 0.0154323
         vertex -0.1188 -0.000652374 -0.00498767
      endloop
   endfacet
   facet normal -1 6.12323e-17 0
      outer loop
         vertex -0.1188 0.00874825 -0.00873322
         vertex -0.1188 0.007801 -0.00783595
         vertex -0.1188 0.0210401 0.00775027
      endloop
   endfacet
   facet normal -1 6.12323e-17 0
      outer loop
         vertex -0.1188 0.025873 0.00264816
         vertex -0.1188 0.00959292 -0.00972765
         vertex -0.1188 0.00874825 -0.00873322
      endloop
   endfacet
   facet normal -1 6.12323e-17 0
      outer loop
         vertex -0.1188 0.0114192 -0.0131724
         vertex -0.1188 0.0307987 -0.0066427
         vertex -0.1188 0.0317402 -0.0100335
      endloop
   endfacet
   facet normal -1 6.12323e-17 0
      outer loop
         vertex -0.1188 0.0103251 -0.0232324
         vertex -0.1188 0.0278479 -0.0337755
         vertex -0.1188 0.025873 -0.0366882
      endloop
   endfacet
   facet normal -1 6.12323e-17 0
      outer loop
         vertex -0.1188 0.0210401 -0.0417903
         vertex -0.1188 0.007801 -0.0262041
         vertex -0.1188 0.00874825 -0.0253068
      endloop
   endfacet
   facet normal -1 6.12323e-17 0
      outer loop
         vertex -0.1188 0.0182386 -0.0439199
         vertex -0.1188 0.0067623 -0.0269937
         vertex -0.1188 0.007801 -0.0262041
      endloop
   endfacet
   facet normal -1 6.12323e-17 0
      outer loop
         vertex -0.1188 0.00194947 -0.0289113
         vertex -0.1188 0.00322372 -0.0286308
         vertex -0.1188 0.00869467 -0.0483354
      endloop
   endfacet
   facet normal -1 6.12323e-17 0
      outer loop
         vertex -0.1188 0.00525791 -0.0490919
         vertex -0.1188 0.00175951 -0.0494723
         vertex -0.1188 0.000652374 -0.0290523
      endloop
   endfacet
   facet normal -1 6.12323e-17 0
      outer loop
         vertex -0.1188 0.00175951 -0.0494723
         vertex -0.1188 -0.00175951 -0.0494723
         vertex -0.1188 -0.000652374 -0.0290523
      endloop
   endfacet
   facet normal -1 6.12323e-17 0
      outer loop
         vertex -0.1188 -0.00175951 -0.0494723
         vertex -0.1188 -0.00525791 -0.0490919
         vertex -0.1188 -0.00194947 -0.0289113
      endloop
   endfacet
   facet normal -1 6.12323e-17 0
      outer loop
         vertex -0.1188 -0.00564432 -0.0276663
         vertex -0.1188 -0.00446016 -0.0282142
         vertex -0.1188 -0.0120295 -0.0472117
      endloop
   endfacet
   facet normal -1 6.12323e-17 0
      outer loop
         vertex -0.1188 -0.0103251 -0.0232324
         vertex -0.1188 -0.00959292 -0.0243123
         vertex -0.1188 -0.025873 -0.0366882
      endloop
   endfacet
   facet normal -1 6.12323e-17 0
      outer loop
         vertex -0.1188 -0.0294962 -0.0306664
         vertex -0.1188 -0.0307987 -0.0273973
         vertex -0.1188 -0.0114192 -0.0208676
      endloop
   endfacet
   facet normal -1 6.12323e-17 0
      outer loop
         vertex -0.1188 -0.0307987 -0.0273973
         vertex -0.1188 -0.0317402 -0.0240065
         vertex -0.1188 -0.0117683 -0.0196104
      endloop
   endfacet
   facet normal -1 6.12323e-17 0
      outer loop
         vertex -0.1188 -0.0323095 -0.0135061
         vertex -0.1188 -0.0119794 -0.0157172
         vertex -0.1188 -0.01205 -0.01702
      endloop
   endfacet
   facet normal -1 6.12323e-17 0
      outer loop
         vertex -0.1188 -0.0317402 -0.0100335
         vertex -0.1188 -0.0117683 -0.0144296
         vertex -0.1188 -0.0119794 -0.0157172
      endloop
   endfacet
   facet normal -1 6.12323e-17 0
      outer loop
         vertex -0.1188 -0.000652374 -0.00498767
         vertex -0.1188 -0.00194947 -0.00512874
         vertex -0.1188 -0.00525791 0.0150519
      endloop
   endfacet
   facet normal -1 6.12323e-17 0
      outer loop
         vertex -0.1188 0.00175951 0.0154323
         vertex -0.1188 0.000652374 -0.00498767
         vertex -0.1188 -0.000652374 -0.00498767
      endloop
   endfacet
   facet normal -1 6.12323e-17 0
      outer loop
         vertex -0.1188 0.00874825 -0.00873322
         vertex -0.1188 0.0235949 0.00533023
         vertex -0.1188 0.025873 0.00264816
      endloop
   endfacet
   facet normal -1 6.12323e-17 0
      outer loop
         vertex -0.1188 0.0117683 -0.0196104
         vertex -0.1188 0.0317402 -0.0240065
         vertex -0.1188 0.0307987 -0.0273973
      endloop
   endfacet
   facet normal -1 6.12323e-17 0
      outer loop
         vertex -0.1188 0.007801 -0.0262041
         vertex -0.1188 0.0210401 -0.0417903
         vertex -0.1188 0.0182386 -0.0439199
      endloop
   endfacet
   facet normal -1 6.12323e-17 0
      outer loop
         vertex -0.1188 0.0182386 -0.0439199
         vertex -0.1188 0.0152233 -0.0457341
         vertex -0.1188 0.00564432 -0.0276663
      endloop
   endfacet
   facet normal -1 6.12323e-17 0
      outer loop
         vertex -0.1188 0.000652374 -0.0290523
         vertex -0.1188 0.00194947 -0.0289113
         vertex -0.1188 0.00525791 -0.0490919
      endloop
   endfacet
   facet normal -1 6.12323e-17 0
      outer loop
         vertex -0.1188 -0.00194947 -0.0289113
         vertex -0.1188 -0.000652374 -0.0290523
         vertex -0.1188 -0.00175951 -0.0494723
      endloop
   endfacet
   facet normal -1 6.12323e-17 0
      outer loop
         vertex -0.1188 -0.00959292 -0.0243123
         vertex -0.1188 -0.00874825 -0.0253068
         vertex -0.1188 -0.0235949 -0.0393702
      endloop
   endfacet
   facet normal -1 6.12323e-17 0
      outer loop
         vertex -0.1188 -0.0117683 -0.0196104
         vertex -0.1188 -0.0114192 -0.0208676
         vertex -0.1188 -0.0307987 -0.0273973
      endloop
   endfacet
   facet normal -1 6.12323e-17 0
      outer loop
         vertex -0.1188 -0.0119794 -0.0157172
         vertex -0.1188 -0.0323095 -0.0135061
         vertex -0.1188 -0.0317402 -0.0100335
      endloop
   endfacet
   facet normal -1 6.12323e-17 0
      outer loop
         vertex -0.1188 -0.0307987 -0.0066427
         vertex -0.1188 -0.0114192 -0.0131724
         vertex -0.1188 -0.0117683 -0.0144296
      endloop
   endfacet
   facet normal -1 6.12323e-17 0
      outer loop
         vertex -0.1188 -0.0294962 -0.0033736
         vertex -0.1188 -0.0109363 -0.0119603
         vertex -0.1188 -0.0114192 -0.0131724
      endloop
   endfacet
   facet normal -1 6.12323e-17 0
      outer loop
         vertex -0.1188 -0.0294962 -0.0033736
         vertex -0.1188 -0.0278479 -0.0002645
         vertex -0.1188 -0.0103251 -0.0108076
      endloop
   endfacet
   facet normal -1 6.12323e-17 0
      outer loop
         vertex -0.1188 -0.000652374 -0.00498767
         vertex -0.1188 -0.00175951 0.0154323
         vertex -0.1188 0.00175951 0.0154323
      endloop
   endfacet
   facet normal -1 6.12323e-17 0
      outer loop
         vertex -0.1188 0.00525791 0.0150519
         vertex -0.1188 0.00194947 -0.00512874
         vertex -0.1188 0.000652374 -0.00498767
      endloop
   endfacet
   facet normal -1 6.12323e-17 0
      outer loop
         vertex -0.1188 0.00869467 0.0142954
         vertex -0.1188 0.00322372 -0.00540922
         vertex -0.1188 0.00194947 -0.00512874
      endloop
   endfacet
   facet normal -1 6.12323e-17 0
      outer loop
         vertex -0.1188 0.00869467 0.0142954
         vertex -0.1188 0.0120295 0.0131717
         vertex -0.1188 0.00446016 -0.00582583
      endloop
   endfacet
   facet normal -1 6.12323e-17 0
      outer loop
         vertex -0.1188 0.0152233 0.0116941
         vertex -0.1188 0.00564432 -0.00637368
         vertex -0.1188 0.00446016 -0.00582583
      endloop
   endfacet
   facet normal -1 6.12323e-17 0
      outer loop
         vertex -0.1188 0.0182386 0.00987989
         vertex -0.1188 0.0067623 -0.00704635
         vertex -0.1188 0.00564432 -0.00637368
      endloop
   endfacet
   facet normal -1 6.12323e-17 0
      outer loop
         vertex -0.1188 0.00959292 -0.00972765
         vertex -0.1188 0.025873 0.00264816
         vertex -0.1188 0.0278479 -0.0002645
      endloop
   endfacet
   facet normal -1 6.12323e-17 0
      outer loop
         vertex -0.1188 0.00564432 -0.0276663
         vertex -0.1188 0.0067623 -0.0269937
         vertex -0.1188 0.0182386 -0.0439199
      endloop
   endfacet
   facet normal -1 6.12323e-17 0
      outer loop
         vertex -0.1188 -0.000652374 -0.0290523
         vertex -0.1188 0.000652374 -0.0290523
         vertex -0.1188 0.00175951 -0.0494723
      endloop
   endfacet
   facet normal -1 6.12323e-17 0
      outer loop
         vertex -0.1188 -0.0114192 -0.0208676
         vertex -0.1188 -0.0109363 -0.0220797
         vertex -0.1188 -0.0294962 -0.0306664
      endloop
   endfacet
   facet normal -1 6.12323e-17 0
      outer loop
         vertex -0.1188 -0.0317402 -0.0240065
         vertex -0.1188 -0.0323095 -0.0205339
         vertex -0.1188 -0.0119794 -0.0183228
      endloop
   endfacet
   facet normal -1 6.12323e-17 0
      outer loop
         vertex -0.1188 -0.0323095 -0.0205339
         vertex -0.1188 -0.0325 -0.01702
         vertex -0.1188 -0.01205 -0.01702
      endloop
   endfacet
   facet normal -1 6.12323e-17 0
      outer loop
         vertex -0.1188 -0.0117683 -0.0144296
         vertex -0.1188 -0.0317402 -0.0100335
         vertex -0.1188 -0.0307987 -0.0066427
      endloop
   endfacet
   facet normal -1 6.12323e-17 0
      outer loop
         vertex -0.1188 -0.0103251 -0.0108076
         vertex -0.1188 -0.0109363 -0.0119603
         vertex -0.1188 -0.0294962 -0.0033736
      endloop
   endfacet
   facet normal -1 6.12323e-17 0
      outer loop
         vertex -0.1188 -0.0235949 0.00533023
         vertex -0.1188 -0.00874825 -0.00873322
         vertex -0.1188 -0.00959292 -0.00972765
      endloop
   endfacet
   facet normal -1 6.12323e-17 0
      outer loop
         vertex -0.1188 -0.0235949 0.00533023
         vertex -0.1188 -0.0210401 0.00775027
         vertex -0.1188 -0.007801 -0.00783595
      endloop
   endfacet
   facet normal -1 6.12323e-17 0
      outer loop
         vertex -0.1188 -0.0182386 0.00987989
         vertex -0.1188 -0.0067623 -0.00704635
         vertex -0.1188 -0.007801 -0.00783595
      endloop
   endfacet
   facet normal -1 6.12323e-17 0
      outer loop
         vertex -0.1188 -0.0182386 0.00987989
         vertex -0.1188 -0.0152233 0.0116941
         vertex -0.1188 -0.00564432 -0.00637368
      endloop
   endfacet
   facet normal -1 6.12323e-17 0
      outer loop
         vertex -0.1188 -0.0120295 0.0131717
         vertex -0.1188 -0.00446016 -0.00582583
         vertex -0.1188 -0.00564432 -0.00637368
      endloop
   endfacet
   facet normal -1 6.12323e-17 0
      outer loop
         vertex -0.1188 -0.0120295 0.0131717
         vertex -0.1188 -0.00869467 0.0142954
         vertex -0.1188 -0.00322372 -0.00540922
      endloop
   endfacet
   facet normal -1 6.12323e-17 0
      outer loop
         vertex -0.1188 0.000652374 -0.00498767
         vertex -0.1188 0.00175951 0.0154323
         vertex -0.1188 0.00525791 0.0150519
      endloop
   endfacet
   facet normal -1 6.12323e-17 0
      outer loop
         vertex -0.1188 0.00446016 -0.00582583
         vertex -0.1188 0.00322372 -0.00540922
         vertex -0.1188 0.00869467 0.0142954
      endloop
   endfacet
   facet normal -1 6.12323e-17 0
      outer loop
         vertex -0.1188 0.00564432 -0.00637368
         vertex -0.1188 0.0152233 0.0116941
         vertex -0.1188 0.0182386 0.00987989
      endloop
   endfacet
   facet normal -1 6.12323e-17 0
      outer loop
         vertex -0.1188 0.00874825 -0.0253068
         vertex -0.1188 0.0235949 -0.0393702
         vertex -0.1188 0.0210401 -0.0417903
      endloop
   endfacet
   facet normal -1 6.12323e-17 0
      outer loop
         vertex -0.1188 -0.00322372 -0.0286308
         vertex -0.1188 -0.00194947 -0.0289113
         vertex -0.1188 -0.00525791 -0.0490919
      endloop
   endfacet
   facet normal -1 6.12323e-17 0
      outer loop
         vertex -0.1188 -0.01205 -0.01702
         vertex -0.1188 -0.0119794 -0.0183228
         vertex -0.1188 -0.0323095 -0.0205339
      endloop
   endfacet
   facet normal -1 6.12323e-17 0
      outer loop
         vertex -0.1188 -0.0114192 -0.0131724
         vertex -0.1188 -0.0307987 -0.0066427
         vertex -0.1188 -0.0294962 -0.0033736
      endloop
   endfacet
   facet normal -1 6.12323e-17 0
      outer loop
         vertex -0.1188 -0.0278479 -0.0002645
         vertex -0.1188 -0.025873 0.00264816
         vertex -0.1188 -0.00959292 -0.00972765
      endloop
   endfacet
   facet normal -1 6.12323e-17 0
      outer loop
         vertex -0.1188 -0.007801 -0.00783595
         vertex -0.1188 -0.00874825 -0.00873322
         vertex -0.1188 -0.0235949 0.00533023
      endloop
   endfacet
   facet normal -1 6.12323e-17 0
      outer loop
         vertex -0.1188 -0.00564432 -0.00637368
         vertex -0.1188 -0.0067623 -0.00704635
         vertex -0.1188 -0.0182386 0.00987989
      endloop
   endfacet
   facet normal -1 6.12323e-17 0
      outer loop
         vertex -0.1188 -0.00322372 -0.00540922
         vertex -0.1188 -0.00446016 -0.00582583
         vertex -0.1188 -0.0120295 0.0131717
      endloop
   endfacet
   facet normal -1 6.12323e-17 0
      outer loop
         vertex -0.1188 0.00194947 -0.00512874
         vertex -0.1188 0.00525791 0.0150519
         vertex -0.1188 0.00869467 0.0142954
      endloop
   endfacet
   facet normal -1 6.12323e-17 0
      outer loop
         vertex -0.1188 0.0067623 -0.00704635
         vertex -0.1188 0.0182386 0.00987989
         vertex -0.1188 0.0210401 0.00775027
      endloop
   endfacet
   facet normal -1 6.12323e-17 0
      outer loop
         vertex -0.1188 -0.0119794 -0.0183228
         vertex -0.1188 -0.0117683 -0.0196104
         vertex -0.1188 -0.0317402 -0.0240065
      endloop
   endfacet
   facet normal -1 6.12323e-17 0
      outer loop
         vertex -0.1188 -0.00959292 -0.00972765
         vertex -0.1188 -0.0103251 -0.0108076
         vertex -0.1188 -0.0278479 -0.0002645
      endloop
   endfacet
   facet normal -1 6.12323e-17 0
      outer loop
         vertex -0.1188 -0.007801 -0.00783595
         vertex -0.1188 -0.0210401 0.00775027
         vertex -0.1188 -0.0182386 0.00987989
      endloop
   endfacet
   facet normal -1 6.12323e-17 0
      outer loop
         vertex -0.1188 -0.00322372 -0.00540922
         vertex -0.1188 -0.00869467 0.0142954
         vertex -0.1188 -0.00525791 0.0150519
      endloop
   endfacet
   facet normal -1 6.12323e-17 0
      outer loop
         vertex -0.1188 0.00564432 -0.0276663
         vertex -0.1188 0.0152233 -0.0457341
         vertex -0.1188 0.0120295 -0.0472117
      endloop
   endfacet
   facet normal -1 6.12323e-17 0
      outer loop
         vertex -0.1188 -0.00959292 -0.00972765
         vertex -0.1188 -0.025873 0.00264816
         vertex -0.1188 -0.0235949 0.00533023
      endloop
   endfacet
   facet normal -1 6.12323e-17 0
      outer loop
         vertex -0.1188 0.00446016 -0.00582583
         vertex -0.1188 0.0120295 0.0131717
         vertex -0.1188 0.0152233 0.0116941
      endloop
   endfacet
   facet normal -1 6.12323e-17 0
      outer loop
         vertex -0.1188 -0.00564432 -0.00637368
         vertex -0.1188 -0.0152233 0.0116941
         vertex -0.1188 -0.0120295 0.0131717
      endloop
   endfacet
   facet normal -1 6.12323e-17 0
      outer loop
         vertex -0.1188 -0.01205 -0.01702
         vertex -0.1188 -0.0325 -0.01702
         vertex -0.1188 -0.0323095 -0.0135061
      endloop
   endfacet
   facet normal -5.8027e-17 -0.947653 0.319302
      outer loop
         vertex -0.0938 -0.0307987 -0.0066427
         vertex -0.0972 -0.0307987 -0.0066427
         vertex -0.0972 -0.0317402 -0.0100335
      endloop
   endfacet
   facet normal -1.06752e-16 -0.976621 0.21497
      outer loop
         vertex -0.0938 -0.0317402 -0.0100335
         vertex -0.0972 -0.0317402 -0.0100335
         vertex -0.0972 -0.0323095 -0.0135061
      endloop
   endfacet
   facet normal -1.06752e-16 -0.994138 0.108119
      outer loop
         vertex -0.1188 -0.0323095 -0.0135061
         vertex -0.1188 -0.0325 -0.01702
         vertex -0.1154 -0.0324997 -0.0168699
      endloop
   endfacet
   facet normal -6.12323e-17 -1 1.22465e-16
      outer loop
         vertex -0.1188 -0.0325 -0.01702
         vertex -0.0938 -0.0325 -0.01702
         vertex -0.0972 -0.0324997 -0.0168699
      endloop
   endfacet
   facet normal -6.67201e-17 -0.999989 0.0046184
      outer loop
         vertex -0.0972 -0.0324997 -0.0168699
         vertex -0.1154 -0.0324997 -0.0168699
         vertex -0.1188 -0.0325 -0.01702
      endloop
   endfacet
   facet normal -6.08734e-17 -0.994138 0.108119
      outer loop
         vertex -0.0938 -0.0323095 -0.0135061
         vertex -0.0972 -0.0323095 -0.0135061
         vertex -0.0972 -0.0324997 -0.0168699
      endloop
   endfacet
   facet normal -6.67201e-17 -0.999989 0.0046184
      outer loop
         vertex -0.0972 -0.0324997 -0.0168699
         vertex -0.0938 -0.0325 -0.01702
         vertex -0.0938 -0.0323095 -0.0135061
      endloop
   endfacet
   facet normal -5.33761e-17 -0.976621 0.21497
      outer loop
         vertex -0.1154 -0.0317402 -0.0100335
         vertex -0.1188 -0.0317402 -0.0100335
         vertex -0.1188 -0.0323095 -0.0135061
      endloop
   endfacet
   facet normal -5.33761e-17 -0.947653 0.319302
      outer loop
         vertex -0.1154 -0.0307987 -0.0066427
         vertex -0.1188 -0.0307987 -0.0066427
         vertex -0.1188 -0.0317402 -0.0100335
      endloop
   endfacet
   facet normal -4.87466e-17 -0.796093 0.605174
      outer loop
         vertex -0.0938 -0.025873 0.00264816
         vertex -0.0972 -0.025873 0.00264816
         vertex -0.0972 -0.0278479 -0.0002645
      endloop
   endfacet
   facet normal 0 -0.856857 0.515554
      outer loop
         vertex -0.0938 -0.0278479 -0.0002645
         vertex -0.0972 -0.0278479 -0.0002645
         vertex -0.0972 -0.0294962 -0.0033736
      endloop
   endfacet
   facet normal -5.8027e-17 -0.947653 0.319302
      outer loop
         vertex -0.0938 -0.0307987 -0.0066427
         vertex -0.0938 -0.0294962 -0.0033736
         vertex -0.0972 -0.030591 -0.00604551
      endloop
   endfacet
   facet normal -1.06752e-16 -0.907575 0.419889
      outer loop
         vertex -0.1188 -0.0294962 -0.0033736
         vertex -0.1154 -0.030591 -0.00604551
         vertex -0.1154 -0.0304883 -0.00576342
      endloop
   endfacet
   facet normal -5.33761e-17 -0.938103 0.346356
      outer loop
         vertex -0.0972 -0.0304883 -0.00576342
         vertex -0.1154 -0.0304883 -0.00576342
         vertex -0.1154 -0.030591 -0.00604551
      endloop
   endfacet
   facet normal -5.76357e-17 -0.941262 0.337677
      outer loop
         vertex -0.1154 -0.030591 -0.00604551
         vertex -0.0972 -0.030591 -0.00604551
         vertex -0.0972 -0.0304883 -0.00576342
      endloop
   endfacet
   facet normal -1.06752e-16 -0.907575 0.419889
      outer loop
         vertex -0.0938 -0.0294962 -0.0033736
         vertex -0.0972 -0.0294962 -0.0033736
         vertex -0.0972 -0.0304883 -0.00576342
      endloop
   endfacet
   facet normal -5.33761e-17 -0.938103 0.346356
      outer loop
         vertex -0.0972 -0.0304883 -0.00576342
         vertex -0.0972 -0.030591 -0.00604551
         vertex -0.0938 -0.0294962 -0.0033736
      endloop
   endfacet
   facet normal -5.33761e-17 -0.938103 0.346356
      outer loop
         vertex -0.1154 -0.0304883 -0.00576342
         vertex -0.1154 -0.0294962 -0.0033736
         vertex -0.1188 -0.0294962 -0.0033736
      endloop
   endfacet
   facet normal -5.33761e-17 -0.947653 0.319302
      outer loop
         vertex -0.1188 -0.0307987 -0.0066427
         vertex -0.1154 -0.0307987 -0.0066427
         vertex -0.1154 -0.030591 -0.00604551
      endloop
   endfacet
   facet normal -5.76357e-17 -0.941262 0.337677
      outer loop
         vertex -0.1154 -0.030591 -0.00604551
         vertex -0.1188 -0.0294962 -0.0033736
         vertex -0.1188 -0.0307987 -0.0066427
      endloop
   endfacet
   facet normal -5.33761e-17 -0.856857 0.515554
      outer loop
         vertex -0.1154 -0.0278479 -0.0002645
         vertex -0.1188 -0.0278479 -0.0002645
         vertex -0.1188 -0.0294962 -0.0033736
      endloop
   endfacet
   facet normal -5.33761e-17 -0.796093 0.605174
      outer loop
         vertex -0.1154 -0.025873 0.00264816
         vertex -0.1188 -0.025873 0.00264816
         vertex -0.1188 -0.0278479 -0.0002645
      endloop
   endfacet
   facet normal -3.43628e-17 -0.561187 0.827689
      outer loop
         vertex -0.0938 -0.0182386 0.00987989
         vertex -0.0972 -0.0182386 0.00987989
         vertex -0.0972 -0.0210401 0.00775027
      endloop
   endfacet
   facet normal 0 -0.647386 0.762162
      outer loop
         vertex -0.0938 -0.0210401 0.00775027
         vertex -0.0972 -0.0210401 0.00775027
         vertex -0.0972 -0.0235949 0.00533023
      endloop
   endfacet
   facet normal 0 -0.725995 0.687699
      outer loop
         vertex -0.1188 -0.0235949 0.00533023
         vertex -0.1154 -0.0249927 0.00375539
         vertex -0.1154 -0.0247997 0.00398536
      endloop
   endfacet
   facet normal -4.87466e-17 -0.796093 0.605174
      outer loop
         vertex -0.0938 -0.025873 0.00264816
         vertex -0.0972 -0.0247997 0.00398536
         vertex -0.0972 -0.0249927 0.00375539
      endloop
   endfacet
   facet normal -5.33761e-17 -0.763068 0.646319
      outer loop
         vertex -0.0972 -0.0247997 0.00398536
         vertex -0.1154 -0.0247997 0.00398536
         vertex -0.1154 -0.0249927 0.00375539
      endloop
   endfacet
   facet normal -5.33761e-17 -0.769005 0.639243
      outer loop
         vertex -0.1154 -0.0249927 0.00375539
         vertex -0.0972 -0.0249927 0.00375539
         vertex -0.0972 -0.0247997 0.00398536
      endloop
   endfacet
   facet normal -5.33761e-17 -0.769005 0.639243
      outer loop
         vertex -0.0972 -0.0249927 0.00375539
         vertex -0.0972 -0.025873 0.00264816
         vertex -0.0938 -0.025873 0.00264816
      endloop
   endfacet
   facet normal -5.33761e-17 -0.796093 0.605174
      outer loop
         vertex -0.1188 -0.025873 0.00264816
         vertex -0.1154 -0.025873 0.00264816
         vertex -0.1154 -0.0249927 0.00375539
      endloop
   endfacet
   facet normal -5.33761e-17 -0.769005 0.639243
      outer loop
         vertex -0.1154 -0.0249927 0.00375539
         vertex -0.1188 -0.0235949 0.00533023
         vertex -0.1188 -0.025873 0.00264816
      endloop
   endfacet
   facet normal -4.44544e-17 -0.725995 0.687699
      outer loop
         vertex -0.0938 -0.0235949 0.00533023
         vertex -0.0972 -0.0235949 0.00533023
         vertex -0.0972 -0.0247997 0.00398536
      endloop
   endfacet
   facet normal -5.33761e-17 -0.763068 0.646319
      outer loop
         vertex -0.0972 -0.0247997 0.00398536
         vertex -0.0938 -0.025873 0.00264816
         vertex -0.0938 -0.0235949 0.00533023
      endloop
   endfacet
   facet normal -4.00321e-17 -0.647386 0.762162
      outer loop
         vertex -0.1154 -0.0210401 0.00775027
         vertex -0.1188 -0.0210401 0.00775027
         vertex -0.1188 -0.0235949 0.00533023
      endloop
   endfacet
   facet normal -4.00321e-17 -0.561187 0.827689
      outer loop
         vertex -0.1154 -0.0182386 0.00987989
         vertex -0.1188 -0.0182386 0.00987989
         vertex -0.1188 -0.0210401 0.00775027
      endloop
   endfacet
   facet normal -1.63814e-17 -0.267528 0.96355
      outer loop
         vertex -0.0938 -0.00869467 0.0142954
         vertex -0.0972 -0.00869467 0.0142954
         vertex -0.0972 -0.0120295 0.0131717
      endloop
   endfacet
   facet normal 0 -0.370138 0.928977
      outer loop
         vertex -0.0938 -0.0120295 0.0131717
         vertex -0.0972 -0.0120295 0.0131717
         vertex -0.0972 -0.0152233 0.0116941
      endloop
   endfacet
   facet normal 0 -0.468408 0.883512
      outer loop
         vertex -0.1188 -0.0152233 0.0116941
         vertex -0.1188 -0.0182386 0.00987989
         vertex -0.1154 -0.0161198 0.0112006
      endloop
   endfacet
   facet normal -3.43628e-17 -0.561187 0.827689
      outer loop
         vertex -0.0938 -0.0182386 0.00987989
         vertex -0.0972 -0.0161198 0.0112006
         vertex -0.0972 -0.0163798 0.0110505
      endloop
   endfacet
   facet normal -2.66881e-17 -0.495995 0.868325
      outer loop
         vertex -0.1154 -0.0161198 0.0112006
         vertex -0.1154 -0.0163798 0.0110505
         vertex -0.0972 -0.0163798 0.0110505
      endloop
   endfacet
   facet normal 0 -0.503994 0.863707
      outer loop
         vertex -0.0972 -0.0163798 0.0110505
         vertex -0.0972 -0.0161198 0.0112006
         vertex -0.1154 -0.0161198 0.0112006
      endloop
   endfacet
   facet normal -4.00321e-17 -0.561187 0.827689
      outer loop
         vertex -0.1188 -0.0182386 0.00987989
         vertex -0.1154 -0.0182386 0.00987989
         vertex -0.1154 -0.0163798 0.0110505
      endloop
   endfacet
   facet normal 0 -0.503994 0.863707
      outer loop
         vertex -0.1154 -0.0163798 0.0110505
         vertex -0.1154 -0.0161198 0.0112006
         vertex -0.1188 -0.0182386 0.00987989
      endloop
   endfacet
   facet normal 0 -0.503994 0.863707
      outer loop
         vertex -0.0972 -0.0163798 0.0110505
         vertex -0.0972 -0.0182386 0.00987989
         vertex -0.0938 -0.0182386 0.00987989
      endloop
   endfacet
   facet normal -2.86817e-17 -0.468408 0.883512
      outer loop
         vertex -0.0938 -0.0152233 0.0116941
         vertex -0.0972 -0.0152233 0.0116941
         vertex -0.0972 -0.0161198 0.0112006
      endloop
   endfacet
   facet normal -2.66881e-17 -0.495995 0.868325
      outer loop
         vertex -0.0972 -0.0161198 0.0112006
         vertex -0.0938 -0.0182386 0.00987989
         vertex -0.0938 -0.0152233 0.0116941
      endloop
   endfacet
   facet normal -2.66881e-17 -0.370138 0.928977
      outer loop
         vertex -0.1154 -0.0120295 0.0131717
         vertex -0.1188 -0.0120295 0.0131717
         vertex -0.1188 -0.0152233 0.0116941
      endloop
   endfacet
   facet normal -1.3344e-17 -0.267528 0.96355
      outer loop
         vertex -0.1154 -0.00869467 0.0142954
         vertex -0.1188 -0.00869467 0.0142954
         vertex -0.1188 -0.0120295 0.0131717
      endloop
   endfacet
   facet normal 0 0.161782 0.986827
      outer loop
         vertex -0.0972 0.00525791 0.0150519
         vertex -0.0972 0.00175951 0.0154323
         vertex -0.0938 0.003175 0.0152784
      endloop
   endfacet
   facet normal 0 0.0541389 0.998533
      outer loop
         vertex -0.0972 0.00175951 0.0154323
         vertex -0.0938 0.00175951 0.0154323
         vertex -0.0938 0.003175 0.0152784
      endloop
   endfacet
   facet normal 0 0.0541389 0.998533
      outer loop
         vertex -0.0938 0.00175951 0.0154323
         vertex -0.0972 0.00175951 0.0154323
         vertex -0.0972 -0.00175951 0.0154323
      endloop
   endfacet
   facet normal 0 -0.0541389 0.998533
      outer loop
         vertex -0.0938 -0.00175951 0.0154323
         vertex -0.0972 -0.00175951 0.0154323
         vertex -0.0972 -0.00525791 0.0150519
      endloop
   endfacet
   facet normal -1.63814e-17 -0.267528 0.96355
      outer loop
         vertex -0.0938 -0.00869467 0.0142954
         vertex -0.0938 -0.00525791 0.0150519
         vertex -0.0972 -0.00579132 0.0149598
      endloop
   endfacet
   facet normal 0 -0.161782 0.986827
      outer loop
         vertex -0.1188 -0.00525791 0.0150519
         vertex -0.1154 -0.00579132 0.0149598
         vertex -0.1154 -0.00549569 0.015012
      endloop
   endfacet
   facet normal -1.3344e-17 -0.169098 0.985599
      outer loop
         vertex -0.1154 -0.00549569 0.015012
         vertex -0.1154 -0.00579132 0.0149598
         vertex -0.0972 -0.00579132 0.0149598
      endloop
   endfacet
   facet normal 0 -0.178195 0.983995
      outer loop
         vertex -0.0972 -0.00579132 0.0149598
         vertex -0.0972 -0.00549569 0.015012
         vertex -0.1154 -0.00549569 0.015012
      endloop
   endfacet
   facet normal 0 -0.161782 0.986827
      outer loop
         vertex -0.0938 -0.00525791 0.0150519
         vertex -0.0972 -0.00525791 0.0150519
         vertex -0.0972 -0.00549569 0.015012
      endloop
   endfacet
   facet normal -1.3344e-17 -0.169098 0.985599
      outer loop
         vertex -0.0972 -0.00549569 0.015012
         vertex -0.0972 -0.00579132 0.0149598
         vertex -0.0938 -0.00525791 0.0150519
      endloop
   endfacet
   facet normal -1.3344e-17 -0.169098 0.985599
      outer loop
         vertex -0.1154 -0.00549569 0.015012
         vertex -0.1154 -0.00525791 0.0150519
         vertex -0.1188 -0.00525791 0.0150519
      endloop
   endfacet
   facet normal -1.3344e-17 -0.267528 0.96355
      outer loop
         vertex -0.1188 -0.00869467 0.0142954
         vertex -0.1154 -0.00869467 0.0142954
         vertex -0.1154 -0.00579132 0.0149598
      endloop
   endfacet
   facet normal 0 -0.178195 0.983995
      outer loop
         vertex -0.1154 -0.00579132 0.0149598
         vertex -0.1188 -0.00525791 0.0150519
         vertex -0.1188 -0.00869467 0.0142954
      endloop
   endfacet
   facet normal 0 -0.0541389 0.998533
      outer loop
         vertex -0.1154 -0.00175951 0.0154323
         vertex -0.1188 -0.00175951 0.0154323
         vertex -0.1188 -0.00525791 0.0150519
      endloop
   endfacet
   facet normal 0 0.0541389 0.998533
      outer loop
         vertex -0.1154 0.00175951 0.0154323
         vertex -0.1188 0.00175951 0.0154323
         vertex -0.1188 -0.00175951 0.0154323
      endloop
   endfacet
   facet normal 1.3344e-17 0.161782 0.986827
      outer loop
         vertex -0.1154 0.00525791 0.0150519
         vertex -0.1188 0.00525791 0.0150519
         vertex -0.1188 0.00175951 0.0154323
      endloop
   endfacet
   facet normal 2.86817e-17 0.468408 0.883512
      outer loop
         vertex -0.0938 0.0152233 0.0116941
         vertex -0.0972 0.0152233 0.0116941
         vertex -0.0972 0.0120295 0.0131717
      endloop
   endfacet
   facet normal 0 0.370138 0.928977
      outer loop
         vertex -0.0938 0.0120295 0.0131717
         vertex -0.0972 0.0120295 0.0131717
         vertex -0.0972 0.00869467 0.0142954
      endloop
   endfacet
   facet normal 9.90629e-18 0.161782 0.986827
      outer loop
         vertex -0.0938 0.00525791 0.0150519
         vertex -0.0938 0.00869467 0.0142954
         vertex -0.0972 0.00549569 0.015012
      endloop
   endfacet
   facet normal 1.63814e-17 0.267528 0.96355
      outer loop
         vertex -0.1188 0.00869467 0.0142954
         vertex -0.1154 0.00549569 0.015012
         vertex -0.1154 0.00579132 0.0149598
      endloop
   endfacet
   facet normal 1.3344e-17 0.178195 0.983995
      outer loop
         vertex -0.1154 0.00579132 0.0149598
         vertex -0.1154 0.00549569 0.015012
         vertex -0.0972 0.00549569 0.015012
      endloop
   endfacet
   facet normal 0 0.169098 0.985599
      outer loop
         vertex -0.0972 0.00549569 0.015012
         vertex -0.0972 0.00579132 0.0149598
         vertex -0.1154 0.00579132 0.0149598
      endloop
   endfacet
   facet normal 0 0.267528 0.96355
      outer loop
         vertex -0.0938 0.00869467 0.0142954
         vertex -0.0972 0.00869467 0.0142954
         vertex -0.0972 0.00579132 0.0149598
      endloop
   endfacet
   facet normal 1.3344e-17 0.178195 0.983995
      outer loop
         vertex -0.0972 0.00579132 0.0149598
         vertex -0.0972 0.00549569 0.015012
         vertex -0.0938 0.00869467 0.0142954
      endloop
   endfacet
   facet normal 1.3344e-17 0.178195 0.983995
      outer loop
         vertex -0.1154 0.00579132 0.0149598
         vertex -0.1154 0.00869467 0.0142954
         vertex -0.1188 0.00869467 0.0142954
      endloop
   endfacet
   facet normal 1.3344e-17 0.161782 0.986827
      outer loop
         vertex -0.1188 0.00525791 0.0150519
         vertex -0.1154 0.00525791 0.0150519
         vertex -0.1154 0.00549569 0.015012
      endloop
   endfacet
   facet normal 0 0.169098 0.985599
      outer loop
         vertex -0.1154 0.00549569 0.015012
         vertex -0.1188 0.00869467 0.0142954
         vertex -0.1188 0.00525791 0.0150519
      endloop
   endfacet
   facet normal 2.66881e-17 0.370138 0.928977
      outer loop
         vertex -0.1154 0.0120295 0.0131717
         vertex -0.1188 0.0120295 0.0131717
         vertex -0.1188 0.00869467 0.0142954
      endloop
   endfacet
   facet normal 2.66881e-17 0.468408 0.883512
      outer loop
         vertex -0.1154 0.0152233 0.0116941
         vertex -0.1188 0.0152233 0.0116941
         vertex -0.1188 0.0120295 0.0131717
      endloop
   endfacet
   facet normal 4.44544e-17 0.725995 0.687699
      outer loop
         vertex -0.0938 0.0235949 0.00533023
         vertex -0.0972 0.0235949 0.00533023
         vertex -0.0972 0.0210401 0.00775027
      endloop
   endfacet
   facet normal 0 0.647386 0.762162
      outer loop
         vertex -0.0938 0.0210401 0.00775027
         vertex -0.0972 0.0210401 0.00775027
         vertex -0.0972 0.0182386 0.00987989
      endloop
   endfacet
   facet normal 0 0.561187 0.827689
      outer loop
         vertex -0.1188 0.0182386 0.00987989
         vertex -0.1188 0.0152233 0.0116941
         vertex -0.1154 0.0163798 0.0110505
      endloop
   endfacet
   facet normal 2.86817e-17 0.468408 0.883512
      outer loop
         vertex -0.0938 0.0152233 0.0116941
         vertex -0.0972 0.0163798 0.0110505
         vertex -0.0972 0.0161198 0.0112006
      endloop
   endfacet
   facet normal 0 0.495995 0.868325
      outer loop
         vertex -0.1154 0.0161198 0.0112006
         vertex -0.0972 0.0161198 0.0112006
         vertex -0.0972 0.0163798 0.0110505
      endloop
   endfacet
   facet normal 2.66881e-17 0.503994 0.863707
      outer loop
         vertex -0.0972 0.0163798 0.0110505
         vertex -0.1154 0.0163798 0.0110505
         vertex -0.1154 0.0161198 0.0112006
      endloop
   endfacet
   facet normal 2.66881e-17 0.468408 0.883512
      outer loop
         vertex -0.1188 0.0152233 0.0116941
         vertex -0.1154 0.0152233 0.0116941
         vertex -0.1154 0.0161198 0.0112006
      endloop
   endfacet
   facet normal 0 0.495995 0.868325
      outer loop
         vertex -0.1154 0.0161198 0.0112006
         vertex -0.1154 0.0163798 0.0110505
         vertex -0.1188 0.0152233 0.0116941
      endloop
   endfacet
   facet normal 0 0.495995 0.868325
      outer loop
         vertex -0.0972 0.0161198 0.0112006
         vertex -0.0972 0.0152233 0.0116941
         vertex -0.0938 0.0152233 0.0116941
      endloop
   endfacet
   facet normal 3.43628e-17 0.561187 0.827689
      outer loop
         vertex -0.0938 0.0182386 0.00987989
         vertex -0.0972 0.0182386 0.00987989
         vertex -0.0972 0.0163798 0.0110505
      endloop
   endfacet
   facet normal 2.66881e-17 0.503994 0.863707
      outer loop
         vertex -0.0972 0.0163798 0.0110505
         vertex -0.0938 0.0152233 0.0116941
         vertex -0.0938 0.0182386 0.00987989
      endloop
   endfacet
   facet normal 4.00321e-17 0.647386 0.762162
      outer loop
         vertex -0.1154 0.0210401 0.00775027
         vertex -0.1188 0.0210401 0.00775027
         vertex -0.1188 0.0182386 0.00987989
      endloop
   endfacet
   facet normal 4.00321e-17 0.725995 0.687699
      outer loop
         vertex -0.1154 0.0235949 0.00533023
         vertex -0.1188 0.0235949 0.00533023
         vertex -0.1188 0.0210401 0.00775027
      endloop
   endfacet
   facet normal 5.5573e-17 0.907575 0.419889
      outer loop
         vertex -0.0938 0.0294962 -0.0033736
         vertex -0.0972 0.0294962 -0.0033736
         vertex -0.0972 0.0278479 -0.0002645
      endloop
   endfacet
   facet normal 0 0.856857 0.515554
      outer loop
         vertex -0.0938 0.0278479 -0.0002645
         vertex -0.0972 0.0278479 -0.0002645
         vertex -0.0972 0.025873 0.00264816
      endloop
   endfacet
   facet normal 4.44544e-17 0.725995 0.687699
      outer loop
         vertex -0.0938 0.0235949 0.00533023
         vertex -0.0938 0.025873 0.00264816
         vertex -0.0972 0.0247997 0.00398536
      endloop
   endfacet
   facet normal 0 0.796093 0.605174
      outer loop
         vertex -0.1188 0.025873 0.00264816
         vertex -0.1154 0.0247997 0.00398536
         vertex -0.1154 0.0249927 0.00375539
      endloop
   endfacet
   facet normal 5.33761e-17 0.769005 0.639243
      outer loop
         vertex -0.1154 0.0249927 0.00375539
         vertex -0.1154 0.0247997 0.00398536
         vertex -0.0972 0.0247997 0.00398536
      endloop
   endfacet
   facet normal 0 0.763068 0.646319
      outer loop
         vertex -0.0972 0.0247997 0.00398536
         vertex -0.0972 0.0249927 0.00375539
         vertex -0.1154 0.0249927 0.00375539
      endloop
   endfacet
   facet normal 0 0.796093 0.605174
      outer loop
         vertex -0.0938 0.025873 0.00264816
         vertex -0.0972 0.025873 0.00264816
         vertex -0.0972 0.0249927 0.00375539
      endloop
   endfacet
   facet normal 5.33761e-17 0.769005 0.639243
      outer loop
         vertex -0.0972 0.0249927 0.00375539
         vertex -0.0972 0.0247997 0.00398536
         vertex -0.0938 0.025873 0.00264816
      endloop
   endfacet
   facet normal 5.33761e-17 0.769005 0.639243
      outer loop
         vertex -0.1154 0.0249927 0.00375539
         vertex -0.1154 0.025873 0.00264816
         vertex -0.1188 0.025873 0.00264816
      endloop
   endfacet
   facet normal 4.00321e-17 0.725995 0.687699
      outer loop
         vertex -0.1188 0.0235949 0.00533023
         vertex -0.1154 0.0235949 0.00533023
         vertex -0.1154 0.0247997 0.00398536
      endloop
   endfacet
   facet normal 0 0.763068 0.646319
      outer loop
         vertex -0.1154 0.0247997 0.00398536
         vertex -0.1188 0.025873 0.00264816
         vertex -0.1188 0.0235949 0.00533023
      endloop
   endfacet
   facet normal 5.33761e-17 0.856857 0.515554
      outer loop
         vertex -0.1154 0.0278479 -0.0002645
         vertex -0.1188 0.0278479 -0.0002645
         vertex -0.1188 0.025873 0.00264816
      endloop
   endfacet
   facet normal 5.33761e-17 0.907575 0.419889
      outer loop
         vertex -0.1154 0.0294962 -0.0033736
         vertex -0.1188 0.0294962 -0.0033736
         vertex -0.1188 0.0278479 -0.0002645
      endloop
   endfacet
   facet normal 6.08734e-17 0.994138 0.108119
      outer loop
         vertex -0.0938 0.0323095 -0.0135061
         vertex -0.0972 0.0323095 -0.0135061
         vertex -0.0972 0.0317402 -0.0100335
      endloop
   endfacet
   facet normal 1.06752e-16 0.976621 0.21497
      outer loop
         vertex -0.0938 0.0317402 -0.0100335
         vertex -0.0972 0.0317402 -0.0100335
         vertex -0.0972 0.0307987 -0.0066427
      endloop
   endfacet
   facet normal 5.5573e-17 0.907575 0.419889
      outer loop
         vertex -0.0938 0.0294962 -0.0033736
         vertex -0.0938 0.0307987 -0.0066427
         vertex -0.0972 0.0304883 -0.00576342
      endloop
   endfacet
   facet normal 1.06752e-16 0.947653 0.319302
      outer loop
         vertex -0.1188 0.0307987 -0.0066427
         vertex -0.1154 0.0304883 -0.00576342
         vertex -0.1154 0.030591 -0.00604551
      endloop
   endfacet
   facet normal 1.06752e-16 0.938103 0.346356
      outer loop
         vertex -0.1154 0.0304883 -0.00576342
         vertex -0.0972 0.0304883 -0.00576342
         vertex -0.0972 0.030591 -0.00604551
      endloop
   endfacet
   facet normal 1.06752e-16 0.947653 0.319302
      outer loop
         vertex -0.0938 0.0307987 -0.0066427
         vertex -0.0972 0.0307987 -0.0066427
         vertex -0.0972 0.030591 -0.00604551
      endloop
   endfacet
   facet normal 5.33761e-17 0.941262 0.337677
      outer loop
         vertex -0.0972 0.030591 -0.00604551
         vertex -0.0972 0.0304883 -0.00576342
         vertex -0.0938 0.0307987 -0.0066427
      endloop
   endfacet
   facet normal 5.33761e-17 0.941262 0.337677
      outer loop
         vertex -0.0972 0.030591 -0.00604551
         vertex -0.1154 0.030591 -0.00604551
         vertex -0.1154 0.0304883 -0.00576342
      endloop
   endfacet
   facet normal 5.33761e-17 0.941262 0.337677
      outer loop
         vertex -0.1154 0.030591 -0.00604551
         vertex -0.1154 0.0307987 -0.0066427
         vertex -0.1188 0.0307987 -0.0066427
      endloop
   endfacet
   facet normal 5.33761e-17 0.907575 0.419889
      outer loop
         vertex -0.1188 0.0294962 -0.0033736
         vertex -0.1154 0.0294962 -0.0033736
         vertex -0.1154 0.0304883 -0.00576342
      endloop
   endfacet
   facet normal 1.06752e-16 0.938103 0.346356
      outer loop
         vertex -0.1154 0.0304883 -0.00576342
         vertex -0.1188 0.0307987 -0.0066427
         vertex -0.1188 0.0294962 -0.0033736
      endloop
   endfacet
   facet normal 5.33761e-17 0.976621 0.21497
      outer loop
         vertex -0.1154 0.0317402 -0.0100335
         vertex -0.1188 0.0317402 -0.0100335
         vertex -0.1188 0.0307987 -0.0066427
      endloop
   endfacet
   facet normal 6.67201e-17 0.994138 0.108119
      outer loop
         vertex -0.1154 0.0323095 -0.0135061
         vertex -0.1188 0.0323095 -0.0135061
         vertex -0.1188 0.0317402 -0.0100335
      endloop
   endfacet
   facet normal 6.08734e-17 0.994138 0.108119
      outer loop
         vertex -0.0938 0.0323095 -0.0135061
         vertex -0.0938 0.0325 -0.01702
         vertex -0.0972 0.0324997 -0.0168699
      endloop
   endfacet
   facet normal 6.12323e-17 1 0
      outer loop
         vertex -0.0938 0.0325 -0.01702
         vertex -0.1188 0.0325 -0.01702
         vertex -0.1154 0.0324997 -0.0168699
      endloop
   endfacet
   facet normal 6.12317e-17 0.999989 0.0046184
      outer loop
         vertex -0.1154 0.0324997 -0.0168699
         vertex -0.0972 0.0324997 -0.0168699
         vertex -0.0938 0.0325 -0.01702
      endloop
   endfacet
   facet normal 6.67201e-17 0.994138 0.108119
      outer loop
         vertex -0.1188 0.0323095 -0.0135061
         vertex -0.1154 0.0323095 -0.0135061
         vertex -0.1154 0.0324997 -0.0168699
      endloop
   endfacet
   facet normal 6.12317e-17 0.999989 0.0046184
      outer loop
         vertex -0.1154 0.0324997 -0.0168699
         vertex -0.1188 0.0325 -0.01702
         vertex -0.1188 0.0323095 -0.0135061
      endloop
   endfacet
   facet normal 5.8027e-17 0.947653 -0.319302
      outer loop
         vertex -0.0938 0.0307987 -0.0273973
         vertex -0.0972 0.0307987 -0.0273973
         vertex -0.0972 0.0317402 -0.0240065
      endloop
   endfacet
   facet normal 1.06752e-16 0.976621 -0.21497
      outer loop
         vertex -0.0938 0.0317402 -0.0240065
         vertex -0.0972 0.0317402 -0.0240065
         vertex -0.0972 0.0323095 -0.0205339
      endloop
   endfacet
   facet normal 1.06752e-16 0.994138 -0.108119
      outer loop
         vertex -0.1188 0.0323095 -0.0205339
         vertex -0.1188 0.0325 -0.01702
         vertex -0.1154 0.0324997 -0.0171701
      endloop
   endfacet
   facet normal 6.12323e-17 1 0
      outer loop
         vertex -0.1188 0.0325 -0.01702
         vertex -0.0938 0.0325 -0.01702
         vertex -0.0972 0.0324997 -0.0171701
      endloop
   endfacet
   facet normal 6.67201e-17 0.999989 -0.0046184
      outer loop
         vertex -0.0972 0.0324997 -0.0171701
         vertex -0.0938 0.0325 -0.01702
         vertex -0.0938 0.0323279 -0.020195
      endloop
   endfacet
   facet normal 1.06752e-16 0.995212 -0.0977422
      outer loop
         vertex -0.0938 0.0323279 -0.020195
         vertex -0.0972 0.0323095 -0.0205339
         vertex -0.0972 0.0324997 -0.0171701
      endloop
   endfacet
   facet normal 1.06752e-16 0.995212 -0.0977422
      outer loop
         vertex -0.0938 0.0323279 -0.020195
         vertex -0.0938 0.0323095 -0.0205339
         vertex -0.0972 0.0323095 -0.0205339
      endloop
   endfacet
   facet normal 6.67201e-17 0.999989 -0.0046184
      outer loop
         vertex -0.0972 0.0324997 -0.0171701
         vertex -0.1154 0.0324997 -0.0171701
         vertex -0.1188 0.0325 -0.01702
      endloop
   endfacet
   facet normal 5.33761e-17 0.976621 -0.21497
      outer loop
         vertex -0.1154 0.0317402 -0.0240065
         vertex -0.1188 0.0317402 -0.0240065
         vertex -0.1188 0.0323095 -0.0205339
      endloop
   endfacet
   facet normal 5.33761e-17 0.947653 -0.319302
      outer loop
         vertex -0.1154 0.0307987 -0.0273973
         vertex -0.1188 0.0307987 -0.0273973
         vertex -0.1188 0.0317402 -0.0240065
      endloop
   endfacet
   facet normal 4.87466e-17 0.796093 -0.605174
      outer loop
         vertex -0.0938 0.025873 -0.0366882
         vertex -0.0972 0.025873 -0.0366882
         vertex -0.0972 0.0278479 -0.0337755
      endloop
   endfacet
   facet normal 0 0.856857 -0.515554
      outer loop
         vertex -0.0938 0.0278479 -0.0337755
         vertex -0.0972 0.0278479 -0.0337755
         vertex -0.0972 0.0294962 -0.0306664
      endloop
   endfacet
   facet normal 1.06752e-16 0.907575 -0.419889
      outer loop
         vertex -0.1188 0.0294962 -0.0306664
         vertex -0.1188 0.0307987 -0.0273973
         vertex -0.1154 0.0304883 -0.0282766
      endloop
   endfacet
   facet normal 5.8027e-17 0.947653 -0.319302
      outer loop
         vertex -0.0938 0.0307987 -0.0273973
         vertex -0.0938 0.0294962 -0.0306664
         vertex -0.0972 0.030591 -0.0279945
      endloop
   endfacet
   facet normal 1.06752e-16 0.941262 -0.337677
      outer loop
         vertex -0.1154 0.030591 -0.0279945
         vertex -0.0972 0.030591 -0.0279945
         vertex -0.0972 0.0304883 -0.0282766
      endloop
   endfacet
   facet normal 1.06752e-16 0.907575 -0.419889
      outer loop
         vertex -0.0938 0.0294962 -0.0306664
         vertex -0.0972 0.0294962 -0.0306664
         vertex -0.0972 0.0304883 -0.0282766
      endloop
   endfacet
   facet normal 5.33761e-17 0.938103 -0.346356
      outer loop
         vertex -0.0972 0.0304883 -0.0282766
         vertex -0.0972 0.030591 -0.0279945
         vertex -0.0938 0.0294962 -0.0306664
      endloop
   endfacet
   facet normal 5.33761e-17 0.938103 -0.346356
      outer loop
         vertex -0.0972 0.0304883 -0.0282766
         vertex -0.1154 0.0304883 -0.0282766
         vertex -0.1154 0.030591 -0.0279945
      endloop
   endfacet
   facet normal 5.33761e-17 0.947653 -0.319302
      outer loop
         vertex -0.1188 0.0307987 -0.0273973
         vertex -0.1154 0.0307987 -0.0273973
         vertex -0.1154 0.030591 -0.0279945
      endloop
   endfacet
   facet normal 1.06752e-16 0.941262 -0.337677
      outer loop
         vertex -0.1154 0.030591 -0.0279945
         vertex -0.1154 0.0304883 -0.0282766
         vertex -0.1188 0.0307987 -0.0273973
      endloop
   endfacet
   facet normal 1.06752e-16 0.941262 -0.337677
      outer loop
         vertex -0.0972 0.030591 -0.0279945
         vertex -0.0972 0.0307987 -0.0273973
         vertex -0.0938 0.0307987 -0.0273973
      endloop
   endfacet
   facet normal 5.33761e-17 0.856857 -0.515554
      outer loop
         vertex -0.1154 0.0278479 -0.0337755
         vertex -0.1188 0.0278479 -0.0337755
         vertex -0.1188 0.0294962 -0.0306664
      endloop
   endfacet
   facet normal 5.33761e-17 0.796093 -0.605174
      outer loop
         vertex -0.1154 0.025873 -0.0366882
         vertex -0.1188 0.025873 -0.0366882
         vertex -0.1188 0.0278479 -0.0337755
      endloop
   endfacet
   facet normal 3.43628e-17 0.561187 -0.827689
      outer loop
         vertex -0.0938 0.0182386 -0.0439199
         vertex -0.0972 0.0182386 -0.0439199
         vertex -0.0972 0.0210401 -0.0417903
      endloop
   endfacet
   facet normal 0 0.647386 -0.762162
      outer loop
         vertex -0.0938 0.0210401 -0.0417903
         vertex -0.0972 0.0210401 -0.0417903
         vertex -0.0972 0.0235949 -0.0393702
      endloop
   endfacet
   facet normal 0 0.725995 -0.687699
      outer loop
         vertex -0.1188 0.0235949 -0.0393702
         vertex -0.1188 0.025873 -0.0366882
         vertex -0.1154 0.0247997 -0.0380254
      endloop
   endfacet
   facet normal 4.87466e-17 0.796093 -0.605174
      outer loop
         vertex -0.0938 0.025873 -0.0366882
         vertex -0.0938 0.0235949 -0.0393702
         vertex -0.0972 0.0249927 -0.0377954
      endloop
   endfacet
   facet normal 0 0.769005 -0.639243
      outer loop
         vertex -0.1154 0.0249927 -0.0377954
         vertex -0.0972 0.0249927 -0.0377954
         vertex -0.0972 0.0247997 -0.0380254
      endloop
   endfacet
   facet normal 0 0.725995 -0.687699
      outer loop
         vertex -0.0938 0.0235949 -0.0393702
         vertex -0.0972 0.0235949 -0.0393702
         vertex -0.0972 0.0247997 -0.0380254
      endloop
   endfacet
   facet normal 5.33761e-17 0.763068 -0.646319
      outer loop
         vertex -0.0972 0.0247997 -0.0380254
         vertex -0.0972 0.0249927 -0.0377954
         vertex -0.0938 0.0235949 -0.0393702
      endloop
   endfacet
   facet normal 5.33761e-17 0.763068 -0.646319
      outer loop
         vertex -0.0972 0.0247997 -0.0380254
         vertex -0.1154 0.0247997 -0.0380254
         vertex -0.1154 0.0249927 -0.0377954
      endloop
   endfacet
   facet normal 5.33761e-17 0.796093 -0.605174
      outer loop
         vertex -0.1188 0.025873 -0.0366882
         vertex -0.1154 0.025873 -0.0366882
         vertex -0.1154 0.0249927 -0.0377954
      endloop
   endfacet
   facet normal 0 0.769005 -0.639243
      outer loop
         vertex -0.1154 0.0249927 -0.0377954
         vertex -0.1154 0.0247997 -0.0380254
         vertex -0.1188 0.025873 -0.0366882
      endloop
   endfacet
   facet normal 0 0.769005 -0.639243
      outer loop
         vertex -0.0972 0.0249927 -0.0377954
         vertex -0.0972 0.025873 -0.0366882
         vertex -0.0938 0.025873 -0.0366882
      endloop
   endfacet
   facet normal 4.00321e-17 0.647386 -0.762162
      outer loop
         vertex -0.1154 0.0210401 -0.0417903
         vertex -0.1188 0.0210401 -0.0417903
         vertex -0.1188 0.0235949 -0.0393702
      endloop
   endfacet
   facet normal 4.00321e-17 0.561187 -0.827689
      outer loop
         vertex -0.1154 0.0182386 -0.0439199
         vertex -0.1188 0.0182386 -0.0439199
         vertex -0.1188 0.0210401 -0.0417903
      endloop
   endfacet
   facet normal 1.63814e-17 0.267528 -0.96355
      outer loop
         vertex -0.0938 0.00869467 -0.0483354
         vertex -0.0972 0.00869467 -0.0483354
         vertex -0.0972 0.0120295 -0.0472117
      endloop
   endfacet
   facet normal 0 0.370138 -0.928977
      outer loop
         vertex -0.0938 0.0120295 -0.0472117
         vertex -0.0972 0.0120295 -0.0472117
         vertex -0.0972 0.0152233 -0.0457341
      endloop
   endfacet
   facet normal 3.43628e-17 0.561187 -0.827689
      outer loop
         vertex -0.0938 0.0182386 -0.0439199
         vertex -0.0938 0.0152233 -0.0457341
         vertex -0.0972 0.0163798 -0.0450905
      endloop
   endfacet
   facet normal 0 0.468408 -0.883512
      outer loop
         vertex -0.1188 0.0152233 -0.0457341
         vertex -0.1188 0.0182386 -0.0439199
         vertex -0.1154 0.0161198 -0.0452406
      endloop
   endfacet
   facet normal 0 0.503994 -0.863707
      outer loop
         vertex -0.1154 0.0163798 -0.0450905
         vertex -0.0972 0.0163798 -0.0450905
         vertex -0.0972 0.0161198 -0.0452406
      endloop
   endfacet
   facet normal 0 0.468408 -0.883512
      outer loop
         vertex -0.0938 0.0152233 -0.0457341
         vertex -0.0972 0.0152233 -0.0457341
         vertex -0.0972 0.0161198 -0.0452406
      endloop
   endfacet
   facet normal 2.66881e-17 0.495995 -0.868325
      outer loop
         vertex -0.0972 0.0161198 -0.0452406
         vertex -0.0972 0.0163798 -0.0450905
         vertex -0.0938 0.0152233 -0.0457341
      endloop
   endfacet
   facet normal 4.00321e-17 0.561187 -0.827689
      outer loop
         vertex -0.1188 0.0182386 -0.0439199
         vertex -0.1154 0.0182386 -0.0439199
         vertex -0.1154 0.0163798 -0.0450905
      endloop
   endfacet
   facet normal 0 0.503994 -0.863707
      outer loop
         vertex -0.1154 0.0163798 -0.0450905
         vertex -0.1154 0.0161198 -0.0452406
         vertex -0.1188 0.0182386 -0.0439199
      endloop
   endfacet
   facet normal 2.66881e-17 0.495995 -0.868325
      outer loop
         vertex -0.0972 0.0161198 -0.0452406
         vertex -0.1154 0.0161198 -0.0452406
         vertex -0.1154 0.0163798 -0.0450905
      endloop
   endfacet
   facet normal 2.66881e-17 0.495995 -0.868325
      outer loop
         vertex -0.1154 0.0161198 -0.0452406
         vertex -0.1154 0.0152233 -0.0457341
         vertex -0.1188 0.0152233 -0.0457341
      endloop
   endfacet
   facet normal 2.66881e-17 0.370138 -0.928977
      outer loop
         vertex -0.1154 0.0120295 -0.0472117
         vertex -0.1188 0.0120295 -0.0472117
         vertex -0.1188 0.0152233 -0.0457341
      endloop
   endfacet
   facet normal 1.3344e-17 0.267528 -0.96355
      outer loop
         vertex -0.1154 0.00869467 -0.0483354
         vertex -0.1188 0.00869467 -0.0483354
         vertex -0.1188 0.0120295 -0.0472117
      endloop
   endfacet
   facet normal -9.90629e-18 -0.161782 -0.986827
      outer loop
         vertex -0.0938 -0.00525791 -0.0490919
         vertex -0.0972 -0.00525791 -0.0490919
         vertex -0.0972 -0.00175951 -0.0494723
      endloop
   endfacet
   facet normal 0 -0.0541389 -0.998533
      outer loop
         vertex -0.0938 -0.00175951 -0.0494723
         vertex -0.0972 -0.00175951 -0.0494723
         vertex -0.0972 0.00175951 -0.0494723
      endloop
   endfacet
   facet normal 0 0.161782 -0.986827
      outer loop
         vertex -0.0972 0.00525791 -0.0490919
         vertex -0.0938 0.00525791 -0.0490919
         vertex -0.0938 0.003175 -0.0493184
      endloop
   endfacet
   facet normal 0 0.0978306 -0.995203
      outer loop
         vertex -0.0938 0.003175 -0.0493184
         vertex -0.0972 0.00175951 -0.0494723
         vertex -0.0972 0.00525791 -0.0490919
      endloop
   endfacet
   facet normal 1.63814e-17 0.267528 -0.96355
      outer loop
         vertex -0.0938 0.00869467 -0.0483354
         vertex -0.0938 0.00525791 -0.0490919
         vertex -0.0972 0.00579132 -0.0489998
      endloop
   endfacet
   facet normal 9.90629e-18 0.161782 -0.986827
      outer loop
         vertex -0.1188 0.00525791 -0.0490919
         vertex -0.1154 0.00579132 -0.0489998
         vertex -0.1154 0.00549569 -0.049052
      endloop
   endfacet
   facet normal 0 0.178195 -0.983995
      outer loop
         vertex -0.1154 0.00579132 -0.0489998
         vertex -0.0972 0.00579132 -0.0489998
         vertex -0.0972 0.00549569 -0.049052
      endloop
   endfacet
   facet normal 0 0.161782 -0.986827
      outer loop
         vertex -0.0938 0.00525791 -0.0490919
         vertex -0.0972 0.00525791 -0.0490919
         vertex -0.0972 0.00549569 -0.049052
      endloop
   endfacet
   facet normal 1.3344e-17 0.169098 -0.985599
      outer loop
         vertex -0.0972 0.00549569 -0.049052
         vertex -0.0972 0.00579132 -0.0489998
         vertex -0.0938 0.00525791 -0.0490919
      endloop
   endfacet
   facet normal 1.3344e-17 0.169098 -0.985599
      outer loop
         vertex -0.0972 0.00549569 -0.049052
         vertex -0.1154 0.00549569 -0.049052
         vertex -0.1154 0.00579132 -0.0489998
      endloop
   endfacet
   facet normal 1.3344e-17 0.169098 -0.985599
      outer loop
         vertex -0.1154 0.00549569 -0.049052
         vertex -0.1154 0.00525791 -0.0490919
         vertex -0.1188 0.00525791 -0.0490919
      endloop
   endfacet
   facet normal 1.3344e-17 0.267528 -0.96355
      outer loop
         vertex -0.1188 0.00869467 -0.0483354
         vertex -0.1154 0.00869467 -0.0483354
         vertex -0.1154 0.00579132 -0.0489998
      endloop
   endfacet
   facet normal 0 0.178195 -0.983995
      outer loop
         vertex -0.1154 0.00579132 -0.0489998
         vertex -0.1188 0.00525791 -0.0490919
         vertex -0.1188 0.00869467 -0.0483354
      endloop
   endfacet
   facet normal 0 0.0541389 -0.998533
      outer loop
         vertex -0.1154 0.00175951 -0.0494723
         vertex -0.1188 0.00175951 -0.0494723
         vertex -0.1188 0.00525791 -0.0490919
      endloop
   endfacet
   facet normal 0 -0.0541389 -0.998533
      outer loop
         vertex -0.1154 -0.00175951 -0.0494723
         vertex -0.1188 -0.00175951 -0.0494723
         vertex -0.1188 0.00175951 -0.0494723
      endloop
   endfacet
   facet normal -1.3344e-17 -0.161782 -0.986827
      outer loop
         vertex -0.1154 -0.00525791 -0.0490919
         vertex -0.1188 -0.00525791 -0.0490919
         vertex -0.1188 -0.00175951 -0.0494723
      endloop
   endfacet
   facet normal -2.86817e-17 -0.468408 -0.883512
      outer loop
         vertex -0.0938 -0.0152233 -0.0457341
         vertex -0.0972 -0.0152233 -0.0457341
         vertex -0.0972 -0.0120295 -0.0472117
      endloop
   endfacet
   facet normal 0 -0.370138 -0.928977
      outer loop
         vertex -0.0938 -0.0120295 -0.0472117
         vertex -0.0972 -0.0120295 -0.0472117
         vertex -0.0972 -0.00869467 -0.0483354
      endloop
   endfacet
   facet normal -9.90629e-18 -0.161782 -0.986827
      outer loop
         vertex -0.0938 -0.00525791 -0.0490919
         vertex -0.0938 -0.00869467 -0.0483354
         vertex -0.0972 -0.00549569 -0.049052
      endloop
   endfacet
   facet normal 0 -0.267528 -0.96355
      outer loop
         vertex -0.1188 -0.00869467 -0.0483354
         vertex -0.1154 -0.00549569 -0.049052
         vertex -0.1154 -0.00579132 -0.0489998
      endloop
   endfacet
   facet normal 0 -0.169098 -0.985599
      outer loop
         vertex -0.1154 -0.00549569 -0.049052
         vertex -0.0972 -0.00549569 -0.049052
         vertex -0.0972 -0.00579132 -0.0489998
      endloop
   endfacet
   facet normal 0 -0.267528 -0.96355
      outer loop
         vertex -0.0938 -0.00869467 -0.0483354
         vertex -0.0972 -0.00869467 -0.0483354
         vertex -0.0972 -0.00579132 -0.0489998
      endloop
   endfacet
   facet normal -1.3344e-17 -0.178195 -0.983995
      outer loop
         vertex -0.0972 -0.00579132 -0.0489998
         vertex -0.0972 -0.00549569 -0.049052
         vertex -0.0938 -0.00869467 -0.0483354
      endloop
   endfacet
   facet normal -1.3344e-17 -0.178195 -0.983995
      outer loop
         vertex -0.0972 -0.00579132 -0.0489998
         vertex -0.1154 -0.00579132 -0.0489998
         vertex -0.1154 -0.00549569 -0.049052
      endloop
   endfacet
   facet normal -1.3344e-17 -0.178195 -0.983995
      outer loop
         vertex -0.1154 -0.00579132 -0.0489998
         vertex -0.1154 -0.00869467 -0.0483354
         vertex -0.1188 -0.00869467 -0.0483354
      endloop
   endfacet
   facet normal -1.3344e-17 -0.161782 -0.986827
      outer loop
         vertex -0.1188 -0.00525791 -0.0490919
         vertex -0.1154 -0.00525791 -0.0490919
         vertex -0.1154 -0.00549569 -0.049052
      endloop
   endfacet
   facet normal 0 -0.169098 -0.985599
      outer loop
         vertex -0.1154 -0.00549569 -0.049052
         vertex -0.1188 -0.00869467 -0.0483354
         vertex -0.1188 -0.00525791 -0.0490919
      endloop
   endfacet
   facet normal -2.66881e-17 -0.370138 -0.928977
      outer loop
         vertex -0.1154 -0.0120295 -0.0472117
         vertex -0.1188 -0.0120295 -0.0472117
         vertex -0.1188 -0.00869467 -0.0483354
      endloop
   endfacet
   facet normal -2.66881e-17 -0.468408 -0.883512
      outer loop
         vertex -0.1154 -0.0152233 -0.0457341
         vertex -0.1188 -0.0152233 -0.0457341
         vertex -0.1188 -0.0120295 -0.0472117
      endloop
   endfacet
   facet normal -4.44544e-17 -0.725995 -0.687699
      outer loop
         vertex -0.0938 -0.0235949 -0.0393702
         vertex -0.0972 -0.0235949 -0.0393702
         vertex -0.0972 -0.0210401 -0.0417903
      endloop
   endfacet
   facet normal 0 -0.647386 -0.762162
      outer loop
         vertex -0.0938 -0.0210401 -0.0417903
         vertex -0.0972 -0.0210401 -0.0417903
         vertex -0.0972 -0.0182386 -0.0439199
      endloop
   endfacet
   facet normal -2.86817e-17 -0.468408 -0.883512
      outer loop
         vertex -0.0938 -0.0152233 -0.0457341
         vertex -0.0938 -0.0182386 -0.0439199
         vertex -0.0972 -0.0161198 -0.0452406
      endloop
   endfacet
   facet normal 0 -0.561187 -0.827689
      outer loop
         vertex -0.1188 -0.0182386 -0.0439199
         vertex -0.1154 -0.0161198 -0.0452406
         vertex -0.1154 -0.0163798 -0.0450905
      endloop
   endfacet
   facet normal 0 -0.495995 -0.868325
      outer loop
         vertex -0.1154 -0.0161198 -0.0452406
         vertex -0.0972 -0.0161198 -0.0452406
         vertex -0.0972 -0.0163798 -0.0450905
      endloop
   endfacet
   facet normal 0 -0.561187 -0.827689
      outer loop
         vertex -0.0938 -0.0182386 -0.0439199
         vertex -0.0972 -0.0182386 -0.0439199
         vertex -0.0972 -0.0163798 -0.0450905
      endloop
   endfacet
   facet normal -2.66881e-17 -0.503994 -0.863707
      outer loop
         vertex -0.0972 -0.0163798 -0.0450905
         vertex -0.0972 -0.0161198 -0.0452406
         vertex -0.0938 -0.0182386 -0.0439199
      endloop
   endfacet
   facet normal -2.66881e-17 -0.503994 -0.863707
      outer loop
         vertex -0.0972 -0.0163798 -0.0450905
         vertex -0.1154 -0.0163798 -0.0450905
         vertex -0.1154 -0.0161198 -0.0452406
      endloop
   endfacet
   facet normal -2.66881e-17 -0.503994 -0.863707
      outer loop
         vertex -0.1154 -0.0163798 -0.0450905
         vertex -0.1154 -0.0182386 -0.0439199
         vertex -0.1188 -0.0182386 -0.0439199
      endloop
   endfacet
   facet normal -2.66881e-17 -0.468408 -0.883512
      outer loop
         vertex -0.1188 -0.0152233 -0.0457341
         vertex -0.1154 -0.0152233 -0.0457341
         vertex -0.1154 -0.0161198 -0.0452406
      endloop
   endfacet
   facet normal 0 -0.495995 -0.868325
      outer loop
         vertex -0.1154 -0.0161198 -0.0452406
         vertex -0.1188 -0.0182386 -0.0439199
         vertex -0.1188 -0.0152233 -0.0457341
      endloop
   endfacet
   facet normal -4.00321e-17 -0.647386 -0.762162
      outer loop
         vertex -0.1154 -0.0210401 -0.0417903
         vertex -0.1188 -0.0210401 -0.0417903
         vertex -0.1188 -0.0182386 -0.0439199
      endloop
   endfacet
   facet normal -4.00321e-17 -0.725995 -0.687699
      outer loop
         vertex -0.1154 -0.0235949 -0.0393702
         vertex -0.1188 -0.0235949 -0.0393702
         vertex -0.1188 -0.0210401 -0.0417903
      endloop
   endfacet
   facet normal -5.5573e-17 -0.907575 -0.419889
      outer loop
         vertex -0.0938 -0.0294962 -0.0306664
         vertex -0.0972 -0.0294962 -0.0306664
         vertex -0.0972 -0.0278479 -0.0337755
      endloop
   endfacet
   facet normal 0 -0.856857 -0.515554
      outer loop
         vertex -0.0938 -0.0278479 -0.0337755
         vertex -0.0972 -0.0278479 -0.0337755
         vertex -0.0972 -0.025873 -0.0366882
      endloop
   endfacet
   facet normal -4.44544e-17 -0.725995 -0.687699
      outer loop
         vertex -0.0938 -0.0235949 -0.0393702
         vertex -0.0938 -0.025873 -0.0366882
         vertex -0.0972 -0.0247997 -0.0380254
      endloop
   endfacet
   facet normal 0 -0.796093 -0.605174
      outer loop
         vertex -0.1188 -0.025873 -0.0366882
         vertex -0.1188 -0.0235949 -0.0393702
         vertex -0.1154 -0.0249927 -0.0377954
      endloop
   endfacet
   facet normal 0 -0.763068 -0.646319
      outer loop
         vertex -0.1154 -0.0247997 -0.0380254
         vertex -0.0972 -0.0247997 -0.0380254
         vertex -0.0972 -0.0249927 -0.0377954
      endloop
   endfacet
   facet normal 0 -0.796093 -0.605174
      outer loop
         vertex -0.0938 -0.025873 -0.0366882
         vertex -0.0972 -0.025873 -0.0366882
         vertex -0.0972 -0.0249927 -0.0377954
      endloop
   endfacet
   facet normal -5.33761e-17 -0.769005 -0.639243
      outer loop
         vertex -0.0972 -0.0249927 -0.0377954
         vertex -0.0972 -0.0247997 -0.0380254
         vertex -0.0938 -0.025873 -0.0366882
      endloop
   endfacet
   facet normal -4.00321e-17 -0.725995 -0.687699
      outer loop
         vertex -0.1188 -0.0235949 -0.0393702
         vertex -0.1154 -0.0235949 -0.0393702
         vertex -0.1154 -0.0247997 -0.0380254
      endloop
   endfacet
   facet normal 0 -0.763068 -0.646319
      outer loop
         vertex -0.1154 -0.0247997 -0.0380254
         vertex -0.1154 -0.0249927 -0.0377954
         vertex -0.1188 -0.0235949 -0.0393702
      endloop
   endfacet
   facet normal -5.33761e-17 -0.769005 -0.639243
      outer loop
         vertex -0.0972 -0.0249927 -0.0377954
         vertex -0.1154 -0.0249927 -0.0377954
         vertex -0.1154 -0.0247997 -0.0380254
      endloop
   endfacet
   facet normal -5.33761e-17 -0.769005 -0.639243
      outer loop
         vertex -0.1154 -0.0249927 -0.0377954
         vertex -0.1154 -0.025873 -0.0366882
         vertex -0.1188 -0.025873 -0.0366882
      endloop
   endfacet
   facet normal -5.33761e-17 -0.856857 -0.515554
      outer loop
         vertex -0.1154 -0.0278479 -0.0337755
         vertex -0.1188 -0.0278479 -0.0337755
         vertex -0.1188 -0.025873 -0.0366882
      endloop
   endfacet
   facet normal -5.33761e-17 -0.907575 -0.419889
      outer loop
         vertex -0.1154 -0.0294962 -0.0306664
         vertex -0.1188 -0.0294962 -0.0306664
         vertex -0.1188 -0.0278479 -0.0337755
      endloop
   endfacet
   facet normal -6.08734e-17 -0.994138 -0.108119
      outer loop
         vertex -0.0938 -0.0323095 -0.0205339
         vertex -0.0972 -0.0323095 -0.0205339
         vertex -0.0972 -0.0317402 -0.0240065
      endloop
   endfacet
   facet normal -1.06752e-16 -0.976621 -0.21497
      outer loop
         vertex -0.0938 -0.0317402 -0.0240065
         vertex -0.0972 -0.0317402 -0.0240065
         vertex -0.0972 -0.0307987 -0.0273973
      endloop
   endfacet
   facet normal -5.5573e-17 -0.907575 -0.419889
      outer loop
         vertex -0.0938 -0.0294962 -0.0306664
         vertex -0.0938 -0.0307987 -0.0273973
         vertex -0.0972 -0.0304883 -0.0282766
      endloop
   endfacet
   facet normal -1.06752e-16 -0.947653 -0.319302
      outer loop
         vertex -0.1188 -0.0307987 -0.0273973
         vertex -0.1188 -0.0294962 -0.0306664
         vertex -0.1154 -0.030591 -0.0279945
      endloop
   endfacet
   facet normal -1.06752e-16 -0.938103 -0.346356
      outer loop
         vertex -0.1154 -0.0304883 -0.0282766
         vertex -0.0972 -0.0304883 -0.0282766
         vertex -0.0972 -0.030591 -0.0279945
      endloop
   endfacet
   facet normal -1.06752e-16 -0.947653 -0.319302
      outer loop
         vertex -0.0938 -0.0307987 -0.0273973
         vertex -0.0972 -0.0307987 -0.0273973
         vertex -0.0972 -0.030591 -0.0279945
      endloop
   endfacet
   facet normal -5.33761e-17 -0.941262 -0.337677
      outer loop
         vertex -0.0972 -0.030591 -0.0279945
         vertex -0.0972 -0.0304883 -0.0282766
         vertex -0.0938 -0.0307987 -0.0273973
      endloop
   endfacet
   facet normal -5.33761e-17 -0.907575 -0.419889
      outer loop
         vertex -0.1188 -0.0294962 -0.0306664
         vertex -0.1154 -0.0294962 -0.0306664
         vertex -0.1154 -0.0304883 -0.0282766
      endloop
   endfacet
   facet normal -1.06752e-16 -0.938103 -0.346356
      outer loop
         vertex -0.1154 -0.0304883 -0.0282766
         vertex -0.1154 -0.030591 -0.0279945
         vertex -0.1188 -0.0294962 -0.0306664
      endloop
   endfacet
   facet normal -5.33761e-17 -0.941262 -0.337677
      outer loop
         vertex -0.0972 -0.030591 -0.0279945
         vertex -0.1154 -0.030591 -0.0279945
         vertex -0.1154 -0.0304883 -0.0282766
      endloop
   endfacet
   facet normal -5.33761e-17 -0.941262 -0.337677
      outer loop
         vertex -0.1154 -0.030591 -0.0279945
         vertex -0.1154 -0.0307987 -0.0273973
         vertex -0.1188 -0.0307987 -0.0273973
      endloop
   endfacet
   facet normal -5.33761e-17 -0.976621 -0.21497
      outer loop
         vertex -0.1154 -0.0317402 -0.0240065
         vertex -0.1188 -0.0317402 -0.0240065
         vertex -0.1188 -0.0307987 -0.0273973
      endloop
   endfacet
   facet normal -6.67201e-17 -0.994138 -0.108119
      outer loop
         vertex -0.1154 -0.0323095 -0.0205339
         vertex -0.1188 -0.0323095 -0.0205339
         vertex -0.1188 -0.0317402 -0.0240065
      endloop
   endfacet
   facet normal -1.06752e-16 -0.999989 -0.0046184
      outer loop
         vertex -0.0972 -0.0324997 -0.0171701
         vertex -0.0972 -0.0323095 -0.0205339
         vertex -0.0938 -0.0323279 -0.020195
      endloop
   endfacet
   facet normal -6.08734e-17 -0.994138 -0.108119
      outer loop
         vertex -0.0972 -0.0323095 -0.0205339
         vertex -0.0938 -0.0323095 -0.0205339
         vertex -0.0938 -0.0323279 -0.020195
      endloop
   endfacet
   facet normal -6.12323e-17 -1 1.22465e-16
      outer loop
         vertex -0.0938 -0.0325 -0.01702
         vertex -0.1188 -0.0325 -0.01702
         vertex -0.1154 -0.0324997 -0.0171701
      endloop
   endfacet
   facet normal -1.06752e-16 -0.999989 -0.0046184
      outer loop
         vertex -0.1154 -0.0324997 -0.0171701
         vertex -0.0972 -0.0324997 -0.0171701
         vertex -0.0938 -0.0325 -0.01702
      endloop
   endfacet
   facet normal -6.67201e-17 -0.994138 -0.108119
      outer loop
         vertex -0.1188 -0.0323095 -0.0205339
         vertex -0.1154 -0.0323095 -0.0205339
         vertex -0.1154 -0.0324997 -0.0171701
      endloop
   endfacet
   facet normal -1.06752e-16 -0.999989 -0.0046184
      outer loop
         vertex -0.1154 -0.0324997 -0.0171701
         vertex -0.1188 -0.0325 -0.01702
         vertex -0.1188 -0.0323095 -0.0205339
      endloop
   endfacet
   facet normal -1.06752e-16 -0.995212 -0.0977422
      outer loop
         vertex -0.0938 -0.0323279 -0.020195
         vertex -0.0938 -0.0325 -0.01702
         vertex -0.0972 -0.0324997 -0.0171701
      endloop
   endfacet
   facet normal -5.33761e-17 -0.976621 -0.21497
      outer loop
         vertex -0.1188 -0.0317402 -0.0240065
         vertex -0.1154 -0.0317402 -0.0240065
         vertex -0.1154 -0.0323095 -0.0205339
      endloop
   endfacet
   facet normal -1.06752e-16 -0.947653 -0.319302
      outer loop
         vertex -0.1188 -0.0307987 -0.0273973
         vertex -0.1154 -0.0307987 -0.0273973
         vertex -0.1154 -0.0317402 -0.0240065
      endloop
   endfacet
   facet normal -1.06752e-16 -0.938103 -0.346356
      outer loop
         vertex -0.0972 -0.0304883 -0.0282766
         vertex -0.0972 -0.0294962 -0.0306664
         vertex -0.0938 -0.0294962 -0.0306664
      endloop
   endfacet
   facet normal -1.06752e-16 -0.947653 -0.319302
      outer loop
         vertex -0.0972 -0.0307987 -0.0273973
         vertex -0.0938 -0.0307987 -0.0273973
         vertex -0.0938 -0.0317402 -0.0240065
      endloop
   endfacet
   facet normal -1.06752e-16 -0.976621 -0.21497
      outer loop
         vertex -0.0972 -0.0317402 -0.0240065
         vertex -0.0938 -0.0317402 -0.0240065
         vertex -0.0938 -0.0323095 -0.0205339
      endloop
   endfacet
   facet normal -5.33761e-17 -0.856857 -0.515554
      outer loop
         vertex -0.1188 -0.0278479 -0.0337755
         vertex -0.1154 -0.0278479 -0.0337755
         vertex -0.1154 -0.0294962 -0.0306664
      endloop
   endfacet
   facet normal 0 -0.796093 -0.605174
      outer loop
         vertex -0.1188 -0.025873 -0.0366882
         vertex -0.1154 -0.025873 -0.0366882
         vertex -0.1154 -0.0278479 -0.0337755
      endloop
   endfacet
   facet normal 0 -0.763068 -0.646319
      outer loop
         vertex -0.0972 -0.0247997 -0.0380254
         vertex -0.0972 -0.0235949 -0.0393702
         vertex -0.0938 -0.0235949 -0.0393702
      endloop
   endfacet
   facet normal 0 -0.796093 -0.605174
      outer loop
         vertex -0.0972 -0.025873 -0.0366882
         vertex -0.0938 -0.025873 -0.0366882
         vertex -0.0938 -0.0278479 -0.0337755
      endloop
   endfacet
   facet normal 0 -0.856857 -0.515554
      outer loop
         vertex -0.0972 -0.0278479 -0.0337755
         vertex -0.0938 -0.0278479 -0.0337755
         vertex -0.0938 -0.0294962 -0.0306664
      endloop
   endfacet
   facet normal -4.00321e-17 -0.647386 -0.762162
      outer loop
         vertex -0.1188 -0.0210401 -0.0417903
         vertex -0.1154 -0.0210401 -0.0417903
         vertex -0.1154 -0.0235949 -0.0393702
      endloop
   endfacet
   facet normal 0 -0.561187 -0.827689
      outer loop
         vertex -0.1188 -0.0182386 -0.0439199
         vertex -0.1154 -0.0182386 -0.0439199
         vertex -0.1154 -0.0210401 -0.0417903
      endloop
   endfacet
   facet normal 0 -0.495995 -0.868325
      outer loop
         vertex -0.0972 -0.0161198 -0.0452406
         vertex -0.0972 -0.0152233 -0.0457341
         vertex -0.0938 -0.0152233 -0.0457341
      endloop
   endfacet
   facet normal 0 -0.561187 -0.827689
      outer loop
         vertex -0.0972 -0.0182386 -0.0439199
         vertex -0.0938 -0.0182386 -0.0439199
         vertex -0.0938 -0.0210401 -0.0417903
      endloop
   endfacet
   facet normal 0 -0.647386 -0.762162
      outer loop
         vertex -0.0972 -0.0210401 -0.0417903
         vertex -0.0938 -0.0210401 -0.0417903
         vertex -0.0938 -0.0235949 -0.0393702
      endloop
   endfacet
   facet normal -2.66881e-17 -0.370138 -0.928977
      outer loop
         vertex -0.1188 -0.0120295 -0.0472117
         vertex -0.1154 -0.0120295 -0.0472117
         vertex -0.1154 -0.0152233 -0.0457341
      endloop
   endfacet
   facet normal 0 -0.267528 -0.96355
      outer loop
         vertex -0.1188 -0.00869467 -0.0483354
         vertex -0.1154 -0.00869467 -0.0483354
         vertex -0.1154 -0.0120295 -0.0472117
      endloop
   endfacet
   facet normal 0 -0.169098 -0.985599
      outer loop
         vertex -0.0972 -0.00549569 -0.049052
         vertex -0.0972 -0.00525791 -0.0490919
         vertex -0.0938 -0.00525791 -0.0490919
      endloop
   endfacet
   facet normal 0 -0.267528 -0.96355
      outer loop
         vertex -0.0972 -0.00869467 -0.0483354
         vertex -0.0938 -0.00869467 -0.0483354
         vertex -0.0938 -0.0120295 -0.0472117
      endloop
   endfacet
   facet normal 0 -0.370138 -0.928977
      outer loop
         vertex -0.0972 -0.0120295 -0.0472117
         vertex -0.0938 -0.0120295 -0.0472117
         vertex -0.0938 -0.0152233 -0.0457341
      endloop
   endfacet
   facet normal 0 -0.0541389 -0.998533
      outer loop
         vertex -0.1188 -0.00175951 -0.0494723
         vertex -0.1154 -0.00175951 -0.0494723
         vertex -0.1154 -0.00525791 -0.0490919
      endloop
   endfacet
   facet normal 0 0.0541389 -0.998533
      outer loop
         vertex -0.1188 0.00175951 -0.0494723
         vertex -0.1154 0.00175951 -0.0494723
         vertex -0.1154 -0.00175951 -0.0494723
      endloop
   endfacet
   facet normal 9.90629e-18 0.161782 -0.986827
      outer loop
         vertex -0.1188 0.00525791 -0.0490919
         vertex -0.1154 0.00525791 -0.0490919
         vertex -0.1154 0.00175951 -0.0494723
      endloop
   endfacet
   facet normal 0 0.178195 -0.983995
      outer loop
         vertex -0.0972 0.00579132 -0.0489998
         vertex -0.0972 0.00869467 -0.0483354
         vertex -0.0938 0.00869467 -0.0483354
      endloop
   endfacet
   facet normal 0 0.0978306 -0.995203
      outer loop
         vertex -0.0938 0.003175 -0.0493184
         vertex -0.0938 0.00175951 -0.0494723
         vertex -0.0972 0.00175951 -0.0494723
      endloop
   endfacet
   facet normal 0 0.0541389 -0.998533
      outer loop
         vertex -0.0972 0.00175951 -0.0494723
         vertex -0.0938 0.00175951 -0.0494723
         vertex -0.0938 -0.00175951 -0.0494723
      endloop
   endfacet
   facet normal 0 -0.0541389 -0.998533
      outer loop
         vertex -0.0972 -0.00175951 -0.0494723
         vertex -0.0938 -0.00175951 -0.0494723
         vertex -0.0938 -0.00525791 -0.0490919
      endloop
   endfacet
   facet normal 2.66881e-17 0.370138 -0.928977
      outer loop
         vertex -0.1188 0.0120295 -0.0472117
         vertex -0.1154 0.0120295 -0.0472117
         vertex -0.1154 0.00869467 -0.0483354
      endloop
   endfacet
   facet normal 0 0.468408 -0.883512
      outer loop
         vertex -0.1188 0.0152233 -0.0457341
         vertex -0.1154 0.0152233 -0.0457341
         vertex -0.1154 0.0120295 -0.0472117
      endloop
   endfacet
   facet normal 0 0.503994 -0.863707
      outer loop
         vertex -0.0972 0.0163798 -0.0450905
         vertex -0.0972 0.0182386 -0.0439199
         vertex -0.0938 0.0182386 -0.0439199
      endloop
   endfacet
   facet normal 0 0.468408 -0.883512
      outer loop
         vertex -0.0972 0.0152233 -0.0457341
         vertex -0.0938 0.0152233 -0.0457341
         vertex -0.0938 0.0120295 -0.0472117
      endloop
   endfacet
   facet normal 0 0.370138 -0.928977
      outer loop
         vertex -0.0972 0.0120295 -0.0472117
         vertex -0.0938 0.0120295 -0.0472117
         vertex -0.0938 0.00869467 -0.0483354
      endloop
   endfacet
   facet normal 4.00321e-17 0.647386 -0.762162
      outer loop
         vertex -0.1188 0.0210401 -0.0417903
         vertex -0.1154 0.0210401 -0.0417903
         vertex -0.1154 0.0182386 -0.0439199
      endloop
   endfacet
   facet normal 0 0.725995 -0.687699
      outer loop
         vertex -0.1188 0.0235949 -0.0393702
         vertex -0.1154 0.0235949 -0.0393702
         vertex -0.1154 0.0210401 -0.0417903
      endloop
   endfacet
   facet normal 5.33761e-17 0.763068 -0.646319
      outer loop
         vertex -0.1154 0.0247997 -0.0380254
         vertex -0.1154 0.0235949 -0.0393702
         vertex -0.1188 0.0235949 -0.0393702
      endloop
   endfacet
   facet normal 0 0.725995 -0.687699
      outer loop
         vertex -0.0972 0.0235949 -0.0393702
         vertex -0.0938 0.0235949 -0.0393702
         vertex -0.0938 0.0210401 -0.0417903
      endloop
   endfacet
   facet normal 0 0.647386 -0.762162
      outer loop
         vertex -0.0972 0.0210401 -0.0417903
         vertex -0.0938 0.0210401 -0.0417903
         vertex -0.0938 0.0182386 -0.0439199
      endloop
   endfacet
   facet normal 5.33761e-17 0.856857 -0.515554
      outer loop
         vertex -0.1188 0.0278479 -0.0337755
         vertex -0.1154 0.0278479 -0.0337755
         vertex -0.1154 0.025873 -0.0366882
      endloop
   endfacet
   facet normal 1.06752e-16 0.907575 -0.419889
      outer loop
         vertex -0.1188 0.0294962 -0.0306664
         vertex -0.1154 0.0294962 -0.0306664
         vertex -0.1154 0.0278479 -0.0337755
      endloop
   endfacet
   facet normal 5.33761e-17 0.938103 -0.346356
      outer loop
         vertex -0.1154 0.0304883 -0.0282766
         vertex -0.1154 0.0294962 -0.0306664
         vertex -0.1188 0.0294962 -0.0306664
      endloop
   endfacet
   facet normal 1.06752e-16 0.907575 -0.419889
      outer loop
         vertex -0.0972 0.0294962 -0.0306664
         vertex -0.0938 0.0294962 -0.0306664
         vertex -0.0938 0.0278479 -0.0337755
      endloop
   endfacet
   facet normal 0 0.856857 -0.515554
      outer loop
         vertex -0.0972 0.0278479 -0.0337755
         vertex -0.0938 0.0278479 -0.0337755
         vertex -0.0938 0.025873 -0.0366882
      endloop
   endfacet
   facet normal 5.33761e-17 0.976621 -0.21497
      outer loop
         vertex -0.1188 0.0317402 -0.0240065
         vertex -0.1154 0.0317402 -0.0240065
         vertex -0.1154 0.0307987 -0.0273973
      endloop
   endfacet
   facet normal 1.06752e-16 0.994138 -0.108119
      outer loop
         vertex -0.1188 0.0323095 -0.0205339
         vertex -0.1154 0.0323095 -0.0205339
         vertex -0.1154 0.0317402 -0.0240065
      endloop
   endfacet
   facet normal 6.67201e-17 0.999989 -0.0046184
      outer loop
         vertex -0.1154 0.0324997 -0.0171701
         vertex -0.1154 0.0323095 -0.0205339
         vertex -0.1188 0.0323095 -0.0205339
      endloop
   endfacet
   facet normal 1.06752e-16 0.994138 -0.108119
      outer loop
         vertex -0.0972 0.0323095 -0.0205339
         vertex -0.0938 0.0323095 -0.0205339
         vertex -0.0938 0.0317402 -0.0240065
      endloop
   endfacet
   facet normal 1.06752e-16 0.976621 -0.21497
      outer loop
         vertex -0.0972 0.0317402 -0.0240065
         vertex -0.0938 0.0317402 -0.0240065
         vertex -0.0938 0.0307987 -0.0273973
      endloop
   endfacet
   facet normal 6.12317e-17 0.999989 0.0046184
      outer loop
         vertex -0.0972 0.0324997 -0.0168699
         vertex -0.0972 0.0323095 -0.0135061
         vertex -0.0938 0.0323095 -0.0135061
      endloop
   endfacet
   facet normal 5.33761e-17 0.976621 0.21497
      outer loop
         vertex -0.1188 0.0317402 -0.0100335
         vertex -0.1154 0.0317402 -0.0100335
         vertex -0.1154 0.0323095 -0.0135061
      endloop
   endfacet
   facet normal 1.06752e-16 0.947653 0.319302
      outer loop
         vertex -0.1188 0.0307987 -0.0066427
         vertex -0.1154 0.0307987 -0.0066427
         vertex -0.1154 0.0317402 -0.0100335
      endloop
   endfacet
   facet normal 1.06752e-16 0.938103 0.346356
      outer loop
         vertex -0.0972 0.0304883 -0.00576342
         vertex -0.0972 0.0294962 -0.0033736
         vertex -0.0938 0.0294962 -0.0033736
      endloop
   endfacet
   facet normal 1.06752e-16 0.947653 0.319302
      outer loop
         vertex -0.0972 0.0307987 -0.0066427
         vertex -0.0938 0.0307987 -0.0066427
         vertex -0.0938 0.0317402 -0.0100335
      endloop
   endfacet
   facet normal 1.06752e-16 0.976621 0.21497
      outer loop
         vertex -0.0972 0.0317402 -0.0100335
         vertex -0.0938 0.0317402 -0.0100335
         vertex -0.0938 0.0323095 -0.0135061
      endloop
   endfacet
   facet normal 5.33761e-17 0.856857 0.515554
      outer loop
         vertex -0.1188 0.0278479 -0.0002645
         vertex -0.1154 0.0278479 -0.0002645
         vertex -0.1154 0.0294962 -0.0033736
      endloop
   endfacet
   facet normal 0 0.796093 0.605174
      outer loop
         vertex -0.1188 0.025873 0.00264816
         vertex -0.1154 0.025873 0.00264816
         vertex -0.1154 0.0278479 -0.0002645
      endloop
   endfacet
   facet normal 0 0.763068 0.646319
      outer loop
         vertex -0.0972 0.0247997 0.00398536
         vertex -0.0972 0.0235949 0.00533023
         vertex -0.0938 0.0235949 0.00533023
      endloop
   endfacet
   facet normal 0 0.796093 0.605174
      outer loop
         vertex -0.0972 0.025873 0.00264816
         vertex -0.0938 0.025873 0.00264816
         vertex -0.0938 0.0278479 -0.0002645
      endloop
   endfacet
   facet normal 0 0.856857 0.515554
      outer loop
         vertex -0.0972 0.0278479 -0.0002645
         vertex -0.0938 0.0278479 -0.0002645
         vertex -0.0938 0.0294962 -0.0033736
      endloop
   endfacet
   facet normal 4.00321e-17 0.647386 0.762162
      outer loop
         vertex -0.1188 0.0210401 0.00775027
         vertex -0.1154 0.0210401 0.00775027
         vertex -0.1154 0.0235949 0.00533023
      endloop
   endfacet
   facet normal 0 0.561187 0.827689
      outer loop
         vertex -0.1188 0.0182386 0.00987989
         vertex -0.1154 0.0182386 0.00987989
         vertex -0.1154 0.0210401 0.00775027
      endloop
   endfacet
   facet normal 2.66881e-17 0.503994 0.863707
      outer loop
         vertex -0.1154 0.0163798 0.0110505
         vertex -0.1154 0.0182386 0.00987989
         vertex -0.1188 0.0182386 0.00987989
      endloop
   endfacet
   facet normal 0 0.561187 0.827689
      outer loop
         vertex -0.0972 0.0182386 0.00987989
         vertex -0.0938 0.0182386 0.00987989
         vertex -0.0938 0.0210401 0.00775027
      endloop
   endfacet
   facet normal 0 0.647386 0.762162
      outer loop
         vertex -0.0972 0.0210401 0.00775027
         vertex -0.0938 0.0210401 0.00775027
         vertex -0.0938 0.0235949 0.00533023
      endloop
   endfacet
   facet normal 2.66881e-17 0.370138 0.928977
      outer loop
         vertex -0.1188 0.0120295 0.0131717
         vertex -0.1154 0.0120295 0.0131717
         vertex -0.1154 0.0152233 0.0116941
      endloop
   endfacet
   facet normal 1.63814e-17 0.267528 0.96355
      outer loop
         vertex -0.1188 0.00869467 0.0142954
         vertex -0.1154 0.00869467 0.0142954
         vertex -0.1154 0.0120295 0.0131717
      endloop
   endfacet
   facet normal 0 0.169098 0.985599
      outer loop
         vertex -0.0972 0.00549569 0.015012
         vertex -0.0972 0.00525791 0.0150519
         vertex -0.0938 0.00525791 0.0150519
      endloop
   endfacet
   facet normal 0 0.267528 0.96355
      outer loop
         vertex -0.0972 0.00869467 0.0142954
         vertex -0.0938 0.00869467 0.0142954
         vertex -0.0938 0.0120295 0.0131717
      endloop
   endfacet
   facet normal 0 0.370138 0.928977
      outer loop
         vertex -0.0972 0.0120295 0.0131717
         vertex -0.0938 0.0120295 0.0131717
         vertex -0.0938 0.0152233 0.0116941
      endloop
   endfacet
   facet normal 0 0.0541389 0.998533
      outer loop
         vertex -0.1188 0.00175951 0.0154323
         vertex -0.1154 0.00175951 0.0154323
         vertex -0.1154 0.00525791 0.0150519
      endloop
   endfacet
   facet normal 0 -0.0541389 0.998533
      outer loop
         vertex -0.1188 -0.00175951 0.0154323
         vertex -0.1154 -0.00175951 0.0154323
         vertex -0.1154 0.00175951 0.0154323
      endloop
   endfacet
   facet normal 0 -0.161782 0.986827
      outer loop
         vertex -0.1188 -0.00525791 0.0150519
         vertex -0.1154 -0.00525791 0.0150519
         vertex -0.1154 -0.00175951 0.0154323
      endloop
   endfacet
   facet normal 0 -0.178195 0.983995
      outer loop
         vertex -0.0972 -0.00579132 0.0149598
         vertex -0.0972 -0.00869467 0.0142954
         vertex -0.0938 -0.00869467 0.0142954
      endloop
   endfacet
   facet normal 0 -0.161782 0.986827
      outer loop
         vertex -0.0972 -0.00525791 0.0150519
         vertex -0.0938 -0.00525791 0.0150519
         vertex -0.0938 -0.00175951 0.0154323
      endloop
   endfacet
   facet normal 0 -0.0541389 0.998533
      outer loop
         vertex -0.0972 -0.00175951 0.0154323
         vertex -0.0938 -0.00175951 0.0154323
         vertex -0.0938 0.00175951 0.0154323
      endloop
   endfacet
   facet normal 0 0.0978306 0.995203
      outer loop
         vertex -0.0938 0.003175 0.0152784
         vertex -0.0938 0.00525791 0.0150519
         vertex -0.0972 0.00525791 0.0150519
      endloop
   endfacet
   facet normal -2.66881e-17 -0.370138 0.928977
      outer loop
         vertex -0.1188 -0.0120295 0.0131717
         vertex -0.1154 -0.0120295 0.0131717
         vertex -0.1154 -0.00869467 0.0142954
      endloop
   endfacet
   facet normal 0 -0.468408 0.883512
      outer loop
         vertex -0.1188 -0.0152233 0.0116941
         vertex -0.1154 -0.0152233 0.0116941
         vertex -0.1154 -0.0120295 0.0131717
      endloop
   endfacet
   facet normal -2.66881e-17 -0.495995 0.868325
      outer loop
         vertex -0.1154 -0.0161198 0.0112006
         vertex -0.1154 -0.0152233 0.0116941
         vertex -0.1188 -0.0152233 0.0116941
      endloop
   endfacet
   facet normal 0 -0.468408 0.883512
      outer loop
         vertex -0.0972 -0.0152233 0.0116941
         vertex -0.0938 -0.0152233 0.0116941
         vertex -0.0938 -0.0120295 0.0131717
      endloop
   endfacet
   facet normal 0 -0.370138 0.928977
      outer loop
         vertex -0.0972 -0.0120295 0.0131717
         vertex -0.0938 -0.0120295 0.0131717
         vertex -0.0938 -0.00869467 0.0142954
      endloop
   endfacet
   facet normal -4.00321e-17 -0.647386 0.762162
      outer loop
         vertex -0.1188 -0.0210401 0.00775027
         vertex -0.1154 -0.0210401 0.00775027
         vertex -0.1154 -0.0182386 0.00987989
      endloop
   endfacet
   facet normal 0 -0.725995 0.687699
      outer loop
         vertex -0.1188 -0.0235949 0.00533023
         vertex -0.1154 -0.0235949 0.00533023
         vertex -0.1154 -0.0210401 0.00775027
      endloop
   endfacet
   facet normal -5.33761e-17 -0.763068 0.646319
      outer loop
         vertex -0.1154 -0.0247997 0.00398536
         vertex -0.1154 -0.0235949 0.00533023
         vertex -0.1188 -0.0235949 0.00533023
      endloop
   endfacet
   facet normal 0 -0.725995 0.687699
      outer loop
         vertex -0.0972 -0.0235949 0.00533023
         vertex -0.0938 -0.0235949 0.00533023
         vertex -0.0938 -0.0210401 0.00775027
      endloop
   endfacet
   facet normal 0 -0.647386 0.762162
      outer loop
         vertex -0.0972 -0.0210401 0.00775027
         vertex -0.0938 -0.0210401 0.00775027
         vertex -0.0938 -0.0182386 0.00987989
      endloop
   endfacet
   facet normal -5.33761e-17 -0.856857 0.515554
      outer loop
         vertex -0.1188 -0.0278479 -0.0002645
         vertex -0.1154 -0.0278479 -0.0002645
         vertex -0.1154 -0.025873 0.00264816
      endloop
   endfacet
   facet normal -1.06752e-16 -0.907575 0.419889
      outer loop
         vertex -0.1188 -0.0294962 -0.0033736
         vertex -0.1154 -0.0294962 -0.0033736
         vertex -0.1154 -0.0278479 -0.0002645
      endloop
   endfacet
   facet normal -5.76357e-17 -0.941262 0.337677
      outer loop
         vertex -0.0972 -0.030591 -0.00604551
         vertex -0.0972 -0.0307987 -0.0066427
         vertex -0.0938 -0.0307987 -0.0066427
      endloop
   endfacet
   facet normal -1.06752e-16 -0.907575 0.419889
      outer loop
         vertex -0.0972 -0.0294962 -0.0033736
         vertex -0.0938 -0.0294962 -0.0033736
         vertex -0.0938 -0.0278479 -0.0002645
      endloop
   endfacet
   facet normal 0 -0.856857 0.515554
      outer loop
         vertex -0.0972 -0.0278479 -0.0002645
         vertex -0.0938 -0.0278479 -0.0002645
         vertex -0.0938 -0.025873 0.00264816
      endloop
   endfacet
   facet normal -5.33761e-17 -0.976621 0.21497
      outer loop
         vertex -0.1188 -0.0317402 -0.0100335
         vertex -0.1154 -0.0317402 -0.0100335
         vertex -0.1154 -0.0307987 -0.0066427
      endloop
   endfacet
   facet normal -1.06752e-16 -0.994138 0.108119
      outer loop
         vertex -0.1188 -0.0323095 -0.0135061
         vertex -0.1154 -0.0323095 -0.0135061
         vertex -0.1154 -0.0317402 -0.0100335
      endloop
   endfacet
   facet normal -6.67201e-17 -0.999989 0.0046184
      outer loop
         vertex -0.1154 -0.0324997 -0.0168699
         vertex -0.1154 -0.0323095 -0.0135061
         vertex -0.1188 -0.0323095 -0.0135061
      endloop
   endfacet
   facet normal -1.06752e-16 -0.994138 0.108119
      outer loop
         vertex -0.0972 -0.0323095 -0.0135061
         vertex -0.0938 -0.0323095 -0.0135061
         vertex -0.0938 -0.0317402 -0.0100335
      endloop
   endfacet
   facet normal -1.06752e-16 -0.976621 0.21497
      outer loop
         vertex -0.0972 -0.0317402 -0.0100335
         vertex -0.0938 -0.0317402 -0.0100335
         vertex -0.0938 -0.0307987 -0.0066427
      endloop
   endfacet
   facet normal -4.25926e-17 -0.69559 -0.718439
      outer loop
         vertex -0.1154 -0.0324997 -0.0171701
         vertex -0.114638 -0.0317251 -0.01792
         vertex -0.0979621 -0.0317251 -0.01792
      endloop
   endfacet
   facet normal -4.25926e-17 -0.69559 -0.718439
      outer loop
         vertex -0.0979621 -0.0317251 -0.01792
         vertex -0.0972 -0.0324997 -0.0171701
         vertex -0.1154 -0.0324997 -0.0171701
      endloop
   endfacet
   facet normal 0 0 -1
      outer loop
         vertex -0.0979621 -0.0317251 -0.01792
         vertex -0.114638 -0.0317251 -0.01792
         vertex -0.1132 -0.0302866 -0.01792
      endloop
   endfacet
   facet normal 0 0 -1
      outer loop
         vertex -0.1132 -0.0302866 -0.01792
         vertex -0.0994 -0.0302866 -0.01792
         vertex -0.0979621 -0.0317251 -0.01792
      endloop
   endfacet
   facet normal 0.707107 -0.690575 -0.152007
      outer loop
         vertex -0.1154 -0.0317402 -0.0240065
         vertex -0.1132 -0.0295916 -0.0235336
         vertex -0.1132 -0.0300346 -0.0208315
      endloop
   endfacet
   facet normal 0.707107 -0.701481 -0.0890201
      outer loop
         vertex -0.1132 -0.0300346 -0.0208315
         vertex -0.1154 -0.0323095 -0.0205339
         vertex -0.1154 -0.0317402 -0.0240065
      endloop
   endfacet
   facet normal 0.707107 -0.702962 -0.0764517
      outer loop
         vertex -0.1132 -0.0301224 -0.020296
         vertex -0.1132 -0.0302866 -0.01792
         vertex -0.114638 -0.0317251 -0.01792
      endloop
   endfacet
   facet normal 0.707107 -0.706822 -0.0200516
      outer loop
         vertex -0.114638 -0.0317251 -0.01792
         vertex -0.1154 -0.0323095 -0.0205339
         vertex -0.1132 -0.0301224 -0.020296
      endloop
   endfacet
   facet normal 0.707107 -0.68963 -0.15624
      outer loop
         vertex -0.1132 -0.0295423 -0.023713
         vertex -0.1154 -0.0317402 -0.0240065
         vertex -0.114638 -0.0301197 -0.0270249
      endloop
   endfacet
   facet normal 0.707107 -0.671054 -0.222905
      outer loop
         vertex -0.114638 -0.0301197 -0.0270249
         vertex -0.1132 -0.0287679 -0.0265329
         vertex -0.1132 -0.0295423 -0.023713
      endloop
   endfacet
   facet normal 0.707107 -0.690575 -0.152007
      outer loop
         vertex -0.1154 -0.0317402 -0.0240065
         vertex -0.1154 -0.0307987 -0.0273973
         vertex -0.114775 -0.0302045 -0.0271994
      endloop
   endfacet
   facet normal 0.707107 -0.670076 -0.225827
      outer loop
         vertex -0.114775 -0.0302045 -0.0271994
         vertex -0.114638 -0.0301197 -0.0270249
         vertex -0.1154 -0.0317402 -0.0240065
      endloop
   endfacet
   facet normal 0.707107 -0.68963 -0.15624
      outer loop
         vertex -0.1132 -0.0295423 -0.023713
         vertex -0.1132 -0.0295916 -0.0235336
         vertex -0.1154 -0.0317402 -0.0240065
      endloop
   endfacet
   facet normal 0.707107 -0.670076 -0.225827
      outer loop
         vertex -0.114775 -0.0302045 -0.0271994
         vertex -0.1154 -0.0307987 -0.0273973
         vertex -0.1154 -0.030591 -0.0279945
      endloop
   endfacet
   facet normal 0.707107 -0.706822 -0.0200516
      outer loop
         vertex -0.114638 -0.0317251 -0.01792
         vertex -0.1154 -0.0324997 -0.0171701
         vertex -0.1154 -0.0323095 -0.0205339
      endloop
   endfacet
   facet normal 0.707107 -0.701481 -0.0890201
      outer loop
         vertex -0.1132 -0.0300346 -0.0208315
         vertex -0.1132 -0.0301224 -0.020296
         vertex -0.1154 -0.0323095 -0.0205339
      endloop
   endfacet
   facet normal -0.707107 -0.690575 -0.152007
      outer loop
         vertex -0.0972 -0.0317402 -0.0240065
         vertex -0.0972 -0.0323095 -0.0205339
         vertex -0.0994 -0.0300346 -0.0208315
      endloop
   endfacet
   facet normal -0.707107 -0.702962 -0.0764517
      outer loop
         vertex -0.0972 -0.0323095 -0.0205339
         vertex -0.0994 -0.0301224 -0.020296
         vertex -0.0994 -0.0300346 -0.0208315
      endloop
   endfacet
   facet normal -0.707107 -0.690575 -0.152007
      outer loop
         vertex -0.0972 -0.0317402 -0.0240065
         vertex -0.0979621 -0.0301197 -0.0270249
         vertex -0.0978249 -0.0302045 -0.0271994
      endloop
   endfacet
   facet normal -0.707107 -0.68963 -0.15624
      outer loop
         vertex -0.0994 -0.0295423 -0.023713
         vertex -0.0994 -0.0287679 -0.0265329
         vertex -0.0979621 -0.0301197 -0.0270249
      endloop
   endfacet
   facet normal -0.707107 -0.690575 -0.152007
      outer loop
         vertex -0.0972 -0.0317402 -0.0240065
         vertex -0.0994 -0.0295916 -0.0235336
         vertex -0.0994 -0.0295423 -0.023713
      endloop
   endfacet
   facet normal -0.707107 -0.671054 -0.222905
      outer loop
         vertex -0.0979621 -0.0301197 -0.0270249
         vertex -0.0972 -0.0317402 -0.0240065
         vertex -0.0994 -0.0295423 -0.023713
      endloop
   endfacet
   facet normal -0.707107 -0.702962 -0.0764517
      outer loop
         vertex -0.0994 -0.0301224 -0.020296
         vertex -0.0972 -0.0323095 -0.0205339
         vertex -0.0979621 -0.0317251 -0.01792
      endloop
   endfacet
   facet normal -0.707107 -0.702962 -0.0764517
      outer loop
         vertex -0.0972 -0.0323095 -0.0205339
         vertex -0.0972 -0.0324997 -0.0171701
         vertex -0.0979621 -0.0317251 -0.01792
      endloop
   endfacet
   facet normal -0.707107 -0.706822 -0.0200516
      outer loop
         vertex -0.0979621 -0.0317251 -0.01792
         vertex -0.0994 -0.0302866 -0.01792
         vertex -0.0994 -0.0301224 -0.020296
      endloop
   endfacet
   facet normal -0.707107 -0.665573 -0.238773
      outer loop
         vertex -0.0972 -0.030591 -0.0279945
         vertex -0.0972 -0.0307987 -0.0273973
         vertex -0.0978249 -0.0302045 -0.0271994
      endloop
   endfacet
   facet normal -0.707107 -0.670076 -0.225827
      outer loop
         vertex -0.0978249 -0.0302045 -0.0271994
         vertex -0.0972 -0.0307987 -0.0273973
         vertex -0.0972 -0.0317402 -0.0240065
      endloop
   endfacet
   facet normal -0.707107 -0.701481 -0.0890201
      outer loop
         vertex -0.0994 -0.0300346 -0.0208315
         vertex -0.0994 -0.0295916 -0.0235336
         vertex -0.0972 -0.0317402 -0.0240065
      endloop
   endfacet
   facet normal -5.81362e-17 -0.949437 -0.313958
      outer loop
         vertex -0.1132 -0.0287679 -0.0265329
         vertex -0.0994 -0.0287679 -0.0265329
         vertex -0.0994 -0.0295423 -0.023713
      endloop
   endfacet
   facet normal -5.72516e-17 -0.992044 -0.125893
      outer loop
         vertex -0.1132 -0.0300346 -0.0208315
         vertex -0.1132 -0.0295916 -0.0235336
         vertex -0.0994 -0.0295916 -0.0235336
      endloop
   endfacet
   facet normal -5.72516e-17 -0.975284 -0.220956
      outer loop
         vertex -0.0994 -0.0295423 -0.023713
         vertex -0.0994 -0.0295916 -0.0235336
         vertex -0.1132 -0.0295916 -0.0235336
      endloop
   endfacet
   facet normal -5.72516e-17 -0.976621 -0.21497
      outer loop
         vertex -0.1132 -0.0295916 -0.0235336
         vertex -0.1132 -0.0295423 -0.023713
         vertex -0.0994 -0.0295423 -0.023713
      endloop
   endfacet
   facet normal -5.72516e-17 -0.992044 -0.125893
      outer loop
         vertex -0.0994 -0.0300346 -0.0208315
         vertex -0.0994 -0.0301224 -0.020296
         vertex -0.1132 -0.0301224 -0.020296
      endloop
   endfacet
   facet normal -6.4408e-17 -0.994138 -0.108119
      outer loop
         vertex -0.1132 -0.0301224 -0.020296
         vertex -0.0994 -0.0301224 -0.020296
         vertex -0.0994 -0.0302866 -0.01792
      endloop
   endfacet
   facet normal -6.12053e-17 -0.999559 -0.029703
      outer loop
         vertex -0.0994 -0.0302866 -0.01792
         vertex -0.1132 -0.0302866 -0.01792
         vertex -0.1132 -0.0301224 -0.020296
      endloop
   endfacet
   facet normal -6.4408e-17 -0.994138 -0.108119
      outer loop
         vertex -0.1132 -0.0301224 -0.020296
         vertex -0.1132 -0.0300346 -0.0208315
         vertex -0.0994 -0.0300346 -0.0208315
      endloop
   endfacet
   facet normal -5.72516e-17 -0.976621 -0.21497
      outer loop
         vertex -0.0994 -0.0295916 -0.0235336
         vertex -0.0994 -0.0300346 -0.0208315
         vertex -0.1132 -0.0300346 -0.0208315
      endloop
   endfacet
   facet normal -5.72516e-17 -0.975284 -0.220956
      outer loop
         vertex -0.0994 -0.0295423 -0.023713
         vertex -0.1132 -0.0295423 -0.023713
         vertex -0.1132 -0.0287679 -0.0265329
      endloop
   endfacet
   facet normal -2.09427e-17 -0.34202 0.939693
      outer loop
         vertex -0.114638 -0.0301197 -0.0270249
         vertex -0.0979621 -0.0301197 -0.0270249
         vertex -0.0994 -0.0287679 -0.0265329
      endloop
   endfacet
   facet normal -2.09427e-17 -0.34202 0.939693
      outer loop
         vertex -0.0994 -0.0287679 -0.0265329
         vertex -0.1132 -0.0287679 -0.0265329
         vertex -0.114638 -0.0301197 -0.0270249
      endloop
   endfacet
   facet normal -5.507e-17 -0.899361 0.437206
      outer loop
         vertex -0.0978249 -0.0302045 -0.0271994
         vertex -0.0979621 -0.0301197 -0.0270249
         vertex -0.114638 -0.0301197 -0.0270249
      endloop
   endfacet
   facet normal -5.507e-17 -0.899361 0.437206
      outer loop
         vertex -0.114638 -0.0301197 -0.0270249
         vertex -0.114775 -0.0302045 -0.0271994
         vertex -0.0978249 -0.0302045 -0.0271994
      endloop
   endfacet
   facet normal -5.507e-17 -0.899361 0.437206
      outer loop
         vertex -0.1154 -0.030591 -0.0279945
         vertex -0.0972 -0.030591 -0.0279945
         vertex -0.0978249 -0.0302045 -0.0271994
      endloop
   endfacet
   facet normal -5.507e-17 -0.899361 0.437206
      outer loop
         vertex -0.114775 -0.0302045 -0.0271994
         vertex -0.1154 -0.030591 -0.0279945
         vertex -0.0978249 -0.0302045 -0.0271994
      endloop
   endfacet
   facet normal -4.25926e-17 -0.69559 0.718439
      outer loop
         vertex -0.0972 -0.0324997 -0.0168699
         vertex -0.0979621 -0.0317251 -0.01612
         vertex -0.114638 -0.0317251 -0.01612
      endloop
   endfacet
   facet normal -4.25926e-17 -0.69559 0.718439
      outer loop
         vertex -0.114638 -0.0317251 -0.01612
         vertex -0.1154 -0.0324997 -0.0168699
         vertex -0.0972 -0.0324997 -0.0168699
      endloop
   endfacet
   facet normal 0 0 1
      outer loop
         vertex -0.114638 -0.0317251 -0.01612
         vertex -0.0979621 -0.0317251 -0.01612
         vertex -0.0994 -0.0302866 -0.01612
      endloop
   endfacet
   facet normal 0 0 1
      outer loop
         vertex -0.0994 -0.0302866 -0.01612
         vertex -0.1132 -0.0302866 -0.01612
         vertex -0.114638 -0.0317251 -0.01612
      endloop
   endfacet
   facet normal 0.707107 -0.690575 0.152007
      outer loop
         vertex -0.1154 -0.0317402 -0.0100335
         vertex -0.1154 -0.0323095 -0.0135061
         vertex -0.1132 -0.0300346 -0.0132085
      endloop
   endfacet
   facet normal 0.707107 -0.702962 0.0764517
      outer loop
         vertex -0.1154 -0.0323095 -0.0135061
         vertex -0.1132 -0.0301224 -0.013744
         vertex -0.1132 -0.0300346 -0.0132085
      endloop
   endfacet
   facet normal 0.707107 -0.690575 0.152007
      outer loop
         vertex -0.1154 -0.0317402 -0.0100335
         vertex -0.114638 -0.0301197 -0.00701509
         vertex -0.114775 -0.0302045 -0.00684057
      endloop
   endfacet
   facet normal 0.707107 -0.68963 0.15624
      outer loop
         vertex -0.1132 -0.0295423 -0.010327
         vertex -0.1132 -0.0287679 -0.00750709
         vertex -0.114638 -0.0301197 -0.00701509
      endloop
   endfacet
   facet normal 0.707107 -0.690575 0.152007
      outer loop
         vertex -0.1154 -0.0317402 -0.0100335
         vertex -0.1132 -0.0295916 -0.0105064
         vertex -0.1132 -0.0295423 -0.010327
      endloop
   endfacet
   facet normal 0.707107 -0.671054 0.222905
      outer loop
         vertex -0.114638 -0.0301197 -0.00701509
         vertex -0.1154 -0.0317402 -0.0100335
         vertex -0.1132 -0.0295423 -0.010327
      endloop
   endfacet
   facet normal 0.707107 -0.702962 0.0764517
      outer loop
         vertex -0.1132 -0.0301224 -0.013744
         vertex -0.1154 -0.0323095 -0.0135061
         vertex -0.114638 -0.0317251 -0.01612
      endloop
   endfacet
   facet normal 0.707107 -0.702962 0.0764517
      outer loop
         vertex -0.1154 -0.0323095 -0.0135061
         vertex -0.1154 -0.0324997 -0.0168699
         vertex -0.114638 -0.0317251 -0.01612
      endloop
   endfacet
   facet normal 0.707107 -0.706822 0.0200516
      outer loop
         vertex -0.114638 -0.0317251 -0.01612
         vertex -0.1132 -0.0302866 -0.01612
         vertex -0.1132 -0.0301224 -0.013744
      endloop
   endfacet
   facet normal 0.707107 -0.665573 0.238773
      outer loop
         vertex -0.1154 -0.030591 -0.00604551
         vertex -0.1154 -0.0307987 -0.0066427
         vertex -0.114775 -0.0302045 -0.00684057
      endloop
   endfacet
   facet normal 0.707107 -0.670076 0.225827
      outer loop
         vertex -0.114775 -0.0302045 -0.00684057
         vertex -0.1154 -0.0307987 -0.0066427
         vertex -0.1154 -0.0317402 -0.0100335
      endloop
   endfacet
   facet normal 0.707107 -0.701481 0.0890201
      outer loop
         vertex -0.1132 -0.0300346 -0.0132085
         vertex -0.1132 -0.0295916 -0.0105064
         vertex -0.1154 -0.0317402 -0.0100335
      endloop
   endfacet
   facet normal -0.707107 -0.690575 0.152007
      outer loop
         vertex -0.0972 -0.0317402 -0.0100335
         vertex -0.0994 -0.0295916 -0.0105064
         vertex -0.0994 -0.0300346 -0.0132085
      endloop
   endfacet
   facet normal -0.707107 -0.701481 0.0890201
      outer loop
         vertex -0.0994 -0.0300346 -0.0132085
         vertex -0.0972 -0.0323095 -0.0135061
         vertex -0.0972 -0.0317402 -0.0100335
      endloop
   endfacet
   facet normal -0.707107 -0.702962 0.0764517
      outer loop
         vertex -0.0994 -0.0301224 -0.013744
         vertex -0.0994 -0.0302866 -0.01612
         vertex -0.0979621 -0.0317251 -0.01612
      endloop
   endfacet
   facet normal -0.707107 -0.706822 0.0200516
      outer loop
         vertex -0.0979621 -0.0317251 -0.01612
         vertex -0.0972 -0.0323095 -0.0135061
         vertex -0.0994 -0.0301224 -0.013744
      endloop
   endfacet
   facet normal -0.707107 -0.68963 0.15624
      outer loop
         vertex -0.0994 -0.0295423 -0.010327
         vertex -0.0972 -0.0317402 -0.0100335
         vertex -0.0979621 -0.0301197 -0.00701509
      endloop
   endfacet
   facet normal -0.707107 -0.671054 0.222905
      outer loop
         vertex -0.0979621 -0.0301197 -0.00701509
         vertex -0.0994 -0.0287679 -0.00750709
         vertex -0.0994 -0.0295423 -0.010327
      endloop
   endfacet
   facet normal -0.707107 -0.690575 0.152007
      outer loop
         vertex -0.0972 -0.0317402 -0.0100335
         vertex -0.0972 -0.0307987 -0.0066427
         vertex -0.0978249 -0.0302045 -0.00684057
      endloop
   endfacet
   facet normal -0.707107 -0.670076 0.225827
      outer loop
         vertex -0.0978249 -0.0302045 -0.00684057
         vertex -0.0979621 -0.0301197 -0.00701509
         vertex -0.0972 -0.0317402 -0.0100335
      endloop
   endfacet
   facet normal -0.707107 -0.68963 0.15624
      outer loop
         vertex -0.0994 -0.0295423 -0.010327
         vertex -0.0994 -0.0295916 -0.0105064
         vertex -0.0972 -0.0317402 -0.0100335
      endloop
   endfacet
   facet normal -0.707107 -0.670076 0.225827
      outer loop
         vertex -0.0978249 -0.0302045 -0.00684057
         vertex -0.0972 -0.0307987 -0.0066427
         vertex -0.0972 -0.030591 -0.00604551
      endloop
   endfacet
   facet normal -0.707107 -0.706822 0.0200516
      outer loop
         vertex -0.0979621 -0.0317251 -0.01612
         vertex -0.0972 -0.0324997 -0.0168699
         vertex -0.0972 -0.0323095 -0.0135061
      endloop
   endfacet
   facet normal -0.707107 -0.701481 0.0890201
      outer loop
         vertex -0.0994 -0.0300346 -0.0132085
         vertex -0.0994 -0.0301224 -0.013744
         vertex -0.0972 -0.0323095 -0.0135061
      endloop
   endfacet
   facet normal -5.72516e-17 -0.994138 0.108119
      outer loop
         vertex -0.1132 -0.0301224 -0.013744
         vertex -0.1132 -0.0302866 -0.01612
         vertex -0.0994 -0.0302866 -0.01612
      endloop
   endfacet
   facet normal -5.72516e-17 -0.992044 0.125893
      outer loop
         vertex -0.1132 -0.0300346 -0.0132085
         vertex -0.1132 -0.0301224 -0.013744
         vertex -0.0994 -0.0301224 -0.013744
      endloop
   endfacet
   facet normal -6.4408e-17 -0.994138 0.108119
      outer loop
         vertex -0.0994 -0.0301224 -0.013744
         vertex -0.0994 -0.0300346 -0.0132085
         vertex -0.1132 -0.0300346 -0.0132085
      endloop
   endfacet
   facet normal -5.72516e-17 -0.976621 0.21497
      outer loop
         vertex -0.1132 -0.0295916 -0.0105064
         vertex -0.0994 -0.0295916 -0.0105064
         vertex -0.0994 -0.0295423 -0.010327
      endloop
   endfacet
   facet normal -5.72516e-17 -0.992044 0.125893
      outer loop
         vertex -0.1132 -0.0300346 -0.0132085
         vertex -0.0994 -0.0300346 -0.0132085
         vertex -0.0994 -0.0295916 -0.0105064
      endloop
   endfacet
   facet normal -5.72516e-17 -0.976621 0.21497
      outer loop
         vertex -0.0994 -0.0295916 -0.0105064
         vertex -0.1132 -0.0295916 -0.0105064
         vertex -0.1132 -0.0300346 -0.0132085
      endloop
   endfacet
   facet normal -5.72516e-17 -0.975284 0.220956
      outer loop
         vertex -0.1132 -0.0295423 -0.010327
         vertex -0.0994 -0.0295423 -0.010327
         vertex -0.0994 -0.0287679 -0.00750709
      endloop
   endfacet
   facet normal -5.81362e-17 -0.949437 0.313958
      outer loop
         vertex -0.0994 -0.0287679 -0.00750709
         vertex -0.1132 -0.0287679 -0.00750709
         vertex -0.1132 -0.0295423 -0.010327
      endloop
   endfacet
   facet normal -5.72516e-17 -0.975284 0.220956
      outer loop
         vertex -0.0994 -0.0295423 -0.010327
         vertex -0.1132 -0.0295423 -0.010327
         vertex -0.1132 -0.0295916 -0.0105064
      endloop
   endfacet
   facet normal -6.12053e-17 -0.999559 0.029703
      outer loop
         vertex -0.0994 -0.0302866 -0.01612
         vertex -0.0994 -0.0301224 -0.013744
         vertex -0.1132 -0.0301224 -0.013744
      endloop
   endfacet
   facet normal -2.09427e-17 -0.34202 -0.939693
      outer loop
         vertex -0.0979621 -0.0301197 -0.00701509
         vertex -0.114638 -0.0301197 -0.00701509
         vertex -0.1132 -0.0287679 -0.00750709
      endloop
   endfacet
   facet normal -2.09427e-17 -0.34202 -0.939693
      outer loop
         vertex -0.1132 -0.0287679 -0.00750709
         vertex -0.0994 -0.0287679 -0.00750709
         vertex -0.0979621 -0.0301197 -0.00701509
      endloop
   endfacet
   facet normal -5.507e-17 -0.899361 -0.437206
      outer loop
         vertex -0.0978249 -0.0302045 -0.00684057
         vertex -0.114775 -0.0302045 -0.00684057
         vertex -0.114638 -0.0301197 -0.00701509
      endloop
   endfacet
   facet normal -5.507e-17 -0.899361 -0.437206
      outer loop
         vertex -0.0978249 -0.0302045 -0.00684057
         vertex -0.1154 -0.030591 -0.00604551
         vertex -0.114775 -0.0302045 -0.00684057
      endloop
   endfacet
   facet normal -5.507e-17 -0.899361 -0.437206
      outer loop
         vertex -0.114638 -0.0301197 -0.00701509
         vertex -0.0979621 -0.0301197 -0.00701509
         vertex -0.0978249 -0.0302045 -0.00684057
      endloop
   endfacet
   facet normal -5.507e-17 -0.899361 -0.437206
      outer loop
         vertex -0.0978249 -0.0302045 -0.00684057
         vertex -0.0972 -0.030591 -0.00604551
         vertex -0.1154 -0.030591 -0.00604551
      endloop
   endfacet
   facet normal 5.507e-17 0.899361 -0.437206
      outer loop
         vertex -0.0978249 0.0302045 -0.00684057
         vertex -0.0979621 0.0301197 -0.00701509
         vertex -0.114638 0.0301197 -0.00701509
      endloop
   endfacet
   facet normal 5.507e-17 0.899361 -0.437206
      outer loop
         vertex -0.114638 0.0301197 -0.00701509
         vertex -0.114775 0.0302045 -0.00684057
         vertex -0.0978249 0.0302045 -0.00684057
      endloop
   endfacet
   facet normal 5.507e-17 0.899361 -0.437206
      outer loop
         vertex -0.1154 0.030591 -0.00604551
         vertex -0.0972 0.030591 -0.00604551
         vertex -0.0978249 0.0302045 -0.00684057
      endloop
   endfacet
   facet normal 5.507e-17 0.899361 -0.437206
      outer loop
         vertex -0.114775 0.0302045 -0.00684057
         vertex -0.1154 0.030591 -0.00604551
         vertex -0.0978249 0.0302045 -0.00684057
      endloop
   endfacet
   facet normal 2.09427e-17 0.34202 -0.939693
      outer loop
         vertex -0.114638 0.0301197 -0.00701509
         vertex -0.0979621 0.0301197 -0.00701509
         vertex -0.0994 0.0287679 -0.00750709
      endloop
   endfacet
   facet normal 2.09427e-17 0.34202 -0.939693
      outer loop
         vertex -0.0994 0.0287679 -0.00750709
         vertex -0.1132 0.0287679 -0.00750709
         vertex -0.114638 0.0301197 -0.00701509
      endloop
   endfacet
   facet normal 0.707107 0.690575 0.152007
      outer loop
         vertex -0.1154 0.0317402 -0.0100335
         vertex -0.1132 0.0295916 -0.0105064
         vertex -0.1132 0.0300346 -0.0132085
      endloop
   endfacet
   facet normal 0.707107 0.701481 0.0890201
      outer loop
         vertex -0.1132 0.0300346 -0.0132085
         vertex -0.1154 0.0323095 -0.0135061
         vertex -0.1154 0.0317402 -0.0100335
      endloop
   endfacet
   facet normal 0.707107 0.702962 0.0764517
      outer loop
         vertex -0.1132 0.0301224 -0.013744
         vertex -0.1132 0.0302866 -0.01612
         vertex -0.114638 0.0317251 -0.01612
      endloop
   endfacet
   facet normal 0.707107 0.706822 0.0200516
      outer loop
         vertex -0.114638 0.0317251 -0.01612
         vertex -0.1154 0.0323095 -0.0135061
         vertex -0.1132 0.0301224 -0.013744
      endloop
   endfacet
   facet normal 0.707107 0.68963 0.15624
      outer loop
         vertex -0.1132 0.0295423 -0.010327
         vertex -0.1154 0.0317402 -0.0100335
         vertex -0.114638 0.0301197 -0.00701509
      endloop
   endfacet
   facet normal 0.707107 0.671054 0.222905
      outer loop
         vertex -0.114638 0.0301197 -0.00701509
         vertex -0.1132 0.0287679 -0.00750709
         vertex -0.1132 0.0295423 -0.010327
      endloop
   endfacet
   facet normal 0.707107 0.690575 0.152007
      outer loop
         vertex -0.1154 0.0317402 -0.0100335
         vertex -0.1154 0.0307987 -0.0066427
         vertex -0.114775 0.0302045 -0.00684057
      endloop
   endfacet
   facet normal 0.707107 0.670076 0.225827
      outer loop
         vertex -0.114775 0.0302045 -0.00684057
         vertex -0.114638 0.0301197 -0.00701509
         vertex -0.1154 0.0317402 -0.0100335
      endloop
   endfacet
   facet normal 0.707107 0.68963 0.15624
      outer loop
         vertex -0.1132 0.0295423 -0.010327
         vertex -0.1132 0.0295916 -0.0105064
         vertex -0.1154 0.0317402 -0.0100335
      endloop
   endfacet
   facet normal 0.707107 0.670076 0.225827
      outer loop
         vertex -0.114775 0.0302045 -0.00684057
         vertex -0.1154 0.0307987 -0.0066427
         vertex -0.1154 0.030591 -0.00604551
      endloop
   endfacet
   facet normal 0.707107 0.706822 0.0200516
      outer loop
         vertex -0.114638 0.0317251 -0.01612
         vertex -0.1154 0.0324997 -0.0168699
         vertex -0.1154 0.0323095 -0.0135061
      endloop
   endfacet
   facet normal 0.707107 0.701481 0.0890201
      outer loop
         vertex -0.1132 0.0300346 -0.0132085
         vertex -0.1132 0.0301224 -0.013744
         vertex -0.1154 0.0323095 -0.0135061
      endloop
   endfacet
   facet normal -0.707107 0.690575 0.152007
      outer loop
         vertex -0.0972 0.0317402 -0.0100335
         vertex -0.0972 0.0323095 -0.0135061
         vertex -0.0994 0.0300346 -0.0132085
      endloop
   endfacet
   facet normal -0.707107 0.702962 0.0764517
      outer loop
         vertex -0.0972 0.0323095 -0.0135061
         vertex -0.0994 0.0301224 -0.013744
         vertex -0.0994 0.0300346 -0.0132085
      endloop
   endfacet
   facet normal -0.707107 0.690575 0.152007
      outer loop
         vertex -0.0972 0.0317402 -0.0100335
         vertex -0.0979621 0.0301197 -0.00701509
         vertex -0.0978249 0.0302045 -0.00684057
      endloop
   endfacet
   facet normal -0.707107 0.68963 0.15624
      outer loop
         vertex -0.0994 0.0295423 -0.010327
         vertex -0.0994 0.0287679 -0.00750709
         vertex -0.0979621 0.0301197 -0.00701509
      endloop
   endfacet
   facet normal -0.707107 0.690575 0.152007
      outer loop
         vertex -0.0972 0.0317402 -0.0100335
         vertex -0.0994 0.0295916 -0.0105064
         vertex -0.0994 0.0295423 -0.010327
      endloop
   endfacet
   facet normal -0.707107 0.671054 0.222905
      outer loop
         vertex -0.0979621 0.0301197 -0.00701509
         vertex -0.0972 0.0317402 -0.0100335
         vertex -0.0994 0.0295423 -0.010327
      endloop
   endfacet
   facet normal -0.707107 0.702962 0.0764517
      outer loop
         vertex -0.0994 0.0301224 -0.013744
         vertex -0.0972 0.0323095 -0.0135061
         vertex -0.0979621 0.0317251 -0.01612
      endloop
   endfacet
   facet normal -0.707107 0.702962 0.0764517
      outer loop
         vertex -0.0972 0.0323095 -0.0135061
         vertex -0.0972 0.0324997 -0.0168699
         vertex -0.0979621 0.0317251 -0.01612
      endloop
   endfacet
   facet normal -0.707107 0.706822 0.0200516
      outer loop
         vertex -0.0979621 0.0317251 -0.01612
         vertex -0.0994 0.0302866 -0.01612
         vertex -0.0994 0.0301224 -0.013744
      endloop
   endfacet
   facet normal -0.707107 0.665573 0.238773
      outer loop
         vertex -0.0972 0.030591 -0.00604551
         vertex -0.0972 0.0307987 -0.0066427
         vertex -0.0978249 0.0302045 -0.00684057
      endloop
   endfacet
   facet normal -0.707107 0.670076 0.225827
      outer loop
         vertex -0.0978249 0.0302045 -0.00684057
         vertex -0.0972 0.0307987 -0.0066427
         vertex -0.0972 0.0317402 -0.0100335
      endloop
   endfacet
   facet normal -0.707107 0.701481 0.0890201
      outer loop
         vertex -0.0994 0.0300346 -0.0132085
         vertex -0.0994 0.0295916 -0.0105064
         vertex -0.0972 0.0317402 -0.0100335
      endloop
   endfacet
   facet normal 5.81362e-17 0.949437 0.313958
      outer loop
         vertex -0.1132 0.0287679 -0.00750709
         vertex -0.0994 0.0287679 -0.00750709
         vertex -0.0994 0.0295423 -0.010327
      endloop
   endfacet
   facet normal 5.72516e-17 0.976621 0.21497
      outer loop
         vertex -0.0994 0.0295916 -0.0105064
         vertex -0.0994 0.0300346 -0.0132085
         vertex -0.1132 0.0300346 -0.0132085
      endloop
   endfacet
   facet normal 5.72516e-17 0.975284 0.220956
      outer loop
         vertex -0.0994 0.0295423 -0.010327
         vertex -0.0994 0.0295916 -0.0105064
         vertex -0.1132 0.0295916 -0.0105064
      endloop
   endfacet
   facet normal 5.72516e-17 0.976621 0.21497
      outer loop
         vertex -0.1132 0.0295916 -0.0105064
         vertex -0.1132 0.0295423 -0.010327
         vertex -0.0994 0.0295423 -0.010327
      endloop
   endfacet
   facet normal 5.72516e-17 0.994138 0.108119
      outer loop
         vertex -0.1132 0.0301224 -0.013744
         vertex -0.1132 0.0300346 -0.0132085
         vertex -0.0994 0.0300346 -0.0132085
      endloop
   endfacet
   facet normal 5.72516e-17 0.994138 0.108119
      outer loop
         vertex -0.1132 0.0301224 -0.013744
         vertex -0.0994 0.0301224 -0.013744
         vertex -0.0994 0.0302866 -0.01612
      endloop
   endfacet
   facet normal 6.12053e-17 0.999559 0.029703
      outer loop
         vertex -0.0994 0.0302866 -0.01612
         vertex -0.1132 0.0302866 -0.01612
         vertex -0.1132 0.0301224 -0.013744
      endloop
   endfacet
   facet normal 5.72516e-17 0.992044 0.125893
      outer loop
         vertex -0.0994 0.0300346 -0.0132085
         vertex -0.0994 0.0301224 -0.013744
         vertex -0.1132 0.0301224 -0.013744
      endloop
   endfacet
   facet normal 5.72516e-17 0.992044 0.125893
      outer loop
         vertex -0.1132 0.0300346 -0.0132085
         vertex -0.1132 0.0295916 -0.0105064
         vertex -0.0994 0.0295916 -0.0105064
      endloop
   endfacet
   facet normal 5.72516e-17 0.975284 0.220956
      outer loop
         vertex -0.0994 0.0295423 -0.010327
         vertex -0.1132 0.0295423 -0.010327
         vertex -0.1132 0.0287679 -0.00750709
      endloop
   endfacet
   facet normal 0 0 1
      outer loop
         vertex -0.0979621 0.0317251 -0.01612
         vertex -0.114638 0.0317251 -0.01612
         vertex -0.1132 0.0302866 -0.01612
      endloop
   endfacet
   facet normal 0 0 1
      outer loop
         vertex -0.1132 0.0302866 -0.01612
         vertex -0.0994 0.0302866 -0.01612
         vertex -0.0979621 0.0317251 -0.01612
      endloop
   endfacet
   facet normal 4.25926e-17 0.69559 0.718439
      outer loop
         vertex -0.1154 0.0324997 -0.0168699
         vertex -0.114638 0.0317251 -0.01612
         vertex -0.0979621 0.0317251 -0.01612
      endloop
   endfacet
   facet normal 4.25926e-17 0.69559 0.718439
      outer loop
         vertex -0.0979621 0.0317251 -0.01612
         vertex -0.0972 0.0324997 -0.0168699
         vertex -0.1154 0.0324997 -0.0168699
      endloop
   endfacet
   facet normal -2.49779e-17 -0.40792 -0.913017
      outer loop
         vertex -0.0972 -0.0304883 -0.0282766
         vertex -0.1154 -0.0304883 -0.0282766
         vertex -0.114638 -0.029504 -0.0287164
      endloop
   endfacet
   facet normal -2.49779e-17 -0.40792 -0.913017
      outer loop
         vertex -0.114638 -0.029504 -0.0287164
         vertex -0.0979621 -0.029504 -0.0287164
         vertex -0.0972 -0.0304883 -0.0282766
      endloop
   endfacet
   facet normal 2.09427e-17 0.34202 -0.939693
      outer loop
         vertex -0.0979621 -0.029504 -0.0287164
         vertex -0.114638 -0.029504 -0.0287164
         vertex -0.1132 -0.0281523 -0.0282244
      endloop
   endfacet
   facet normal 2.09427e-17 0.34202 -0.939693
      outer loop
         vertex -0.1132 -0.0281523 -0.0282244
         vertex -0.0994 -0.0281523 -0.0282244
         vertex -0.0979621 -0.029504 -0.0287164
      endloop
   endfacet
   facet normal 0.707107 -0.562923 -0.427923
      outer loop
         vertex -0.1154 -0.025873 -0.0366882
         vertex -0.1132 -0.0241216 -0.0353568
         vertex -0.1132 -0.0254493 -0.0333986
      endloop
   endfacet
   facet normal 0.707107 -0.594609 -0.382676
      outer loop
         vertex -0.1132 -0.0254493 -0.0333986
         vertex -0.1154 -0.0278479 -0.0337755
         vertex -0.1154 -0.025873 -0.0366882
      endloop
   endfacet
   facet normal 0.707107 -0.60589 -0.364552
      outer loop
         vertex -0.1154 -0.0278479 -0.0337755
         vertex -0.1132 -0.0259628 -0.0326413
         vertex -0.1132 -0.0269038 -0.0308663
      endloop
   endfacet
   facet normal 0.707107 -0.628726 -0.32358
      outer loop
         vertex -0.1132 -0.0269038 -0.0308663
         vertex -0.1154 -0.0294962 -0.0306664
         vertex -0.1154 -0.0278479 -0.0337755
      endloop
   endfacet
   facet normal 0.707107 -0.641753 -0.296906
      outer loop
         vertex -0.1132 -0.0274995 -0.0297426
         vertex -0.1132 -0.0281523 -0.0282244
         vertex -0.114638 -0.029504 -0.0287164
      endloop
   endfacet
   facet normal 0.707107 -0.657338 -0.26059
      outer loop
         vertex -0.114638 -0.029504 -0.0287164
         vertex -0.1154 -0.0294962 -0.0306664
         vertex -0.1132 -0.0274995 -0.0297426
      endloop
   endfacet
   facet normal 0.707107 -0.562923 -0.427923
      outer loop
         vertex -0.1132 -0.0241216 -0.0353568
         vertex -0.1154 -0.025873 -0.0366882
         vertex -0.114638 -0.0248814 -0.0367231
      endloop
   endfacet
   facet normal 0.707107 -0.562923 -0.427923
      outer loop
         vertex -0.1154 -0.025873 -0.0366882
         vertex -0.1154 -0.0249927 -0.0377954
         vertex -0.114638 -0.0248814 -0.0367231
      endloop
   endfacet
   facet normal 0.707107 -0.554346 -0.438976
      outer loop
         vertex -0.114638 -0.0248814 -0.0367231
         vertex -0.1132 -0.0237794 -0.0357984
         vertex -0.1132 -0.0241216 -0.0353568
      endloop
   endfacet
   facet normal 0.707107 -0.657338 -0.26059
      outer loop
         vertex -0.114638 -0.029504 -0.0287164
         vertex -0.1154 -0.0304883 -0.0282766
         vertex -0.1154 -0.0294962 -0.0306664
      endloop
   endfacet
   facet normal 0.707107 -0.628726 -0.32358
      outer loop
         vertex -0.1132 -0.0269038 -0.0308663
         vertex -0.1132 -0.0274995 -0.0297426
         vertex -0.1154 -0.0294962 -0.0306664
      endloop
   endfacet
   facet normal 0.707107 -0.594609 -0.382676
      outer loop
         vertex -0.1132 -0.0254493 -0.0333986
         vertex -0.1132 -0.0259628 -0.0326413
         vertex -0.1154 -0.0278479 -0.0337755
      endloop
   endfacet
   facet normal -0.707107 -0.60589 -0.364552
      outer loop
         vertex -0.0972 -0.0278479 -0.0337755
         vertex -0.0972 -0.0294962 -0.0306664
         vertex -0.0994 -0.0269038 -0.0308663
      endloop
   endfacet
   facet normal -0.707107 -0.641753 -0.296906
      outer loop
         vertex -0.0972 -0.0294962 -0.0306664
         vertex -0.0994 -0.0274995 -0.0297426
         vertex -0.0994 -0.0269038 -0.0308663
      endloop
   endfacet
   facet normal -0.707107 -0.562923 -0.427923
      outer loop
         vertex -0.0972 -0.025873 -0.0366882
         vertex -0.0972 -0.0278479 -0.0337755
         vertex -0.0994 -0.0254493 -0.0333986
      endloop
   endfacet
   facet normal -0.707107 -0.60589 -0.364552
      outer loop
         vertex -0.0972 -0.0278479 -0.0337755
         vertex -0.0994 -0.0259628 -0.0326413
         vertex -0.0994 -0.0254493 -0.0333986
      endloop
   endfacet
   facet normal -0.707107 -0.562923 -0.427923
      outer loop
         vertex -0.0994 -0.0241216 -0.0353568
         vertex -0.0994 -0.0237794 -0.0357984
         vertex -0.0979621 -0.0248814 -0.0367231
      endloop
   endfacet
   facet normal -0.707107 -0.554346 -0.438976
      outer loop
         vertex -0.0979621 -0.0248814 -0.0367231
         vertex -0.0972 -0.025873 -0.0366882
         vertex -0.0994 -0.0241216 -0.0353568
      endloop
   endfacet
   facet normal -0.707107 -0.641753 -0.296906
      outer loop
         vertex -0.0994 -0.0274995 -0.0297426
         vertex -0.0972 -0.0294962 -0.0306664
         vertex -0.0979621 -0.029504 -0.0287164
      endloop
   endfacet
   facet normal -0.707107 -0.641753 -0.296906
      outer loop
         vertex -0.0972 -0.0294962 -0.0306664
         vertex -0.0972 -0.0304883 -0.0282766
         vertex -0.0979621 -0.029504 -0.0287164
      endloop
   endfacet
   facet normal -0.707107 -0.657338 -0.26059
      outer loop
         vertex -0.0979621 -0.029504 -0.0287164
         vertex -0.0994 -0.0281523 -0.0282244
         vertex -0.0994 -0.0274995 -0.0297426
      endloop
   endfacet
   facet normal -0.707107 -0.554346 -0.438976
      outer loop
         vertex -0.0979621 -0.0248814 -0.0367231
         vertex -0.0972 -0.0249927 -0.0377954
         vertex -0.0972 -0.025873 -0.0366882
      endloop
   endfacet
   facet normal -0.707107 -0.594609 -0.382676
      outer loop
         vertex -0.0994 -0.0254493 -0.0333986
         vertex -0.0994 -0.0241216 -0.0353568
         vertex -0.0972 -0.025873 -0.0366882
      endloop
   endfacet
   facet normal -0.707107 -0.628726 -0.32358
      outer loop
         vertex -0.0994 -0.0269038 -0.0308663
         vertex -0.0994 -0.0259628 -0.0326413
         vertex -0.0972 -0.0278479 -0.0337755
      endloop
   endfacet
   facet normal -5.72516e-17 -0.796093 -0.605174
      outer loop
         vertex -0.1132 -0.0241216 -0.0353568
         vertex -0.1132 -0.0237794 -0.0357984
         vertex -0.0994 -0.0237794 -0.0357984
      endloop
   endfacet
   facet normal -5.72516e-17 -0.840904 -0.541185
      outer loop
         vertex -0.1132 -0.0254493 -0.0333986
         vertex -0.1132 -0.0241216 -0.0353568
         vertex -0.0994 -0.0241216 -0.0353568
      endloop
   endfacet
   facet normal -5.00951e-17 -0.796093 -0.605174
      outer loop
         vertex -0.0994 -0.0241216 -0.0353568
         vertex -0.0994 -0.0254493 -0.0333986
         vertex -0.1132 -0.0254493 -0.0333986
      endloop
   endfacet
   facet normal -5.72516e-17 -0.889152 -0.457611
      outer loop
         vertex -0.1132 -0.0269038 -0.0308663
         vertex -0.1132 -0.0259628 -0.0326413
         vertex -0.0994 -0.0259628 -0.0326413
      endloop
   endfacet
   facet normal -5.72516e-17 -0.856857 -0.515554
      outer loop
         vertex -0.1132 -0.0259628 -0.0326413
         vertex -0.1132 -0.0254493 -0.0333986
         vertex -0.0994 -0.0254493 -0.0333986
      endloop
   endfacet
   facet normal -5.72516e-17 -0.840904 -0.541185
      outer loop
         vertex -0.0994 -0.0254493 -0.0333986
         vertex -0.0994 -0.0259628 -0.0326413
         vertex -0.1132 -0.0259628 -0.0326413
      endloop
   endfacet
   facet normal -5.72516e-17 -0.889152 -0.457611
      outer loop
         vertex -0.0994 -0.0269038 -0.0308663
         vertex -0.0994 -0.0274995 -0.0297426
         vertex -0.1132 -0.0274995 -0.0297426
      endloop
   endfacet
   facet normal -5.72516e-17 -0.907575 -0.419889
      outer loop
         vertex -0.1132 -0.0274995 -0.0297426
         vertex -0.0994 -0.0274995 -0.0297426
         vertex -0.0994 -0.0281523 -0.0282244
      endloop
   endfacet
   facet normal -5.68921e-17 -0.929119 -0.369781
      outer loop
         vertex -0.0994 -0.0281523 -0.0282244
         vertex -0.1132 -0.0281523 -0.0282244
         vertex -0.1132 -0.0274995 -0.0297426
      endloop
   endfacet
   facet normal -5.72516e-17 -0.907575 -0.419889
      outer loop
         vertex -0.1132 -0.0274995 -0.0297426
         vertex -0.1132 -0.0269038 -0.0308663
         vertex -0.0994 -0.0269038 -0.0308663
      endloop
   endfacet
   facet normal -5.72516e-17 -0.856857 -0.515554
      outer loop
         vertex -0.0994 -0.0259628 -0.0326413
         vertex -0.0994 -0.0269038 -0.0308663
         vertex -0.1132 -0.0269038 -0.0308663
      endloop
   endfacet
   facet normal -4.80551e-17 -0.784799 -0.61975
      outer loop
         vertex -0.0994 -0.0237794 -0.0357984
         vertex -0.0994 -0.0241216 -0.0353568
         vertex -0.1132 -0.0241216 -0.0353568
      endloop
   endfacet
   facet normal -3.93594e-17 -0.642788 0.766044
      outer loop
         vertex -0.114638 -0.0248814 -0.0367231
         vertex -0.0979621 -0.0248814 -0.0367231
         vertex -0.0994 -0.0237794 -0.0357984
      endloop
   endfacet
   facet normal -3.93594e-17 -0.642788 0.766044
      outer loop
         vertex -0.0994 -0.0237794 -0.0357984
         vertex -0.1132 -0.0237794 -0.0357984
         vertex -0.114638 -0.0248814 -0.0367231
      endloop
   endfacet
   facet normal -6.09051e-17 -0.994657 0.103239
      outer loop
         vertex -0.0972 -0.0249927 -0.0377954
         vertex -0.0979621 -0.0248814 -0.0367231
         vertex -0.114638 -0.0248814 -0.0367231
      endloop
   endfacet
   facet normal -6.09051e-17 -0.994657 0.103239
      outer loop
         vertex -0.114638 -0.0248814 -0.0367231
         vertex -0.1154 -0.0249927 -0.0377954
         vertex -0.0972 -0.0249927 -0.0377954
      endloop
   endfacet
   facet normal 2.49779e-17 0.40792 0.913017
      outer loop
         vertex -0.0972 0.0304883 -0.00576342
         vertex -0.1154 0.0304883 -0.00576342
         vertex -0.114638 0.029504 -0.00532365
      endloop
   endfacet
   facet normal 2.49779e-17 0.40792 0.913017
      outer loop
         vertex -0.114638 0.029504 -0.00532365
         vertex -0.0979621 0.029504 -0.00532365
         vertex -0.0972 0.0304883 -0.00576342
      endloop
   endfacet
   facet normal -2.09427e-17 -0.34202 0.939693
      outer loop
         vertex -0.0979621 0.029504 -0.00532365
         vertex -0.114638 0.029504 -0.00532365
         vertex -0.1132 0.0281523 -0.00581564
      endloop
   endfacet
   facet normal -2.09427e-17 -0.34202 0.939693
      outer loop
         vertex -0.1132 0.0281523 -0.00581564
         vertex -0.0994 0.0281523 -0.00581564
         vertex -0.0979621 0.029504 -0.00532365
      endloop
   endfacet
   facet normal 0.707107 0.562923 0.427923
      outer loop
         vertex -0.1154 0.025873 0.00264816
         vertex -0.1132 0.0241216 0.00131678
         vertex -0.1132 0.0254493 -0.000641437
      endloop
   endfacet
   facet normal 0.707107 0.594609 0.382676
      outer loop
         vertex -0.1132 0.0254493 -0.000641437
         vertex -0.1154 0.0278479 -0.0002645
         vertex -0.1154 0.025873 0.00264816
      endloop
   endfacet
   facet normal 0.707107 0.60589 0.364552
      outer loop
         vertex -0.1154 0.0278479 -0.0002645
         vertex -0.1132 0.0259628 -0.00139872
         vertex -0.1132 0.0269038 -0.00317369
      endloop
   endfacet
   facet normal 0.707107 0.628726 0.32358
      outer loop
         vertex -0.1132 0.0269038 -0.00317369
         vertex -0.1154 0.0294962 -0.0033736
         vertex -0.1154 0.0278479 -0.0002645
      endloop
   endfacet
   facet normal 0.707107 0.641753 0.296906
      outer loop
         vertex -0.1132 0.0274995 -0.00429736
         vertex -0.1132 0.0281523 -0.00581564
         vertex -0.114638 0.029504 -0.00532365
      endloop
   endfacet
   facet normal 0.707107 0.657338 0.26059
      outer loop
         vertex -0.114638 0.029504 -0.00532365
         vertex -0.1154 0.0294962 -0.0033736
         vertex -0.1132 0.0274995 -0.00429736
      endloop
   endfacet
   facet normal 0.707107 0.562923 0.427923
      outer loop
         vertex -0.1132 0.0241216 0.00131678
         vertex -0.1154 0.025873 0.00264816
         vertex -0.114638 0.0248814 0.00268307
      endloop
   endfacet
   facet normal 0.707107 0.562923 0.427923
      outer loop
         vertex -0.1154 0.025873 0.00264816
         vertex -0.1154 0.0249927 0.00375539
         vertex -0.114638 0.0248814 0.00268307
      endloop
   endfacet
   facet normal 0.707107 0.554346 0.438976
      outer loop
         vertex -0.114638 0.0248814 0.00268307
         vertex -0.1132 0.0237794 0.00175843
         vertex -0.1132 0.0241216 0.00131678
      endloop
   endfacet
   facet normal 0.707107 0.657338 0.26059
      outer loop
         vertex -0.114638 0.029504 -0.00532365
         vertex -0.1154 0.0304883 -0.00576342
         vertex -0.1154 0.0294962 -0.0033736
      endloop
   endfacet
   facet normal 0.707107 0.628726 0.32358
      outer loop
         vertex -0.1132 0.0269038 -0.00317369
         vertex -0.1132 0.0274995 -0.00429736
         vertex -0.1154 0.0294962 -0.0033736
      endloop
   endfacet
   facet normal 0.707107 0.594609 0.382676
      outer loop
         vertex -0.1132 0.0254493 -0.000641437
         vertex -0.1132 0.0259628 -0.00139872
         vertex -0.1154 0.0278479 -0.0002645
      endloop
   endfacet
   facet normal -0.707107 0.60589 0.364552
      outer loop
         vertex -0.0972 0.0278479 -0.0002645
         vertex -0.0972 0.0294962 -0.0033736
         vertex -0.0994 0.0269038 -0.00317369
      endloop
   endfacet
   facet normal -0.707107 0.641753 0.296906
      outer loop
         vertex -0.0972 0.0294962 -0.0033736
         vertex -0.0994 0.0274995 -0.00429736
         vertex -0.0994 0.0269038 -0.00317369
      endloop
   endfacet
   facet normal -0.707107 0.562923 0.427923
      outer loop
         vertex -0.0972 0.025873 0.00264816
         vertex -0.0972 0.0278479 -0.0002645
         vertex -0.0994 0.0254493 -0.000641437
      endloop
   endfacet
   facet normal -0.707107 0.60589 0.364552
      outer loop
         vertex -0.0972 0.0278479 -0.0002645
         vertex -0.0994 0.0259628 -0.00139872
         vertex -0.0994 0.0254493 -0.000641437
      endloop
   endfacet
   facet normal -0.707107 0.562923 0.427923
      outer loop
         vertex -0.0994 0.0241216 0.00131678
         vertex -0.0994 0.0237794 0.00175843
         vertex -0.0979621 0.0248814 0.00268307
      endloop
   endfacet
   facet normal -0.707107 0.554346 0.438976
      outer loop
         vertex -0.0979621 0.0248814 0.00268307
         vertex -0.0972 0.025873 0.00264816
         vertex -0.0994 0.0241216 0.00131678
      endloop
   endfacet
   facet normal -0.707107 0.641753 0.296906
      outer loop
         vertex -0.0994 0.0274995 -0.00429736
         vertex -0.0972 0.0294962 -0.0033736
         vertex -0.0979621 0.029504 -0.00532365
      endloop
   endfacet
   facet normal -0.707107 0.641753 0.296906
      outer loop
         vertex -0.0972 0.0294962 -0.0033736
         vertex -0.0972 0.0304883 -0.00576342
         vertex -0.0979621 0.029504 -0.00532365
      endloop
   endfacet
   facet normal -0.707107 0.657338 0.26059
      outer loop
         vertex -0.0979621 0.029504 -0.00532365
         vertex -0.0994 0.0281523 -0.00581564
         vertex -0.0994 0.0274995 -0.00429736
      endloop
   endfacet
   facet normal -0.707107 0.554346 0.438976
      outer loop
         vertex -0.0979621 0.0248814 0.00268307
         vertex -0.0972 0.0249927 0.00375539
         vertex -0.0972 0.025873 0.00264816
      endloop
   endfacet
   facet normal -0.707107 0.594609 0.382676
      outer loop
         vertex -0.0994 0.0254493 -0.000641437
         vertex -0.0994 0.0241216 0.00131678
         vertex -0.0972 0.025873 0.00264816
      endloop
   endfacet
   facet normal -0.707107 0.628726 0.32358
      outer loop
         vertex -0.0994 0.0269038 -0.00317369
         vertex -0.0994 0.0259628 -0.00139872
         vertex -0.0972 0.0278479 -0.0002645
      endloop
   endfacet
   facet normal 5.72516e-17 0.796093 0.605174
      outer loop
         vertex -0.1132 0.0241216 0.00131678
         vertex -0.1132 0.0237794 0.00175843
         vertex -0.0994 0.0237794 0.00175843
      endloop
   endfacet
   facet normal 5.72516e-17 0.840904 0.541185
      outer loop
         vertex -0.1132 0.0254493 -0.000641437
         vertex -0.1132 0.0241216 0.00131678
         vertex -0.0994 0.0241216 0.00131678
      endloop
   endfacet
   facet normal 5.00951e-17 0.796093 0.605174
      outer loop
         vertex -0.0994 0.0241216 0.00131678
         vertex -0.0994 0.0254493 -0.000641437
         vertex -0.1132 0.0254493 -0.000641437
      endloop
   endfacet
   facet normal 5.00951e-17 0.856857 0.515554
      outer loop
         vertex -0.0994 0.0259628 -0.00139872
         vertex -0.0994 0.0269038 -0.00317369
         vertex -0.1132 0.0269038 -0.00317369
      endloop
   endfacet
   facet normal 5.72516e-17 0.840904 0.541185
      outer loop
         vertex -0.0994 0.0254493 -0.000641437
         vertex -0.0994 0.0259628 -0.00139872
         vertex -0.1132 0.0259628 -0.00139872
      endloop
   endfacet
   facet normal 5.00951e-17 0.856857 0.515554
      outer loop
         vertex -0.1132 0.0259628 -0.00139872
         vertex -0.1132 0.0254493 -0.000641437
         vertex -0.0994 0.0254493 -0.000641437
      endloop
   endfacet
   facet normal 5.72516e-17 0.907575 0.419889
      outer loop
         vertex -0.1132 0.0274995 -0.00429736
         vertex -0.1132 0.0269038 -0.00317369
         vertex -0.0994 0.0269038 -0.00317369
      endloop
   endfacet
   facet normal 5.72516e-17 0.907575 0.419889
      outer loop
         vertex -0.1132 0.0274995 -0.00429736
         vertex -0.0994 0.0274995 -0.00429736
         vertex -0.0994 0.0281523 -0.00581564
      endloop
   endfacet
   facet normal 5.68921e-17 0.929119 0.369781
      outer loop
         vertex -0.0994 0.0281523 -0.00581564
         vertex -0.1132 0.0281523 -0.00581564
         vertex -0.1132 0.0274995 -0.00429736
      endloop
   endfacet
   facet normal 5.72516e-17 0.889152 0.457611
      outer loop
         vertex -0.0994 0.0269038 -0.00317369
         vertex -0.0994 0.0274995 -0.00429736
         vertex -0.1132 0.0274995 -0.00429736
      endloop
   endfacet
   facet normal 5.72516e-17 0.889152 0.457611
      outer loop
         vertex -0.1132 0.0269038 -0.00317369
         vertex -0.1132 0.0259628 -0.00139872
         vertex -0.0994 0.0259628 -0.00139872
      endloop
   endfacet
   facet normal 4.80551e-17 0.784799 0.61975
      outer loop
         vertex -0.0994 0.0237794 0.00175843
         vertex -0.0994 0.0241216 0.00131678
         vertex -0.1132 0.0241216 0.00131678
      endloop
   endfacet
   facet normal 3.93594e-17 0.642788 -0.766044
      outer loop
         vertex -0.114638 0.0248814 0.00268307
         vertex -0.0979621 0.0248814 0.00268307
         vertex -0.0994 0.0237794 0.00175843
      endloop
   endfacet
   facet normal 3.93594e-17 0.642788 -0.766044
      outer loop
         vertex -0.0994 0.0237794 0.00175843
         vertex -0.1132 0.0237794 0.00175843
         vertex -0.114638 0.0248814 0.00268307
      endloop
   endfacet
   facet normal 6.09051e-17 0.994657 -0.103239
      outer loop
         vertex -0.0972 0.0249927 0.00375539
         vertex -0.0979621 0.0248814 0.00268307
         vertex -0.114638 0.0248814 0.00268307
      endloop
   endfacet
   facet normal 6.09051e-17 0.994657 -0.103239
      outer loop
         vertex -0.114638 0.0248814 0.00268307
         vertex -0.1154 0.0249927 0.00375539
         vertex -0.0972 0.0249927 0.00375539
      endloop
   endfacet
   facet normal -4.35052e-18 -0.0710494 -0.997473
      outer loop
         vertex -0.1154 -0.0247997 -0.0380254
         vertex -0.114638 -0.0237243 -0.038102
         vertex -0.0979621 -0.0237243 -0.038102
      endloop
   endfacet
   facet normal -4.35052e-18 -0.0710494 -0.997473
      outer loop
         vertex -0.0979621 -0.0237243 -0.038102
         vertex -0.0972 -0.0247997 -0.0380254
         vertex -0.1154 -0.0247997 -0.0380254
      endloop
   endfacet
   facet normal 3.93594e-17 0.642788 -0.766044
      outer loop
         vertex -0.0979621 -0.0237243 -0.038102
         vertex -0.114638 -0.0237243 -0.038102
         vertex -0.1132 -0.0226224 -0.0371773
      endloop
   endfacet
   facet normal 3.93594e-17 0.642788 -0.766044
      outer loop
         vertex -0.1132 -0.0226224 -0.0371773
         vertex -0.0994 -0.0226224 -0.0371773
         vertex -0.0979621 -0.0237243 -0.038102
      endloop
   endfacet
   facet normal 0.707107 -0.457771 -0.53893
      outer loop
         vertex -0.1154 -0.0210401 -0.0417903
         vertex -0.1154 -0.0182386 -0.0439199
         vertex -0.1132 -0.0183068 -0.0411086
      endloop
   endfacet
   facet normal 0.707107 -0.396819 -0.585265
      outer loop
         vertex -0.1154 -0.0182386 -0.0439199
         vertex -0.1132 -0.017004 -0.042099
         vertex -0.1132 -0.0183068 -0.0411086
      endloop
   endfacet
   facet normal 0.707107 -0.513356 -0.486277
      outer loop
         vertex -0.1154 -0.0235949 -0.0393702
         vertex -0.1154 -0.0210401 -0.0417903
         vertex -0.1132 -0.0205448 -0.0392335
      endloop
   endfacet
   facet normal 0.707107 -0.457771 -0.53893
      outer loop
         vertex -0.1154 -0.0210401 -0.0417903
         vertex -0.1132 -0.0196158 -0.0401135
         vertex -0.1132 -0.0205448 -0.0392335
      endloop
   endfacet
   facet normal 0.707107 -0.513356 -0.486277
      outer loop
         vertex -0.1132 -0.0219977 -0.0378573
         vertex -0.1132 -0.0226224 -0.0371773
         vertex -0.114638 -0.0237243 -0.038102
      endloop
   endfacet
   facet normal 0.707107 -0.528568 -0.469697
      outer loop
         vertex -0.114638 -0.0237243 -0.038102
         vertex -0.1154 -0.0235949 -0.0393702
         vertex -0.1132 -0.0219977 -0.0378573
      endloop
   endfacet
   facet normal 0.707107 -0.396819 -0.585265
      outer loop
         vertex -0.1132 -0.017004 -0.042099
         vertex -0.1154 -0.0182386 -0.0439199
         vertex -0.114638 -0.016642 -0.0440448
      endloop
   endfacet
   facet normal 0.707107 -0.396819 -0.585265
      outer loop
         vertex -0.1154 -0.0182386 -0.0439199
         vertex -0.1154 -0.0163798 -0.0450905
         vertex -0.114638 -0.016642 -0.0440448
      endloop
   endfacet
   facet normal 0.707107 -0.370776 -0.6021
      outer loop
         vertex -0.114638 -0.016642 -0.0440448
         vertex -0.1132 -0.0159227 -0.042799
         vertex -0.1132 -0.017004 -0.042099
      endloop
   endfacet
   facet normal 0.707107 -0.528568 -0.469697
      outer loop
         vertex -0.114638 -0.0237243 -0.038102
         vertex -0.1154 -0.0247997 -0.0380254
         vertex -0.1154 -0.0235949 -0.0393702
      endloop
   endfacet
   facet normal 0.707107 -0.480121 -0.519119
      outer loop
         vertex -0.1132 -0.0205448 -0.0392335
         vertex -0.1132 -0.0219977 -0.0378573
         vertex -0.1154 -0.0235949 -0.0393702
      endloop
   endfacet
   facet normal 0.707107 -0.427851 -0.562978
      outer loop
         vertex -0.1132 -0.0183068 -0.0411086
         vertex -0.1132 -0.0196158 -0.0401135
         vertex -0.1154 -0.0210401 -0.0417903
      endloop
   endfacet
   facet normal -0.707107 -0.513356 -0.486277
      outer loop
         vertex -0.0972 -0.0235949 -0.0393702
         vertex -0.0994 -0.0219977 -0.0378573
         vertex -0.0994 -0.0205448 -0.0392335
      endloop
   endfacet
   facet normal -0.707107 -0.480121 -0.519119
      outer loop
         vertex -0.0994 -0.0205448 -0.0392335
         vertex -0.0972 -0.0210401 -0.0417903
         vertex -0.0972 -0.0235949 -0.0393702
      endloop
   endfacet
   facet normal -0.707107 -0.457771 -0.53893
      outer loop
         vertex -0.0972 -0.0210401 -0.0417903
         vertex -0.0994 -0.0196158 -0.0401135
         vertex -0.0994 -0.0183068 -0.0411086
      endloop
   endfacet
   facet normal -0.707107 -0.427851 -0.562978
      outer loop
         vertex -0.0994 -0.0183068 -0.0411086
         vertex -0.0972 -0.0182386 -0.0439199
         vertex -0.0972 -0.0210401 -0.0417903
      endloop
   endfacet
   facet normal -0.707107 -0.396819 -0.585265
      outer loop
         vertex -0.0994 -0.017004 -0.042099
         vertex -0.0994 -0.0159227 -0.042799
         vertex -0.0979621 -0.016642 -0.0440448
      endloop
   endfacet
   facet normal -0.707107 -0.370776 -0.6021
      outer loop
         vertex -0.0979621 -0.016642 -0.0440448
         vertex -0.0972 -0.0182386 -0.0439199
         vertex -0.0994 -0.017004 -0.042099
      endloop
   endfacet
   facet normal -0.707107 -0.513356 -0.486277
      outer loop
         vertex -0.0994 -0.0219977 -0.0378573
         vertex -0.0972 -0.0235949 -0.0393702
         vertex -0.0979621 -0.0237243 -0.038102
      endloop
   endfacet
   facet normal -0.707107 -0.513356 -0.486277
      outer loop
         vertex -0.0972 -0.0235949 -0.0393702
         vertex -0.0972 -0.0247997 -0.0380254
         vertex -0.0979621 -0.0237243 -0.038102
      endloop
   endfacet
   facet normal -0.707107 -0.528568 -0.469697
      outer loop
         vertex -0.0979621 -0.0237243 -0.038102
         vertex -0.0994 -0.0226224 -0.0371773
         vertex -0.0994 -0.0219977 -0.0378573
      endloop
   endfacet
   facet normal -0.707107 -0.370776 -0.6021
      outer loop
         vertex -0.0979621 -0.016642 -0.0440448
         vertex -0.0972 -0.0163798 -0.0450905
         vertex -0.0972 -0.0182386 -0.0439199
      endloop
   endfacet
   facet normal -0.707107 -0.427851 -0.562978
      outer loop
         vertex -0.0994 -0.0183068 -0.0411086
         vertex -0.0994 -0.017004 -0.042099
         vertex -0.0972 -0.0182386 -0.0439199
      endloop
   endfacet
   facet normal -0.707107 -0.480121 -0.519119
      outer loop
         vertex -0.0994 -0.0205448 -0.0392335
         vertex -0.0994 -0.0196158 -0.0401135
         vertex -0.0972 -0.0210401 -0.0417903
      endloop
   endfacet
   facet normal -5.72516e-17 -0.561187 -0.827689
      outer loop
         vertex -0.1132 -0.017004 -0.042099
         vertex -0.1132 -0.0159227 -0.042799
         vertex -0.0994 -0.0159227 -0.042799
      endloop
   endfacet
   facet normal -5.72516e-17 -0.605072 -0.796171
      outer loop
         vertex -0.1132 -0.0183068 -0.0411086
         vertex -0.1132 -0.017004 -0.042099
         vertex -0.0994 -0.017004 -0.042099
      endloop
   endfacet
   facet normal -3.57822e-17 -0.561187 -0.827689
      outer loop
         vertex -0.0994 -0.017004 -0.042099
         vertex -0.0994 -0.0183068 -0.0411086
         vertex -0.1132 -0.0183068 -0.0411086
      endloop
   endfacet
   facet normal -4.29387e-17 -0.647386 -0.762162
      outer loop
         vertex -0.0994 -0.0196158 -0.0401135
         vertex -0.0994 -0.0205448 -0.0392335
         vertex -0.1132 -0.0205448 -0.0392335
      endloop
   endfacet
   facet normal -5.72516e-17 -0.605072 -0.796171
      outer loop
         vertex -0.0994 -0.0183068 -0.0411086
         vertex -0.0994 -0.0196158 -0.0401135
         vertex -0.1132 -0.0196158 -0.0401135
      endloop
   endfacet
   facet normal -4.29387e-17 -0.647386 -0.762162
      outer loop
         vertex -0.1132 -0.0196158 -0.0401135
         vertex -0.1132 -0.0183068 -0.0411086
         vertex -0.0994 -0.0183068 -0.0411086
      endloop
   endfacet
   facet normal -5.72516e-17 -0.725995 -0.687699
      outer loop
         vertex -0.1132 -0.0219977 -0.0378573
         vertex -0.1132 -0.0205448 -0.0392335
         vertex -0.0994 -0.0205448 -0.0392335
      endloop
   endfacet
   facet normal -5.72516e-17 -0.725995 -0.687699
      outer loop
         vertex -0.1132 -0.0219977 -0.0378573
         vertex -0.0994 -0.0219977 -0.0378573
         vertex -0.0994 -0.0226224 -0.0371773
      endloop
   endfacet
   facet normal -4.57169e-17 -0.746614 -0.665258
      outer loop
         vertex -0.0994 -0.0226224 -0.0371773
         vertex -0.1132 -0.0226224 -0.0371773
         vertex -0.1132 -0.0219977 -0.0378573
      endloop
   endfacet
   facet normal -4.29387e-17 -0.678993 -0.734145
      outer loop
         vertex -0.0994 -0.0205448 -0.0392335
         vertex -0.0994 -0.0219977 -0.0378573
         vertex -0.1132 -0.0219977 -0.0378573
      endloop
   endfacet
   facet normal -4.29387e-17 -0.678993 -0.734145
      outer loop
         vertex -0.1132 -0.0205448 -0.0392335
         vertex -0.1132 -0.0196158 -0.0401135
         vertex -0.0994 -0.0196158 -0.0401135
      endloop
   endfacet
   facet normal -3.21778e-17 -0.525503 -0.850792
      outer loop
         vertex -0.0994 -0.0159227 -0.042799
         vertex -0.0994 -0.017004 -0.042099
         vertex -0.1132 -0.017004 -0.042099
      endloop
   endfacet
   facet normal -5.30288e-17 -0.866025 0.5
      outer loop
         vertex -0.114638 -0.016642 -0.0440448
         vertex -0.0979621 -0.016642 -0.0440448
         vertex -0.0994 -0.0159227 -0.042799
      endloop
   endfacet
   facet normal -5.30288e-17 -0.866025 0.5
      outer loop
         vertex -0.0994 -0.0159227 -0.042799
         vertex -0.1132 -0.0159227 -0.042799
         vertex -0.114638 -0.016642 -0.0440448
      endloop
   endfacet
   facet normal -5.93942e-17 -0.969981 -0.243179
      outer loop
         vertex -0.1154 -0.0163798 -0.0450905
         vertex -0.0972 -0.0163798 -0.0450905
         vertex -0.0979621 -0.016642 -0.0440448
      endloop
   endfacet
   facet normal -5.93942e-17 -0.969981 -0.243179
      outer loop
         vertex -0.0979621 -0.016642 -0.0440448
         vertex -0.114638 -0.016642 -0.0440448
         vertex -0.1154 -0.0163798 -0.0450905
      endloop
   endfacet
   facet normal 4.35052e-18 0.0710494 0.997473
      outer loop
         vertex -0.0972 0.0247997 0.00398536
         vertex -0.1154 0.0247997 0.00398536
         vertex -0.114638 0.0237243 0.00406195
      endloop
   endfacet
   facet normal 4.35052e-18 0.0710494 0.997473
      outer loop
         vertex -0.114638 0.0237243 0.00406195
         vertex -0.0979621 0.0237243 0.00406195
         vertex -0.0972 0.0247997 0.00398536
      endloop
   endfacet
   facet normal -3.93594e-17 -0.642788 0.766044
      outer loop
         vertex -0.0979621 0.0237243 0.00406195
         vertex -0.114638 0.0237243 0.00406195
         vertex -0.1132 0.0226224 0.00313731
      endloop
   endfacet
   facet normal -3.93594e-17 -0.642788 0.766044
      outer loop
         vertex -0.1132 0.0226224 0.00313731
         vertex -0.0994 0.0226224 0.00313731
         vertex -0.0979621 0.0237243 0.00406195
      endloop
   endfacet
   facet normal 0.707107 0.457771 0.53893
      outer loop
         vertex -0.1154 0.0210401 0.00775027
         vertex -0.1154 0.0182386 0.00987989
         vertex -0.1132 0.0183068 0.00706859
      endloop
   endfacet
   facet normal 0.707107 0.396819 0.585265
      outer loop
         vertex -0.1154 0.0182386 0.00987989
         vertex -0.1132 0.017004 0.00805898
         vertex -0.1132 0.0183068 0.00706859
      endloop
   endfacet
   facet normal 0.707107 0.513356 0.486277
      outer loop
         vertex -0.1154 0.0235949 0.00533023
         vertex -0.1154 0.0210401 0.00775027
         vertex -0.1132 0.0205448 0.00519354
      endloop
   endfacet
   facet normal 0.707107 0.457771 0.53893
      outer loop
         vertex -0.1154 0.0210401 0.00775027
         vertex -0.1132 0.0196158 0.00607351
         vertex -0.1132 0.0205448 0.00519354
      endloop
   endfacet
   facet normal 0.707107 0.513356 0.486277
      outer loop
         vertex -0.1132 0.0219977 0.00381729
         vertex -0.1132 0.0226224 0.00313731
         vertex -0.114638 0.0237243 0.00406195
      endloop
   endfacet
   facet normal 0.707107 0.528568 0.469697
      outer loop
         vertex -0.114638 0.0237243 0.00406195
         vertex -0.1154 0.0235949 0.00533023
         vertex -0.1132 0.0219977 0.00381729
      endloop
   endfacet
   facet normal 0.707107 0.396819 0.585265
      outer loop
         vertex -0.1132 0.017004 0.00805898
         vertex -0.1154 0.0182386 0.00987989
         vertex -0.114638 0.016642 0.0100048
      endloop
   endfacet
   facet normal 0.707107 0.396819 0.585265
      outer loop
         vertex -0.1154 0.0182386 0.00987989
         vertex -0.1154 0.0163798 0.0110505
         vertex -0.114638 0.016642 0.0100048
      endloop
   endfacet
   facet normal 0.707107 0.370776 0.6021
      outer loop
         vertex -0.114638 0.016642 0.0100048
         vertex -0.1132 0.0159227 0.00875899
         vertex -0.1132 0.017004 0.00805898
      endloop
   endfacet
   facet normal 0.707107 0.528568 0.469697
      outer loop
         vertex -0.114638 0.0237243 0.00406195
         vertex -0.1154 0.0247997 0.00398536
         vertex -0.1154 0.0235949 0.00533023
      endloop
   endfacet
   facet normal 0.707107 0.480121 0.519119
      outer loop
         vertex -0.1132 0.0205448 0.00519354
         vertex -0.1132 0.0219977 0.00381729
         vertex -0.1154 0.0235949 0.00533023
      endloop
   endfacet
   facet normal 0.707107 0.427851 0.562978
      outer loop
         vertex -0.1132 0.0183068 0.00706859
         vertex -0.1132 0.0196158 0.00607351
         vertex -0.1154 0.0210401 0.00775027
      endloop
   endfacet
   facet normal -0.707107 0.513356 0.486277
      outer loop
         vertex -0.0972 0.0235949 0.00533023
         vertex -0.0994 0.0219977 0.00381729
         vertex -0.0994 0.0205448 0.00519354
      endloop
   endfacet
   facet normal -0.707107 0.480121 0.519119
      outer loop
         vertex -0.0994 0.0205448 0.00519354
         vertex -0.0972 0.0210401 0.00775027
         vertex -0.0972 0.0235949 0.00533023
      endloop
   endfacet
   facet normal -0.707107 0.457771 0.53893
      outer loop
         vertex -0.0972 0.0210401 0.00775027
         vertex -0.0994 0.0196158 0.00607351
         vertex -0.0994 0.0183068 0.00706859
      endloop
   endfacet
   facet normal -0.707107 0.427851 0.562978
      outer loop
         vertex -0.0994 0.0183068 0.00706859
         vertex -0.0972 0.0182386 0.00987989
         vertex -0.0972 0.0210401 0.00775027
      endloop
   endfacet
   facet normal -0.707107 0.396819 0.585265
      outer loop
         vertex -0.0994 0.017004 0.00805898
         vertex -0.0994 0.0159227 0.00875899
         vertex -0.0979621 0.016642 0.0100048
      endloop
   endfacet
   facet normal -0.707107 0.370776 0.6021
      outer loop
         vertex -0.0979621 0.016642 0.0100048
         vertex -0.0972 0.0182386 0.00987989
         vertex -0.0994 0.017004 0.00805898
      endloop
   endfacet
   facet normal -0.707107 0.513356 0.486277
      outer loop
         vertex -0.0994 0.0219977 0.00381729
         vertex -0.0972 0.0235949 0.00533023
         vertex -0.0979621 0.0237243 0.00406195
      endloop
   endfacet
   facet normal -0.707107 0.513356 0.486277
      outer loop
         vertex -0.0972 0.0235949 0.00533023
         vertex -0.0972 0.0247997 0.00398536
         vertex -0.0979621 0.0237243 0.00406195
      endloop
   endfacet
   facet normal -0.707107 0.528568 0.469697
      outer loop
         vertex -0.0979621 0.0237243 0.00406195
         vertex -0.0994 0.0226224 0.00313731
         vertex -0.0994 0.0219977 0.00381729
      endloop
   endfacet
   facet normal -0.707107 0.370776 0.6021
      outer loop
         vertex -0.0979621 0.016642 0.0100048
         vertex -0.0972 0.0163798 0.0110505
         vertex -0.0972 0.0182386 0.00987989
      endloop
   endfacet
   facet normal -0.707107 0.427851 0.562978
      outer loop
         vertex -0.0994 0.0183068 0.00706859
         vertex -0.0994 0.017004 0.00805898
         vertex -0.0972 0.0182386 0.00987989
      endloop
   endfacet
   facet normal -0.707107 0.480121 0.519119
      outer loop
         vertex -0.0994 0.0205448 0.00519354
         vertex -0.0994 0.0196158 0.00607351
         vertex -0.0972 0.0210401 0.00775027
      endloop
   endfacet
   facet normal 5.72516e-17 0.605072 0.796171
      outer loop
         vertex -0.1132 0.0183068 0.00706859
         vertex -0.1132 0.017004 0.00805898
         vertex -0.0994 0.017004 0.00805898
      endloop
   endfacet
   facet normal 3.21778e-17 0.525503 0.850792
      outer loop
         vertex -0.0994 0.0159227 0.00875899
         vertex -0.0994 0.017004 0.00805898
         vertex -0.1132 0.017004 0.00805898
      endloop
   endfacet
   facet normal 5.72516e-17 0.561187 0.827689
      outer loop
         vertex -0.1132 0.017004 0.00805898
         vertex -0.1132 0.0159227 0.00875899
         vertex -0.0994 0.0159227 0.00875899
      endloop
   endfacet
   facet normal 5.72516e-17 0.678993 0.734145
      outer loop
         vertex -0.1132 0.0205448 0.00519354
         vertex -0.1132 0.0196158 0.00607351
         vertex -0.0994 0.0196158 0.00607351
      endloop
   endfacet
   facet normal 3.57822e-17 0.605072 0.796171
      outer loop
         vertex -0.0994 0.0183068 0.00706859
         vertex -0.0994 0.0196158 0.00607351
         vertex -0.1132 0.0196158 0.00607351
      endloop
   endfacet
   facet normal 5.72516e-17 0.647386 0.762162
      outer loop
         vertex -0.1132 0.0196158 0.00607351
         vertex -0.1132 0.0183068 0.00706859
         vertex -0.0994 0.0183068 0.00706859
      endloop
   endfacet
   facet normal 4.57169e-17 0.746614 0.665258
      outer loop
         vertex -0.1132 0.0226224 0.00313731
         vertex -0.1132 0.0219977 0.00381729
         vertex -0.0994 0.0219977 0.00381729
      endloop
   endfacet
   facet normal 4.29387e-17 0.678993 0.734145
      outer loop
         vertex -0.0994 0.0205448 0.00519354
         vertex -0.0994 0.0219977 0.00381729
         vertex -0.1132 0.0219977 0.00381729
      endloop
   endfacet
   facet normal 5.72516e-17 0.725995 0.687699
      outer loop
         vertex -0.1132 0.0219977 0.00381729
         vertex -0.1132 0.0205448 0.00519354
         vertex -0.0994 0.0205448 0.00519354
      endloop
   endfacet
   facet normal 5.72516e-17 0.725995 0.687699
      outer loop
         vertex -0.0994 0.0219977 0.00381729
         vertex -0.0994 0.0226224 0.00313731
         vertex -0.1132 0.0226224 0.00313731
      endloop
   endfacet
   facet normal 5.72516e-17 0.647386 0.762162
      outer loop
         vertex -0.0994 0.0196158 0.00607351
         vertex -0.0994 0.0205448 0.00519354
         vertex -0.1132 0.0205448 0.00519354
      endloop
   endfacet
   facet normal 5.72516e-17 0.561187 0.827689
      outer loop
         vertex -0.0994 0.017004 0.00805898
         vertex -0.0994 0.0183068 0.00706859
         vertex -0.1132 0.0183068 0.00706859
      endloop
   endfacet
   facet normal 5.30288e-17 0.866025 -0.5
      outer loop
         vertex -0.114638 0.016642 0.0100048
         vertex -0.0979621 0.016642 0.0100048
         vertex -0.0994 0.0159227 0.00875899
      endloop
   endfacet
   facet normal 5.30288e-17 0.866025 -0.5
      outer loop
         vertex -0.0994 0.0159227 0.00875899
         vertex -0.1132 0.0159227 0.00875899
         vertex -0.114638 0.016642 0.0100048
      endloop
   endfacet
   facet normal 5.93942e-17 0.969981 0.243179
      outer loop
         vertex -0.1154 0.0163798 0.0110505
         vertex -0.0972 0.0163798 0.0110505
         vertex -0.0979621 0.016642 0.0100048
      endloop
   endfacet
   facet normal 5.93942e-17 0.969981 0.243179
      outer loop
         vertex -0.0979621 0.016642 0.0100048
         vertex -0.114638 0.016642 0.0100048
         vertex -0.1154 0.0163798 0.0110505
      endloop
   endfacet
   facet normal 1.68016e-17 0.274391 -0.961618
      outer loop
         vertex -0.1154 -0.0161198 -0.0452406
         vertex -0.114638 -0.0150831 -0.0449448
         vertex -0.0979621 -0.0150831 -0.0449448
      endloop
   endfacet
   facet normal 1.68016e-17 0.274391 -0.961618
      outer loop
         vertex -0.0979621 -0.0150831 -0.0449448
         vertex -0.0972 -0.0161198 -0.0452406
         vertex -0.1154 -0.0161198 -0.0452406
      endloop
   endfacet
   facet normal 5.30288e-17 0.866025 -0.5
      outer loop
         vertex -0.0979621 -0.0150831 -0.0449448
         vertex -0.114638 -0.0150831 -0.0449448
         vertex -0.1132 -0.0143639 -0.043699
      endloop
   endfacet
   facet normal 5.30288e-17 0.866025 -0.5
      outer loop
         vertex -0.1132 -0.0143639 -0.043699
         vertex -0.0994 -0.0143639 -0.043699
         vertex -0.0979621 -0.0150831 -0.0449448
      endloop
   endfacet
   facet normal 0.707107 -0.261727 -0.656886
      outer loop
         vertex -0.1154 -0.0120295 -0.0472117
         vertex -0.1154 -0.00869467 -0.0483354
         vertex -0.1132 -0.00896579 -0.0459259
      endloop
   endfacet
   facet normal 0.707107 -0.189171 -0.681333
      outer loop
         vertex -0.1154 -0.00869467 -0.0483354
         vertex -0.1132 -0.00810611 -0.0462156
         vertex -0.1132 -0.00896579 -0.0459259
      endloop
   endfacet
   facet normal 0.707107 -0.331215 -0.624737
      outer loop
         vertex -0.1154 -0.0152233 -0.0457341
         vertex -0.1154 -0.0120295 -0.0472117
         vertex -0.1132 -0.0117147 -0.0449369
      endloop
   endfacet
   facet normal 0.707107 -0.261727 -0.656886
      outer loop
         vertex -0.1154 -0.0120295 -0.0472117
         vertex -0.1132 -0.0112152 -0.045168
         vertex -0.1132 -0.0117147 -0.0449369
      endloop
   endfacet
   facet normal 0.707107 -0.331215 -0.624737
      outer loop
         vertex -0.1132 -0.0141928 -0.0437904
         vertex -0.1132 -0.0143639 -0.043699
         vertex -0.114638 -0.0150831 -0.0449448
      endloop
   endfacet
   facet normal 0.707107 -0.336046 -0.622152
      outer loop
         vertex -0.114638 -0.0150831 -0.0449448
         vertex -0.1154 -0.0152233 -0.0457341
         vertex -0.1132 -0.0141928 -0.0437904
      endloop
   endfacet
   facet normal 0.707107 -0.189171 -0.681333
      outer loop
         vertex -0.1132 -0.00810611 -0.0462156
         vertex -0.1154 -0.00869467 -0.0483354
         vertex -0.114638 -0.00639534 -0.0481069
      endloop
   endfacet
   facet normal 0.707107 -0.189171 -0.681333
      outer loop
         vertex -0.1154 -0.00869467 -0.0483354
         vertex -0.1154 -0.00579132 -0.0489998
         vertex -0.114638 -0.00639534 -0.0481069
      endloop
   endfacet
   facet normal 0.707107 -0.142485 -0.692602
      outer loop
         vertex -0.114638 -0.00639534 -0.0481069
         vertex -0.1132 -0.00614555 -0.0466902
         vertex -0.1132 -0.00810611 -0.0462156
      endloop
   endfacet
   facet normal 0.707107 -0.336046 -0.622152
      outer loop
         vertex -0.114638 -0.0150831 -0.0449448
         vertex -0.1154 -0.0161198 -0.0452406
         vertex -0.1154 -0.0152233 -0.0457341
      endloop
   endfacet
   facet normal 0.707107 -0.273608 -0.652026
      outer loop
         vertex -0.1132 -0.0117147 -0.0449369
         vertex -0.1132 -0.0141928 -0.0437904
         vertex -0.1154 -0.0152233 -0.0457341
      endloop
   endfacet
   facet normal 0.707107 -0.209479 -0.675365
      outer loop
         vertex -0.1132 -0.00896579 -0.0459259
         vertex -0.1132 -0.0112152 -0.045168
         vertex -0.1154 -0.0120295 -0.0472117
      endloop
   endfacet
   facet normal -0.707107 -0.331215 -0.624737
      outer loop
         vertex -0.0972 -0.0152233 -0.0457341
         vertex -0.0994 -0.0141928 -0.0437904
         vertex -0.0994 -0.0117147 -0.0449369
      endloop
   endfacet
   facet normal -0.707107 -0.273608 -0.652026
      outer loop
         vertex -0.0994 -0.0117147 -0.0449369
         vertex -0.0972 -0.0120295 -0.0472117
         vertex -0.0972 -0.0152233 -0.0457341
      endloop
   endfacet
   facet normal -0.707107 -0.261727 -0.656886
      outer loop
         vertex -0.0972 -0.0120295 -0.0472117
         vertex -0.0994 -0.0112152 -0.045168
         vertex -0.0994 -0.00896579 -0.0459259
      endloop
   endfacet
   facet normal -0.707107 -0.209479 -0.675365
      outer loop
         vertex -0.0994 -0.00896579 -0.0459259
         vertex -0.0972 -0.00869467 -0.0483354
         vertex -0.0972 -0.0120295 -0.0472117
      endloop
   endfacet
   facet normal -0.707107 -0.189171 -0.681333
      outer loop
         vertex -0.0994 -0.00810611 -0.0462156
         vertex -0.0994 -0.00614555 -0.0466902
         vertex -0.0979621 -0.00639534 -0.0481069
      endloop
   endfacet
   facet normal -0.707107 -0.142485 -0.692602
      outer loop
         vertex -0.0979621 -0.00639534 -0.0481069
         vertex -0.0972 -0.00869467 -0.0483354
         vertex -0.0994 -0.00810611 -0.0462156
      endloop
   endfacet
   facet normal -0.707107 -0.331215 -0.624737
      outer loop
         vertex -0.0994 -0.0141928 -0.0437904
         vertex -0.0972 -0.0152233 -0.0457341
         vertex -0.0979621 -0.0150831 -0.0449448
      endloop
   endfacet
   facet normal -0.707107 -0.331215 -0.624737
      outer loop
         vertex -0.0972 -0.0152233 -0.0457341
         vertex -0.0972 -0.0161198 -0.0452406
         vertex -0.0979621 -0.0150831 -0.0449448
      endloop
   endfacet
   facet normal -0.707107 -0.336046 -0.622152
      outer loop
         vertex -0.0979621 -0.0150831 -0.0449448
         vertex -0.0994 -0.0143639 -0.043699
         vertex -0.0994 -0.0141928 -0.0437904
      endloop
   endfacet
   facet normal -0.707107 -0.142485 -0.692602
      outer loop
         vertex -0.0979621 -0.00639534 -0.0481069
         vertex -0.0972 -0.00579132 -0.0489998
         vertex -0.0972 -0.00869467 -0.0483354
      endloop
   endfacet
   facet normal -0.707107 -0.209479 -0.675365
      outer loop
         vertex -0.0994 -0.00896579 -0.0459259
         vertex -0.0994 -0.00810611 -0.0462156
         vertex -0.0972 -0.00869467 -0.0483354
      endloop
   endfacet
   facet normal -0.707107 -0.273608 -0.652026
      outer loop
         vertex -0.0994 -0.0117147 -0.0449369
         vertex -0.0994 -0.0112152 -0.045168
         vertex -0.0972 -0.0120295 -0.0472117
      endloop
   endfacet
   facet normal 0 -0.267528 -0.96355
      outer loop
         vertex -0.1132 -0.00810611 -0.0462156
         vertex -0.1132 -0.00614555 -0.0466902
         vertex -0.0994 -0.00614555 -0.0466902
      endloop
   endfacet
   facet normal 0 -0.296248 -0.955111
      outer loop
         vertex -0.1132 -0.00896579 -0.0459259
         vertex -0.1132 -0.00810611 -0.0462156
         vertex -0.0994 -0.00810611 -0.0462156
      endloop
   endfacet
   facet normal -1.43129e-17 -0.267528 -0.96355
      outer loop
         vertex -0.0994 -0.00810611 -0.0462156
         vertex -0.0994 -0.00896579 -0.0459259
         vertex -0.1132 -0.00896579 -0.0459259
      endloop
   endfacet
   facet normal 0 -0.386941 -0.922105
      outer loop
         vertex -0.1132 -0.0117147 -0.0449369
         vertex -0.1132 -0.0112152 -0.045168
         vertex -0.0994 -0.0112152 -0.045168
      endloop
   endfacet
   facet normal 0 -0.296248 -0.955111
      outer loop
         vertex -0.0994 -0.00896579 -0.0459259
         vertex -0.0994 -0.0112152 -0.045168
         vertex -0.1132 -0.0112152 -0.045168
      endloop
   endfacet
   facet normal 0 -0.370138 -0.928977
      outer loop
         vertex -0.1132 -0.0112152 -0.045168
         vertex -0.1132 -0.00896579 -0.0459259
         vertex -0.0994 -0.00896579 -0.0459259
      endloop
   endfacet
   facet normal 0 -0.386941 -0.922105
      outer loop
         vertex -0.0994 -0.0117147 -0.0449369
         vertex -0.0994 -0.0141928 -0.0437904
         vertex -0.1132 -0.0141928 -0.0437904
      endloop
   endfacet
   facet normal -2.86258e-17 -0.468408 -0.883512
      outer loop
         vertex -0.1132 -0.0141928 -0.0437904
         vertex -0.0994 -0.0141928 -0.0437904
         vertex -0.0994 -0.0143639 -0.043699
      endloop
   endfacet
   facet normal -2.90275e-17 -0.474056 -0.880495
      outer loop
         vertex -0.0994 -0.0143639 -0.043699
         vertex -0.1132 -0.0143639 -0.043699
         vertex -0.1132 -0.0141928 -0.0437904
      endloop
   endfacet
   facet normal -2.86258e-17 -0.468408 -0.883512
      outer loop
         vertex -0.1132 -0.0141928 -0.0437904
         vertex -0.1132 -0.0117147 -0.0449369
         vertex -0.0994 -0.0117147 -0.0449369
      endloop
   endfacet
   facet normal 0 -0.370138 -0.928977
      outer loop
         vertex -0.0994 -0.0112152 -0.045168
         vertex -0.0994 -0.0117147 -0.0449369
         vertex -0.1132 -0.0117147 -0.0449369
      endloop
   endfacet
   facet normal -1.24193e-17 -0.202823 -0.979215
      outer loop
         vertex -0.0994 -0.00614555 -0.0466902
         vertex -0.0994 -0.00810611 -0.0462156
         vertex -0.1132 -0.00810611 -0.0462156
      endloop
   endfacet
   facet normal -6.03021e-17 -0.984808 0.173648
      outer loop
         vertex -0.114638 -0.00639534 -0.0481069
         vertex -0.0979621 -0.00639534 -0.0481069
         vertex -0.0994 -0.00614555 -0.0466902
      endloop
   endfacet
   facet normal -6.03021e-17 -0.984808 0.173648
      outer loop
         vertex -0.0994 -0.00614555 -0.0466902
         vertex -0.1132 -0.00614555 -0.0466902
         vertex -0.114638 -0.00639534 -0.0481069
      endloop
   endfacet
   facet normal -5.07195e-17 -0.828312 -0.560267
      outer loop
         vertex -0.0972 -0.00579132 -0.0489998
         vertex -0.0979621 -0.00639534 -0.0481069
         vertex -0.114638 -0.00639534 -0.0481069
      endloop
   endfacet
   facet normal -5.07195e-17 -0.828312 -0.560267
      outer loop
         vertex -0.114638 -0.00639534 -0.0481069
         vertex -0.1154 -0.00579132 -0.0489998
         vertex -0.0972 -0.00579132 -0.0489998
      endloop
   endfacet
   facet normal -1.68016e-17 -0.274391 0.961618
      outer loop
         vertex -0.0972 0.0161198 0.0112006
         vertex -0.1154 0.0161198 0.0112006
         vertex -0.114638 0.0150831 0.0109048
      endloop
   endfacet
   facet normal -1.68016e-17 -0.274391 0.961618
      outer loop
         vertex -0.114638 0.0150831 0.0109048
         vertex -0.0979621 0.0150831 0.0109048
         vertex -0.0972 0.0161198 0.0112006
      endloop
   endfacet
   facet normal -5.30288e-17 -0.866025 0.5
      outer loop
         vertex -0.0979621 0.0150831 0.0109048
         vertex -0.114638 0.0150831 0.0109048
         vertex -0.1132 0.0143639 0.00965899
      endloop
   endfacet
   facet normal -5.30288e-17 -0.866025 0.5
      outer loop
         vertex -0.1132 0.0143639 0.00965899
         vertex -0.0994 0.0143639 0.00965899
         vertex -0.0979621 0.0150831 0.0109048
      endloop
   endfacet
   facet normal 0.707107 0.261727 0.656886
      outer loop
         vertex -0.1154 0.0120295 0.0131717
         vertex -0.1154 0.00869467 0.0142954
         vertex -0.1132 0.00896579 0.0118859
      endloop
   endfacet
   facet normal 0.707107 0.189171 0.681333
      outer loop
         vertex -0.1154 0.00869467 0.0142954
         vertex -0.1132 0.00810611 0.0121756
         vertex -0.1132 0.00896579 0.0118859
      endloop
   endfacet
   facet normal 0.707107 0.331215 0.624737
      outer loop
         vertex -0.1154 0.0152233 0.0116941
         vertex -0.1154 0.0120295 0.0131717
         vertex -0.1132 0.0117147 0.0108969
      endloop
   endfacet
   facet normal 0.707107 0.261727 0.656886
      outer loop
         vertex -0.1154 0.0120295 0.0131717
         vertex -0.1132 0.0112152 0.011128
         vertex -0.1132 0.0117147 0.0108969
      endloop
   endfacet
   facet normal 0.707107 0.331215 0.624737
      outer loop
         vertex -0.1132 0.0141928 0.00975041
         vertex -0.1132 0.0143639 0.00965899
         vertex -0.114638 0.0150831 0.0109048
      endloop
   endfacet
   facet normal 0.707107 0.336046 0.622152
      outer loop
         vertex -0.114638 0.0150831 0.0109048
         vertex -0.1154 0.0152233 0.0116941
         vertex -0.1132 0.0141928 0.00975041
      endloop
   endfacet
   facet normal 0.707107 0.189171 0.681333
      outer loop
         vertex -0.1132 0.00810611 0.0121756
         vertex -0.1154 0.00869467 0.0142954
         vertex -0.114638 0.00639534 0.0140669
      endloop
   endfacet
   facet normal 0.707107 0.189171 0.681333
      outer loop
         vertex -0.1154 0.00869467 0.0142954
         vertex -0.1154 0.00579132 0.0149598
         vertex -0.114638 0.00639534 0.0140669
      endloop
   endfacet
   facet normal 0.707107 0.142485 0.692602
      outer loop
         vertex -0.114638 0.00639534 0.0140669
         vertex -0.1132 0.00614555 0.0126502
         vertex -0.1132 0.00810611 0.0121756
      endloop
   endfacet
   facet normal 0.707107 0.336046 0.622152
      outer loop
         vertex -0.114638 0.0150831 0.0109048
         vertex -0.1154 0.0161198 0.0112006
         vertex -0.1154 0.0152233 0.0116941
      endloop
   endfacet
   facet normal 0.707107 0.273608 0.652026
      outer loop
         vertex -0.1132 0.0117147 0.0108969
         vertex -0.1132 0.0141928 0.00975041
         vertex -0.1154 0.0152233 0.0116941
      endloop
   endfacet
   facet normal 0.707107 0.209479 0.675365
      outer loop
         vertex -0.1132 0.00896579 0.0118859
         vertex -0.1132 0.0112152 0.011128
         vertex -0.1154 0.0120295 0.0131717
      endloop
   endfacet
   facet normal -0.707107 0.331215 0.624737
      outer loop
         vertex -0.0972 0.0152233 0.0116941
         vertex -0.0994 0.0141928 0.00975041
         vertex -0.0994 0.0117147 0.0108969
      endloop
   endfacet
   facet normal -0.707107 0.273608 0.652026
      outer loop
         vertex -0.0994 0.0117147 0.0108969
         vertex -0.0972 0.0120295 0.0131717
         vertex -0.0972 0.0152233 0.0116941
      endloop
   endfacet
   facet normal -0.707107 0.261727 0.656886
      outer loop
         vertex -0.0972 0.0120295 0.0131717
         vertex -0.0994 0.0112152 0.011128
         vertex -0.0994 0.00896579 0.0118859
      endloop
   endfacet
   facet normal -0.707107 0.209479 0.675365
      outer loop
         vertex -0.0994 0.00896579 0.0118859
         vertex -0.0972 0.00869467 0.0142954
         vertex -0.0972 0.0120295 0.0131717
      endloop
   endfacet
   facet normal -0.707107 0.189171 0.681333
      outer loop
         vertex -0.0994 0.00810611 0.0121756
         vertex -0.0994 0.00614555 0.0126502
         vertex -0.0979621 0.00639534 0.0140669
      endloop
   endfacet
   facet normal -0.707107 0.142485 0.692602
      outer loop
         vertex -0.0979621 0.00639534 0.0140669
         vertex -0.0972 0.00869467 0.0142954
         vertex -0.0994 0.00810611 0.0121756
      endloop
   endfacet
   facet normal -0.707107 0.331215 0.624737
      outer loop
         vertex -0.0994 0.0141928 0.00975041
         vertex -0.0972 0.0152233 0.0116941
         vertex -0.0979621 0.0150831 0.0109048
      endloop
   endfacet
   facet normal -0.707107 0.331215 0.624737
      outer loop
         vertex -0.0972 0.0152233 0.0116941
         vertex -0.0972 0.0161198 0.0112006
         vertex -0.0979621 0.0150831 0.0109048
      endloop
   endfacet
   facet normal -0.707107 0.336046 0.622152
      outer loop
         vertex -0.0979621 0.0150831 0.0109048
         vertex -0.0994 0.0143639 0.00965899
         vertex -0.0994 0.0141928 0.00975041
      endloop
   endfacet
   facet normal -0.707107 0.142485 0.692602
      outer loop
         vertex -0.0979621 0.00639534 0.0140669
         vertex -0.0972 0.00579132 0.0149598
         vertex -0.0972 0.00869467 0.0142954
      endloop
   endfacet
   facet normal -0.707107 0.209479 0.675365
      outer loop
         vertex -0.0994 0.00896579 0.0118859
         vertex -0.0994 0.00810611 0.0121756
         vertex -0.0972 0.00869467 0.0142954
      endloop
   endfacet
   facet normal -0.707107 0.273608 0.652026
      outer loop
         vertex -0.0994 0.0117147 0.0108969
         vertex -0.0994 0.0112152 0.011128
         vertex -0.0972 0.0120295 0.0131717
      endloop
   endfacet
   facet normal 0 0.267528 0.96355
      outer loop
         vertex -0.1132 0.00810611 0.0121756
         vertex -0.1132 0.00614555 0.0126502
         vertex -0.0994 0.00614555 0.0126502
      endloop
   endfacet
   facet normal 2.14693e-17 0.296248 0.955111
      outer loop
         vertex -0.0994 0.00896579 0.0118859
         vertex -0.1132 0.00896579 0.0118859
         vertex -0.1132 0.00810611 0.0121756
      endloop
   endfacet
   facet normal 0 0.267528 0.96355
      outer loop
         vertex -0.1132 0.00810611 0.0121756
         vertex -0.0994 0.00810611 0.0121756
         vertex -0.0994 0.00896579 0.0118859
      endloop
   endfacet
   facet normal 2.14693e-17 0.386941 0.922105
      outer loop
         vertex -0.0994 0.0117147 0.0108969
         vertex -0.1132 0.0117147 0.0108969
         vertex -0.1132 0.0112152 0.011128
      endloop
   endfacet
   facet normal 2.14693e-17 0.296248 0.955111
      outer loop
         vertex -0.1132 0.00896579 0.0118859
         vertex -0.0994 0.00896579 0.0118859
         vertex -0.0994 0.0112152 0.011128
      endloop
   endfacet
   facet normal 0 0.370138 0.928977
      outer loop
         vertex -0.0994 0.0112152 0.011128
         vertex -0.1132 0.0112152 0.011128
         vertex -0.1132 0.00896579 0.0118859
      endloop
   endfacet
   facet normal 5.72516e-17 0.468408 0.883512
      outer loop
         vertex -0.1132 0.0141928 0.00975041
         vertex -0.1132 0.0117147 0.0108969
         vertex -0.0994 0.0117147 0.0108969
      endloop
   endfacet
   facet normal 5.72516e-17 0.468408 0.883512
      outer loop
         vertex -0.1132 0.0141928 0.00975041
         vertex -0.0994 0.0141928 0.00975041
         vertex -0.0994 0.0143639 0.00965899
      endloop
   endfacet
   facet normal 2.90275e-17 0.474056 0.880495
      outer loop
         vertex -0.0994 0.0143639 0.00965899
         vertex -0.1132 0.0143639 0.00965899
         vertex -0.1132 0.0141928 0.00975041
      endloop
   endfacet
   facet normal 2.14693e-17 0.386941 0.922105
      outer loop
         vertex -0.0994 0.0117147 0.0108969
         vertex -0.0994 0.0141928 0.00975041
         vertex -0.1132 0.0141928 0.00975041
      endloop
   endfacet
   facet normal 0 0.370138 0.928977
      outer loop
         vertex -0.1132 0.0112152 0.011128
         vertex -0.0994 0.0112152 0.011128
         vertex -0.0994 0.0117147 0.0108969
      endloop
   endfacet
   facet normal 1.24193e-17 0.202823 0.979215
      outer loop
         vertex -0.0994 0.00614555 0.0126502
         vertex -0.0994 0.00810611 0.0121756
         vertex -0.1132 0.00810611 0.0121756
      endloop
   endfacet
   facet normal 6.03021e-17 0.984808 -0.173648
      outer loop
         vertex -0.114638 0.00639534 0.0140669
         vertex -0.0979621 0.00639534 0.0140669
         vertex -0.0994 0.00614555 0.0126502
      endloop
   endfacet
   facet normal 6.03021e-17 0.984808 -0.173648
      outer loop
         vertex -0.0994 0.00614555 0.0126502
         vertex -0.1132 0.00614555 0.0126502
         vertex -0.114638 0.00639534 0.0140669
      endloop
   endfacet
   facet normal 5.07195e-17 0.828312 0.560267
      outer loop
         vertex -0.0972 0.00579132 0.0149598
         vertex -0.0979621 0.00639534 0.0140669
         vertex -0.114638 0.00639534 0.0140669
      endloop
   endfacet
   facet normal 5.07195e-17 0.828312 0.560267
      outer loop
         vertex -0.114638 0.00639534 0.0140669
         vertex -0.1154 0.00579132 0.0149598
         vertex -0.0972 0.00579132 0.0149598
      endloop
   endfacet
   facet normal 3.59272e-17 0.586736 -0.809778
      outer loop
         vertex -0.0974388 -0.00522218 -0.0488538
         vertex -0.115161 -0.00522218 -0.0488538
         vertex -0.114638 -0.00462268 -0.0484194
      endloop
   endfacet
   facet normal 3.59272e-17 0.586736 -0.809778
      outer loop
         vertex -0.0974388 -0.00522218 -0.0488538
         vertex -0.1154 -0.00549569 -0.049052
         vertex -0.115161 -0.00522218 -0.0488538
      endloop
   endfacet
   facet normal 3.59272e-17 0.586736 -0.809778
      outer loop
         vertex -0.114638 -0.00462268 -0.0484194
         vertex -0.0979621 -0.00462268 -0.0484194
         vertex -0.0974388 -0.00522218 -0.0488538
      endloop
   endfacet
   facet normal 3.59272e-17 0.586736 -0.809778
      outer loop
         vertex -0.0974388 -0.00522218 -0.0488538
         vertex -0.0972 -0.00549569 -0.049052
         vertex -0.1154 -0.00549569 -0.049052
      endloop
   endfacet
   facet normal 6.03021e-17 0.984808 -0.173648
      outer loop
         vertex -0.0979621 -0.00462268 -0.0484194
         vertex -0.114638 -0.00462268 -0.0484194
         vertex -0.1132 -0.00437289 -0.0470028
      endloop
   endfacet
   facet normal 6.03021e-17 0.984808 -0.173648
      outer loop
         vertex -0.1132 -0.00437289 -0.0470028
         vertex -0.0994 -0.00437289 -0.0470028
         vertex -0.0979621 -0.00462268 -0.0484194
      endloop
   endfacet
   facet normal 0.707107 0.038282 -0.70607
      outer loop
         vertex -0.1154 0.00175951 -0.0494723
         vertex -0.1132 0.00146217 -0.0472756
         vertex -0.1132 -0.00146217 -0.0472756
      endloop
   endfacet
   facet normal 0.707107 -0.0341327 -0.706282
      outer loop
         vertex -0.1132 -0.00146217 -0.0472756
         vertex -0.1154 -0.00175951 -0.0494723
         vertex -0.1154 0.00175951 -0.0494723
      endloop
   endfacet
   facet normal 0.707107 0.038282 -0.70607
      outer loop
         vertex -0.1154 0.00175951 -0.0494723
         vertex -0.1132 0.00164041 -0.0472756
         vertex -0.1132 0.00146217 -0.0472756
      endloop
   endfacet
   facet normal 0.707107 -0.038282 -0.70607
      outer loop
         vertex -0.1154 -0.00175951 -0.0494723
         vertex -0.114638 -0.00462268 -0.0484194
         vertex -0.115161 -0.00522218 -0.0488538
      endloop
   endfacet
   facet normal 0.707107 -0.038282 -0.70607
      outer loop
         vertex -0.1132 -0.00164041 -0.0472756
         vertex -0.1132 -0.00437289 -0.0470028
         vertex -0.114638 -0.00462268 -0.0484194
      endloop
   endfacet
   facet normal 0.707107 -0.102991 -0.699566
      outer loop
         vertex -0.114638 -0.00462268 -0.0484194
         vertex -0.1154 -0.00175951 -0.0494723
         vertex -0.1132 -0.00164041 -0.0472756
      endloop
   endfacet
   facet normal 0.707107 0.038282 -0.70607
      outer loop
         vertex -0.1132 0.00164041 -0.0472756
         vertex -0.1154 0.00175951 -0.0494723
         vertex -0.114638 0.00462268 -0.0484194
      endloop
   endfacet
   facet normal 0.707107 0.038282 -0.70607
      outer loop
         vertex -0.1154 0.00175951 -0.0494723
         vertex -0.1154 0.00525791 -0.0490919
         vertex -0.115161 0.00522218 -0.0488538
      endloop
   endfacet
   facet normal 0.707107 0.114467 -0.69778
      outer loop
         vertex -0.115161 0.00522218 -0.0488538
         vertex -0.114638 0.00462268 -0.0484194
         vertex -0.1154 0.00175951 -0.0494723
      endloop
   endfacet
   facet normal 0.707107 0.102991 -0.699566
      outer loop
         vertex -0.114638 0.00462268 -0.0484194
         vertex -0.1132 0.00437289 -0.0470028
         vertex -0.1132 0.00164041 -0.0472756
      endloop
   endfacet
   facet normal 0.707107 0.114467 -0.69778
      outer loop
         vertex -0.115161 0.00522218 -0.0488538
         vertex -0.1154 0.00525791 -0.0490919
         vertex -0.1154 0.00549569 -0.049052
      endloop
   endfacet
   facet normal 0.707107 -0.11957 -0.696924
      outer loop
         vertex -0.1154 -0.00549569 -0.049052
         vertex -0.1154 -0.00525791 -0.0490919
         vertex -0.115161 -0.00522218 -0.0488538
      endloop
   endfacet
   facet normal 0.707107 -0.114467 -0.69778
      outer loop
         vertex -0.115161 -0.00522218 -0.0488538
         vertex -0.1154 -0.00525791 -0.0490919
         vertex -0.1154 -0.00175951 -0.0494723
      endloop
   endfacet
   facet normal 0.707107 -0.0341327 -0.706282
      outer loop
         vertex -0.1132 -0.00146217 -0.0472756
         vertex -0.1132 -0.00164041 -0.0472756
         vertex -0.1154 -0.00175951 -0.0494723
      endloop
   endfacet
   facet normal -0.707107 0.038282 -0.70607
      outer loop
         vertex -0.0972 0.00175951 -0.0494723
         vertex -0.0972 -0.00175951 -0.0494723
         vertex -0.0994 -0.00146217 -0.0472756
      endloop
   endfacet
   facet normal -0.707107 -0.0341327 -0.706282
      outer loop
         vertex -0.0994 -0.00146217 -0.0472756
         vertex -0.0994 0.00146217 -0.0472756
         vertex -0.0972 0.00175951 -0.0494723
      endloop
   endfacet
   facet normal -0.707107 -0.038282 -0.70607
      outer loop
         vertex -0.0972 -0.00175951 -0.0494723
         vertex -0.0994 -0.00164041 -0.0472756
         vertex -0.0994 -0.00146217 -0.0472756
      endloop
   endfacet
   facet normal -0.707107 0.038282 -0.70607
      outer loop
         vertex -0.0972 0.00175951 -0.0494723
         vertex -0.0979621 0.00462268 -0.0484194
         vertex -0.0974388 0.00522218 -0.0488538
      endloop
   endfacet
   facet normal -0.707107 0.038282 -0.70607
      outer loop
         vertex -0.0994 0.00164041 -0.0472756
         vertex -0.0994 0.00437289 -0.0470028
         vertex -0.0979621 0.00462268 -0.0484194
      endloop
   endfacet
   facet normal -0.707107 0.102991 -0.699566
      outer loop
         vertex -0.0979621 0.00462268 -0.0484194
         vertex -0.0972 0.00175951 -0.0494723
         vertex -0.0994 0.00164041 -0.0472756
      endloop
   endfacet
   facet normal -0.707107 -0.038282 -0.70607
      outer loop
         vertex -0.0994 -0.00164041 -0.0472756
         vertex -0.0972 -0.00175951 -0.0494723
         vertex -0.0979621 -0.00462268 -0.0484194
      endloop
   endfacet
   facet normal -0.707107 -0.038282 -0.70607
      outer loop
         vertex -0.0972 -0.00175951 -0.0494723
         vertex -0.0972 -0.00525791 -0.0490919
         vertex -0.0974388 -0.00522218 -0.0488538
      endloop
   endfacet
   facet normal -0.707107 -0.114467 -0.69778
      outer loop
         vertex -0.0974388 -0.00522218 -0.0488538
         vertex -0.0979621 -0.00462268 -0.0484194
         vertex -0.0972 -0.00175951 -0.0494723
      endloop
   endfacet
   facet normal -0.707107 -0.102991 -0.699566
      outer loop
         vertex -0.0979621 -0.00462268 -0.0484194
         vertex -0.0994 -0.00437289 -0.0470028
         vertex -0.0994 -0.00164041 -0.0472756
      endloop
   endfacet
   facet normal -0.707107 -0.114467 -0.69778
      outer loop
         vertex -0.0974388 -0.00522218 -0.0488538
         vertex -0.0972 -0.00525791 -0.0490919
         vertex -0.0972 -0.00549569 -0.049052
      endloop
   endfacet
   facet normal -0.707107 0.11957 -0.696924
      outer loop
         vertex -0.0972 0.00549569 -0.049052
         vertex -0.0972 0.00525791 -0.0490919
         vertex -0.0974388 0.00522218 -0.0488538
      endloop
   endfacet
   facet normal -0.707107 0.114467 -0.69778
      outer loop
         vertex -0.0974388 0.00522218 -0.0488538
         vertex -0.0972 0.00525791 -0.0490919
         vertex -0.0972 0.00175951 -0.0494723
      endloop
   endfacet
   facet normal -0.707107 0.0341327 -0.706282
      outer loop
         vertex -0.0994 0.00146217 -0.0472756
         vertex -0.0994 0.00164041 -0.0472756
         vertex -0.0972 0.00175951 -0.0494723
      endloop
   endfacet
   facet normal 0 0.0541389 -0.998533
      outer loop
         vertex -0.1132 0.00164041 -0.0472756
         vertex -0.1132 0.00437289 -0.0470028
         vertex -0.0994 0.00437289 -0.0470028
      endloop
   endfacet
   facet normal 0 0.048271 -0.998834
      outer loop
         vertex -0.1132 0.00146217 -0.0472756
         vertex -0.1132 0.00164041 -0.0472756
         vertex -0.0994 0.00164041 -0.0472756
      endloop
   endfacet
   facet normal 0 0.0541389 -0.998533
      outer loop
         vertex -0.0994 0.00164041 -0.0472756
         vertex -0.0994 0.00146217 -0.0472756
         vertex -0.1132 0.00146217 -0.0472756
      endloop
   endfacet
   facet normal 0 0.048271 -0.998834
      outer loop
         vertex -0.1132 0.00146217 -0.0472756
         vertex -0.0994 0.00146217 -0.0472756
         vertex -0.0994 -0.00146217 -0.0472756
      endloop
   endfacet
   facet normal 0 -0.0541389 -0.998533
      outer loop
         vertex -0.1132 -0.00164041 -0.0472756
         vertex -0.1132 -0.00146217 -0.0472756
         vertex -0.0994 -0.00146217 -0.0472756
      endloop
   endfacet
   facet normal 0 -0.0541389 -0.998533
      outer loop
         vertex -0.1132 -0.00164041 -0.0472756
         vertex -0.0994 -0.00164041 -0.0472756
         vertex -0.0994 -0.00437289 -0.0470028
      endloop
   endfacet
   facet normal -8.83704e-18 -0.14432 -0.989531
      outer loop
         vertex -0.0994 -0.00437289 -0.0470028
         vertex -0.1132 -0.00437289 -0.0470028
         vertex -0.1132 -0.00164041 -0.0472756
      endloop
   endfacet
   facet normal 0 -0.048271 -0.998834
      outer loop
         vertex -0.0994 -0.00146217 -0.0472756
         vertex -0.0994 -0.00164041 -0.0472756
         vertex -0.1132 -0.00164041 -0.0472756
      endloop
   endfacet
   facet normal 0 -0.048271 -0.998834
      outer loop
         vertex -0.0994 -0.00146217 -0.0472756
         vertex -0.1132 -0.00146217 -0.0472756
         vertex -0.1132 0.00146217 -0.0472756
      endloop
   endfacet
   facet normal 8.83704e-18 0.14432 -0.989531
      outer loop
         vertex -0.0994 0.00437289 -0.0470028
         vertex -0.0994 0.00164041 -0.0472756
         vertex -0.1132 0.00164041 -0.0472756
      endloop
   endfacet
   facet normal -6.03021e-17 -0.984808 -0.173648
      outer loop
         vertex -0.114638 0.00462268 -0.0484194
         vertex -0.0979621 0.00462268 -0.0484194
         vertex -0.0994 0.00437289 -0.0470028
      endloop
   endfacet
   facet normal -6.03021e-17 -0.984808 -0.173648
      outer loop
         vertex -0.0994 0.00437289 -0.0470028
         vertex -0.1132 0.00437289 -0.0470028
         vertex -0.114638 0.00462268 -0.0484194
      endloop
   endfacet
   facet normal -3.59272e-17 -0.586736 -0.809778
      outer loop
         vertex -0.115161 0.00522218 -0.0488538
         vertex -0.0974388 0.00522218 -0.0488538
         vertex -0.0979621 0.00462268 -0.0484194
      endloop
   endfacet
   facet normal -3.59272e-17 -0.586736 -0.809778
      outer loop
         vertex -0.115161 0.00522218 -0.0488538
         vertex -0.0972 0.00549569 -0.049052
         vertex -0.0974388 0.00522218 -0.0488538
      endloop
   endfacet
   facet normal -3.59272e-17 -0.586736 -0.809778
      outer loop
         vertex -0.0979621 0.00462268 -0.0484194
         vertex -0.114638 0.00462268 -0.0484194
         vertex -0.115161 0.00522218 -0.0488538
      endloop
   endfacet
   facet normal -3.59272e-17 -0.586736 -0.809778
      outer loop
         vertex -0.115161 0.00522218 -0.0488538
         vertex -0.1154 0.00549569 -0.049052
         vertex -0.0972 0.00549569 -0.049052
      endloop
   endfacet
   facet normal -3.59272e-17 -0.586736 0.809778
      outer loop
         vertex -0.115161 0.00522218 0.0148138
         vertex -0.114638 0.00462268 0.0143794
         vertex -0.0979621 0.00462268 0.0143794
      endloop
   endfacet
   facet normal -3.59272e-17 -0.586736 0.809778
      outer loop
         vertex -0.0974388 0.00522218 0.0148138
         vertex -0.1154 0.00549569 0.015012
         vertex -0.115161 0.00522218 0.0148138
      endloop
   endfacet
   facet normal -3.59272e-17 -0.586736 0.809778
      outer loop
         vertex -0.0979621 0.00462268 0.0143794
         vertex -0.0974388 0.00522218 0.0148138
         vertex -0.115161 0.00522218 0.0148138
      endloop
   endfacet
   facet normal -3.59272e-17 -0.586736 0.809778
      outer loop
         vertex -0.0974388 0.00522218 0.0148138
         vertex -0.0972 0.00549569 0.015012
         vertex -0.1154 0.00549569 0.015012
      endloop
   endfacet
   facet normal -6.03021e-17 -0.984808 0.173648
      outer loop
         vertex -0.114638 0.00462268 0.0143794
         vertex -0.1132 0.00437289 0.0129628
         vertex -0.0994 0.00437289 0.0129628
      endloop
   endfacet
   facet normal -6.03021e-17 -0.984808 0.173648
      outer loop
         vertex -0.0994 0.00437289 0.0129628
         vertex -0.0979621 0.00462268 0.0143794
         vertex -0.114638 0.00462268 0.0143794
      endloop
   endfacet
   facet normal 0.707107 0.038282 0.70607
      outer loop
         vertex -0.1154 0.00175951 0.0154323
         vertex -0.1154 -0.00175951 0.0154323
         vertex -0.1132 -0.00146217 0.0132356
      endloop
   endfacet
   facet normal 0.707107 -0.0341327 0.706282
      outer loop
         vertex -0.1132 -0.00146217 0.0132356
         vertex -0.1132 0.00146217 0.0132356
         vertex -0.1154 0.00175951 0.0154323
      endloop
   endfacet
   facet normal 0.707107 -0.038282 0.70607
      outer loop
         vertex -0.1154 -0.00175951 0.0154323
         vertex -0.1132 -0.00164041 0.0132356
         vertex -0.1132 -0.00146217 0.0132356
      endloop
   endfacet
   facet normal 0.707107 0.038282 0.70607
      outer loop
         vertex -0.1154 0.00175951 0.0154323
         vertex -0.114638 0.00462268 0.0143794
         vertex -0.115161 0.00522218 0.0148138
      endloop
   endfacet
   facet normal 0.707107 0.038282 0.70607
      outer loop
         vertex -0.1132 0.00164041 0.0132356
         vertex -0.1132 0.00437289 0.0129628
         vertex -0.114638 0.00462268 0.0143794
      endloop
   endfacet
   facet normal 0.707107 0.102991 0.699566
      outer loop
         vertex -0.114638 0.00462268 0.0143794
         vertex -0.1154 0.00175951 0.0154323
         vertex -0.1132 0.00164041 0.0132356
      endloop
   endfacet
   facet normal 0.707107 -0.038282 0.70607
      outer loop
         vertex -0.1132 -0.00164041 0.0132356
         vertex -0.1154 -0.00175951 0.0154323
         vertex -0.114638 -0.00462268 0.0143794
      endloop
   endfacet
   facet normal 0.707107 -0.038282 0.70607
      outer loop
         vertex -0.1154 -0.00175951 0.0154323
         vertex -0.1154 -0.00525791 0.0150519
         vertex -0.115161 -0.00522218 0.0148138
      endloop
   endfacet
   facet normal 0.707107 -0.114467 0.69778
      outer loop
         vertex -0.115161 -0.00522218 0.0148138
         vertex -0.114638 -0.00462268 0.0143794
         vertex -0.1154 -0.00175951 0.0154323
      endloop
   endfacet
   facet normal 0.707107 -0.102991 0.699566
      outer loop
         vertex -0.114638 -0.00462268 0.0143794
         vertex -0.1132 -0.00437289 0.0129628
         vertex -0.1132 -0.00164041 0.0132356
      endloop
   endfacet
   facet normal 0.707107 -0.114467 0.69778
      outer loop
         vertex -0.115161 -0.00522218 0.0148138
         vertex -0.1154 -0.00525791 0.0150519
         vertex -0.1154 -0.00549569 0.015012
      endloop
   endfacet
   facet normal 0.707107 0.11957 0.696924
      outer loop
         vertex -0.1154 0.00549569 0.015012
         vertex -0.1154 0.00525791 0.0150519
         vertex -0.115161 0.00522218 0.0148138
      endloop
   endfacet
   facet normal 0.707107 0.114467 0.69778
      outer loop
         vertex -0.115161 0.00522218 0.0148138
         vertex -0.1154 0.00525791 0.0150519
         vertex -0.1154 0.00175951 0.0154323
      endloop
   endfacet
   facet normal 0.707107 0.0341327 0.706282
      outer loop
         vertex -0.1132 0.00146217 0.0132356
         vertex -0.1132 0.00164041 0.0132356
         vertex -0.1154 0.00175951 0.0154323
      endloop
   endfacet
   facet normal -0.707107 0.038282 0.70607
      outer loop
         vertex -0.0972 0.00175951 0.0154323
         vertex -0.0994 0.00146217 0.0132356
         vertex -0.0994 -0.00146217 0.0132356
      endloop
   endfacet
   facet normal -0.707107 -0.0341327 0.706282
      outer loop
         vertex -0.0994 -0.00146217 0.0132356
         vertex -0.0972 -0.00175951 0.0154323
         vertex -0.0972 0.00175951 0.0154323
      endloop
   endfacet
   facet normal -0.707107 0.038282 0.70607
      outer loop
         vertex -0.0972 0.00175951 0.0154323
         vertex -0.0994 0.00164041 0.0132356
         vertex -0.0994 0.00146217 0.0132356
      endloop
   endfacet
   facet normal -0.707107 -0.038282 0.70607
      outer loop
         vertex -0.0972 -0.00175951 0.0154323
         vertex -0.0979621 -0.00462268 0.0143794
         vertex -0.0974388 -0.00522218 0.0148138
      endloop
   endfacet
   facet normal -0.707107 -0.038282 0.70607
      outer loop
         vertex -0.0994 -0.00164041 0.0132356
         vertex -0.0994 -0.00437289 0.0129628
         vertex -0.0979621 -0.00462268 0.0143794
      endloop
   endfacet
   facet normal -0.707107 -0.102991 0.699566
      outer loop
         vertex -0.0979621 -0.00462268 0.0143794
         vertex -0.0972 -0.00175951 0.0154323
         vertex -0.0994 -0.00164041 0.0132356
      endloop
   endfacet
   facet normal -0.707107 0.038282 0.70607
      outer loop
         vertex -0.0994 0.00164041 0.0132356
         vertex -0.0972 0.00175951 0.0154323
         vertex -0.0979621 0.00462268 0.0143794
      endloop
   endfacet
   facet normal -0.707107 0.038282 0.70607
      outer loop
         vertex -0.0972 0.00175951 0.0154323
         vertex -0.0972 0.00525791 0.0150519
         vertex -0.0974388 0.00522218 0.0148138
      endloop
   endfacet
   facet normal -0.707107 0.114467 0.69778
      outer loop
         vertex -0.0974388 0.00522218 0.0148138
         vertex -0.0979621 0.00462268 0.0143794
         vertex -0.0972 0.00175951 0.0154323
      endloop
   endfacet
   facet normal -0.707107 0.102991 0.699566
      outer loop
         vertex -0.0979621 0.00462268 0.0143794
         vertex -0.0994 0.00437289 0.0129628
         vertex -0.0994 0.00164041 0.0132356
      endloop
   endfacet
   facet normal -0.707107 0.114467 0.69778
      outer loop
         vertex -0.0974388 0.00522218 0.0148138
         vertex -0.0972 0.00525791 0.0150519
         vertex -0.0972 0.00549569 0.015012
      endloop
   endfacet
   facet normal -0.707107 -0.11957 0.696924
      outer loop
         vertex -0.0972 -0.00549569 0.015012
         vertex -0.0972 -0.00525791 0.0150519
         vertex -0.0974388 -0.00522218 0.0148138
      endloop
   endfacet
   facet normal -0.707107 -0.114467 0.69778
      outer loop
         vertex -0.0974388 -0.00522218 0.0148138
         vertex -0.0972 -0.00525791 0.0150519
         vertex -0.0972 -0.00175951 0.0154323
      endloop
   endfacet
   facet normal -0.707107 -0.0341327 0.706282
      outer loop
         vertex -0.0994 -0.00146217 0.0132356
         vertex -0.0994 -0.00164041 0.0132356
         vertex -0.0972 -0.00175951 0.0154323
      endloop
   endfacet
   facet normal 0 -0.048271 0.998834
      outer loop
         vertex -0.1132 -0.00146217 0.0132356
         vertex -0.1132 -0.00164041 0.0132356
         vertex -0.0994 -0.00164041 0.0132356
      endloop
   endfacet
   facet normal -8.83704e-18 -0.14432 0.989531
      outer loop
         vertex -0.1132 -0.00437289 0.0129628
         vertex -0.0994 -0.00437289 0.0129628
         vertex -0.0994 -0.00164041 0.0132356
      endloop
   endfacet
   facet normal 0 -0.0541389 0.998533
      outer loop
         vertex -0.0994 -0.00164041 0.0132356
         vertex -0.1132 -0.00164041 0.0132356
         vertex -0.1132 -0.00437289 0.0129628
      endloop
   endfacet
   facet normal 0 -0.048271 0.998834
      outer loop
         vertex -0.1132 -0.00146217 0.0132356
         vertex -0.0994 -0.00146217 0.0132356
         vertex -0.0994 0.00146217 0.0132356
      endloop
   endfacet
   facet normal 8.83704e-18 0.14432 0.989531
      outer loop
         vertex -0.1132 0.00437289 0.0129628
         vertex -0.1132 0.00164041 0.0132356
         vertex -0.0994 0.00164041 0.0132356
      endloop
   endfacet
   facet normal 0 0.0541389 0.998533
      outer loop
         vertex -0.0994 0.00164041 0.0132356
         vertex -0.1132 0.00164041 0.0132356
         vertex -0.1132 0.00146217 0.0132356
      endloop
   endfacet
   facet normal 0 0.048271 0.998834
      outer loop
         vertex -0.1132 0.00146217 0.0132356
         vertex -0.0994 0.00146217 0.0132356
         vertex -0.0994 0.00164041 0.0132356
      endloop
   endfacet
   facet normal 0 0.0541389 0.998533
      outer loop
         vertex -0.0994 0.00164041 0.0132356
         vertex -0.0994 0.00437289 0.0129628
         vertex -0.1132 0.00437289 0.0129628
      endloop
   endfacet
   facet normal 0 0.048271 0.998834
      outer loop
         vertex -0.0994 0.00146217 0.0132356
         vertex -0.1132 0.00146217 0.0132356
         vertex -0.1132 -0.00146217 0.0132356
      endloop
   endfacet
   facet normal 0 -0.0541389 0.998533
      outer loop
         vertex -0.0994 -0.00164041 0.0132356
         vertex -0.0994 -0.00146217 0.0132356
         vertex -0.1132 -0.00146217 0.0132356
      endloop
   endfacet
   facet normal 6.03021e-17 0.984808 0.173648
      outer loop
         vertex -0.0979621 -0.00462268 0.0143794
         vertex -0.0994 -0.00437289 0.0129628
         vertex -0.1132 -0.00437289 0.0129628
      endloop
   endfacet
   facet normal 6.03021e-17 0.984808 0.173648
      outer loop
         vertex -0.1132 -0.00437289 0.0129628
         vertex -0.114638 -0.00462268 0.0143794
         vertex -0.0979621 -0.00462268 0.0143794
      endloop
   endfacet
   facet normal 3.59272e-17 0.586736 0.809778
      outer loop
         vertex -0.115161 -0.00522218 0.0148138
         vertex -0.0974388 -0.00522218 0.0148138
         vertex -0.0979621 -0.00462268 0.0143794
      endloop
   endfacet
   facet normal 3.59272e-17 0.586736 0.809778
      outer loop
         vertex -0.115161 -0.00522218 0.0148138
         vertex -0.0972 -0.00549569 0.015012
         vertex -0.0974388 -0.00522218 0.0148138
      endloop
   endfacet
   facet normal 3.59272e-17 0.586736 0.809778
      outer loop
         vertex -0.0979621 -0.00462268 0.0143794
         vertex -0.114638 -0.00462268 0.0143794
         vertex -0.115161 -0.00522218 0.0148138
      endloop
   endfacet
   facet normal 3.59272e-17 0.586736 0.809778
      outer loop
         vertex -0.115161 -0.00522218 0.0148138
         vertex -0.1154 -0.00549569 0.015012
         vertex -0.0972 -0.00549569 0.015012
      endloop
   endfacet
   facet normal 5.07195e-17 0.828312 -0.560267
      outer loop
         vertex -0.1154 0.00579132 -0.0489998
         vertex -0.114638 0.00639534 -0.0481069
         vertex -0.0979621 0.00639534 -0.0481069
      endloop
   endfacet
   facet normal 5.07195e-17 0.828312 -0.560267
      outer loop
         vertex -0.0979621 0.00639534 -0.0481069
         vertex -0.0972 0.00579132 -0.0489998
         vertex -0.1154 0.00579132 -0.0489998
      endloop
   endfacet
   facet normal 6.03021e-17 0.984808 0.173648
      outer loop
         vertex -0.0979621 0.00639534 -0.0481069
         vertex -0.114638 0.00639534 -0.0481069
         vertex -0.1132 0.00614555 -0.0466902
      endloop
   endfacet
   facet normal 6.03021e-17 0.984808 0.173648
      outer loop
         vertex -0.1132 0.00614555 -0.0466902
         vertex -0.0994 0.00614555 -0.0466902
         vertex -0.0979621 0.00639534 -0.0481069
      endloop
   endfacet
   facet normal 0.707107 0.331215 -0.624737
      outer loop
         vertex -0.1154 0.0152233 -0.0457341
         vertex -0.1132 0.0141928 -0.0437904
         vertex -0.1132 0.0117147 -0.0449369
      endloop
   endfacet
   facet normal 0.707107 0.273608 -0.652026
      outer loop
         vertex -0.1132 0.0117147 -0.0449369
         vertex -0.1154 0.0120295 -0.0472117
         vertex -0.1154 0.0152233 -0.0457341
      endloop
   endfacet
   facet normal 0.707107 0.261727 -0.656886
      outer loop
         vertex -0.1154 0.0120295 -0.0472117
         vertex -0.1132 0.0112152 -0.045168
         vertex -0.1132 0.00896579 -0.0459259
      endloop
   endfacet
   facet normal 0.707107 0.209479 -0.675365
      outer loop
         vertex -0.1132 0.00896579 -0.0459259
         vertex -0.1154 0.00869467 -0.0483354
         vertex -0.1154 0.0120295 -0.0472117
      endloop
   endfacet
   facet normal 0.707107 0.189171 -0.681333
      outer loop
         vertex -0.1132 0.00810611 -0.0462156
         vertex -0.1132 0.00614555 -0.0466902
         vertex -0.114638 0.00639534 -0.0481069
      endloop
   endfacet
   facet normal 0.707107 0.142485 -0.692602
      outer loop
         vertex -0.114638 0.00639534 -0.0481069
         vertex -0.1154 0.00869467 -0.0483354
         vertex -0.1132 0.00810611 -0.0462156
      endloop
   endfacet
   facet normal 0.707107 0.331215 -0.624737
      outer loop
         vertex -0.1132 0.0141928 -0.0437904
         vertex -0.1154 0.0152233 -0.0457341
         vertex -0.114638 0.0150831 -0.0449448
      endloop
   endfacet
   facet normal 0.707107 0.331215 -0.624737
      outer loop
         vertex -0.1154 0.0152233 -0.0457341
         vertex -0.1154 0.0161198 -0.0452406
         vertex -0.114638 0.0150831 -0.0449448
      endloop
   endfacet
   facet normal 0.707107 0.336046 -0.622152
      outer loop
         vertex -0.114638 0.0150831 -0.0449448
         vertex -0.1132 0.0143639 -0.043699
         vertex -0.1132 0.0141928 -0.0437904
      endloop
   endfacet
   facet normal 0.707107 0.142485 -0.692602
      outer loop
         vertex -0.114638 0.00639534 -0.0481069
         vertex -0.1154 0.00579132 -0.0489998
         vertex -0.1154 0.00869467 -0.0483354
      endloop
   endfacet
   facet normal 0.707107 0.209479 -0.675365
      outer loop
         vertex -0.1132 0.00896579 -0.0459259
         vertex -0.1132 0.00810611 -0.0462156
         vertex -0.1154 0.00869467 -0.0483354
      endloop
   endfacet
   facet normal 0.707107 0.273608 -0.652026
      outer loop
         vertex -0.1132 0.0117147 -0.0449369
         vertex -0.1132 0.0112152 -0.045168
         vertex -0.1154 0.0120295 -0.0472117
      endloop
   endfacet
   facet normal -0.707107 0.261727 -0.656886
      outer loop
         vertex -0.0972 0.0120295 -0.0472117
         vertex -0.0972 0.00869467 -0.0483354
         vertex -0.0994 0.00896579 -0.0459259
      endloop
   endfacet
   facet normal -0.707107 0.189171 -0.681333
      outer loop
         vertex -0.0972 0.00869467 -0.0483354
         vertex -0.0994 0.00810611 -0.0462156
         vertex -0.0994 0.00896579 -0.0459259
      endloop
   endfacet
   facet normal -0.707107 0.331215 -0.624737
      outer loop
         vertex -0.0972 0.0152233 -0.0457341
         vertex -0.0972 0.0120295 -0.0472117
         vertex -0.0994 0.0117147 -0.0449369
      endloop
   endfacet
   facet normal -0.707107 0.261727 -0.656886
      outer loop
         vertex -0.0972 0.0120295 -0.0472117
         vertex -0.0994 0.0112152 -0.045168
         vertex -0.0994 0.0117147 -0.0449369
      endloop
   endfacet
   facet normal -0.707107 0.331215 -0.624737
      outer loop
         vertex -0.0994 0.0141928 -0.0437904
         vertex -0.0994 0.0143639 -0.043699
         vertex -0.0979621 0.0150831 -0.0449448
      endloop
   endfacet
   facet normal -0.707107 0.336046 -0.622152
      outer loop
         vertex -0.0979621 0.0150831 -0.0449448
         vertex -0.0972 0.0152233 -0.0457341
         vertex -0.0994 0.0141928 -0.0437904
      endloop
   endfacet
   facet normal -0.707107 0.189171 -0.681333
      outer loop
         vertex -0.0994 0.00810611 -0.0462156
         vertex -0.0972 0.00869467 -0.0483354
         vertex -0.0979621 0.00639534 -0.0481069
      endloop
   endfacet
   facet normal -0.707107 0.189171 -0.681333
      outer loop
         vertex -0.0972 0.00869467 -0.0483354
         vertex -0.0972 0.00579132 -0.0489998
         vertex -0.0979621 0.00639534 -0.0481069
      endloop
   endfacet
   facet normal -0.707107 0.142485 -0.692602
      outer loop
         vertex -0.0979621 0.00639534 -0.0481069
         vertex -0.0994 0.00614555 -0.0466902
         vertex -0.0994 0.00810611 -0.0462156
      endloop
   endfacet
   facet normal -0.707107 0.336046 -0.622152
      outer loop
         vertex -0.0979621 0.0150831 -0.0449448
         vertex -0.0972 0.0161198 -0.0452406
         vertex -0.0972 0.0152233 -0.0457341
      endloop
   endfacet
   facet normal -0.707107 0.273608 -0.652026
      outer loop
         vertex -0.0994 0.0117147 -0.0449369
         vertex -0.0994 0.0141928 -0.0437904
         vertex -0.0972 0.0152233 -0.0457341
      endloop
   endfacet
   facet normal -0.707107 0.209479 -0.675365
      outer loop
         vertex -0.0994 0.00896579 -0.0459259
         vertex -0.0994 0.0112152 -0.045168
         vertex -0.0972 0.0120295 -0.0472117
      endloop
   endfacet
   facet normal 5.72516e-17 0.468408 -0.883512
      outer loop
         vertex -0.1132 0.0141928 -0.0437904
         vertex -0.1132 0.0143639 -0.043699
         vertex -0.0994 0.0143639 -0.043699
      endloop
   endfacet
   facet normal 0 0.386941 -0.922105
      outer loop
         vertex -0.1132 0.0117147 -0.0449369
         vertex -0.1132 0.0141928 -0.0437904
         vertex -0.0994 0.0141928 -0.0437904
      endloop
   endfacet
   facet normal 2.86258e-17 0.468408 -0.883512
      outer loop
         vertex -0.0994 0.0141928 -0.0437904
         vertex -0.0994 0.0117147 -0.0449369
         vertex -0.1132 0.0117147 -0.0449369
      endloop
   endfacet
   facet normal 0 0.296248 -0.955111
      outer loop
         vertex -0.1132 0.00896579 -0.0459259
         vertex -0.1132 0.0112152 -0.045168
         vertex -0.0994 0.0112152 -0.045168
      endloop
   endfacet
   facet normal 0 0.386941 -0.922105
      outer loop
         vertex -0.0994 0.0117147 -0.0449369
         vertex -0.0994 0.0112152 -0.045168
         vertex -0.1132 0.0112152 -0.045168
      endloop
   endfacet
   facet normal 0 0.370138 -0.928977
      outer loop
         vertex -0.1132 0.0112152 -0.045168
         vertex -0.1132 0.0117147 -0.0449369
         vertex -0.0994 0.0117147 -0.0449369
      endloop
   endfacet
   facet normal 0 0.296248 -0.955111
      outer loop
         vertex -0.0994 0.00896579 -0.0459259
         vertex -0.0994 0.00810611 -0.0462156
         vertex -0.1132 0.00810611 -0.0462156
      endloop
   endfacet
   facet normal 1.43129e-17 0.267528 -0.96355
      outer loop
         vertex -0.1132 0.00810611 -0.0462156
         vertex -0.0994 0.00810611 -0.0462156
         vertex -0.0994 0.00614555 -0.0466902
      endloop
   endfacet
   facet normal 1.24193e-17 0.202823 -0.979215
      outer loop
         vertex -0.0994 0.00614555 -0.0466902
         vertex -0.1132 0.00614555 -0.0466902
         vertex -0.1132 0.00810611 -0.0462156
      endloop
   endfacet
   facet normal 1.43129e-17 0.267528 -0.96355
      outer loop
         vertex -0.1132 0.00810611 -0.0462156
         vertex -0.1132 0.00896579 -0.0459259
         vertex -0.0994 0.00896579 -0.0459259
      endloop
   endfacet
   facet normal 0 0.370138 -0.928977
      outer loop
         vertex -0.0994 0.0112152 -0.045168
         vertex -0.0994 0.00896579 -0.0459259
         vertex -0.1132 0.00896579 -0.0459259
      endloop
   endfacet
   facet normal 2.90275e-17 0.474056 -0.880495
      outer loop
         vertex -0.0994 0.0143639 -0.043699
         vertex -0.0994 0.0141928 -0.0437904
         vertex -0.1132 0.0141928 -0.0437904
      endloop
   endfacet
   facet normal -5.30288e-17 -0.866025 -0.5
      outer loop
         vertex -0.114638 0.0150831 -0.0449448
         vertex -0.0979621 0.0150831 -0.0449448
         vertex -0.0994 0.0143639 -0.043699
      endloop
   endfacet
   facet normal -5.30288e-17 -0.866025 -0.5
      outer loop
         vertex -0.0994 0.0143639 -0.043699
         vertex -0.1132 0.0143639 -0.043699
         vertex -0.114638 0.0150831 -0.0449448
      endloop
   endfacet
   facet normal -1.68016e-17 -0.274391 -0.961618
      outer loop
         vertex -0.0972 0.0161198 -0.0452406
         vertex -0.0979621 0.0150831 -0.0449448
         vertex -0.114638 0.0150831 -0.0449448
      endloop
   endfacet
   facet normal -1.68016e-17 -0.274391 -0.961618
      outer loop
         vertex -0.114638 0.0150831 -0.0449448
         vertex -0.1154 0.0161198 -0.0452406
         vertex -0.0972 0.0161198 -0.0452406
      endloop
   endfacet
   facet normal -5.07195e-17 -0.828312 0.560267
      outer loop
         vertex -0.0972 -0.00579132 0.0149598
         vertex -0.1154 -0.00579132 0.0149598
         vertex -0.114638 -0.00639534 0.0140669
      endloop
   endfacet
   facet normal -5.07195e-17 -0.828312 0.560267
      outer loop
         vertex -0.114638 -0.00639534 0.0140669
         vertex -0.0979621 -0.00639534 0.0140669
         vertex -0.0972 -0.00579132 0.0149598
      endloop
   endfacet
   facet normal -6.03021e-17 -0.984808 -0.173648
      outer loop
         vertex -0.0979621 -0.00639534 0.0140669
         vertex -0.114638 -0.00639534 0.0140669
         vertex -0.1132 -0.00614555 0.0126502
      endloop
   endfacet
   facet normal -6.03021e-17 -0.984808 -0.173648
      outer loop
         vertex -0.1132 -0.00614555 0.0126502
         vertex -0.0994 -0.00614555 0.0126502
         vertex -0.0979621 -0.00639534 0.0140669
      endloop
   endfacet
   facet normal 0.707107 -0.331215 0.624737
      outer loop
         vertex -0.1154 -0.0152233 0.0116941
         vertex -0.1132 -0.0141928 0.00975041
         vertex -0.1132 -0.0117147 0.0108969
      endloop
   endfacet
   facet normal 0.707107 -0.273608 0.652026
      outer loop
         vertex -0.1132 -0.0117147 0.0108969
         vertex -0.1154 -0.0120295 0.0131717
         vertex -0.1154 -0.0152233 0.0116941
      endloop
   endfacet
   facet normal 0.707107 -0.261727 0.656886
      outer loop
         vertex -0.1154 -0.0120295 0.0131717
         vertex -0.1132 -0.0112152 0.011128
         vertex -0.1132 -0.00896579 0.0118859
      endloop
   endfacet
   facet normal 0.707107 -0.209479 0.675365
      outer loop
         vertex -0.1132 -0.00896579 0.0118859
         vertex -0.1154 -0.00869467 0.0142954
         vertex -0.1154 -0.0120295 0.0131717
      endloop
   endfacet
   facet normal 0.707107 -0.189171 0.681333
      outer loop
         vertex -0.1132 -0.00810611 0.0121756
         vertex -0.1132 -0.00614555 0.0126502
         vertex -0.114638 -0.00639534 0.0140669
      endloop
   endfacet
   facet normal 0.707107 -0.142485 0.692602
      outer loop
         vertex -0.114638 -0.00639534 0.0140669
         vertex -0.1154 -0.00869467 0.0142954
         vertex -0.1132 -0.00810611 0.0121756
      endloop
   endfacet
   facet normal 0.707107 -0.331215 0.624737
      outer loop
         vertex -0.1132 -0.0141928 0.00975041
         vertex -0.1154 -0.0152233 0.0116941
         vertex -0.114638 -0.0150831 0.0109048
      endloop
   endfacet
   facet normal 0.707107 -0.331215 0.624737
      outer loop
         vertex -0.1154 -0.0152233 0.0116941
         vertex -0.1154 -0.0161198 0.0112006
         vertex -0.114638 -0.0150831 0.0109048
      endloop
   endfacet
   facet normal 0.707107 -0.336046 0.622152
      outer loop
         vertex -0.114638 -0.0150831 0.0109048
         vertex -0.1132 -0.0143639 0.00965899
         vertex -0.1132 -0.0141928 0.00975041
      endloop
   endfacet
   facet normal 0.707107 -0.142485 0.692602
      outer loop
         vertex -0.114638 -0.00639534 0.0140669
         vertex -0.1154 -0.00579132 0.0149598
         vertex -0.1154 -0.00869467 0.0142954
      endloop
   endfacet
   facet normal 0.707107 -0.209479 0.675365
      outer loop
         vertex -0.1132 -0.00896579 0.0118859
         vertex -0.1132 -0.00810611 0.0121756
         vertex -0.1154 -0.00869467 0.0142954
      endloop
   endfacet
   facet normal 0.707107 -0.273608 0.652026
      outer loop
         vertex -0.1132 -0.0117147 0.0108969
         vertex -0.1132 -0.0112152 0.011128
         vertex -0.1154 -0.0120295 0.0131717
      endloop
   endfacet
   facet normal -0.707107 -0.261727 0.656886
      outer loop
         vertex -0.0972 -0.0120295 0.0131717
         vertex -0.0972 -0.00869467 0.0142954
         vertex -0.0994 -0.00896579 0.0118859
      endloop
   endfacet
   facet normal -0.707107 -0.189171 0.681333
      outer loop
         vertex -0.0972 -0.00869467 0.0142954
         vertex -0.0994 -0.00810611 0.0121756
         vertex -0.0994 -0.00896579 0.0118859
      endloop
   endfacet
   facet normal -0.707107 -0.331215 0.624737
      outer loop
         vertex -0.0972 -0.0152233 0.0116941
         vertex -0.0972 -0.0120295 0.0131717
         vertex -0.0994 -0.0117147 0.0108969
      endloop
   endfacet
   facet normal -0.707107 -0.261727 0.656886
      outer loop
         vertex -0.0972 -0.0120295 0.0131717
         vertex -0.0994 -0.0112152 0.011128
         vertex -0.0994 -0.0117147 0.0108969
      endloop
   endfacet
   facet normal -0.707107 -0.331215 0.624737
      outer loop
         vertex -0.0994 -0.0141928 0.00975041
         vertex -0.0994 -0.0143639 0.00965899
         vertex -0.0979621 -0.0150831 0.0109048
      endloop
   endfacet
   facet normal -0.707107 -0.336046 0.622152
      outer loop
         vertex -0.0979621 -0.0150831 0.0109048
         vertex -0.0972 -0.0152233 0.0116941
         vertex -0.0994 -0.0141928 0.00975041
      endloop
   endfacet
   facet normal -0.707107 -0.189171 0.681333
      outer loop
         vertex -0.0994 -0.00810611 0.0121756
         vertex -0.0972 -0.00869467 0.0142954
         vertex -0.0979621 -0.00639534 0.0140669
      endloop
   endfacet
   facet normal -0.707107 -0.189171 0.681333
      outer loop
         vertex -0.0972 -0.00869467 0.0142954
         vertex -0.0972 -0.00579132 0.0149598
         vertex -0.0979621 -0.00639534 0.0140669
      endloop
   endfacet
   facet normal -0.707107 -0.142485 0.692602
      outer loop
         vertex -0.0979621 -0.00639534 0.0140669
         vertex -0.0994 -0.00614555 0.0126502
         vertex -0.0994 -0.00810611 0.0121756
      endloop
   endfacet
   facet normal -0.707107 -0.336046 0.622152
      outer loop
         vertex -0.0979621 -0.0150831 0.0109048
         vertex -0.0972 -0.0161198 0.0112006
         vertex -0.0972 -0.0152233 0.0116941
      endloop
   endfacet
   facet normal -0.707107 -0.273608 0.652026
      outer loop
         vertex -0.0994 -0.0117147 0.0108969
         vertex -0.0994 -0.0141928 0.00975041
         vertex -0.0972 -0.0152233 0.0116941
      endloop
   endfacet
   facet normal -0.707107 -0.209479 0.675365
      outer loop
         vertex -0.0994 -0.00896579 0.0118859
         vertex -0.0994 -0.0112152 0.011128
         vertex -0.0972 -0.0120295 0.0131717
      endloop
   endfacet
   facet normal -2.14693e-17 -0.386941 0.922105
      outer loop
         vertex -0.0994 -0.0117147 0.0108969
         vertex -0.1132 -0.0117147 0.0108969
         vertex -0.1132 -0.0141928 0.00975041
      endloop
   endfacet
   facet normal -5.72516e-17 -0.468408 0.883512
      outer loop
         vertex -0.0994 -0.0141928 0.00975041
         vertex -0.1132 -0.0141928 0.00975041
         vertex -0.1132 -0.0143639 0.00965899
      endloop
   endfacet
   facet normal -2.90275e-17 -0.474056 0.880495
      outer loop
         vertex -0.1132 -0.0143639 0.00965899
         vertex -0.0994 -0.0143639 0.00965899
         vertex -0.0994 -0.0141928 0.00975041
      endloop
   endfacet
   facet normal -2.14693e-17 -0.296248 0.955111
      outer loop
         vertex -0.0994 -0.00896579 0.0118859
         vertex -0.1132 -0.00896579 0.0118859
         vertex -0.1132 -0.0112152 0.011128
      endloop
   endfacet
   facet normal -2.14693e-17 -0.386941 0.922105
      outer loop
         vertex -0.1132 -0.0117147 0.0108969
         vertex -0.0994 -0.0117147 0.0108969
         vertex -0.0994 -0.0112152 0.011128
      endloop
   endfacet
   facet normal 0 -0.370138 0.928977
      outer loop
         vertex -0.0994 -0.0112152 0.011128
         vertex -0.1132 -0.0112152 0.011128
         vertex -0.1132 -0.0117147 0.0108969
      endloop
   endfacet
   facet normal 0 -0.267528 0.96355
      outer loop
         vertex -0.1132 -0.00810611 0.0121756
         vertex -0.0994 -0.00810611 0.0121756
         vertex -0.0994 -0.00614555 0.0126502
      endloop
   endfacet
   facet normal 0 -0.267528 0.96355
      outer loop
         vertex -0.0994 -0.00810611 0.0121756
         vertex -0.1132 -0.00810611 0.0121756
         vertex -0.1132 -0.00896579 0.0118859
      endloop
   endfacet
   facet normal -2.14693e-17 -0.296248 0.955111
      outer loop
         vertex -0.1132 -0.00896579 0.0118859
         vertex -0.0994 -0.00896579 0.0118859
         vertex -0.0994 -0.00810611 0.0121756
      endloop
   endfacet
   facet normal -1.24193e-17 -0.202823 0.979215
      outer loop
         vertex -0.0994 -0.00614555 0.0126502
         vertex -0.1132 -0.00614555 0.0126502
         vertex -0.1132 -0.00810611 0.0121756
      endloop
   endfacet
   facet normal 0 -0.370138 0.928977
      outer loop
         vertex -0.1132 -0.0112152 0.011128
         vertex -0.0994 -0.0112152 0.011128
         vertex -0.0994 -0.00896579 0.0118859
      endloop
   endfacet
   facet normal -5.72516e-17 -0.468408 0.883512
      outer loop
         vertex -0.1132 -0.0141928 0.00975041
         vertex -0.0994 -0.0141928 0.00975041
         vertex -0.0994 -0.0117147 0.0108969
      endloop
   endfacet
   facet normal 5.30288e-17 0.866025 0.5
      outer loop
         vertex -0.0979621 -0.0150831 0.0109048
         vertex -0.0994 -0.0143639 0.00965899
         vertex -0.1132 -0.0143639 0.00965899
      endloop
   endfacet
   facet normal 5.30288e-17 0.866025 0.5
      outer loop
         vertex -0.1132 -0.0143639 0.00965899
         vertex -0.114638 -0.0150831 0.0109048
         vertex -0.0979621 -0.0150831 0.0109048
      endloop
   endfacet
   facet normal 1.68016e-17 0.274391 0.961618
      outer loop
         vertex -0.1154 -0.0161198 0.0112006
         vertex -0.0972 -0.0161198 0.0112006
         vertex -0.0979621 -0.0150831 0.0109048
      endloop
   endfacet
   facet normal 1.68016e-17 0.274391 0.961618
      outer loop
         vertex -0.0979621 -0.0150831 0.0109048
         vertex -0.114638 -0.0150831 0.0109048
         vertex -0.1154 -0.0161198 0.0112006
      endloop
   endfacet
   facet normal 5.93942e-17 0.969981 -0.243179
      outer loop
         vertex -0.0972 0.0163798 -0.0450905
         vertex -0.1154 0.0163798 -0.0450905
         vertex -0.114638 0.016642 -0.0440448
      endloop
   endfacet
   facet normal 5.93942e-17 0.969981 -0.243179
      outer loop
         vertex -0.114638 0.016642 -0.0440448
         vertex -0.0979621 0.016642 -0.0440448
         vertex -0.0972 0.0163798 -0.0450905
      endloop
   endfacet
   facet normal 5.30288e-17 0.866025 0.5
      outer loop
         vertex -0.0979621 0.016642 -0.0440448
         vertex -0.114638 0.016642 -0.0440448
         vertex -0.1132 0.0159227 -0.042799
      endloop
   endfacet
   facet normal 5.30288e-17 0.866025 0.5
      outer loop
         vertex -0.1132 0.0159227 -0.042799
         vertex -0.0994 0.0159227 -0.042799
         vertex -0.0979621 0.016642 -0.0440448
      endloop
   endfacet
   facet normal 0.707107 0.513356 -0.486277
      outer loop
         vertex -0.1154 0.0235949 -0.0393702
         vertex -0.1132 0.0219977 -0.0378573
         vertex -0.1132 0.0205448 -0.0392335
      endloop
   endfacet
   facet normal 0.707107 0.480121 -0.519119
      outer loop
         vertex -0.1132 0.0205448 -0.0392335
         vertex -0.1154 0.0210401 -0.0417903
         vertex -0.1154 0.0235949 -0.0393702
      endloop
   endfacet
   facet normal 0.707107 0.457771 -0.53893
      outer loop
         vertex -0.1154 0.0210401 -0.0417903
         vertex -0.1132 0.0196158 -0.0401135
         vertex -0.1132 0.0183068 -0.0411086
      endloop
   endfacet
   facet normal 0.707107 0.427851 -0.562978
      outer loop
         vertex -0.1132 0.0183068 -0.0411086
         vertex -0.1154 0.0182386 -0.0439199
         vertex -0.1154 0.0210401 -0.0417903
      endloop
   endfacet
   facet normal 0.707107 0.396819 -0.585265
      outer loop
         vertex -0.1132 0.017004 -0.042099
         vertex -0.1132 0.0159227 -0.042799
         vertex -0.114638 0.016642 -0.0440448
      endloop
   endfacet
   facet normal 0.707107 0.370776 -0.6021
      outer loop
         vertex -0.114638 0.016642 -0.0440448
         vertex -0.1154 0.0182386 -0.0439199
         vertex -0.1132 0.017004 -0.042099
      endloop
   endfacet
   facet normal 0.707107 0.513356 -0.486277
      outer loop
         vertex -0.1132 0.0219977 -0.0378573
         vertex -0.1154 0.0235949 -0.0393702
         vertex -0.114638 0.0237243 -0.038102
      endloop
   endfacet
   facet normal 0.707107 0.513356 -0.486277
      outer loop
         vertex -0.1154 0.0235949 -0.0393702
         vertex -0.1154 0.0247997 -0.0380254
         vertex -0.114638 0.0237243 -0.038102
      endloop
   endfacet
   facet normal 0.707107 0.528568 -0.469697
      outer loop
         vertex -0.114638 0.0237243 -0.038102
         vertex -0.1132 0.0226224 -0.0371773
         vertex -0.1132 0.0219977 -0.0378573
      endloop
   endfacet
   facet normal 0.707107 0.370776 -0.6021
      outer loop
         vertex -0.114638 0.016642 -0.0440448
         vertex -0.1154 0.0163798 -0.0450905
         vertex -0.1154 0.0182386 -0.0439199
      endloop
   endfacet
   facet normal 0.707107 0.427851 -0.562978
      outer loop
         vertex -0.1132 0.0183068 -0.0411086
         vertex -0.1132 0.017004 -0.042099
         vertex -0.1154 0.0182386 -0.0439199
      endloop
   endfacet
   facet normal 0.707107 0.480121 -0.519119
      outer loop
         vertex -0.1132 0.0205448 -0.0392335
         vertex -0.1132 0.0196158 -0.0401135
         vertex -0.1154 0.0210401 -0.0417903
      endloop
   endfacet
   facet normal -0.707107 0.457771 -0.53893
      outer loop
         vertex -0.0972 0.0210401 -0.0417903
         vertex -0.0972 0.0182386 -0.0439199
         vertex -0.0994 0.0183068 -0.0411086
      endloop
   endfacet
   facet normal -0.707107 0.396819 -0.585265
      outer loop
         vertex -0.0972 0.0182386 -0.0439199
         vertex -0.0994 0.017004 -0.042099
         vertex -0.0994 0.0183068 -0.0411086
      endloop
   endfacet
   facet normal -0.707107 0.513356 -0.486277
      outer loop
         vertex -0.0972 0.0235949 -0.0393702
         vertex -0.0972 0.0210401 -0.0417903
         vertex -0.0994 0.0205448 -0.0392335
      endloop
   endfacet
   facet normal -0.707107 0.457771 -0.53893
      outer loop
         vertex -0.0972 0.0210401 -0.0417903
         vertex -0.0994 0.0196158 -0.0401135
         vertex -0.0994 0.0205448 -0.0392335
      endloop
   endfacet
   facet normal -0.707107 0.513356 -0.486277
      outer loop
         vertex -0.0994 0.0219977 -0.0378573
         vertex -0.0994 0.0226224 -0.0371773
         vertex -0.0979621 0.0237243 -0.038102
      endloop
   endfacet
   facet normal -0.707107 0.528568 -0.469697
      outer loop
         vertex -0.0979621 0.0237243 -0.038102
         vertex -0.0972 0.0235949 -0.0393702
         vertex -0.0994 0.0219977 -0.0378573
      endloop
   endfacet
   facet normal -0.707107 0.396819 -0.585265
      outer loop
         vertex -0.0994 0.017004 -0.042099
         vertex -0.0972 0.0182386 -0.0439199
         vertex -0.0979621 0.016642 -0.0440448
      endloop
   endfacet
   facet normal -0.707107 0.396819 -0.585265
      outer loop
         vertex -0.0972 0.0182386 -0.0439199
         vertex -0.0972 0.0163798 -0.0450905
         vertex -0.0979621 0.016642 -0.0440448
      endloop
   endfacet
   facet normal -0.707107 0.370776 -0.6021
      outer loop
         vertex -0.0979621 0.016642 -0.0440448
         vertex -0.0994 0.0159227 -0.042799
         vertex -0.0994 0.017004 -0.042099
      endloop
   endfacet
   facet normal -0.707107 0.528568 -0.469697
      outer loop
         vertex -0.0979621 0.0237243 -0.038102
         vertex -0.0972 0.0247997 -0.0380254
         vertex -0.0972 0.0235949 -0.0393702
      endloop
   endfacet
   facet normal -0.707107 0.480121 -0.519119
      outer loop
         vertex -0.0994 0.0205448 -0.0392335
         vertex -0.0994 0.0219977 -0.0378573
         vertex -0.0972 0.0235949 -0.0393702
      endloop
   endfacet
   facet normal -0.707107 0.427851 -0.562978
      outer loop
         vertex -0.0994 0.0183068 -0.0411086
         vertex -0.0994 0.0196158 -0.0401135
         vertex -0.0972 0.0210401 -0.0417903
      endloop
   endfacet
   facet normal 5.72516e-17 0.725995 -0.687699
      outer loop
         vertex -0.1132 0.0219977 -0.0378573
         vertex -0.1132 0.0226224 -0.0371773
         vertex -0.0994 0.0226224 -0.0371773
      endloop
   endfacet
   facet normal 5.72516e-17 0.678993 -0.734145
      outer loop
         vertex -0.1132 0.0205448 -0.0392335
         vertex -0.1132 0.0219977 -0.0378573
         vertex -0.0994 0.0219977 -0.0378573
      endloop
   endfacet
   facet normal 4.29387e-17 0.725995 -0.687699
      outer loop
         vertex -0.0994 0.0219977 -0.0378573
         vertex -0.0994 0.0205448 -0.0392335
         vertex -0.1132 0.0205448 -0.0392335
      endloop
   endfacet
   facet normal 5.72516e-17 0.605072 -0.796171
      outer loop
         vertex -0.1132 0.0183068 -0.0411086
         vertex -0.1132 0.0196158 -0.0401135
         vertex -0.0994 0.0196158 -0.0401135
      endloop
   endfacet
   facet normal 5.72516e-17 0.678993 -0.734145
      outer loop
         vertex -0.0994 0.0205448 -0.0392335
         vertex -0.0994 0.0196158 -0.0401135
         vertex -0.1132 0.0196158 -0.0401135
      endloop
   endfacet
   facet normal 5.72516e-17 0.647386 -0.762162
      outer loop
         vertex -0.1132 0.0196158 -0.0401135
         vertex -0.1132 0.0205448 -0.0392335
         vertex -0.0994 0.0205448 -0.0392335
      endloop
   endfacet
   facet normal 5.72516e-17 0.605072 -0.796171
      outer loop
         vertex -0.0994 0.0183068 -0.0411086
         vertex -0.0994 0.017004 -0.042099
         vertex -0.1132 0.017004 -0.042099
      endloop
   endfacet
   facet normal 3.57822e-17 0.561187 -0.827689
      outer loop
         vertex -0.1132 0.017004 -0.042099
         vertex -0.0994 0.017004 -0.042099
         vertex -0.0994 0.0159227 -0.042799
      endloop
   endfacet
   facet normal 3.21778e-17 0.525503 -0.850792
      outer loop
         vertex -0.0994 0.0159227 -0.042799
         vertex -0.1132 0.0159227 -0.042799
         vertex -0.1132 0.017004 -0.042099
      endloop
   endfacet
   facet normal 3.57822e-17 0.561187 -0.827689
      outer loop
         vertex -0.1132 0.017004 -0.042099
         vertex -0.1132 0.0183068 -0.0411086
         vertex -0.0994 0.0183068 -0.0411086
      endloop
   endfacet
   facet normal 5.72516e-17 0.647386 -0.762162
      outer loop
         vertex -0.0994 0.0196158 -0.0401135
         vertex -0.0994 0.0183068 -0.0411086
         vertex -0.1132 0.0183068 -0.0411086
      endloop
   endfacet
   facet normal 4.57169e-17 0.746614 -0.665258
      outer loop
         vertex -0.0994 0.0226224 -0.0371773
         vertex -0.0994 0.0219977 -0.0378573
         vertex -0.1132 0.0219977 -0.0378573
      endloop
   endfacet
   facet normal -3.93594e-17 -0.642788 -0.766044
      outer loop
         vertex -0.114638 0.0237243 -0.038102
         vertex -0.0979621 0.0237243 -0.038102
         vertex -0.0994 0.0226224 -0.0371773
      endloop
   endfacet
   facet normal -3.93594e-17 -0.642788 -0.766044
      outer loop
         vertex -0.0994 0.0226224 -0.0371773
         vertex -0.1132 0.0226224 -0.0371773
         vertex -0.114638 0.0237243 -0.038102
      endloop
   endfacet
   facet normal 4.35052e-18 0.0710494 -0.997473
      outer loop
         vertex -0.1154 0.0247997 -0.0380254
         vertex -0.0972 0.0247997 -0.0380254
         vertex -0.0979621 0.0237243 -0.038102
      endloop
   endfacet
   facet normal 4.35052e-18 0.0710494 -0.997473
      outer loop
         vertex -0.0979621 0.0237243 -0.038102
         vertex -0.114638 0.0237243 -0.038102
         vertex -0.1154 0.0247997 -0.0380254
      endloop
   endfacet
   facet normal -5.93942e-17 -0.969981 0.243179
      outer loop
         vertex -0.0972 -0.0163798 0.0110505
         vertex -0.1154 -0.0163798 0.0110505
         vertex -0.114638 -0.016642 0.0100048
      endloop
   endfacet
   facet normal -5.93942e-17 -0.969981 0.243179
      outer loop
         vertex -0.114638 -0.016642 0.0100048
         vertex -0.0979621 -0.016642 0.0100048
         vertex -0.0972 -0.0163798 0.0110505
      endloop
   endfacet
   facet normal -5.30288e-17 -0.866025 -0.5
      outer loop
         vertex -0.0979621 -0.016642 0.0100048
         vertex -0.114638 -0.016642 0.0100048
         vertex -0.1132 -0.0159227 0.00875899
      endloop
   endfacet
   facet normal -5.30288e-17 -0.866025 -0.5
      outer loop
         vertex -0.1132 -0.0159227 0.00875899
         vertex -0.0994 -0.0159227 0.00875899
         vertex -0.0979621 -0.016642 0.0100048
      endloop
   endfacet
   facet normal 0.707107 -0.513356 0.486277
      outer loop
         vertex -0.1154 -0.0235949 0.00533023
         vertex -0.1132 -0.0219977 0.00381729
         vertex -0.1132 -0.0205448 0.00519354
      endloop
   endfacet
   facet normal 0.707107 -0.480121 0.519119
      outer loop
         vertex -0.1132 -0.0205448 0.00519354
         vertex -0.1154 -0.0210401 0.00775027
         vertex -0.1154 -0.0235949 0.00533023
      endloop
   endfacet
   facet normal 0.707107 -0.457771 0.53893
      outer loop
         vertex -0.1154 -0.0210401 0.00775027
         vertex -0.1132 -0.0196158 0.00607351
         vertex -0.1132 -0.0183068 0.00706859
      endloop
   endfacet
   facet normal 0.707107 -0.427851 0.562978
      outer loop
         vertex -0.1132 -0.0183068 0.00706859
         vertex -0.1154 -0.0182386 0.00987989
         vertex -0.1154 -0.0210401 0.00775027
      endloop
   endfacet
   facet normal 0.707107 -0.396819 0.585265
      outer loop
         vertex -0.1132 -0.017004 0.00805898
         vertex -0.1132 -0.0159227 0.00875899
         vertex -0.114638 -0.016642 0.0100048
      endloop
   endfacet
   facet normal 0.707107 -0.370776 0.6021
      outer loop
         vertex -0.114638 -0.016642 0.0100048
         vertex -0.1154 -0.0182386 0.00987989
         vertex -0.1132 -0.017004 0.00805898
      endloop
   endfacet
   facet normal 0.707107 -0.513356 0.486277
      outer loop
         vertex -0.1132 -0.0219977 0.00381729
         vertex -0.1154 -0.0235949 0.00533023
         vertex -0.114638 -0.0237243 0.00406195
      endloop
   endfacet
   facet normal 0.707107 -0.513356 0.486277
      outer loop
         vertex -0.1154 -0.0235949 0.00533023
         vertex -0.1154 -0.0247997 0.00398536
         vertex -0.114638 -0.0237243 0.00406195
      endloop
   endfacet
   facet normal 0.707107 -0.528568 0.469697
      outer loop
         vertex -0.114638 -0.0237243 0.00406195
         vertex -0.1132 -0.0226224 0.00313731
         vertex -0.1132 -0.0219977 0.00381729
      endloop
   endfacet
   facet normal 0.707107 -0.370776 0.6021
      outer loop
         vertex -0.114638 -0.016642 0.0100048
         vertex -0.1154 -0.0163798 0.0110505
         vertex -0.1154 -0.0182386 0.00987989
      endloop
   endfacet
   facet normal 0.707107 -0.427851 0.562978
      outer loop
         vertex -0.1132 -0.0183068 0.00706859
         vertex -0.1132 -0.017004 0.00805898
         vertex -0.1154 -0.0182386 0.00987989
      endloop
   endfacet
   facet normal 0.707107 -0.480121 0.519119
      outer loop
         vertex -0.1132 -0.0205448 0.00519354
         vertex -0.1132 -0.0196158 0.00607351
         vertex -0.1154 -0.0210401 0.00775027
      endloop
   endfacet
   facet normal -0.707107 -0.457771 0.53893
      outer loop
         vertex -0.0972 -0.0210401 0.00775027
         vertex -0.0972 -0.0182386 0.00987989
         vertex -0.0994 -0.0183068 0.00706859
      endloop
   endfacet
   facet normal -0.707107 -0.396819 0.585265
      outer loop
         vertex -0.0972 -0.0182386 0.00987989
         vertex -0.0994 -0.017004 0.00805898
         vertex -0.0994 -0.0183068 0.00706859
      endloop
   endfacet
   facet normal -0.707107 -0.513356 0.486277
      outer loop
         vertex -0.0972 -0.0235949 0.00533023
         vertex -0.0972 -0.0210401 0.00775027
         vertex -0.0994 -0.0205448 0.00519354
      endloop
   endfacet
   facet normal -0.707107 -0.457771 0.53893
      outer loop
         vertex -0.0972 -0.0210401 0.00775027
         vertex -0.0994 -0.0196158 0.00607351
         vertex -0.0994 -0.0205448 0.00519354
      endloop
   endfacet
   facet normal -0.707107 -0.513356 0.486277
      outer loop
         vertex -0.0994 -0.0219977 0.00381729
         vertex -0.0994 -0.0226224 0.00313731
         vertex -0.0979621 -0.0237243 0.00406195
      endloop
   endfacet
   facet normal -0.707107 -0.528568 0.469697
      outer loop
         vertex -0.0979621 -0.0237243 0.00406195
         vertex -0.0972 -0.0235949 0.00533023
         vertex -0.0994 -0.0219977 0.00381729
      endloop
   endfacet
   facet normal -0.707107 -0.396819 0.585265
      outer loop
         vertex -0.0994 -0.017004 0.00805898
         vertex -0.0972 -0.0182386 0.00987989
         vertex -0.0979621 -0.016642 0.0100048
      endloop
   endfacet
   facet normal -0.707107 -0.396819 0.585265
      outer loop
         vertex -0.0972 -0.0182386 0.00987989
         vertex -0.0972 -0.0163798 0.0110505
         vertex -0.0979621 -0.016642 0.0100048
      endloop
   endfacet
   facet normal -0.707107 -0.370776 0.6021
      outer loop
         vertex -0.0979621 -0.016642 0.0100048
         vertex -0.0994 -0.0159227 0.00875899
         vertex -0.0994 -0.017004 0.00805898
      endloop
   endfacet
   facet normal -0.707107 -0.528568 0.469697
      outer loop
         vertex -0.0979621 -0.0237243 0.00406195
         vertex -0.0972 -0.0247997 0.00398536
         vertex -0.0972 -0.0235949 0.00533023
      endloop
   endfacet
   facet normal -0.707107 -0.480121 0.519119
      outer loop
         vertex -0.0994 -0.0205448 0.00519354
         vertex -0.0994 -0.0219977 0.00381729
         vertex -0.0972 -0.0235949 0.00533023
      endloop
   endfacet
   facet normal -0.707107 -0.427851 0.562978
      outer loop
         vertex -0.0994 -0.0183068 0.00706859
         vertex -0.0994 -0.0196158 0.00607351
         vertex -0.0972 -0.0210401 0.00775027
      endloop
   endfacet
   facet normal -5.72516e-17 -0.725995 0.687699
      outer loop
         vertex -0.1132 -0.0219977 0.00381729
         vertex -0.1132 -0.0226224 0.00313731
         vertex -0.0994 -0.0226224 0.00313731
      endloop
   endfacet
   facet normal -5.72516e-17 -0.678993 0.734145
      outer loop
         vertex -0.1132 -0.0205448 0.00519354
         vertex -0.1132 -0.0219977 0.00381729
         vertex -0.0994 -0.0219977 0.00381729
      endloop
   endfacet
   facet normal -4.29387e-17 -0.725995 0.687699
      outer loop
         vertex -0.0994 -0.0219977 0.00381729
         vertex -0.0994 -0.0205448 0.00519354
         vertex -0.1132 -0.0205448 0.00519354
      endloop
   endfacet
   facet normal -3.57822e-17 -0.605072 0.796171
      outer loop
         vertex -0.0994 -0.0183068 0.00706859
         vertex -0.1132 -0.0183068 0.00706859
         vertex -0.1132 -0.0196158 0.00607351
      endloop
   endfacet
   facet normal -5.72516e-17 -0.678993 0.734145
      outer loop
         vertex -0.1132 -0.0205448 0.00519354
         vertex -0.0994 -0.0205448 0.00519354
         vertex -0.0994 -0.0196158 0.00607351
      endloop
   endfacet
   facet normal -5.72516e-17 -0.647386 0.762162
      outer loop
         vertex -0.0994 -0.0196158 0.00607351
         vertex -0.1132 -0.0196158 0.00607351
         vertex -0.1132 -0.0205448 0.00519354
      endloop
   endfacet
   facet normal -3.57822e-17 -0.605072 0.796171
      outer loop
         vertex -0.0994 -0.0183068 0.00706859
         vertex -0.0994 -0.017004 0.00805898
         vertex -0.1132 -0.017004 0.00805898
      endloop
   endfacet
   facet normal -3.57822e-17 -0.561187 0.827689
      outer loop
         vertex -0.1132 -0.017004 0.00805898
         vertex -0.0994 -0.017004 0.00805898
         vertex -0.0994 -0.0159227 0.00875899
      endloop
   endfacet
   facet normal -3.21778e-17 -0.525503 0.850792
      outer loop
         vertex -0.0994 -0.0159227 0.00875899
         vertex -0.1132 -0.0159227 0.00875899
         vertex -0.1132 -0.017004 0.00805898
      endloop
   endfacet
   facet normal -3.57822e-17 -0.561187 0.827689
      outer loop
         vertex -0.1132 -0.017004 0.00805898
         vertex -0.1132 -0.0183068 0.00706859
         vertex -0.0994 -0.0183068 0.00706859
      endloop
   endfacet
   facet normal -5.72516e-17 -0.647386 0.762162
      outer loop
         vertex -0.1132 -0.0196158 0.00607351
         vertex -0.0994 -0.0196158 0.00607351
         vertex -0.0994 -0.0183068 0.00706859
      endloop
   endfacet
   facet normal -4.57169e-17 -0.746614 0.665258
      outer loop
         vertex -0.0994 -0.0226224 0.00313731
         vertex -0.0994 -0.0219977 0.00381729
         vertex -0.1132 -0.0219977 0.00381729
      endloop
   endfacet
   facet normal 3.93594e-17 0.642788 0.766044
      outer loop
         vertex -0.114638 -0.0237243 0.00406195
         vertex -0.0979621 -0.0237243 0.00406195
         vertex -0.0994 -0.0226224 0.00313731
      endloop
   endfacet
   facet normal 3.93594e-17 0.642788 0.766044
      outer loop
         vertex -0.0994 -0.0226224 0.00313731
         vertex -0.1132 -0.0226224 0.00313731
         vertex -0.114638 -0.0237243 0.00406195
      endloop
   endfacet
   facet normal -4.35052e-18 -0.0710494 0.997473
      outer loop
         vertex -0.0972 -0.0247997 0.00398536
         vertex -0.0979621 -0.0237243 0.00406195
         vertex -0.114638 -0.0237243 0.00406195
      endloop
   endfacet
   facet normal -4.35052e-18 -0.0710494 0.997473
      outer loop
         vertex -0.114638 -0.0237243 0.00406195
         vertex -0.1154 -0.0247997 0.00398536
         vertex -0.0972 -0.0247997 0.00398536
      endloop
   endfacet
   facet normal 6.09051e-17 0.994657 0.103239
      outer loop
         vertex -0.0972 0.0249927 -0.0377954
         vertex -0.1154 0.0249927 -0.0377954
         vertex -0.114638 0.0248814 -0.0367231
      endloop
   endfacet
   facet normal 6.09051e-17 0.994657 0.103239
      outer loop
         vertex -0.114638 0.0248814 -0.0367231
         vertex -0.0979621 0.0248814 -0.0367231
         vertex -0.0972 0.0249927 -0.0377954
      endloop
   endfacet
   facet normal 3.93594e-17 0.642788 0.766044
      outer loop
         vertex -0.0979621 0.0248814 -0.0367231
         vertex -0.114638 0.0248814 -0.0367231
         vertex -0.1132 0.0237794 -0.0357984
      endloop
   endfacet
   facet normal 3.93594e-17 0.642788 0.766044
      outer loop
         vertex -0.1132 0.0237794 -0.0357984
         vertex -0.0994 0.0237794 -0.0357984
         vertex -0.0979621 0.0248814 -0.0367231
      endloop
   endfacet
   facet normal 0.707107 0.60589 -0.364552
      outer loop
         vertex -0.1154 0.0278479 -0.0337755
         vertex -0.1154 0.0294962 -0.0306664
         vertex -0.1132 0.0269038 -0.0308663
      endloop
   endfacet
   facet normal 0.707107 0.641753 -0.296906
      outer loop
         vertex -0.1154 0.0294962 -0.0306664
         vertex -0.1132 0.0274995 -0.0297426
         vertex -0.1132 0.0269038 -0.0308663
      endloop
   endfacet
   facet normal 0.707107 0.562923 -0.427923
      outer loop
         vertex -0.1154 0.025873 -0.0366882
         vertex -0.1154 0.0278479 -0.0337755
         vertex -0.1132 0.0254493 -0.0333986
      endloop
   endfacet
   facet normal 0.707107 0.60589 -0.364552
      outer loop
         vertex -0.1154 0.0278479 -0.0337755
         vertex -0.1132 0.0259628 -0.0326413
         vertex -0.1132 0.0254493 -0.0333986
      endloop
   endfacet
   facet normal 0.707107 0.562923 -0.427923
      outer loop
         vertex -0.1132 0.0241216 -0.0353568
         vertex -0.1132 0.0237794 -0.0357984
         vertex -0.114638 0.0248814 -0.0367231
      endloop
   endfacet
   facet normal 0.707107 0.554346 -0.438976
      outer loop
         vertex -0.114638 0.0248814 -0.0367231
         vertex -0.1154 0.025873 -0.0366882
         vertex -0.1132 0.0241216 -0.0353568
      endloop
   endfacet
   facet normal 0.707107 0.641753 -0.296906
      outer loop
         vertex -0.1132 0.0274995 -0.0297426
         vertex -0.1154 0.0294962 -0.0306664
         vertex -0.114638 0.029504 -0.0287164
      endloop
   endfacet
   facet normal 0.707107 0.641753 -0.296906
      outer loop
         vertex -0.1154 0.0294962 -0.0306664
         vertex -0.1154 0.0304883 -0.0282766
         vertex -0.114638 0.029504 -0.0287164
      endloop
   endfacet
   facet normal 0.707107 0.657338 -0.26059
      outer loop
         vertex -0.114638 0.029504 -0.0287164
         vertex -0.1132 0.0281523 -0.0282244
         vertex -0.1132 0.0274995 -0.0297426
      endloop
   endfacet
   facet normal 0.707107 0.554346 -0.438976
      outer loop
         vertex -0.114638 0.0248814 -0.0367231
         vertex -0.1154 0.0249927 -0.0377954
         vertex -0.1154 0.025873 -0.0366882
      endloop
   endfacet
   facet normal 0.707107 0.594609 -0.382676
      outer loop
         vertex -0.1132 0.0254493 -0.0333986
         vertex -0.1132 0.0241216 -0.0353568
         vertex -0.1154 0.025873 -0.0366882
      endloop
   endfacet
   facet normal 0.707107 0.628726 -0.32358
      outer loop
         vertex -0.1132 0.0269038 -0.0308663
         vertex -0.1132 0.0259628 -0.0326413
         vertex -0.1154 0.0278479 -0.0337755
      endloop
   endfacet
   facet normal -0.707107 0.562923 -0.427923
      outer loop
         vertex -0.0972 0.025873 -0.0366882
         vertex -0.0994 0.0241216 -0.0353568
         vertex -0.0994 0.0254493 -0.0333986
      endloop
   endfacet
   facet normal -0.707107 0.594609 -0.382676
      outer loop
         vertex -0.0994 0.0254493 -0.0333986
         vertex -0.0972 0.0278479 -0.0337755
         vertex -0.0972 0.025873 -0.0366882
      endloop
   endfacet
   facet normal -0.707107 0.60589 -0.364552
      outer loop
         vertex -0.0972 0.0278479 -0.0337755
         vertex -0.0994 0.0259628 -0.0326413
         vertex -0.0994 0.0269038 -0.0308663
      endloop
   endfacet
   facet normal -0.707107 0.628726 -0.32358
      outer loop
         vertex -0.0994 0.0269038 -0.0308663
         vertex -0.0972 0.0294962 -0.0306664
         vertex -0.0972 0.0278479 -0.0337755
      endloop
   endfacet
   facet normal -0.707107 0.641753 -0.296906
      outer loop
         vertex -0.0994 0.0274995 -0.0297426
         vertex -0.0994 0.0281523 -0.0282244
         vertex -0.0979621 0.029504 -0.0287164
      endloop
   endfacet
   facet normal -0.707107 0.657338 -0.26059
      outer loop
         vertex -0.0979621 0.029504 -0.0287164
         vertex -0.0972 0.0294962 -0.0306664
         vertex -0.0994 0.0274995 -0.0297426
      endloop
   endfacet
   facet normal -0.707107 0.562923 -0.427923
      outer loop
         vertex -0.0994 0.0241216 -0.0353568
         vertex -0.0972 0.025873 -0.0366882
         vertex -0.0979621 0.0248814 -0.0367231
      endloop
   endfacet
   facet normal -0.707107 0.562923 -0.427923
      outer loop
         vertex -0.0972 0.025873 -0.0366882
         vertex -0.0972 0.0249927 -0.0377954
         vertex -0.0979621 0.0248814 -0.0367231
      endloop
   endfacet
   facet normal -0.707107 0.554346 -0.438976
      outer loop
         vertex -0.0979621 0.0248814 -0.0367231
         vertex -0.0994 0.0237794 -0.0357984
         vertex -0.0994 0.0241216 -0.0353568
      endloop
   endfacet
   facet normal -0.707107 0.657338 -0.26059
      outer loop
         vertex -0.0979621 0.029504 -0.0287164
         vertex -0.0972 0.0304883 -0.0282766
         vertex -0.0972 0.0294962 -0.0306664
      endloop
   endfacet
   facet normal -0.707107 0.628726 -0.32358
      outer loop
         vertex -0.0994 0.0269038 -0.0308663
         vertex -0.0994 0.0274995 -0.0297426
         vertex -0.0972 0.0294962 -0.0306664
      endloop
   endfacet
   facet normal -0.707107 0.594609 -0.382676
      outer loop
         vertex -0.0994 0.0254493 -0.0333986
         vertex -0.0994 0.0259628 -0.0326413
         vertex -0.0972 0.0278479 -0.0337755
      endloop
   endfacet
   facet normal 5.72516e-17 0.907575 -0.419889
      outer loop
         vertex -0.1132 0.0274995 -0.0297426
         vertex -0.1132 0.0281523 -0.0282244
         vertex -0.0994 0.0281523 -0.0282244
      endloop
   endfacet
   facet normal 5.72516e-17 0.889152 -0.457611
      outer loop
         vertex -0.1132 0.0269038 -0.0308663
         vertex -0.1132 0.0274995 -0.0297426
         vertex -0.0994 0.0274995 -0.0297426
      endloop
   endfacet
   facet normal 5.72516e-17 0.907575 -0.419889
      outer loop
         vertex -0.0994 0.0274995 -0.0297426
         vertex -0.0994 0.0269038 -0.0308663
         vertex -0.1132 0.0269038 -0.0308663
      endloop
   endfacet
   facet normal 5.72516e-17 0.840904 -0.541185
      outer loop
         vertex -0.1132 0.0254493 -0.0333986
         vertex -0.1132 0.0259628 -0.0326413
         vertex -0.0994 0.0259628 -0.0326413
      endloop
   endfacet
   facet normal 5.72516e-17 0.889152 -0.457611
      outer loop
         vertex -0.0994 0.0269038 -0.0308663
         vertex -0.0994 0.0259628 -0.0326413
         vertex -0.1132 0.0259628 -0.0326413
      endloop
   endfacet
   facet normal 5.72516e-17 0.856857 -0.515554
      outer loop
         vertex -0.1132 0.0259628 -0.0326413
         vertex -0.1132 0.0269038 -0.0308663
         vertex -0.0994 0.0269038 -0.0308663
      endloop
   endfacet
   facet normal 5.72516e-17 0.796093 -0.605174
      outer loop
         vertex -0.1132 0.0241216 -0.0353568
         vertex -0.1132 0.0254493 -0.0333986
         vertex -0.0994 0.0254493 -0.0333986
      endloop
   endfacet
   facet normal 5.72516e-17 0.796093 -0.605174
      outer loop
         vertex -0.1132 0.0241216 -0.0353568
         vertex -0.0994 0.0241216 -0.0353568
         vertex -0.0994 0.0237794 -0.0357984
      endloop
   endfacet
   facet normal 4.80551e-17 0.784799 -0.61975
      outer loop
         vertex -0.0994 0.0237794 -0.0357984
         vertex -0.1132 0.0237794 -0.0357984
         vertex -0.1132 0.0241216 -0.0353568
      endloop
   endfacet
   facet normal 5.00951e-17 0.840904 -0.541185
      outer loop
         vertex -0.0994 0.0254493 -0.0333986
         vertex -0.0994 0.0241216 -0.0353568
         vertex -0.1132 0.0241216 -0.0353568
      endloop
   endfacet
   facet normal 5.72516e-17 0.856857 -0.515554
      outer loop
         vertex -0.0994 0.0259628 -0.0326413
         vertex -0.0994 0.0254493 -0.0333986
         vertex -0.1132 0.0254493 -0.0333986
      endloop
   endfacet
   facet normal 5.68921e-17 0.929119 -0.369781
      outer loop
         vertex -0.0994 0.0281523 -0.0282244
         vertex -0.0994 0.0274995 -0.0297426
         vertex -0.1132 0.0274995 -0.0297426
      endloop
   endfacet
   facet normal -2.09427e-17 -0.34202 -0.939693
      outer loop
         vertex -0.114638 0.029504 -0.0287164
         vertex -0.0979621 0.029504 -0.0287164
         vertex -0.0994 0.0281523 -0.0282244
      endloop
   endfacet
   facet normal -2.09427e-17 -0.34202 -0.939693
      outer loop
         vertex -0.0994 0.0281523 -0.0282244
         vertex -0.1132 0.0281523 -0.0282244
         vertex -0.114638 0.029504 -0.0287164
      endloop
   endfacet
   facet normal 2.49779e-17 0.40792 -0.913017
      outer loop
         vertex -0.1154 0.0304883 -0.0282766
         vertex -0.0972 0.0304883 -0.0282766
         vertex -0.0979621 0.029504 -0.0287164
      endloop
   endfacet
   facet normal 2.49779e-17 0.40792 -0.913017
      outer loop
         vertex -0.0979621 0.029504 -0.0287164
         vertex -0.114638 0.029504 -0.0287164
         vertex -0.1154 0.0304883 -0.0282766
      endloop
   endfacet
   facet normal -6.09051e-17 -0.994657 -0.103239
      outer loop
         vertex -0.0972 -0.0249927 0.00375539
         vertex -0.1154 -0.0249927 0.00375539
         vertex -0.114638 -0.0248814 0.00268307
      endloop
   endfacet
   facet normal -6.09051e-17 -0.994657 -0.103239
      outer loop
         vertex -0.114638 -0.0248814 0.00268307
         vertex -0.0979621 -0.0248814 0.00268307
         vertex -0.0972 -0.0249927 0.00375539
      endloop
   endfacet
   facet normal -3.93594e-17 -0.642788 -0.766044
      outer loop
         vertex -0.0979621 -0.0248814 0.00268307
         vertex -0.114638 -0.0248814 0.00268307
         vertex -0.1132 -0.0237794 0.00175843
      endloop
   endfacet
   facet normal -3.93594e-17 -0.642788 -0.766044
      outer loop
         vertex -0.1132 -0.0237794 0.00175843
         vertex -0.0994 -0.0237794 0.00175843
         vertex -0.0979621 -0.0248814 0.00268307
      endloop
   endfacet
   facet normal 0.707107 -0.60589 0.364552
      outer loop
         vertex -0.1154 -0.0278479 -0.0002645
         vertex -0.1154 -0.0294962 -0.0033736
         vertex -0.1132 -0.0269038 -0.00317369
      endloop
   endfacet
   facet normal 0.707107 -0.641753 0.296906
      outer loop
         vertex -0.1154 -0.0294962 -0.0033736
         vertex -0.1132 -0.0274995 -0.00429736
         vertex -0.1132 -0.0269038 -0.00317369
      endloop
   endfacet
   facet normal 0.707107 -0.562923 0.427923
      outer loop
         vertex -0.1154 -0.025873 0.00264816
         vertex -0.1154 -0.0278479 -0.0002645
         vertex -0.1132 -0.0254493 -0.000641437
      endloop
   endfacet
   facet normal 0.707107 -0.60589 0.364552
      outer loop
         vertex -0.1154 -0.0278479 -0.0002645
         vertex -0.1132 -0.0259628 -0.00139872
         vertex -0.1132 -0.0254493 -0.000641437
      endloop
   endfacet
   facet normal 0.707107 -0.562923 0.427923
      outer loop
         vertex -0.1132 -0.0241216 0.00131678
         vertex -0.1132 -0.0237794 0.00175843
         vertex -0.114638 -0.0248814 0.00268307
      endloop
   endfacet
   facet normal 0.707107 -0.554346 0.438976
      outer loop
         vertex -0.114638 -0.0248814 0.00268307
         vertex -0.1154 -0.025873 0.00264816
         vertex -0.1132 -0.0241216 0.00131678
      endloop
   endfacet
   facet normal 0.707107 -0.641753 0.296906
      outer loop
         vertex -0.1132 -0.0274995 -0.00429736
         vertex -0.1154 -0.0294962 -0.0033736
         vertex -0.114638 -0.029504 -0.00532365
      endloop
   endfacet
   facet normal 0.707107 -0.641753 0.296906
      outer loop
         vertex -0.1154 -0.0294962 -0.0033736
         vertex -0.1154 -0.0304883 -0.00576342
         vertex -0.114638 -0.029504 -0.00532365
      endloop
   endfacet
   facet normal 0.707107 -0.657338 0.26059
      outer loop
         vertex -0.114638 -0.029504 -0.00532365
         vertex -0.1132 -0.0281523 -0.00581564
         vertex -0.1132 -0.0274995 -0.00429736
      endloop
   endfacet
   facet normal 0.707107 -0.554346 0.438976
      outer loop
         vertex -0.114638 -0.0248814 0.00268307
         vertex -0.1154 -0.0249927 0.00375539
         vertex -0.1154 -0.025873 0.00264816
      endloop
   endfacet
   facet normal 0.707107 -0.594609 0.382676
      outer loop
         vertex -0.1132 -0.0254493 -0.000641437
         vertex -0.1132 -0.0241216 0.00131678
         vertex -0.1154 -0.025873 0.00264816
      endloop
   endfacet
   facet normal 0.707107 -0.628726 0.32358
      outer loop
         vertex -0.1132 -0.0269038 -0.00317369
         vertex -0.1132 -0.0259628 -0.00139872
         vertex -0.1154 -0.0278479 -0.0002645
      endloop
   endfacet
   facet normal -0.707107 -0.562923 0.427923
      outer loop
         vertex -0.0972 -0.025873 0.00264816
         vertex -0.0994 -0.0241216 0.00131678
         vertex -0.0994 -0.0254493 -0.000641437
      endloop
   endfacet
   facet normal -0.707107 -0.594609 0.382676
      outer loop
         vertex -0.0994 -0.0254493 -0.000641437
         vertex -0.0972 -0.0278479 -0.0002645
         vertex -0.0972 -0.025873 0.00264816
      endloop
   endfacet
   facet normal -0.707107 -0.60589 0.364552
      outer loop
         vertex -0.0972 -0.0278479 -0.0002645
         vertex -0.0994 -0.0259628 -0.00139872
         vertex -0.0994 -0.0269038 -0.00317369
      endloop
   endfacet
   facet normal -0.707107 -0.628726 0.32358
      outer loop
         vertex -0.0994 -0.0269038 -0.00317369
         vertex -0.0972 -0.0294962 -0.0033736
         vertex -0.0972 -0.0278479 -0.0002645
      endloop
   endfacet
   facet normal -0.707107 -0.641753 0.296906
      outer loop
         vertex -0.0994 -0.0274995 -0.00429736
         vertex -0.0994 -0.0281523 -0.00581564
         vertex -0.0979621 -0.029504 -0.00532365
      endloop
   endfacet
   facet normal -0.707107 -0.657338 0.26059
      outer loop
         vertex -0.0979621 -0.029504 -0.00532365
         vertex -0.0972 -0.0294962 -0.0033736
         vertex -0.0994 -0.0274995 -0.00429736
      endloop
   endfacet
   facet normal -0.707107 -0.562923 0.427923
      outer loop
         vertex -0.0994 -0.0241216 0.00131678
         vertex -0.0972 -0.025873 0.00264816
         vertex -0.0979621 -0.0248814 0.00268307
      endloop
   endfacet
   facet normal -0.707107 -0.562923 0.427923
      outer loop
         vertex -0.0972 -0.025873 0.00264816
         vertex -0.0972 -0.0249927 0.00375539
         vertex -0.0979621 -0.0248814 0.00268307
      endloop
   endfacet
   facet normal -0.707107 -0.554346 0.438976
      outer loop
         vertex -0.0979621 -0.0248814 0.00268307
         vertex -0.0994 -0.0237794 0.00175843
         vertex -0.0994 -0.0241216 0.00131678
      endloop
   endfacet
   facet normal -0.707107 -0.657338 0.26059
      outer loop
         vertex -0.0979621 -0.029504 -0.00532365
         vertex -0.0972 -0.0304883 -0.00576342
         vertex -0.0972 -0.0294962 -0.0033736
      endloop
   endfacet
   facet normal -0.707107 -0.628726 0.32358
      outer loop
         vertex -0.0994 -0.0269038 -0.00317369
         vertex -0.0994 -0.0274995 -0.00429736
         vertex -0.0972 -0.0294962 -0.0033736
      endloop
   endfacet
   facet normal -0.707107 -0.594609 0.382676
      outer loop
         vertex -0.0994 -0.0254493 -0.000641437
         vertex -0.0994 -0.0259628 -0.00139872
         vertex -0.0972 -0.0278479 -0.0002645
      endloop
   endfacet
   facet normal -5.72516e-17 -0.907575 0.419889
      outer loop
         vertex -0.1132 -0.0274995 -0.00429736
         vertex -0.1132 -0.0281523 -0.00581564
         vertex -0.0994 -0.0281523 -0.00581564
      endloop
   endfacet
   facet normal -5.72516e-17 -0.907575 0.419889
      outer loop
         vertex -0.0994 -0.0274995 -0.00429736
         vertex -0.0994 -0.0269038 -0.00317369
         vertex -0.1132 -0.0269038 -0.00317369
      endloop
   endfacet
   facet normal -5.72516e-17 -0.889152 0.457611
      outer loop
         vertex -0.1132 -0.0269038 -0.00317369
         vertex -0.1132 -0.0274995 -0.00429736
         vertex -0.0994 -0.0274995 -0.00429736
      endloop
   endfacet
   facet normal -5.72516e-17 -0.840904 0.541185
      outer loop
         vertex -0.1132 -0.0254493 -0.000641437
         vertex -0.1132 -0.0259628 -0.00139872
         vertex -0.0994 -0.0259628 -0.00139872
      endloop
   endfacet
   facet normal -5.72516e-17 -0.856857 0.515554
      outer loop
         vertex -0.1132 -0.0259628 -0.00139872
         vertex -0.1132 -0.0269038 -0.00317369
         vertex -0.0994 -0.0269038 -0.00317369
      endloop
   endfacet
   facet normal -5.72516e-17 -0.889152 0.457611
      outer loop
         vertex -0.0994 -0.0269038 -0.00317369
         vertex -0.0994 -0.0259628 -0.00139872
         vertex -0.1132 -0.0259628 -0.00139872
      endloop
   endfacet
   facet normal -5.72516e-17 -0.840904 0.541185
      outer loop
         vertex -0.0994 -0.0254493 -0.000641437
         vertex -0.0994 -0.0241216 0.00131678
         vertex -0.1132 -0.0241216 0.00131678
      endloop
   endfacet
   facet normal -5.00951e-17 -0.796093 0.605174
      outer loop
         vertex -0.1132 -0.0241216 0.00131678
         vertex -0.0994 -0.0241216 0.00131678
         vertex -0.0994 -0.0237794 0.00175843
      endloop
   endfacet
   facet normal -4.80551e-17 -0.784799 0.61975
      outer loop
         vertex -0.0994 -0.0237794 0.00175843
         vertex -0.1132 -0.0237794 0.00175843
         vertex -0.1132 -0.0241216 0.00131678
      endloop
   endfacet
   facet normal -5.00951e-17 -0.796093 0.605174
      outer loop
         vertex -0.1132 -0.0241216 0.00131678
         vertex -0.1132 -0.0254493 -0.000641437
         vertex -0.0994 -0.0254493 -0.000641437
      endloop
   endfacet
   facet normal -5.72516e-17 -0.856857 0.515554
      outer loop
         vertex -0.0994 -0.0259628 -0.00139872
         vertex -0.0994 -0.0254493 -0.000641437
         vertex -0.1132 -0.0254493 -0.000641437
      endloop
   endfacet
   facet normal -5.68921e-17 -0.929119 0.369781
      outer loop
         vertex -0.0994 -0.0281523 -0.00581564
         vertex -0.0994 -0.0274995 -0.00429736
         vertex -0.1132 -0.0274995 -0.00429736
      endloop
   endfacet
   facet normal 2.09427e-17 0.34202 0.939693
      outer loop
         vertex -0.114638 -0.029504 -0.00532365
         vertex -0.0979621 -0.029504 -0.00532365
         vertex -0.0994 -0.0281523 -0.00581564
      endloop
   endfacet
   facet normal 2.09427e-17 0.34202 0.939693
      outer loop
         vertex -0.0994 -0.0281523 -0.00581564
         vertex -0.1132 -0.0281523 -0.00581564
         vertex -0.114638 -0.029504 -0.00532365
      endloop
   endfacet
   facet normal -2.49779e-17 -0.40792 0.913017
      outer loop
         vertex -0.0972 -0.0304883 -0.00576342
         vertex -0.0979621 -0.029504 -0.00532365
         vertex -0.114638 -0.029504 -0.00532365
      endloop
   endfacet
   facet normal -2.49779e-17 -0.40792 0.913017
      outer loop
         vertex -0.114638 -0.029504 -0.00532365
         vertex -0.1154 -0.0304883 -0.00576342
         vertex -0.0972 -0.0304883 -0.00576342
      endloop
   endfacet
   facet normal 5.507e-17 0.899361 0.437206
      outer loop
         vertex -0.0978249 0.0302045 -0.0271994
         vertex -0.114775 0.0302045 -0.0271994
         vertex -0.114638 0.0301197 -0.0270249
      endloop
   endfacet
   facet normal 5.507e-17 0.899361 0.437206
      outer loop
         vertex -0.0978249 0.0302045 -0.0271994
         vertex -0.1154 0.030591 -0.0279945
         vertex -0.114775 0.0302045 -0.0271994
      endloop
   endfacet
   facet normal 5.507e-17 0.899361 0.437206
      outer loop
         vertex -0.114638 0.0301197 -0.0270249
         vertex -0.0979621 0.0301197 -0.0270249
         vertex -0.0978249 0.0302045 -0.0271994
      endloop
   endfacet
   facet normal 5.507e-17 0.899361 0.437206
      outer loop
         vertex -0.0978249 0.0302045 -0.0271994
         vertex -0.0972 0.030591 -0.0279945
         vertex -0.1154 0.030591 -0.0279945
      endloop
   endfacet
   facet normal 2.09427e-17 0.34202 0.939693
      outer loop
         vertex -0.0979621 0.0301197 -0.0270249
         vertex -0.114638 0.0301197 -0.0270249
         vertex -0.1132 0.0287679 -0.0265329
      endloop
   endfacet
   facet normal 2.09427e-17 0.34202 0.939693
      outer loop
         vertex -0.1132 0.0287679 -0.0265329
         vertex -0.0994 0.0287679 -0.0265329
         vertex -0.0979621 0.0301197 -0.0270249
      endloop
   endfacet
   facet normal 0.707107 0.690575 -0.152007
      outer loop
         vertex -0.1154 0.0317402 -0.0240065
         vertex -0.1154 0.0323095 -0.0205339
         vertex -0.1132 0.0300346 -0.0208315
      endloop
   endfacet
   facet normal 0.707107 0.702962 -0.0764517
      outer loop
         vertex -0.1154 0.0323095 -0.0205339
         vertex -0.1132 0.0301224 -0.020296
         vertex -0.1132 0.0300346 -0.0208315
      endloop
   endfacet
   facet normal 0.707107 0.690575 -0.152007
      outer loop
         vertex -0.1154 0.0317402 -0.0240065
         vertex -0.114638 0.0301197 -0.0270249
         vertex -0.114775 0.0302045 -0.0271994
      endloop
   endfacet
   facet normal 0.707107 0.68963 -0.15624
      outer loop
         vertex -0.1132 0.0295423 -0.023713
         vertex -0.1132 0.0287679 -0.0265329
         vertex -0.114638 0.0301197 -0.0270249
      endloop
   endfacet
   facet normal 0.707107 0.690575 -0.152007
      outer loop
         vertex -0.1154 0.0317402 -0.0240065
         vertex -0.1132 0.0295916 -0.0235336
         vertex -0.1132 0.0295423 -0.023713
      endloop
   endfacet
   facet normal 0.707107 0.671054 -0.222905
      outer loop
         vertex -0.114638 0.0301197 -0.0270249
         vertex -0.1154 0.0317402 -0.0240065
         vertex -0.1132 0.0295423 -0.023713
      endloop
   endfacet
   facet normal 0.707107 0.702962 -0.0764517
      outer loop
         vertex -0.1132 0.0301224 -0.020296
         vertex -0.1154 0.0323095 -0.0205339
         vertex -0.114638 0.0317251 -0.01792
      endloop
   endfacet
   facet normal 0.707107 0.702962 -0.0764517
      outer loop
         vertex -0.1154 0.0323095 -0.0205339
         vertex -0.1154 0.0324997 -0.0171701
         vertex -0.114638 0.0317251 -0.01792
      endloop
   endfacet
   facet normal 0.707107 0.706822 -0.0200516
      outer loop
         vertex -0.114638 0.0317251 -0.01792
         vertex -0.1132 0.0302866 -0.01792
         vertex -0.1132 0.0301224 -0.020296
      endloop
   endfacet
   facet normal 0.707107 0.665573 -0.238773
      outer loop
         vertex -0.1154 0.030591 -0.0279945
         vertex -0.1154 0.0307987 -0.0273973
         vertex -0.114775 0.0302045 -0.0271994
      endloop
   endfacet
   facet normal 0.707107 0.670076 -0.225827
      outer loop
         vertex -0.114775 0.0302045 -0.0271994
         vertex -0.1154 0.0307987 -0.0273973
         vertex -0.1154 0.0317402 -0.0240065
      endloop
   endfacet
   facet normal 0.707107 0.701481 -0.0890201
      outer loop
         vertex -0.1132 0.0300346 -0.0208315
         vertex -0.1132 0.0295916 -0.0235336
         vertex -0.1154 0.0317402 -0.0240065
      endloop
   endfacet
   facet normal -0.707107 0.690575 -0.152007
      outer loop
         vertex -0.0972 0.0317402 -0.0240065
         vertex -0.0994 0.0295916 -0.0235336
         vertex -0.0994 0.0300346 -0.0208315
      endloop
   endfacet
   facet normal -0.707107 0.701481 -0.0890201
      outer loop
         vertex -0.0994 0.0300346 -0.0208315
         vertex -0.0972 0.0323095 -0.0205339
         vertex -0.0972 0.0317402 -0.0240065
      endloop
   endfacet
   facet normal -0.707107 0.702962 -0.0764517
      outer loop
         vertex -0.0994 0.0301224 -0.020296
         vertex -0.0994 0.0302866 -0.01792
         vertex -0.0979621 0.0317251 -0.01792
      endloop
   endfacet
   facet normal -0.707107 0.706822 -0.0200516
      outer loop
         vertex -0.0979621 0.0317251 -0.01792
         vertex -0.0972 0.0323095 -0.0205339
         vertex -0.0994 0.0301224 -0.020296
      endloop
   endfacet
   facet normal -0.707107 0.68963 -0.15624
      outer loop
         vertex -0.0994 0.0295423 -0.023713
         vertex -0.0972 0.0317402 -0.0240065
         vertex -0.0979621 0.0301197 -0.0270249
      endloop
   endfacet
   facet normal -0.707107 0.671054 -0.222905
      outer loop
         vertex -0.0979621 0.0301197 -0.0270249
         vertex -0.0994 0.0287679 -0.0265329
         vertex -0.0994 0.0295423 -0.023713
      endloop
   endfacet
   facet normal -0.707107 0.690575 -0.152007
      outer loop
         vertex -0.0972 0.0317402 -0.0240065
         vertex -0.0972 0.0307987 -0.0273973
         vertex -0.0978249 0.0302045 -0.0271994
      endloop
   endfacet
   facet normal -0.707107 0.670076 -0.225827
      outer loop
         vertex -0.0978249 0.0302045 -0.0271994
         vertex -0.0979621 0.0301197 -0.0270249
         vertex -0.0972 0.0317402 -0.0240065
      endloop
   endfacet
   facet normal -0.707107 0.68963 -0.15624
      outer loop
         vertex -0.0994 0.0295423 -0.023713
         vertex -0.0994 0.0295916 -0.0235336
         vertex -0.0972 0.0317402 -0.0240065
      endloop
   endfacet
   facet normal -0.707107 0.670076 -0.225827
      outer loop
         vertex -0.0978249 0.0302045 -0.0271994
         vertex -0.0972 0.0307987 -0.0273973
         vertex -0.0972 0.030591 -0.0279945
      endloop
   endfacet
   facet normal -0.707107 0.706822 -0.0200516
      outer loop
         vertex -0.0979621 0.0317251 -0.01792
         vertex -0.0972 0.0324997 -0.0171701
         vertex -0.0972 0.0323095 -0.0205339
      endloop
   endfacet
   facet normal -0.707107 0.701481 -0.0890201
      outer loop
         vertex -0.0994 0.0300346 -0.0208315
         vertex -0.0994 0.0301224 -0.020296
         vertex -0.0972 0.0323095 -0.0205339
      endloop
   endfacet
   facet normal 5.72516e-17 0.994138 -0.108119
      outer loop
         vertex -0.1132 0.0301224 -0.020296
         vertex -0.1132 0.0302866 -0.01792
         vertex -0.0994 0.0302866 -0.01792
      endloop
   endfacet
   facet normal 5.72516e-17 0.992044 -0.125893
      outer loop
         vertex -0.1132 0.0300346 -0.0208315
         vertex -0.1132 0.0301224 -0.020296
         vertex -0.0994 0.0301224 -0.020296
      endloop
   endfacet
   facet normal 6.4408e-17 0.994138 -0.108119
      outer loop
         vertex -0.0994 0.0301224 -0.020296
         vertex -0.0994 0.0300346 -0.0208315
         vertex -0.1132 0.0300346 -0.0208315
      endloop
   endfacet
   facet normal 5.72516e-17 0.975284 -0.220956
      outer loop
         vertex -0.1132 0.0295423 -0.023713
         vertex -0.1132 0.0295916 -0.0235336
         vertex -0.0994 0.0295916 -0.0235336
      endloop
   endfacet
   facet normal 5.72516e-17 0.992044 -0.125893
      outer loop
         vertex -0.0994 0.0300346 -0.0208315
         vertex -0.0994 0.0295916 -0.0235336
         vertex -0.1132 0.0295916 -0.0235336
      endloop
   endfacet
   facet normal 5.72516e-17 0.976621 -0.21497
      outer loop
         vertex -0.1132 0.0295916 -0.0235336
         vertex -0.1132 0.0300346 -0.0208315
         vertex -0.0994 0.0300346 -0.0208315
      endloop
   endfacet
   facet normal 5.72516e-17 0.975284 -0.220956
      outer loop
         vertex -0.1132 0.0295423 -0.023713
         vertex -0.0994 0.0295423 -0.023713
         vertex -0.0994 0.0287679 -0.0265329
      endloop
   endfacet
   facet normal 5.81362e-17 0.949437 -0.313958
      outer loop
         vertex -0.0994 0.0287679 -0.0265329
         vertex -0.1132 0.0287679 -0.0265329
         vertex -0.1132 0.0295423 -0.023713
      endloop
   endfacet
   facet normal 5.72516e-17 0.976621 -0.21497
      outer loop
         vertex -0.0994 0.0295916 -0.0235336
         vertex -0.0994 0.0295423 -0.023713
         vertex -0.1132 0.0295423 -0.023713
      endloop
   endfacet
   facet normal 6.12053e-17 0.999559 -0.029703
      outer loop
         vertex -0.0994 0.0302866 -0.01792
         vertex -0.0994 0.0301224 -0.020296
         vertex -0.1132 0.0301224 -0.020296
      endloop
   endfacet
   facet normal 0 0 -1
      outer loop
         vertex -0.114638 0.0317251 -0.01792
         vertex -0.0979621 0.0317251 -0.01792
         vertex -0.0994 0.0302866 -0.01792
      endloop
   endfacet
   facet normal 0 0 -1
      outer loop
         vertex -0.0994 0.0302866 -0.01792
         vertex -0.1132 0.0302866 -0.01792
         vertex -0.114638 0.0317251 -0.01792
      endloop
   endfacet
   facet normal 4.25926e-17 0.69559 -0.718439
      outer loop
         vertex -0.0972 0.0324997 -0.0171701
         vertex -0.0979621 0.0317251 -0.01792
         vertex -0.114638 0.0317251 -0.01792
      endloop
   endfacet
   facet normal 4.25926e-17 0.69559 -0.718439
      outer loop
         vertex -0.114638 0.0317251 -0.01792
         vertex -0.1154 0.0324997 -0.0171701
         vertex -0.0972 0.0324997 -0.0171701
      endloop
   endfacet
endsolid drive_wheel. Units = meters