solid idler_1. STL generated by ONSHAPE BY PTC INC, 1.218. Units = meters
   facet normal 1 -6.12323e-17 0
      outer loop
         vertex -0.0938 -0.0817595 -0.0919523
         vertex -0.0938 -0.0782405 -0.0919523
         vertex -0.0938 -0.08 -0.0716
      endloop
   endfacet
   facet normal 1 -6.12323e-17 0
      outer loop
         vertex -0.0938 -0.0647767 -0.0307859
         vertex -0.0938 -0.0743323 -0.0488095
         vertex -0.0938 -0.0732096 -0.049485
      endloop
   endfacet
   facet normal 1 -6.12323e-17 0
      outer loop
         vertex -0.0938 -0.0647767 -0.0307859
         vertex -0.0938 -0.0679705 -0.0293083
         vertex -0.0938 -0.0755213 -0.0482594
      endloop
   endfacet
   facet normal 1 -6.12323e-17 0
      outer loop
         vertex -0.0938 -0.0782405 -0.0270477
         vertex -0.0938 -0.0793449 -0.0474177
         vertex -0.0938 -0.0780424 -0.0475594
      endloop
   endfacet
   facet normal 1 -6.12323e-17 0
      outer loop
         vertex -0.0938 -0.0782405 -0.0270477
         vertex -0.0938 -0.0817595 -0.0270477
         vertex -0.0938 -0.0806551 -0.0474177
      endloop
   endfacet
   facet normal 1 -6.12323e-17 0
      outer loop
         vertex -0.0938 -0.0920295 -0.0293083
         vertex -0.0938 -0.0844787 -0.0482594
         vertex -0.0938 -0.0832371 -0.047841
      endloop
   endfacet
   facet normal 1 -6.12323e-17 0
      outer loop
         vertex -0.0938 -0.0920295 -0.0293083
         vertex -0.0938 -0.0952233 -0.0307859
         vertex -0.0938 -0.0856677 -0.0488095
      endloop
   endfacet
   facet normal 1 -6.12323e-17 0
      outer loop
         vertex -0.0938 -0.0852579 -0.0915719
         vertex -0.0938 -0.0817595 -0.0919523
         vertex -0.0938 -0.0806551 -0.0715823
      endloop
   endfacet
   facet normal 1 -6.12323e-17 0
      outer loop
         vertex -0.0938 -0.0782405 -0.0919523
         vertex -0.0938 -0.0793449 -0.0715823
         vertex -0.0938 -0.08 -0.0716
      endloop
   endfacet
   facet normal 1 -6.12323e-17 0
      outer loop
         vertex -0.0938 -0.0755213 -0.0482594
         vertex -0.0938 -0.0743323 -0.0488095
         vertex -0.0938 -0.0647767 -0.0307859
      endloop
   endfacet
   facet normal 1 -6.12323e-17 0
      outer loop
         vertex -0.0938 -0.0679705 -0.0293083
         vertex -0.0938 -0.0713053 -0.0281846
         vertex -0.0938 -0.0767629 -0.047841
      endloop
   endfacet
   facet normal 1 -6.12323e-17 0
      outer loop
         vertex -0.0938 -0.0806551 -0.0474177
         vertex -0.0938 -0.0793449 -0.0474177
         vertex -0.0938 -0.0782405 -0.0270477
      endloop
   endfacet
   facet normal 1 -6.12323e-17 0
      outer loop
         vertex -0.0938 -0.0852579 -0.0274281
         vertex -0.0938 -0.0819576 -0.0475594
         vertex -0.0938 -0.0806551 -0.0474177
      endloop
   endfacet
   facet normal 1 -6.12323e-17 0
      outer loop
         vertex -0.0938 -0.0886947 -0.0281846
         vertex -0.0938 -0.0832371 -0.047841
         vertex -0.0938 -0.0819576 -0.0475594
      endloop
   endfacet
   facet normal 1 -6.12323e-17 0
      outer loop
         vertex -0.0938 -0.0856677 -0.0488095
         vertex -0.0938 -0.0844787 -0.0482594
         vertex -0.0938 -0.0920295 -0.0293083
      endloop
   endfacet
   facet normal 1 -6.12323e-17 0
      outer loop
         vertex -0.0938 -0.08 -0.0716
         vertex -0.0938 -0.0806551 -0.0715823
         vertex -0.0938 -0.0817595 -0.0919523
      endloop
   endfacet
   facet normal 1 -6.12323e-17 0
      outer loop
         vertex -0.0938 -0.0747421 -0.0915719
         vertex -0.0938 -0.0780424 -0.0714406
         vertex -0.0938 -0.0793449 -0.0715823
      endloop
   endfacet
   facet normal 1 -6.12323e-17 0
      outer loop
         vertex -0.0938 -0.0589599 -0.0842703
         vertex -0.0938 -0.0721666 -0.0687222
         vertex -0.0938 -0.0732096 -0.069515
      endloop
   endfacet
   facet normal 1 -6.12323e-17 0
      outer loop
         vertex -0.0938 -0.0589599 -0.0842703
         vertex -0.0938 -0.0564051 -0.0818502
         vertex -0.0938 -0.0712155 -0.0678212
      endloop
   endfacet
   facet normal 1 -6.12323e-17 0
      outer loop
         vertex -0.0938 -0.0589599 -0.0347297
         vertex -0.0938 -0.0721666 -0.0502778
         vertex -0.0938 -0.0712155 -0.0511788
      endloop
   endfacet
   facet normal 1 -6.12323e-17 0
      outer loop
         vertex -0.0938 -0.0589599 -0.0347297
         vertex -0.0938 -0.0617614 -0.0326001
         vertex -0.0938 -0.0732096 -0.049485
      endloop
   endfacet
   facet normal 1 -6.12323e-17 0
      outer loop
         vertex -0.0938 -0.0767629 -0.047841
         vertex -0.0938 -0.0755213 -0.0482594
         vertex -0.0938 -0.0679705 -0.0293083
      endloop
   endfacet
   facet normal 1 -6.12323e-17 0
      outer loop
         vertex -0.0938 -0.0713053 -0.0281846
         vertex -0.0938 -0.0747421 -0.0274281
         vertex -0.0938 -0.0780424 -0.0475594
      endloop
   endfacet
   facet normal 1 -6.12323e-17 0
      outer loop
         vertex -0.0938 -0.0806551 -0.0474177
         vertex -0.0938 -0.0817595 -0.0270477
         vertex -0.0938 -0.0852579 -0.0274281
      endloop
   endfacet
   facet normal 1 -6.12323e-17 0
      outer loop
         vertex -0.0938 -0.0832371 -0.047841
         vertex -0.0938 -0.0886947 -0.0281846
         vertex -0.0938 -0.0920295 -0.0293083
      endloop
   endfacet
   facet normal 1 -6.12323e-17 0
      outer loop
         vertex -0.0938 -0.10104 -0.0347297
         vertex -0.0938 -0.0878334 -0.0502778
         vertex -0.0938 -0.0867904 -0.049485
      endloop
   endfacet
   facet normal 1 -6.12323e-17 0
      outer loop
         vertex -0.0938 -0.10104 -0.0347297
         vertex -0.0938 -0.103595 -0.0371498
         vertex -0.0938 -0.0887845 -0.0511788
      endloop
   endfacet
   facet normal 1 -6.12323e-17 0
      outer loop
         vertex -0.0938 -0.0886947 -0.0908154
         vertex -0.0938 -0.0832371 -0.071159
         vertex -0.0938 -0.0844787 -0.0707406
      endloop
   endfacet
   facet normal 1 -6.12323e-17 0
      outer loop
         vertex -0.0938 -0.0886947 -0.0908154
         vertex -0.0938 -0.0852579 -0.0915719
         vertex -0.0938 -0.0819576 -0.0714406
      endloop
   endfacet
   facet normal 1 -6.12323e-17 0
      outer loop
         vertex -0.0938 -0.0793449 -0.0715823
         vertex -0.0938 -0.0782405 -0.0919523
         vertex -0.0938 -0.0747421 -0.0915719
      endloop
   endfacet
   facet normal 1 -6.12323e-17 0
      outer loop
         vertex -0.0938 -0.0747421 -0.0915719
         vertex -0.0938 -0.0713053 -0.0908154
         vertex -0.0938 -0.0767629 -0.071159
      endloop
   endfacet
   facet normal 1 -6.12323e-17 0
      outer loop
         vertex -0.0938 -0.0647767 -0.0882141
         vertex -0.0938 -0.0743323 -0.0701905
         vertex -0.0938 -0.0755213 -0.0707406
      endloop
   endfacet
   facet normal 1 -6.12323e-17 0
      outer loop
         vertex -0.0938 -0.0647767 -0.0882141
         vertex -0.0938 -0.0617614 -0.0863999
         vertex -0.0938 -0.0732096 -0.069515
      endloop
   endfacet
   facet normal 1 -6.12323e-17 0
      outer loop
         vertex -0.0938 -0.0712155 -0.0678212
         vertex -0.0938 -0.0721666 -0.0687222
         vertex -0.0938 -0.0589599 -0.0842703
      endloop
   endfacet
   facet normal 1 -6.12323e-17 0
      outer loop
         vertex -0.0938 -0.0564051 -0.0818502
         vertex -0.0938 -0.054127 -0.0791682
         vertex -0.0938 -0.0703673 -0.0668226
      endloop
   endfacet
   facet normal 1 -6.12323e-17 0
      outer loop
         vertex -0.0938 -0.0521521 -0.0427445
         vertex -0.0938 -0.069632 -0.0532618
         vertex -0.0938 -0.0690183 -0.0544193
      endloop
   endfacet
   facet normal 1 -6.12323e-17 0
      outer loop
         vertex -0.0938 -0.0521521 -0.0427445
         vertex -0.0938 -0.054127 -0.0398318
         vertex -0.0938 -0.0703673 -0.0521774
      endloop
   endfacet
   facet normal 1 -6.12323e-17 0
      outer loop
         vertex -0.0938 -0.0564051 -0.0371498
         vertex -0.0938 -0.0712155 -0.0511788
         vertex -0.0938 -0.0703673 -0.0521774
      endloop
   endfacet
   facet normal 1 -6.12323e-17 0
      outer loop
         vertex -0.0938 -0.0732096 -0.049485
         vertex -0.0938 -0.0721666 -0.0502778
         vertex -0.0938 -0.0589599 -0.0347297
      endloop
   endfacet
   facet normal 1 -6.12323e-17 0
      outer loop
         vertex -0.0938 -0.0780424 -0.0475594
         vertex -0.0938 -0.0767629 -0.047841
         vertex -0.0938 -0.0713053 -0.0281846
      endloop
   endfacet
   facet normal 1 -6.12323e-17 0
      outer loop
         vertex -0.0938 -0.0819576 -0.0475594
         vertex -0.0938 -0.0852579 -0.0274281
         vertex -0.0938 -0.0886947 -0.0281846
      endloop
   endfacet
   facet normal 1 -6.12323e-17 0
      outer loop
         vertex -0.0938 -0.0952233 -0.0307859
         vertex -0.0938 -0.0982386 -0.0326001
         vertex -0.0938 -0.0867904 -0.049485
      endloop
   endfacet
   facet normal 1 -6.12323e-17 0
      outer loop
         vertex -0.0938 -0.0887845 -0.0511788
         vertex -0.0938 -0.0878334 -0.0502778
         vertex -0.0938 -0.10104 -0.0347297
      endloop
   endfacet
   facet normal 1 -6.12323e-17 0
      outer loop
         vertex -0.0938 -0.110799 -0.0491227
         vertex -0.0938 -0.0914666 -0.0556365
         vertex -0.0938 -0.0909817 -0.0544193
      endloop
   endfacet
   facet normal 1 -6.12323e-17 0
      outer loop
         vertex -0.0938 -0.110799 -0.0491227
         vertex -0.0938 -0.11174 -0.0525135
         vertex -0.0938 -0.0918171 -0.0568989
      endloop
   endfacet
   facet normal 1 -6.12323e-17 0
      outer loop
         vertex -0.0938 -0.10104 -0.0842703
         vertex -0.0938 -0.0878334 -0.0687222
         vertex -0.0938 -0.0887845 -0.0678212
      endloop
   endfacet
   facet normal 1 -6.12323e-17 0
      outer loop
         vertex -0.0938 -0.10104 -0.0842703
         vertex -0.0938 -0.0982386 -0.0863999
         vertex -0.0938 -0.0867904 -0.069515
      endloop
   endfacet
   facet normal 1 -6.12323e-17 0
      outer loop
         vertex -0.0938 -0.0982386 -0.0863999
         vertex -0.0938 -0.0952233 -0.0882141
         vertex -0.0938 -0.0856677 -0.0701905
      endloop
   endfacet
   facet normal 1 -6.12323e-17 0
      outer loop
         vertex -0.0938 -0.0952233 -0.0882141
         vertex -0.0938 -0.0920295 -0.0896917
         vertex -0.0938 -0.0844787 -0.0707406
      endloop
   endfacet
   facet normal 1 -6.12323e-17 0
      outer loop
         vertex -0.0938 -0.0819576 -0.0714406
         vertex -0.0938 -0.0832371 -0.071159
         vertex -0.0938 -0.0886947 -0.0908154
      endloop
   endfacet
   facet normal 1 -6.12323e-17 0
      outer loop
         vertex -0.0938 -0.0767629 -0.071159
         vertex -0.0938 -0.0780424 -0.0714406
         vertex -0.0938 -0.0747421 -0.0915719
      endloop
   endfacet
   facet normal 1 -6.12323e-17 0
      outer loop
         vertex -0.0938 -0.0732096 -0.069515
         vertex -0.0938 -0.0743323 -0.0701905
         vertex -0.0938 -0.0647767 -0.0882141
      endloop
   endfacet
   facet normal 1 -6.12323e-17 0
      outer loop
         vertex -0.0938 -0.0703673 -0.0668226
         vertex -0.0938 -0.0712155 -0.0678212
         vertex -0.0938 -0.0564051 -0.0818502
      endloop
   endfacet
   facet normal 1 -6.12323e-17 0
      outer loop
         vertex -0.0938 -0.0521521 -0.0762555
         vertex -0.0938 -0.069632 -0.0657382
         vertex -0.0938 -0.0703673 -0.0668226
      endloop
   endfacet
   facet normal 1 -6.12323e-17 0
      outer loop
         vertex -0.0938 -0.0521521 -0.0762555
         vertex -0.0938 -0.0505038 -0.0731464
         vertex -0.0938 -0.0690183 -0.0645807
      endloop
   endfacet
   facet normal 1 -6.12323e-17 0
      outer loop
         vertex -0.0938 -0.0492013 -0.0698773
         vertex -0.0938 -0.0482598 -0.0664865
         vertex -0.0938 -0.0681829 -0.0621011
      endloop
   endfacet
   facet normal 1 -6.12323e-17 0
      outer loop
         vertex -0.0938 -0.0482598 -0.0664865
         vertex -0.0938 -0.0476905 -0.0630139
         vertex -0.0938 -0.0679709 -0.0608082
      endloop
   endfacet
   facet normal 1 -6.12323e-17 0
      outer loop
         vertex -0.0938 -0.0482598 -0.0525135
         vertex -0.0938 -0.0681829 -0.0568989
         vertex -0.0938 -0.0679709 -0.0581918
      endloop
   endfacet
   facet normal 1 -6.12323e-17 0
      outer loop
         vertex -0.0938 -0.0492013 -0.0491227
         vertex -0.0938 -0.0685334 -0.0556365
         vertex -0.0938 -0.0681829 -0.0568989
      endloop
   endfacet
   facet normal 1 -6.12323e-17 0
      outer loop
         vertex -0.0938 -0.0703673 -0.0521774
         vertex -0.0938 -0.069632 -0.0532618
         vertex -0.0938 -0.0521521 -0.0427445
      endloop
   endfacet
   facet normal 1 -6.12323e-17 0
      outer loop
         vertex -0.0938 -0.0712155 -0.0511788
         vertex -0.0938 -0.0564051 -0.0371498
         vertex -0.0938 -0.0589599 -0.0347297
      endloop
   endfacet
   facet normal 1 -6.12323e-17 0
      outer loop
         vertex -0.0938 -0.0780424 -0.0475594
         vertex -0.0938 -0.0747421 -0.0274281
         vertex -0.0938 -0.0782405 -0.0270477
      endloop
   endfacet
   facet normal 1 -6.12323e-17 0
      outer loop
         vertex -0.0938 -0.0867904 -0.049485
         vertex -0.0938 -0.0982386 -0.0326001
         vertex -0.0938 -0.10104 -0.0347297
      endloop
   endfacet
   facet normal 1 -6.12323e-17 0
      outer loop
         vertex -0.0938 -0.0918171 -0.0568989
         vertex -0.0938 -0.0914666 -0.0556365
         vertex -0.0938 -0.110799 -0.0491227
      endloop
   endfacet
   facet normal 1 -6.12323e-17 0
      outer loop
         vertex -0.0938 -0.11174 -0.0525135
         vertex -0.0938 -0.112309 -0.0559861
         vertex -0.0938 -0.0920291 -0.0581918
      endloop
   endfacet
   facet normal 1 -6.12323e-17 0
      outer loop
         vertex -0.0938 -0.11174 -0.0664865
         vertex -0.0938 -0.0918171 -0.0621011
         vertex -0.0938 -0.0920291 -0.0608082
      endloop
   endfacet
   facet normal 1 -6.12323e-17 0
      outer loop
         vertex -0.0938 -0.110799 -0.0698773
         vertex -0.0938 -0.0914666 -0.0633635
         vertex -0.0938 -0.0918171 -0.0621011
      endloop
   endfacet
   facet normal 1 -6.12323e-17 0
      outer loop
         vertex -0.0938 -0.105873 -0.0791682
         vertex -0.0938 -0.0896327 -0.0668226
         vertex -0.0938 -0.090368 -0.0657382
      endloop
   endfacet
   facet normal 1 -6.12323e-17 0
      outer loop
         vertex -0.0938 -0.105873 -0.0791682
         vertex -0.0938 -0.103595 -0.0818502
         vertex -0.0938 -0.0887845 -0.0678212
      endloop
   endfacet
   facet normal 1 -6.12323e-17 0
      outer loop
         vertex -0.0938 -0.0867904 -0.069515
         vertex -0.0938 -0.0878334 -0.0687222
         vertex -0.0938 -0.10104 -0.0842703
      endloop
   endfacet
   facet normal 1 -6.12323e-17 0
      outer loop
         vertex -0.0938 -0.0844787 -0.0707406
         vertex -0.0938 -0.0856677 -0.0701905
         vertex -0.0938 -0.0952233 -0.0882141
      endloop
   endfacet
   facet normal 1 -6.12323e-17 0
      outer loop
         vertex -0.0938 -0.0806551 -0.0715823
         vertex -0.0938 -0.0819576 -0.0714406
         vertex -0.0938 -0.0852579 -0.0915719
      endloop
   endfacet
   facet normal 1 -6.12323e-17 0
      outer loop
         vertex -0.0938 -0.0679705 -0.0896917
         vertex -0.0938 -0.0755213 -0.0707406
         vertex -0.0938 -0.0767629 -0.071159
      endloop
   endfacet
   facet normal 1 -6.12323e-17 0
      outer loop
         vertex -0.0938 -0.0732096 -0.069515
         vertex -0.0938 -0.0617614 -0.0863999
         vertex -0.0938 -0.0589599 -0.0842703
      endloop
   endfacet
   facet normal 1 -6.12323e-17 0
      outer loop
         vertex -0.0938 -0.0690183 -0.0645807
         vertex -0.0938 -0.069632 -0.0657382
         vertex -0.0938 -0.0521521 -0.0762555
      endloop
   endfacet
   facet normal 1 -6.12323e-17 0
      outer loop
         vertex -0.0938 -0.0492013 -0.0698773
         vertex -0.0938 -0.0685334 -0.0633635
         vertex -0.0938 -0.0690183 -0.0645807
      endloop
   endfacet
   facet normal 1 -6.12323e-17 0
      outer loop
         vertex -0.0938 -0.0679709 -0.0608082
         vertex -0.0938 -0.0681829 -0.0621011
         vertex -0.0938 -0.0482598 -0.0664865
      endloop
   endfacet
   facet normal 1 -6.12323e-17 0
      outer loop
         vertex -0.0938 -0.0681829 -0.0568989
         vertex -0.0938 -0.0482598 -0.0525135
         vertex -0.0938 -0.0492013 -0.0491227
      endloop
   endfacet
   facet normal 1 -6.12323e-17 0
      outer loop
         vertex -0.0938 -0.0492013 -0.0491227
         vertex -0.0938 -0.0505038 -0.0458536
         vertex -0.0938 -0.0690183 -0.0544193
      endloop
   endfacet
   facet normal 1 -6.12323e-17 0
      outer loop
         vertex -0.0938 -0.0703673 -0.0521774
         vertex -0.0938 -0.054127 -0.0398318
         vertex -0.0938 -0.0564051 -0.0371498
      endloop
   endfacet
   facet normal 1 -6.12323e-17 0
      outer loop
         vertex -0.0938 -0.0867904 -0.049485
         vertex -0.0938 -0.0856677 -0.0488095
         vertex -0.0938 -0.0952233 -0.0307859
      endloop
   endfacet
   facet normal 1 -6.12323e-17 0
      outer loop
         vertex -0.0938 -0.105873 -0.0398318
         vertex -0.0938 -0.0896327 -0.0521774
         vertex -0.0938 -0.0887845 -0.0511788
      endloop
   endfacet
   facet normal 1 -6.12323e-17 0
      outer loop
         vertex -0.0938 -0.105873 -0.0398318
         vertex -0.0938 -0.107848 -0.0427445
         vertex -0.0938 -0.090368 -0.0532618
      endloop
   endfacet
   facet normal 1 -6.12323e-17 0
      outer loop
         vertex -0.0938 -0.109496 -0.0458536
         vertex -0.0938 -0.0909817 -0.0544193
         vertex -0.0938 -0.090368 -0.0532618
      endloop
   endfacet
   facet normal 1 -6.12323e-17 0
      outer loop
         vertex -0.0938 -0.0920291 -0.0581918
         vertex -0.0938 -0.0918171 -0.0568989
         vertex -0.0938 -0.11174 -0.0525135
      endloop
   endfacet
   facet normal 1 -6.12323e-17 0
      outer loop
         vertex -0.0938 -0.0918171 -0.0621011
         vertex -0.0938 -0.11174 -0.0664865
         vertex -0.0938 -0.110799 -0.0698773
      endloop
   endfacet
   facet normal 1 -6.12323e-17 0
      outer loop
         vertex -0.0938 -0.110799 -0.0698773
         vertex -0.0938 -0.109496 -0.0731464
         vertex -0.0938 -0.0909817 -0.0645807
      endloop
   endfacet
   facet normal 1 -6.12323e-17 0
      outer loop
         vertex -0.0938 -0.107848 -0.0762555
         vertex -0.0938 -0.090368 -0.0657382
         vertex -0.0938 -0.0909817 -0.0645807
      endloop
   endfacet
   facet normal 1 -6.12323e-17 0
      outer loop
         vertex -0.0938 -0.0887845 -0.0678212
         vertex -0.0938 -0.0896327 -0.0668226
         vertex -0.0938 -0.105873 -0.0791682
      endloop
   endfacet
   facet normal 1 -6.12323e-17 0
      outer loop
         vertex -0.0938 -0.0856677 -0.0701905
         vertex -0.0938 -0.0867904 -0.069515
         vertex -0.0938 -0.0982386 -0.0863999
      endloop
   endfacet
   facet normal 1 -6.12323e-17 0
      outer loop
         vertex -0.0938 -0.0767629 -0.071159
         vertex -0.0938 -0.0713053 -0.0908154
         vertex -0.0938 -0.0679705 -0.0896917
      endloop
   endfacet
   facet normal 1 -6.12323e-17 0
      outer loop
         vertex -0.0938 -0.0703673 -0.0668226
         vertex -0.0938 -0.054127 -0.0791682
         vertex -0.0938 -0.0521521 -0.0762555
      endloop
   endfacet
   facet normal 1 -6.12323e-17 0
      outer loop
         vertex -0.0938 -0.0681829 -0.0621011
         vertex -0.0938 -0.0685334 -0.0633635
         vertex -0.0938 -0.0492013 -0.0698773
      endloop
   endfacet
   facet normal 1 -6.12323e-17 0
      outer loop
         vertex -0.0938 -0.0690183 -0.0544193
         vertex -0.0938 -0.0685334 -0.0556365
         vertex -0.0938 -0.0492013 -0.0491227
      endloop
   endfacet
   facet normal 1 -6.12323e-17 0
      outer loop
         vertex -0.0938 -0.0732096 -0.049485
         vertex -0.0938 -0.0617614 -0.0326001
         vertex -0.0938 -0.0647767 -0.0307859
      endloop
   endfacet
   facet normal 1 -6.12323e-17 0
      outer loop
         vertex -0.0938 -0.090368 -0.0532618
         vertex -0.0938 -0.0896327 -0.0521774
         vertex -0.0938 -0.105873 -0.0398318
      endloop
   endfacet
   facet normal 1 -6.12323e-17 0
      outer loop
         vertex -0.0938 -0.0909817 -0.0544193
         vertex -0.0938 -0.109496 -0.0458536
         vertex -0.0938 -0.110799 -0.0491227
      endloop
   endfacet
   facet normal 1 -6.12323e-17 0
      outer loop
         vertex -0.0938 -0.0909817 -0.0645807
         vertex -0.0938 -0.0914666 -0.0633635
         vertex -0.0938 -0.110799 -0.0698773
      endloop
   endfacet
   facet normal 1 -6.12323e-17 0
      outer loop
         vertex -0.0938 -0.090368 -0.0657382
         vertex -0.0938 -0.107848 -0.0762555
         vertex -0.0938 -0.105873 -0.0791682
      endloop
   endfacet
   facet normal 1 -6.12323e-17 0
      outer loop
         vertex -0.0938 -0.0844787 -0.0707406
         vertex -0.0938 -0.0920295 -0.0896917
         vertex -0.0938 -0.0886947 -0.0908154
      endloop
   endfacet
   facet normal 1 -6.12323e-17 0
      outer loop
         vertex -0.0938 -0.0690183 -0.0645807
         vertex -0.0938 -0.0505038 -0.0731464
         vertex -0.0938 -0.0492013 -0.0698773
      endloop
   endfacet
   facet normal 1 -6.12323e-17 0
      outer loop
         vertex -0.0938 -0.0690183 -0.0544193
         vertex -0.0938 -0.0505038 -0.0458536
         vertex -0.0938 -0.0521521 -0.0427445
      endloop
   endfacet
   facet normal 1 -6.12323e-17 0
      outer loop
         vertex -0.0938 -0.090368 -0.0532618
         vertex -0.0938 -0.107848 -0.0427445
         vertex -0.0938 -0.109496 -0.0458536
      endloop
   endfacet
   facet normal 1 -6.12323e-17 0
      outer loop
         vertex -0.0938 -0.1125 -0.0595
         vertex -0.0938 -0.0921 -0.0595
         vertex -0.0938 -0.0920291 -0.0581918
      endloop
   endfacet
   facet normal 1 -6.12323e-17 0
      outer loop
         vertex -0.0938 -0.1125 -0.0595
         vertex -0.0938 -0.112309 -0.0630139
         vertex -0.0938 -0.0920291 -0.0608082
      endloop
   endfacet
   facet normal 1 -6.12323e-17 0
      outer loop
         vertex -0.0938 -0.0909817 -0.0645807
         vertex -0.0938 -0.109496 -0.0731464
         vertex -0.0938 -0.107848 -0.0762555
      endloop
   endfacet
   facet normal 1 -6.12323e-17 0
      outer loop
         vertex -0.0938 -0.0755213 -0.0707406
         vertex -0.0938 -0.0679705 -0.0896917
         vertex -0.0938 -0.0647767 -0.0882141
      endloop
   endfacet
   facet normal 1 -6.12323e-17 0
      outer loop
         vertex -0.0938 -0.0887845 -0.0511788
         vertex -0.0938 -0.103595 -0.0371498
         vertex -0.0938 -0.105873 -0.0398318
      endloop
   endfacet
   facet normal 1 -6.12323e-17 0
      outer loop
         vertex -0.0938 -0.0920291 -0.0608082
         vertex -0.0938 -0.0921 -0.0595
         vertex -0.0938 -0.1125 -0.0595
      endloop
   endfacet
   facet normal 1 -6.12323e-17 0
      outer loop
         vertex -0.0938 -0.0887845 -0.0678212
         vertex -0.0938 -0.103595 -0.0818502
         vertex -0.0938 -0.10104 -0.0842703
      endloop
   endfacet
   facet normal 1 -6.12323e-17 0
      outer loop
         vertex -0.0938 -0.0475 -0.0595
         vertex -0.0938 -0.0679 -0.0595
         vertex -0.0938 -0.0679709 -0.0608082
      endloop
   endfacet
   facet normal 1 -6.12323e-17 0
      outer loop
         vertex -0.0938 -0.0920291 -0.0581918
         vertex -0.0938 -0.112309 -0.0559861
         vertex -0.0938 -0.1125 -0.0595
      endloop
   endfacet
   facet normal 1 -6.12323e-17 0
      outer loop
         vertex -0.0938 -0.0679709 -0.0608082
         vertex -0.0938 -0.0476905 -0.0630139
         vertex -0.0938 -0.0475 -0.0595
      endloop
   endfacet
   facet normal 1 -6.12323e-17 0
      outer loop
         vertex -0.0938 -0.0475 -0.0595
         vertex -0.0938 -0.0476905 -0.0559861
         vertex -0.0938 -0.0679709 -0.0581918
      endloop
   endfacet
   facet normal 1 -6.12323e-17 0
      outer loop
         vertex -0.0938 -0.0920291 -0.0608082
         vertex -0.0938 -0.112309 -0.0630139
         vertex -0.0938 -0.11174 -0.0664865
      endloop
   endfacet
   facet normal 1 -6.12323e-17 0
      outer loop
         vertex -0.0938 -0.0679709 -0.0581918
         vertex -0.0938 -0.0476905 -0.0559861
         vertex -0.0938 -0.0482598 -0.0525135
      endloop
   endfacet
   facet normal 1 -6.12323e-17 0
      outer loop
         vertex -0.0938 -0.0679709 -0.0581918
         vertex -0.0938 -0.0679 -0.0595
         vertex -0.0938 -0.0475 -0.0595
      endloop
   endfacet
   facet normal 0.707107 0 0.707107
      outer loop
         vertex -0.0938 -0.08 -0.0716
         vertex -0.0938 -0.0793449 -0.0715823
         vertex -0.0948 -0.0793991 -0.0705837
      endloop
   endfacet
   facet normal 0.707107 -0.038282 0.70607
      outer loop
         vertex -0.0938 -0.0793449 -0.0715823
         vertex -0.0938 -0.0780424 -0.0714406
         vertex -0.0948 -0.0782042 -0.0704538
      endloop
   endfacet
   facet normal 0.707107 -0.114397 0.697792
      outer loop
         vertex -0.0938 -0.0780424 -0.0714406
         vertex -0.0938 -0.0767629 -0.071159
         vertex -0.0948 -0.0770304 -0.0701954
      endloop
   endfacet
   facet normal 0.707107 -0.189171 0.681333
      outer loop
         vertex -0.0938 -0.0767629 -0.071159
         vertex -0.0938 -0.0755213 -0.0707406
         vertex -0.0948 -0.0758915 -0.0698116
      endloop
   endfacet
   facet normal 0.707107 -0.261727 0.656886
      outer loop
         vertex -0.0938 -0.0755213 -0.0707406
         vertex -0.0938 -0.0743323 -0.0701905
         vertex -0.0948 -0.0748007 -0.069307
      endloop
   endfacet
   facet normal 0.707107 -0.331215 0.624737
      outer loop
         vertex -0.0938 -0.0743323 -0.0701905
         vertex -0.0938 -0.0732096 -0.069515
         vertex -0.0948 -0.0737708 -0.0686873
      endloop
   endfacet
   facet normal 0.707107 -0.396819 0.585265
      outer loop
         vertex -0.0938 -0.0732096 -0.069515
         vertex -0.0938 -0.0721666 -0.0687222
         vertex -0.0948 -0.072814 -0.06796
      endloop
   endfacet
   facet normal 0.707107 -0.457771 0.53893
      outer loop
         vertex -0.0938 -0.0721666 -0.0687222
         vertex -0.0938 -0.0712155 -0.0678212
         vertex -0.0948 -0.0719415 -0.0671335
      endloop
   endfacet
   facet normal 0.707107 -0.513356 0.486277
      outer loop
         vertex -0.0938 -0.0712155 -0.0678212
         vertex -0.0938 -0.0703673 -0.0668226
         vertex -0.0948 -0.0711634 -0.0662174
      endloop
   endfacet
   facet normal 0.707107 -0.562923 0.427923
      outer loop
         vertex -0.0938 -0.0703673 -0.0668226
         vertex -0.0938 -0.069632 -0.0657382
         vertex -0.0948 -0.0704889 -0.0652226
      endloop
   endfacet
   facet normal 0.707107 -0.60589 0.364552
      outer loop
         vertex -0.0938 -0.069632 -0.0657382
         vertex -0.0938 -0.0690183 -0.0645807
         vertex -0.0948 -0.0699259 -0.0641608
      endloop
   endfacet
   facet normal 0.707107 -0.641753 0.296906
      outer loop
         vertex -0.0938 -0.0690183 -0.0645807
         vertex -0.0938 -0.0685334 -0.0633635
         vertex -0.0948 -0.069481 -0.0630442
      endloop
   endfacet
   facet normal 0.707107 -0.670092 0.22578
      outer loop
         vertex -0.0938 -0.0685334 -0.0633635
         vertex -0.0938 -0.0681829 -0.0621011
         vertex -0.0948 -0.0691595 -0.0618862
      endloop
   endfacet
   facet normal 0.707107 -0.690575 0.152007
      outer loop
         vertex -0.0938 -0.0681829 -0.0621011
         vertex -0.0938 -0.0679709 -0.0608082
         vertex -0.0948 -0.0689651 -0.0607001
      endloop
   endfacet
   facet normal 0.707107 -0.702962 0.0764517
      outer loop
         vertex -0.0938 -0.0679709 -0.0608082
         vertex -0.0938 -0.0679 -0.0595
         vertex -0.0948 -0.0689 -0.0595
      endloop
   endfacet
   facet normal 0.707107 -0.707107 4.32978e-17
      outer loop
         vertex -0.0938 -0.0679 -0.0595
         vertex -0.0938 -0.0679709 -0.0581918
         vertex -0.0948 -0.0689651 -0.0582999
      endloop
   endfacet
   facet normal 0.707107 -0.702962 -0.0764517
      outer loop
         vertex -0.0938 -0.0679709 -0.0581918
         vertex -0.0938 -0.0681829 -0.0568989
         vertex -0.0948 -0.0691595 -0.0571138
      endloop
   endfacet
   facet normal 0.707107 -0.690575 -0.152007
      outer loop
         vertex -0.0938 -0.0681829 -0.0568989
         vertex -0.0938 -0.0685334 -0.0556365
         vertex -0.0948 -0.069481 -0.0559558
      endloop
   endfacet
   facet normal 0.707107 -0.670092 -0.22578
      outer loop
         vertex -0.0938 -0.0685334 -0.0556365
         vertex -0.0938 -0.0690183 -0.0544193
         vertex -0.0948 -0.0699259 -0.0548392
      endloop
   endfacet
   facet normal 0.707107 -0.641753 -0.296906
      outer loop
         vertex -0.0938 -0.0690183 -0.0544193
         vertex -0.0938 -0.069632 -0.0532618
         vertex -0.0948 -0.0704889 -0.0537774
      endloop
   endfacet
   facet normal 0.707107 -0.60589 -0.364552
      outer loop
         vertex -0.0938 -0.069632 -0.0532618
         vertex -0.0938 -0.0703673 -0.0521774
         vertex -0.0948 -0.0711634 -0.0527826
      endloop
   endfacet
   facet normal 0.707107 -0.562923 -0.427923
      outer loop
         vertex -0.0938 -0.0703673 -0.0521774
         vertex -0.0938 -0.0712155 -0.0511788
         vertex -0.0948 -0.0719415 -0.0518665
      endloop
   endfacet
   facet normal 0.707107 -0.513356 -0.486277
      outer loop
         vertex -0.0938 -0.0712155 -0.0511788
         vertex -0.0938 -0.0721666 -0.0502778
         vertex -0.0948 -0.072814 -0.05104
      endloop
   endfacet
   facet normal 0.707107 -0.457771 -0.53893
      outer loop
         vertex -0.0938 -0.0721666 -0.0502778
         vertex -0.0938 -0.0732096 -0.049485
         vertex -0.0948 -0.0737708 -0.0503127
      endloop
   endfacet
   facet normal 0.707107 -0.396819 -0.585265
      outer loop
         vertex -0.0938 -0.0732096 -0.049485
         vertex -0.0938 -0.0743323 -0.0488095
         vertex -0.0948 -0.0748007 -0.049693
      endloop
   endfacet
   facet normal 0.707107 -0.331215 -0.624737
      outer loop
         vertex -0.0938 -0.0743323 -0.0488095
         vertex -0.0938 -0.0755213 -0.0482594
         vertex -0.0948 -0.0758915 -0.0491884
      endloop
   endfacet
   facet normal 0.707107 -0.261727 -0.656886
      outer loop
         vertex -0.0938 -0.0755213 -0.0482594
         vertex -0.0938 -0.0767629 -0.047841
         vertex -0.0948 -0.0770304 -0.0488046
      endloop
   endfacet
   facet normal 0.707107 -0.189171 -0.681333
      outer loop
         vertex -0.0938 -0.0767629 -0.047841
         vertex -0.0938 -0.0780424 -0.0475594
         vertex -0.0948 -0.0782042 -0.0485462
      endloop
   endfacet
   facet normal 0.707107 -0.114397 -0.697792
      outer loop
         vertex -0.0938 -0.0780424 -0.0475594
         vertex -0.0938 -0.0793449 -0.0474177
         vertex -0.0948 -0.0793991 -0.0484163
      endloop
   endfacet
   facet normal 0.707107 0.038282 -0.70607
      outer loop
         vertex -0.0938 -0.0806551 -0.0474177
         vertex -0.0948 -0.0806009 -0.0484163
         vertex -0.0948 -0.08 -0.0484
      endloop
   endfacet
   facet normal 0.707107 -8.65956e-17 -0.707107
      outer loop
         vertex -0.0948 -0.08 -0.0484
         vertex -0.0938 -0.0793449 -0.0474177
         vertex -0.0938 -0.0806551 -0.0474177
      endloop
   endfacet
   facet normal 0.707107 0.038282 -0.70607
      outer loop
         vertex -0.0938 -0.0806551 -0.0474177
         vertex -0.0938 -0.0819576 -0.0475594
         vertex -0.0948 -0.0817958 -0.0485462
      endloop
   endfacet
   facet normal 0.707107 0.114397 -0.697792
      outer loop
         vertex -0.0938 -0.0819576 -0.0475594
         vertex -0.0938 -0.0832371 -0.047841
         vertex -0.0948 -0.0829696 -0.0488046
      endloop
   endfacet
   facet normal 0.707107 0.189171 -0.681333
      outer loop
         vertex -0.0938 -0.0832371 -0.047841
         vertex -0.0938 -0.0844787 -0.0482594
         vertex -0.0948 -0.0841085 -0.0491884
      endloop
   endfacet
   facet normal 0.707107 0.261727 -0.656886
      outer loop
         vertex -0.0938 -0.0844787 -0.0482594
         vertex -0.0938 -0.0856677 -0.0488095
         vertex -0.0948 -0.0851993 -0.049693
      endloop
   endfacet
   facet normal 0.707107 0.331215 -0.624737
      outer loop
         vertex -0.0938 -0.0856677 -0.0488095
         vertex -0.0938 -0.0867904 -0.049485
         vertex -0.0948 -0.0862292 -0.0503127
      endloop
   endfacet
   facet normal 0.707107 0.396819 -0.585265
      outer loop
         vertex -0.0938 -0.0867904 -0.049485
         vertex -0.0938 -0.0878334 -0.0502778
         vertex -0.0948 -0.087186 -0.05104
      endloop
   endfacet
   facet normal 0.707107 0.457771 -0.53893
      outer loop
         vertex -0.0938 -0.0878334 -0.0502778
         vertex -0.0938 -0.0887845 -0.0511788
         vertex -0.0948 -0.0880585 -0.0518665
      endloop
   endfacet
   facet normal 0.707107 0.513356 -0.486277
      outer loop
         vertex -0.0938 -0.0887845 -0.0511788
         vertex -0.0938 -0.0896327 -0.0521774
         vertex -0.0948 -0.0888366 -0.0527826
      endloop
   endfacet
   facet normal 0.707107 0.562923 -0.427923
      outer loop
         vertex -0.0938 -0.0896327 -0.0521774
         vertex -0.0938 -0.090368 -0.0532618
         vertex -0.0948 -0.0895111 -0.0537774
      endloop
   endfacet
   facet normal 0.707107 0.60589 -0.364552
      outer loop
         vertex -0.0938 -0.090368 -0.0532618
         vertex -0.0938 -0.0909817 -0.0544193
         vertex -0.0948 -0.0900741 -0.0548392
      endloop
   endfacet
   facet normal 0.707107 0.641753 -0.296906
      outer loop
         vertex -0.0938 -0.0909817 -0.0544193
         vertex -0.0938 -0.0914666 -0.0556365
         vertex -0.0948 -0.090519 -0.0559558
      endloop
   endfacet
   facet normal 0.707107 0.670092 -0.22578
      outer loop
         vertex -0.0938 -0.0914666 -0.0556365
         vertex -0.0938 -0.0918171 -0.0568989
         vertex -0.0948 -0.0908405 -0.0571138
      endloop
   endfacet
   facet normal 0.707107 0.690575 -0.152007
      outer loop
         vertex -0.0938 -0.0918171 -0.0568989
         vertex -0.0938 -0.0920291 -0.0581918
         vertex -0.0948 -0.0910349 -0.0582999
      endloop
   endfacet
   facet normal 0.707107 0.702962 -0.0764517
      outer loop
         vertex -0.0938 -0.0920291 -0.0581918
         vertex -0.0938 -0.0921 -0.0595
         vertex -0.0948 -0.0911 -0.0595
      endloop
   endfacet
   facet normal 0.707107 0.707107 -1.29893e-16
      outer loop
         vertex -0.0938 -0.0921 -0.0595
         vertex -0.0938 -0.0920291 -0.0608082
         vertex -0.0948 -0.0910349 -0.0607001
      endloop
   endfacet
   facet normal 0.707107 0.702962 0.0764517
      outer loop
         vertex -0.0938 -0.0920291 -0.0608082
         vertex -0.0938 -0.0918171 -0.0621011
         vertex -0.0948 -0.0908405 -0.0618862
      endloop
   endfacet
   facet normal 0.707107 0.690575 0.152007
      outer loop
         vertex -0.0938 -0.0918171 -0.0621011
         vertex -0.0938 -0.0914666 -0.0633635
         vertex -0.0948 -0.090519 -0.0630442
      endloop
   endfacet
   facet normal 0.707107 0.670092 0.22578
      outer loop
         vertex -0.0938 -0.0914666 -0.0633635
         vertex -0.0938 -0.0909817 -0.0645807
         vertex -0.0948 -0.0900741 -0.0641608
      endloop
   endfacet
   facet normal 0.707107 0.641753 0.296906
      outer loop
         vertex -0.0938 -0.0909817 -0.0645807
         vertex -0.0938 -0.090368 -0.0657382
         vertex -0.0948 -0.0895111 -0.0652226
      endloop
   endfacet
   facet normal 0.707107 0.60589 0.364552
      outer loop
         vertex -0.0938 -0.090368 -0.0657382
         vertex -0.0938 -0.0896327 -0.0668226
         vertex -0.0948 -0.0888366 -0.0662174
      endloop
   endfacet
   facet normal 0.707107 0.562923 0.427923
      outer loop
         vertex -0.0938 -0.0896327 -0.0668226
         vertex -0.0938 -0.0887845 -0.0678212
         vertex -0.0948 -0.0880585 -0.0671335
      endloop
   endfacet
   facet normal 0.707107 0.513356 0.486277
      outer loop
         vertex -0.0938 -0.0887845 -0.0678212
         vertex -0.0938 -0.0878334 -0.0687222
         vertex -0.0948 -0.087186 -0.06796
      endloop
   endfacet
   facet normal 0.707107 0.457771 0.53893
      outer loop
         vertex -0.0938 -0.0878334 -0.0687222
         vertex -0.0938 -0.0867904 -0.069515
         vertex -0.0948 -0.0862292 -0.0686873
      endloop
   endfacet
   facet normal 0.707107 0.396819 0.585265
      outer loop
         vertex -0.0938 -0.0867904 -0.069515
         vertex -0.0938 -0.0856677 -0.0701905
         vertex -0.0948 -0.0851993 -0.069307
      endloop
   endfacet
   facet normal 0.707107 0.331215 0.624737
      outer loop
         vertex -0.0938 -0.0856677 -0.0701905
         vertex -0.0938 -0.0844787 -0.0707406
         vertex -0.0948 -0.0841085 -0.0698116
      endloop
   endfacet
   facet normal 0.707107 0.261727 0.656886
      outer loop
         vertex -0.0938 -0.0844787 -0.0707406
         vertex -0.0938 -0.0832371 -0.071159
         vertex -0.0948 -0.0829696 -0.0701954
      endloop
   endfacet
   facet normal 0.707107 0.189171 0.681333
      outer loop
         vertex -0.0938 -0.0832371 -0.071159
         vertex -0.0938 -0.0819576 -0.0714406
         vertex -0.0948 -0.0817958 -0.0704538
      endloop
   endfacet
   facet normal 0.707107 0.114397 0.697792
      outer loop
         vertex -0.0938 -0.0819576 -0.0714406
         vertex -0.0938 -0.0806551 -0.0715823
         vertex -0.0948 -0.0806009 -0.0705837
      endloop
   endfacet
   facet normal 0.707107 0.038282 0.70607
      outer loop
         vertex -0.0938 -0.0806551 -0.0715823
         vertex -0.0938 -0.08 -0.0716
         vertex -0.0948 -0.08 -0.0706
      endloop
   endfacet
   facet normal 0.707107 0 0.707107
      outer loop
         vertex -0.0948 -0.08 -0.0706
         vertex -0.0948 -0.0806009 -0.0705837
         vertex -0.0938 -0.0806551 -0.0715823
      endloop
   endfacet
   facet normal 0.707107 0.038282 0.70607
      outer loop
         vertex -0.0948 -0.0806009 -0.0705837
         vertex -0.0948 -0.0817958 -0.0704538
         vertex -0.0938 -0.0819576 -0.0714406
      endloop
   endfacet
   facet normal 0.707107 0.114397 0.697792
      outer loop
         vertex -0.0948 -0.0817958 -0.0704538
         vertex -0.0948 -0.0829696 -0.0701954
         vertex -0.0938 -0.0832371 -0.071159
      endloop
   endfacet
   facet normal 0.707107 0.189171 0.681333
      outer loop
         vertex -0.0948 -0.0829696 -0.0701954
         vertex -0.0948 -0.0841085 -0.0698116
         vertex -0.0938 -0.0844787 -0.0707406
      endloop
   endfacet
   facet normal 0.707107 0.261727 0.656886
      outer loop
         vertex -0.0948 -0.0841085 -0.0698116
         vertex -0.0948 -0.0851993 -0.069307
         vertex -0.0938 -0.0856677 -0.0701905
      endloop
   endfacet
   facet normal 0.707107 0.331215 0.624737
      outer loop
         vertex -0.0948 -0.0851993 -0.069307
         vertex -0.0948 -0.0862292 -0.0686873
         vertex -0.0938 -0.0867904 -0.069515
      endloop
   endfacet
   facet normal 0.707107 0.396819 0.585265
      outer loop
         vertex -0.0948 -0.0862292 -0.0686873
         vertex -0.0948 -0.087186 -0.06796
         vertex -0.0938 -0.0878334 -0.0687222
      endloop
   endfacet
   facet normal 0.707107 0.457771 0.53893
      outer loop
         vertex -0.0948 -0.087186 -0.06796
         vertex -0.0948 -0.0880585 -0.0671335
         vertex -0.0938 -0.0887845 -0.0678212
      endloop
   endfacet
   facet normal 0.707107 0.513356 0.486277
      outer loop
         vertex -0.0948 -0.0880585 -0.0671335
         vertex -0.0948 -0.0888366 -0.0662174
         vertex -0.0938 -0.0896327 -0.0668226
      endloop
   endfacet
   facet normal 0.707107 0.562923 0.427923
      outer loop
         vertex -0.0948 -0.0888366 -0.0662174
         vertex -0.0948 -0.0895111 -0.0652226
         vertex -0.0938 -0.090368 -0.0657382
      endloop
   endfacet
   facet normal 0.707107 0.60589 0.364552
      outer loop
         vertex -0.0948 -0.0895111 -0.0652226
         vertex -0.0948 -0.0900741 -0.0641608
         vertex -0.0938 -0.0909817 -0.0645807
      endloop
   endfacet
   facet normal 0.707107 0.641753 0.296906
      outer loop
         vertex -0.0948 -0.0900741 -0.0641608
         vertex -0.0948 -0.090519 -0.0630442
         vertex -0.0938 -0.0914666 -0.0633635
      endloop
   endfacet
   facet normal 0.707107 0.670092 0.22578
      outer loop
         vertex -0.0948 -0.090519 -0.0630442
         vertex -0.0948 -0.0908405 -0.0618862
         vertex -0.0938 -0.0918171 -0.0621011
      endloop
   endfacet
   facet normal 0.707107 0.690575 0.152007
      outer loop
         vertex -0.0948 -0.0908405 -0.0618862
         vertex -0.0948 -0.0910349 -0.0607001
         vertex -0.0938 -0.0920291 -0.0608082
      endloop
   endfacet
   facet normal 0.707107 0.702962 0.0764517
      outer loop
         vertex -0.0948 -0.0910349 -0.0607001
         vertex -0.0948 -0.0911 -0.0595
         vertex -0.0938 -0.0921 -0.0595
      endloop
   endfacet
   facet normal 0.707107 0.707107 -1.29893e-16
      outer loop
         vertex -0.0948 -0.0911 -0.0595
         vertex -0.0948 -0.0910349 -0.0582999
         vertex -0.0938 -0.0920291 -0.0581918
      endloop
   endfacet
   facet normal 0.707107 0.702962 -0.0764517
      outer loop
         vertex -0.0948 -0.0910349 -0.0582999
         vertex -0.0948 -0.0908405 -0.0571138
         vertex -0.0938 -0.0918171 -0.0568989
      endloop
   endfacet
   facet normal 0.707107 0.690575 -0.152007
      outer loop
         vertex -0.0948 -0.0908405 -0.0571138
         vertex -0.0948 -0.090519 -0.0559558
         vertex -0.0938 -0.0914666 -0.0556365
      endloop
   endfacet
   facet normal 0.707107 0.670092 -0.22578
      outer loop
         vertex -0.0948 -0.090519 -0.0559558
         vertex -0.0948 -0.0900741 -0.0548392
         vertex -0.0938 -0.0909817 -0.0544193
      endloop
   endfacet
   facet normal 0.707107 0.641753 -0.296906
      outer loop
         vertex -0.0948 -0.0900741 -0.0548392
         vertex -0.0948 -0.0895111 -0.0537774
         vertex -0.0938 -0.090368 -0.0532618
      endloop
   endfacet
   facet normal 0.707107 0.60589 -0.364552
      outer loop
         vertex -0.0948 -0.0895111 -0.0537774
         vertex -0.0948 -0.0888366 -0.0527826
         vertex -0.0938 -0.0896327 -0.0521774
      endloop
   endfacet
   facet normal 0.707107 0.562923 -0.427923
      outer loop
         vertex -0.0948 -0.0888366 -0.0527826
         vertex -0.0948 -0.0880585 -0.0518665
         vertex -0.0938 -0.0887845 -0.0511788
      endloop
   endfacet
   facet normal 0.707107 0.513356 -0.486277
      outer loop
         vertex -0.0948 -0.0880585 -0.0518665
         vertex -0.0948 -0.087186 -0.05104
         vertex -0.0938 -0.0878334 -0.0502778
      endloop
   endfacet
   facet normal 0.707107 0.457771 -0.53893
      outer loop
         vertex -0.0948 -0.087186 -0.05104
         vertex -0.0948 -0.0862292 -0.0503127
         vertex -0.0938 -0.0867904 -0.049485
      endloop
   endfacet
   facet normal 0.707107 0.396819 -0.585265
      outer loop
         vertex -0.0948 -0.0862292 -0.0503127
         vertex -0.0948 -0.0851993 -0.049693
         vertex -0.0938 -0.0856677 -0.0488095
      endloop
   endfacet
   facet normal 0.707107 0.331215 -0.624737
      outer loop
         vertex -0.0948 -0.0851993 -0.049693
         vertex -0.0948 -0.0841085 -0.0491884
         vertex -0.0938 -0.0844787 -0.0482594
      endloop
   endfacet
   facet normal 0.707107 0.261727 -0.656886
      outer loop
         vertex -0.0948 -0.0841085 -0.0491884
         vertex -0.0948 -0.0829696 -0.0488046
         vertex -0.0938 -0.0832371 -0.047841
      endloop
   endfacet
   facet normal 0.707107 0.189171 -0.681333
      outer loop
         vertex -0.0948 -0.0829696 -0.0488046
         vertex -0.0948 -0.0817958 -0.0485462
         vertex -0.0938 -0.0819576 -0.0475594
      endloop
   endfacet
   facet normal 0.707107 0.114397 -0.697792
      outer loop
         vertex -0.0948 -0.0817958 -0.0485462
         vertex -0.0948 -0.0806009 -0.0484163
         vertex -0.0938 -0.0806551 -0.0474177
      endloop
   endfacet
   facet normal 0.707107 -8.65956e-17 -0.707107
      outer loop
         vertex -0.0948 -0.08 -0.0484
         vertex -0.0948 -0.0793991 -0.0484163
         vertex -0.0938 -0.0793449 -0.0474177
      endloop
   endfacet
   facet normal 0.707107 -0.038282 -0.70607
      outer loop
         vertex -0.0948 -0.0793991 -0.0484163
         vertex -0.0948 -0.0782042 -0.0485462
         vertex -0.0938 -0.0780424 -0.0475594
      endloop
   endfacet
   facet normal 0.707107 -0.114397 -0.697792
      outer loop
         vertex -0.0948 -0.0782042 -0.0485462
         vertex -0.0948 -0.0770304 -0.0488046
         vertex -0.0938 -0.0767629 -0.047841
      endloop
   endfacet
   facet normal 0.707107 -0.189171 -0.681333
      outer loop
         vertex -0.0948 -0.0770304 -0.0488046
         vertex -0.0948 -0.0758915 -0.0491884
         vertex -0.0938 -0.0755213 -0.0482594
      endloop
   endfacet
   facet normal 0.707107 -0.261727 -0.656886
      outer loop
         vertex -0.0948 -0.0758915 -0.0491884
         vertex -0.0948 -0.0748007 -0.049693
         vertex -0.0938 -0.0743323 -0.0488095
      endloop
   endfacet
   facet normal 0.707107 -0.331215 -0.624737
      outer loop
         vertex -0.0948 -0.0748007 -0.049693
         vertex -0.0948 -0.0737708 -0.0503127
         vertex -0.0938 -0.0732096 -0.049485
      endloop
   endfacet
   facet normal 0.707107 -0.396819 -0.585265
      outer loop
         vertex -0.0948 -0.0737708 -0.0503127
         vertex -0.0948 -0.072814 -0.05104
         vertex -0.0938 -0.0721666 -0.0502778
      endloop
   endfacet
   facet normal 0.707107 -0.457771 -0.53893
      outer loop
         vertex -0.0948 -0.072814 -0.05104
         vertex -0.0948 -0.0719415 -0.0518665
         vertex -0.0938 -0.0712155 -0.0511788
      endloop
   endfacet
   facet normal 0.707107 -0.513356 -0.486277
      outer loop
         vertex -0.0948 -0.0719415 -0.0518665
         vertex -0.0948 -0.0711634 -0.0527826
         vertex -0.0938 -0.0703673 -0.0521774
      endloop
   endfacet
   facet normal 0.707107 -0.562923 -0.427923
      outer loop
         vertex -0.0948 -0.0711634 -0.0527826
         vertex -0.0948 -0.0704889 -0.0537774
         vertex -0.0938 -0.069632 -0.0532618
      endloop
   endfacet
   facet normal 0.707107 -0.60589 -0.364552
      outer loop
         vertex -0.0948 -0.0704889 -0.0537774
         vertex -0.0948 -0.0699259 -0.0548392
         vertex -0.0938 -0.0690183 -0.0544193
      endloop
   endfacet
   facet normal 0.707107 -0.641753 -0.296906
      outer loop
         vertex -0.0948 -0.0699259 -0.0548392
         vertex -0.0948 -0.069481 -0.0559558
         vertex -0.0938 -0.0685334 -0.0556365
      endloop
   endfacet
   facet normal 0.707107 -0.670092 -0.22578
      outer loop
         vertex -0.0948 -0.069481 -0.0559558
         vertex -0.0948 -0.0691595 -0.0571138
         vertex -0.0938 -0.0681829 -0.0568989
      endloop
   endfacet
   facet normal 0.707107 -0.690575 -0.152007
      outer loop
         vertex -0.0948 -0.0691595 -0.0571138
         vertex -0.0948 -0.0689651 -0.0582999
         vertex -0.0938 -0.0679709 -0.0581918
      endloop
   endfacet
   facet normal 0.707107 -0.702962 -0.0764517
      outer loop
         vertex -0.0948 -0.0689651 -0.0582999
         vertex -0.0948 -0.0689 -0.0595
         vertex -0.0938 -0.0679 -0.0595
      endloop
   endfacet
   facet normal 0.707107 -0.707107 4.32978e-17
      outer loop
         vertex -0.0948 -0.0689 -0.0595
         vertex -0.0948 -0.0689651 -0.0607001
         vertex -0.0938 -0.0679709 -0.0608082
      endloop
   endfacet
   facet normal 0.707107 -0.702962 0.0764517
      outer loop
         vertex -0.0948 -0.0689651 -0.0607001
         vertex -0.0948 -0.0691595 -0.0618862
         vertex -0.0938 -0.0681829 -0.0621011
      endloop
   endfacet
   facet normal 0.707107 -0.690575 0.152007
      outer loop
         vertex -0.0948 -0.0691595 -0.0618862
         vertex -0.0948 -0.069481 -0.0630442
         vertex -0.0938 -0.0685334 -0.0633635
      endloop
   endfacet
   facet normal 0.707107 -0.670092 0.22578
      outer loop
         vertex -0.0948 -0.069481 -0.0630442
         vertex -0.0948 -0.0699259 -0.0641608
         vertex -0.0938 -0.0690183 -0.0645807
      endloop
   endfacet
   facet normal 0.707107 -0.641753 0.296906
      outer loop
         vertex -0.0948 -0.0699259 -0.0641608
         vertex -0.0948 -0.0704889 -0.0652226
         vertex -0.0938 -0.069632 -0.0657382
      endloop
   endfacet
   facet normal 0.707107 -0.60589 0.364552
      outer loop
         vertex -0.0948 -0.0704889 -0.0652226
         vertex -0.0948 -0.0711634 -0.0662174
         vertex -0.0938 -0.0703673 -0.0668226
      endloop
   endfacet
   facet normal 0.707107 -0.562923 0.427923
      outer loop
         vertex -0.0948 -0.0711634 -0.0662174
         vertex -0.0948 -0.0719415 -0.0671335
         vertex -0.0938 -0.0712155 -0.0678212
      endloop
   endfacet
   facet normal 0.707107 -0.513356 0.486277
      outer loop
         vertex -0.0948 -0.0719415 -0.0671335
         vertex -0.0948 -0.072814 -0.06796
         vertex -0.0938 -0.0721666 -0.0687222
      endloop
   endfacet
   facet normal 0.707107 -0.457771 0.53893
      outer loop
         vertex -0.0948 -0.072814 -0.06796
         vertex -0.0948 -0.0737708 -0.0686873
         vertex -0.0938 -0.0732096 -0.069515
      endloop
   endfacet
   facet normal 0.707107 -0.396819 0.585265
      outer loop
         vertex -0.0948 -0.0737708 -0.0686873
         vertex -0.0948 -0.0748007 -0.069307
         vertex -0.0938 -0.0743323 -0.0701905
      endloop
   endfacet
   facet normal 0.707107 -0.331215 0.624737
      outer loop
         vertex -0.0948 -0.0748007 -0.069307
         vertex -0.0948 -0.0758915 -0.0698116
         vertex -0.0938 -0.0755213 -0.0707406
      endloop
   endfacet
   facet normal 0.707107 -0.261727 0.656886
      outer loop
         vertex -0.0948 -0.0758915 -0.0698116
         vertex -0.0948 -0.0770304 -0.0701954
         vertex -0.0938 -0.0767629 -0.071159
      endloop
   endfacet
   facet normal 0.707107 -0.189171 0.681333
      outer loop
         vertex -0.0948 -0.0770304 -0.0701954
         vertex -0.0948 -0.0782042 -0.0704538
         vertex -0.0938 -0.0780424 -0.0714406
      endloop
   endfacet
   facet normal 0.707107 -0.114397 0.697792
      outer loop
         vertex -0.0948 -0.0782042 -0.0704538
         vertex -0.0948 -0.0793991 -0.0705837
         vertex -0.0938 -0.0793449 -0.0715823
      endloop
   endfacet
   facet normal 0.707107 -0.038282 0.70607
      outer loop
         vertex -0.0948 -0.0793991 -0.0705837
         vertex -0.0948 -0.08 -0.0706
         vertex -0.0938 -0.08 -0.0716
      endloop
   endfacet
   facet normal -6.08734e-17 -0.994138 0.108119
      outer loop
         vertex -0.0948 -0.0689651 -0.0607001
         vertex -0.0948 -0.0689 -0.0595
         vertex -0.1011 -0.0689 -0.0595
      endloop
   endfacet
   facet normal -5.98008e-17 -0.976621 0.21497
      outer loop
         vertex -0.0948 -0.0691595 -0.0618862
         vertex -0.0948 -0.0689651 -0.0607001
         vertex -0.1011 -0.0689651 -0.0607001
      endloop
   endfacet
   facet normal -5.8027e-17 -0.947653 0.319302
      outer loop
         vertex -0.0948 -0.069481 -0.0630442
         vertex -0.0948 -0.0691595 -0.0618862
         vertex -0.1011 -0.0691595 -0.0618862
      endloop
   endfacet
   facet normal -5.5573e-17 -0.907575 0.419889
      outer loop
         vertex -0.0948 -0.0699259 -0.0641608
         vertex -0.0948 -0.069481 -0.0630442
         vertex -0.1011 -0.069481 -0.0630442
      endloop
   endfacet
   facet normal -5.24674e-17 -0.856857 0.515554
      outer loop
         vertex -0.0948 -0.0704889 -0.0652226
         vertex -0.0948 -0.0699259 -0.0641608
         vertex -0.1011 -0.0699259 -0.0641608
      endloop
   endfacet
   facet normal -4.87466e-17 -0.796093 0.605174
      outer loop
         vertex -0.0948 -0.0711634 -0.0662174
         vertex -0.0948 -0.0704889 -0.0652226
         vertex -0.1011 -0.0704889 -0.0652226
      endloop
   endfacet
   facet normal -4.44544e-17 -0.725995 0.687699
      outer loop
         vertex -0.0948 -0.0719415 -0.0671335
         vertex -0.0948 -0.0711634 -0.0662174
         vertex -0.1011 -0.0711634 -0.0662174
      endloop
   endfacet
   facet normal -3.9641e-17 -0.647386 0.762162
      outer loop
         vertex -0.0948 -0.072814 -0.06796
         vertex -0.0948 -0.0719415 -0.0671335
         vertex -0.1011 -0.0719415 -0.0671335
      endloop
   endfacet
   facet normal -3.43628e-17 -0.561187 0.827689
      outer loop
         vertex -0.0948 -0.0737708 -0.0686873
         vertex -0.0948 -0.072814 -0.06796
         vertex -0.1011 -0.072814 -0.06796
      endloop
   endfacet
   facet normal -2.86817e-17 -0.468408 0.883512
      outer loop
         vertex -0.0948 -0.0748007 -0.069307
         vertex -0.0948 -0.0737708 -0.0686873
         vertex -0.1011 -0.0737708 -0.0686873
      endloop
   endfacet
   facet normal -2.26644e-17 -0.370138 0.928977
      outer loop
         vertex -0.0948 -0.0758915 -0.0698116
         vertex -0.0948 -0.0748007 -0.069307
         vertex -0.1011 -0.0748007 -0.069307
      endloop
   endfacet
   facet normal -1.63814e-17 -0.267528 0.96355
      outer loop
         vertex -0.0948 -0.0770304 -0.0701954
         vertex -0.0948 -0.0758915 -0.0698116
         vertex -0.1011 -0.0758915 -0.0698116
      endloop
   endfacet
   facet normal -9.90629e-18 -0.161782 0.986827
      outer loop
         vertex -0.0948 -0.0782042 -0.0704538
         vertex -0.0948 -0.0770304 -0.0701954
         vertex -0.1011 -0.0770304 -0.0701954
      endloop
   endfacet
   facet normal -3.31505e-18 -0.0541389 0.998533
      outer loop
         vertex -0.0948 -0.0793991 -0.0705837
         vertex -0.0948 -0.0782042 -0.0704538
         vertex -0.1011 -0.0782042 -0.0704538
      endloop
   endfacet
   facet normal -3.31505e-18 -0.0541389 0.998533
      outer loop
         vertex -0.1011 -0.0793991 -0.0705837
         vertex -0.1011 -0.0806009 -0.0705837
         vertex -0.0948 -0.08 -0.0706
      endloop
   endfacet
   facet normal 3.31505e-18 0.0541389 0.998533
      outer loop
         vertex -0.1011 -0.0806009 -0.0705837
         vertex -0.0948 -0.0806009 -0.0705837
         vertex -0.0948 -0.08 -0.0706
      endloop
   endfacet
   facet normal 9.90629e-18 0.161782 0.986827
      outer loop
         vertex -0.0948 -0.0817958 -0.0704538
         vertex -0.0948 -0.0806009 -0.0705837
         vertex -0.1011 -0.0806009 -0.0705837
      endloop
   endfacet
   facet normal 1.63814e-17 0.267528 0.96355
      outer loop
         vertex -0.0948 -0.0829696 -0.0701954
         vertex -0.0948 -0.0817958 -0.0704538
         vertex -0.1011 -0.0817958 -0.0704538
      endloop
   endfacet
   facet normal 2.26644e-17 0.370138 0.928977
      outer loop
         vertex -0.0948 -0.0841085 -0.0698116
         vertex -0.0948 -0.0829696 -0.0701954
         vertex -0.1011 -0.0829696 -0.0701954
      endloop
   endfacet
   facet normal 2.86817e-17 0.468408 0.883512
      outer loop
         vertex -0.0948 -0.0851993 -0.069307
         vertex -0.0948 -0.0841085 -0.0698116
         vertex -0.1011 -0.0841085 -0.0698116
      endloop
   endfacet
   facet normal 3.43628e-17 0.561187 0.827689
      outer loop
         vertex -0.0948 -0.0862292 -0.0686873
         vertex -0.0948 -0.0851993 -0.069307
         vertex -0.1011 -0.0851993 -0.069307
      endloop
   endfacet
   facet normal 3.9641e-17 0.647386 0.762162
      outer loop
         vertex -0.0948 -0.087186 -0.06796
         vertex -0.0948 -0.0862292 -0.0686873
         vertex -0.1011 -0.0862292 -0.0686873
      endloop
   endfacet
   facet normal 4.44544e-17 0.725995 0.687699
      outer loop
         vertex -0.0948 -0.0880585 -0.0671335
         vertex -0.0948 -0.087186 -0.06796
         vertex -0.1011 -0.087186 -0.06796
      endloop
   endfacet
   facet normal 4.87466e-17 0.796093 0.605174
      outer loop
         vertex -0.0948 -0.0888366 -0.0662174
         vertex -0.0948 -0.0880585 -0.0671335
         vertex -0.1011 -0.0880585 -0.0671335
      endloop
   endfacet
   facet normal 5.24674e-17 0.856857 0.515554
      outer loop
         vertex -0.0948 -0.0895111 -0.0652226
         vertex -0.0948 -0.0888366 -0.0662174
         vertex -0.1011 -0.0888366 -0.0662174
      endloop
   endfacet
   facet normal 5.5573e-17 0.907575 0.419889
      outer loop
         vertex -0.0948 -0.0900741 -0.0641608
         vertex -0.0948 -0.0895111 -0.0652226
         vertex -0.1011 -0.0895111 -0.0652226
      endloop
   endfacet
   facet normal 5.8027e-17 0.947653 0.319302
      outer loop
         vertex -0.0948 -0.090519 -0.0630442
         vertex -0.0948 -0.0900741 -0.0641608
         vertex -0.1011 -0.0900741 -0.0641608
      endloop
   endfacet
   facet normal 5.98008e-17 0.976621 0.21497
      outer loop
         vertex -0.0948 -0.0908405 -0.0618862
         vertex -0.0948 -0.090519 -0.0630442
         vertex -0.1011 -0.090519 -0.0630442
      endloop
   endfacet
   facet normal 6.08734e-17 0.994138 0.108119
      outer loop
         vertex -0.0948 -0.0910349 -0.0607001
         vertex -0.0948 -0.0908405 -0.0618862
         vertex -0.1011 -0.0908405 -0.0618862
      endloop
   endfacet
   facet normal 6.12323e-17 1 -1.22465e-16
      outer loop
         vertex -0.0948 -0.0911 -0.0595
         vertex -0.0948 -0.0910349 -0.0607001
         vertex -0.1011 -0.0910349 -0.0607001
      endloop
   endfacet
   facet normal 6.08734e-17 0.994138 -0.108119
      outer loop
         vertex -0.0948 -0.0910349 -0.0582999
         vertex -0.0948 -0.0911 -0.0595
         vertex -0.1011 -0.0911 -0.0595
      endloop
   endfacet
   facet normal 5.98008e-17 0.976621 -0.21497
      outer loop
         vertex -0.0948 -0.0908405 -0.0571138
         vertex -0.0948 -0.0910349 -0.0582999
         vertex -0.1011 -0.0910349 -0.0582999
      endloop
   endfacet
   facet normal 5.8027e-17 0.947653 -0.319302
      outer loop
         vertex -0.0948 -0.090519 -0.0559558
         vertex -0.0948 -0.0908405 -0.0571138
         vertex -0.1011 -0.0908405 -0.0571138
      endloop
   endfacet
   facet normal 5.5573e-17 0.907575 -0.419889
      outer loop
         vertex -0.0948 -0.0900741 -0.0548392
         vertex -0.0948 -0.090519 -0.0559558
         vertex -0.1011 -0.090519 -0.0559558
      endloop
   endfacet
   facet normal 5.24674e-17 0.856857 -0.515554
      outer loop
         vertex -0.0948 -0.0895111 -0.0537774
         vertex -0.0948 -0.0900741 -0.0548392
         vertex -0.1011 -0.0900741 -0.0548392
      endloop
   endfacet
   facet normal 4.87466e-17 0.796093 -0.605174
      outer loop
         vertex -0.0948 -0.0888366 -0.0527826
         vertex -0.0948 -0.0895111 -0.0537774
         vertex -0.1011 -0.0895111 -0.0537774
      endloop
   endfacet
   facet normal 4.44544e-17 0.725995 -0.687699
      outer loop
         vertex -0.0948 -0.0880585 -0.0518665
         vertex -0.0948 -0.0888366 -0.0527826
         vertex -0.1011 -0.0888366 -0.0527826
      endloop
   endfacet
   facet normal 3.9641e-17 0.647386 -0.762162
      outer loop
         vertex -0.0948 -0.087186 -0.05104
         vertex -0.0948 -0.0880585 -0.0518665
         vertex -0.1011 -0.0880585 -0.0518665
      endloop
   endfacet
   facet normal 3.43628e-17 0.561187 -0.827689
      outer loop
         vertex -0.0948 -0.0862292 -0.0503127
         vertex -0.0948 -0.087186 -0.05104
         vertex -0.1011 -0.087186 -0.05104
      endloop
   endfacet
   facet normal 2.86817e-17 0.468408 -0.883512
      outer loop
         vertex -0.0948 -0.0851993 -0.049693
         vertex -0.0948 -0.0862292 -0.0503127
         vertex -0.1011 -0.0862292 -0.0503127
      endloop
   endfacet
   facet normal 2.26644e-17 0.370138 -0.928977
      outer loop
         vertex -0.0948 -0.0841085 -0.0491884
         vertex -0.0948 -0.0851993 -0.049693
         vertex -0.1011 -0.0851993 -0.049693
      endloop
   endfacet
   facet normal 1.63814e-17 0.267528 -0.96355
      outer loop
         vertex -0.0948 -0.0829696 -0.0488046
         vertex -0.0948 -0.0841085 -0.0491884
         vertex -0.1011 -0.0841085 -0.0491884
      endloop
   endfacet
   facet normal 9.90629e-18 0.161782 -0.986827
      outer loop
         vertex -0.0948 -0.0817958 -0.0485462
         vertex -0.0948 -0.0829696 -0.0488046
         vertex -0.1011 -0.0829696 -0.0488046
      endloop
   endfacet
   facet normal 3.31505e-18 0.0541389 -0.998533
      outer loop
         vertex -0.0948 -0.0806009 -0.0484163
         vertex -0.0948 -0.0817958 -0.0485462
         vertex -0.1011 -0.0817958 -0.0485462
      endloop
   endfacet
   facet normal 3.31505e-18 0.0541389 -0.998533
      outer loop
         vertex -0.1011 -0.0806009 -0.0484163
         vertex -0.1011 -0.0793991 -0.0484163
         vertex -0.0948 -0.08 -0.0484
      endloop
   endfacet
   facet normal -3.31505e-18 -0.0541389 -0.998533
      outer loop
         vertex -0.1011 -0.0793991 -0.0484163
         vertex -0.0948 -0.0793991 -0.0484163
         vertex -0.0948 -0.08 -0.0484
      endloop
   endfacet
   facet normal -9.90629e-18 -0.161782 -0.986827
      outer loop
         vertex -0.0948 -0.0782042 -0.0485462
         vertex -0.0948 -0.0793991 -0.0484163
         vertex -0.1011 -0.0793991 -0.0484163
      endloop
   endfacet
   facet normal -1.63814e-17 -0.267528 -0.96355
      outer loop
         vertex -0.0948 -0.0770304 -0.0488046
         vertex -0.0948 -0.0782042 -0.0485462
         vertex -0.1011 -0.0782042 -0.0485462
      endloop
   endfacet
   facet normal -2.26644e-17 -0.370138 -0.928977
      outer loop
         vertex -0.0948 -0.0758915 -0.0491884
         vertex -0.0948 -0.0770304 -0.0488046
         vertex -0.1011 -0.0770304 -0.0488046
      endloop
   endfacet
   facet normal -2.86817e-17 -0.468408 -0.883512
      outer loop
         vertex -0.0948 -0.0748007 -0.049693
         vertex -0.0948 -0.0758915 -0.0491884
         vertex -0.1011 -0.0758915 -0.0491884
      endloop
   endfacet
   facet normal -3.43628e-17 -0.561187 -0.827689
      outer loop
         vertex -0.0948 -0.0737708 -0.0503127
         vertex -0.0948 -0.0748007 -0.049693
         vertex -0.1011 -0.0748007 -0.049693
      endloop
   endfacet
   facet normal -3.9641e-17 -0.647386 -0.762162
      outer loop
         vertex -0.0948 -0.072814 -0.05104
         vertex -0.0948 -0.0737708 -0.0503127
         vertex -0.1011 -0.0737708 -0.0503127
      endloop
   endfacet
   facet normal -4.44544e-17 -0.725995 -0.687699
      outer loop
         vertex -0.0948 -0.0719415 -0.0518665
         vertex -0.0948 -0.072814 -0.05104
         vertex -0.1011 -0.072814 -0.05104
      endloop
   endfacet
   facet normal -4.87466e-17 -0.796093 -0.605174
      outer loop
         vertex -0.0948 -0.0711634 -0.0527826
         vertex -0.0948 -0.0719415 -0.0518665
         vertex -0.1011 -0.0719415 -0.0518665
      endloop
   endfacet
   facet normal -5.24674e-17 -0.856857 -0.515554
      outer loop
         vertex -0.0948 -0.0704889 -0.0537774
         vertex -0.0948 -0.0711634 -0.0527826
         vertex -0.1011 -0.0711634 -0.0527826
      endloop
   endfacet
   facet normal -5.5573e-17 -0.907575 -0.419889
      outer loop
         vertex -0.0948 -0.0699259 -0.0548392
         vertex -0.0948 -0.0704889 -0.0537774
         vertex -0.1011 -0.0704889 -0.0537774
      endloop
   endfacet
   facet normal -5.8027e-17 -0.947653 -0.319302
      outer loop
         vertex -0.0948 -0.069481 -0.0559558
         vertex -0.0948 -0.0699259 -0.0548392
         vertex -0.1011 -0.0699259 -0.0548392
      endloop
   endfacet
   facet normal -5.98008e-17 -0.976621 -0.21497
      outer loop
         vertex -0.0948 -0.0691595 -0.0571138
         vertex -0.0948 -0.069481 -0.0559558
         vertex -0.1011 -0.069481 -0.0559558
      endloop
   endfacet
   facet normal -6.08734e-17 -0.994138 -0.108119
      outer loop
         vertex -0.0948 -0.0689651 -0.0582999
         vertex -0.0948 -0.0691595 -0.0571138
         vertex -0.1011 -0.0691595 -0.0571138
      endloop
   endfacet
   facet normal -6.12323e-17 -1 2.44929e-16
      outer loop
         vertex -0.0948 -0.0689 -0.0595
         vertex -0.0948 -0.0689651 -0.0582999
         vertex -0.1011 -0.0689651 -0.0582999
      endloop
   endfacet
   facet normal -6.08734e-17 -0.994138 -0.108119
      outer loop
         vertex -0.1011 -0.0689651 -0.0582999
         vertex -0.1011 -0.0689 -0.0595
         vertex -0.0948 -0.0689 -0.0595
      endloop
   endfacet
   facet normal -5.98008e-17 -0.976621 -0.21497
      outer loop
         vertex -0.1011 -0.0691595 -0.0571138
         vertex -0.1011 -0.0689651 -0.0582999
         vertex -0.0948 -0.0689651 -0.0582999
      endloop
   endfacet
   facet normal -5.8027e-17 -0.947653 -0.319302
      outer loop
         vertex -0.1011 -0.069481 -0.0559558
         vertex -0.1011 -0.0691595 -0.0571138
         vertex -0.0948 -0.0691595 -0.0571138
      endloop
   endfacet
   facet normal -5.5573e-17 -0.907575 -0.419889
      outer loop
         vertex -0.1011 -0.0699259 -0.0548392
         vertex -0.1011 -0.069481 -0.0559558
         vertex -0.0948 -0.069481 -0.0559558
      endloop
   endfacet
   facet normal -5.24674e-17 -0.856857 -0.515554
      outer loop
         vertex -0.1011 -0.0704889 -0.0537774
         vertex -0.1011 -0.0699259 -0.0548392
         vertex -0.0948 -0.0699259 -0.0548392
      endloop
   endfacet
   facet normal -4.87466e-17 -0.796093 -0.605174
      outer loop
         vertex -0.1011 -0.0711634 -0.0527826
         vertex -0.1011 -0.0704889 -0.0537774
         vertex -0.0948 -0.0704889 -0.0537774
      endloop
   endfacet
   facet normal -4.44544e-17 -0.725995 -0.687699
      outer loop
         vertex -0.1011 -0.0719415 -0.0518665
         vertex -0.1011 -0.0711634 -0.0527826
         vertex -0.0948 -0.0711634 -0.0527826
      endloop
   endfacet
   facet normal -3.9641e-17 -0.647386 -0.762162
      outer loop
         vertex -0.1011 -0.072814 -0.05104
         vertex -0.1011 -0.0719415 -0.0518665
         vertex -0.0948 -0.0719415 -0.0518665
      endloop
   endfacet
   facet normal -3.43628e-17 -0.561187 -0.827689
      outer loop
         vertex -0.1011 -0.0737708 -0.0503127
         vertex -0.1011 -0.072814 -0.05104
         vertex -0.0948 -0.072814 -0.05104
      endloop
   endfacet
   facet normal -2.86817e-17 -0.468408 -0.883512
      outer loop
         vertex -0.1011 -0.0748007 -0.049693
         vertex -0.1011 -0.0737708 -0.0503127
         vertex -0.0948 -0.0737708 -0.0503127
      endloop
   endfacet
   facet normal -2.26644e-17 -0.370138 -0.928977
      outer loop
         vertex -0.1011 -0.0758915 -0.0491884
         vertex -0.1011 -0.0748007 -0.049693
         vertex -0.0948 -0.0748007 -0.049693
      endloop
   endfacet
   facet normal -1.63814e-17 -0.267528 -0.96355
      outer loop
         vertex -0.1011 -0.0770304 -0.0488046
         vertex -0.1011 -0.0758915 -0.0491884
         vertex -0.0948 -0.0758915 -0.0491884
      endloop
   endfacet
   facet normal -9.90629e-18 -0.161782 -0.986827
      outer loop
         vertex -0.1011 -0.0782042 -0.0485462
         vertex -0.1011 -0.0770304 -0.0488046
         vertex -0.0948 -0.0770304 -0.0488046
      endloop
   endfacet
   facet normal -3.31505e-18 -0.0541389 -0.998533
      outer loop
         vertex -0.1011 -0.0793991 -0.0484163
         vertex -0.1011 -0.0782042 -0.0485462
         vertex -0.0948 -0.0782042 -0.0485462
      endloop
   endfacet
   facet normal 0 -3.47535e-17 -1
      outer loop
         vertex -0.0948 -0.08 -0.0484
         vertex -0.0948 -0.0806009 -0.0484163
         vertex -0.1011 -0.0806009 -0.0484163
      endloop
   endfacet
   facet normal 9.90629e-18 0.161782 -0.986827
      outer loop
         vertex -0.1011 -0.0817958 -0.0485462
         vertex -0.1011 -0.0806009 -0.0484163
         vertex -0.0948 -0.0806009 -0.0484163
      endloop
   endfacet
   facet normal 1.63814e-17 0.267528 -0.96355
      outer loop
         vertex -0.1011 -0.0829696 -0.0488046
         vertex -0.1011 -0.0817958 -0.0485462
         vertex -0.0948 -0.0817958 -0.0485462
      endloop
   endfacet
   facet normal 2.26644e-17 0.370138 -0.928977
      outer loop
         vertex -0.1011 -0.0841085 -0.0491884
         vertex -0.1011 -0.0829696 -0.0488046
         vertex -0.0948 -0.0829696 -0.0488046
      endloop
   endfacet
   facet normal 2.86817e-17 0.468408 -0.883512
      outer loop
         vertex -0.1011 -0.0851993 -0.049693
         vertex -0.1011 -0.0841085 -0.0491884
         vertex -0.0948 -0.0841085 -0.0491884
      endloop
   endfacet
   facet normal 3.43628e-17 0.561187 -0.827689
      outer loop
         vertex -0.1011 -0.0862292 -0.0503127
         vertex -0.1011 -0.0851993 -0.049693
         vertex -0.0948 -0.0851993 -0.049693
      endloop
   endfacet
   facet normal 3.9641e-17 0.647386 -0.762162
      outer loop
         vertex -0.1011 -0.087186 -0.05104
         vertex -0.1011 -0.0862292 -0.0503127
         vertex -0.0948 -0.0862292 -0.0503127
      endloop
   endfacet
   facet normal 4.44544e-17 0.725995 -0.687699
      outer loop
         vertex -0.1011 -0.0880585 -0.0518665
         vertex -0.1011 -0.087186 -0.05104
         vertex -0.0948 -0.087186 -0.05104
      endloop
   endfacet
   facet normal 4.87466e-17 0.796093 -0.605174
      outer loop
         vertex -0.1011 -0.0888366 -0.0527826
         vertex -0.1011 -0.0880585 -0.0518665
         vertex -0.0948 -0.0880585 -0.0518665
      endloop
   endfacet
   facet normal 5.24674e-17 0.856857 -0.515554
      outer loop
         vertex -0.1011 -0.0895111 -0.0537774
         vertex -0.1011 -0.0888366 -0.0527826
         vertex -0.0948 -0.0888366 -0.0527826
      endloop
   endfacet
   facet normal 5.5573e-17 0.907575 -0.419889
      outer loop
         vertex -0.1011 -0.0900741 -0.0548392
         vertex -0.1011 -0.0895111 -0.0537774
         vertex -0.0948 -0.0895111 -0.0537774
      endloop
   endfacet
   facet normal 5.8027e-17 0.947653 -0.319302
      outer loop
         vertex -0.1011 -0.090519 -0.0559558
         vertex -0.1011 -0.0900741 -0.0548392
         vertex -0.0948 -0.0900741 -0.0548392
      endloop
   endfacet
   facet normal 5.98008e-17 0.976621 -0.21497
      outer loop
         vertex -0.1011 -0.0908405 -0.0571138
         vertex -0.1011 -0.090519 -0.0559558
         vertex -0.0948 -0.090519 -0.0559558
      endloop
   endfacet
   facet normal 6.08734e-17 0.994138 -0.108119
      outer loop
         vertex -0.1011 -0.0910349 -0.0582999
         vertex -0.1011 -0.0908405 -0.0571138
         vertex -0.0948 -0.0908405 -0.0571138
      endloop
   endfacet
   facet normal 6.12323e-17 1 -1.22465e-16
      outer loop
         vertex -0.1011 -0.0911 -0.0595
         vertex -0.1011 -0.0910349 -0.0582999
         vertex -0.0948 -0.0910349 -0.0582999
      endloop
   endfacet
   facet normal 6.08734e-17 0.994138 0.108119
      outer loop
         vertex -0.1011 -0.0910349 -0.0607001
         vertex -0.1011 -0.0911 -0.0595
         vertex -0.0948 -0.0911 -0.0595
      endloop
   endfacet
   facet normal 5.98008e-17 0.976621 0.21497
      outer loop
         vertex -0.1011 -0.0908405 -0.0618862
         vertex -0.1011 -0.0910349 -0.0607001
         vertex -0.0948 -0.0910349 -0.0607001
      endloop
   endfacet
   facet normal 5.8027e-17 0.947653 0.319302
      outer loop
         vertex -0.1011 -0.090519 -0.0630442
         vertex -0.1011 -0.0908405 -0.0618862
         vertex -0.0948 -0.0908405 -0.0618862
      endloop
   endfacet
   facet normal 5.5573e-17 0.907575 0.419889
      outer loop
         vertex -0.1011 -0.0900741 -0.0641608
         vertex -0.1011 -0.090519 -0.0630442
         vertex -0.0948 -0.090519 -0.0630442
      endloop
   endfacet
   facet normal 5.24674e-17 0.856857 0.515554
      outer loop
         vertex -0.1011 -0.0895111 -0.0652226
         vertex -0.1011 -0.0900741 -0.0641608
         vertex -0.0948 -0.0900741 -0.0641608
      endloop
   endfacet
   facet normal 4.87466e-17 0.796093 0.605174
      outer loop
         vertex -0.1011 -0.0888366 -0.0662174
         vertex -0.1011 -0.0895111 -0.0652226
         vertex -0.0948 -0.0895111 -0.0652226
      endloop
   endfacet
   facet normal 4.44544e-17 0.725995 0.687699
      outer loop
         vertex -0.1011 -0.0880585 -0.0671335
         vertex -0.1011 -0.0888366 -0.0662174
         vertex -0.0948 -0.0888366 -0.0662174
      endloop
   endfacet
   facet normal 3.9641e-17 0.647386 0.762162
      outer loop
         vertex -0.1011 -0.087186 -0.06796
         vertex -0.1011 -0.0880585 -0.0671335
         vertex -0.0948 -0.0880585 -0.0671335
      endloop
   endfacet
   facet normal 3.43628e-17 0.561187 0.827689
      outer loop
         vertex -0.1011 -0.0862292 -0.0686873
         vertex -0.1011 -0.087186 -0.06796
         vertex -0.0948 -0.087186 -0.06796
      endloop
   endfacet
   facet normal 2.86817e-17 0.468408 0.883512
      outer loop
         vertex -0.1011 -0.0851993 -0.069307
         vertex -0.1011 -0.0862292 -0.0686873
         vertex -0.0948 -0.0862292 -0.0686873
      endloop
   endfacet
   facet normal 2.26644e-17 0.370138 0.928977
      outer loop
         vertex -0.1011 -0.0841085 -0.0698116
         vertex -0.1011 -0.0851993 -0.069307
         vertex -0.0948 -0.0851993 -0.069307
      endloop
   endfacet
   facet normal 1.63814e-17 0.267528 0.96355
      outer loop
         vertex -0.1011 -0.0829696 -0.0701954
         vertex -0.1011 -0.0841085 -0.0698116
         vertex -0.0948 -0.0841085 -0.0698116
      endloop
   endfacet
   facet normal 9.90629e-18 0.161782 0.986827
      outer loop
         vertex -0.1011 -0.0817958 -0.0704538
         vertex -0.1011 -0.0829696 -0.0701954
         vertex -0.0948 -0.0829696 -0.0701954
      endloop
   endfacet
   facet normal 3.31505e-18 0.0541389 0.998533
      outer loop
         vertex -0.1011 -0.0806009 -0.0705837
         vertex -0.1011 -0.0817958 -0.0704538
         vertex -0.0948 -0.0817958 -0.0704538
      endloop
   endfacet
   facet normal 0 -3.47535e-17 1
      outer loop
         vertex -0.0948 -0.08 -0.0706
         vertex -0.0948 -0.0793991 -0.0705837
         vertex -0.1011 -0.0793991 -0.0705837
      endloop
   endfacet
   facet normal -9.90629e-18 -0.161782 0.986827
      outer loop
         vertex -0.1011 -0.0782042 -0.0704538
         vertex -0.1011 -0.0793991 -0.0705837
         vertex -0.0948 -0.0793991 -0.0705837
      endloop
   endfacet
   facet normal -1.63814e-17 -0.267528 0.96355
      outer loop
         vertex -0.1011 -0.0770304 -0.0701954
         vertex -0.1011 -0.0782042 -0.0704538
         vertex -0.0948 -0.0782042 -0.0704538
      endloop
   endfacet
   facet normal -2.26644e-17 -0.370138 0.928977
      outer loop
         vertex -0.1011 -0.0758915 -0.0698116
         vertex -0.1011 -0.0770304 -0.0701954
         vertex -0.0948 -0.0770304 -0.0701954
      endloop
   endfacet
   facet normal -2.86817e-17 -0.468408 0.883512
      outer loop
         vertex -0.1011 -0.0748007 -0.069307
         vertex -0.1011 -0.0758915 -0.0698116
         vertex -0.0948 -0.0758915 -0.0698116
      endloop
   endfacet
   facet normal -3.43628e-17 -0.561187 0.827689
      outer loop
         vertex -0.1011 -0.0737708 -0.0686873
         vertex -0.1011 -0.0748007 -0.069307
         vertex -0.0948 -0.0748007 -0.069307
      endloop
   endfacet
   facet normal -3.9641e-17 -0.647386 0.762162
      outer loop
         vertex -0.1011 -0.072814 -0.06796
         vertex -0.1011 -0.0737708 -0.0686873
         vertex -0.0948 -0.0737708 -0.0686873
      endloop
   endfacet
   facet normal -4.44544e-17 -0.725995 0.687699
      outer loop
         vertex -0.1011 -0.0719415 -0.0671335
         vertex -0.1011 -0.072814 -0.06796
         vertex -0.0948 -0.072814 -0.06796
      endloop
   endfacet
   facet normal -4.87466e-17 -0.796093 0.605174
      outer loop
         vertex -0.1011 -0.0711634 -0.0662174
         vertex -0.1011 -0.0719415 -0.0671335
         vertex -0.0948 -0.0719415 -0.0671335
      endloop
   endfacet
   facet normal -5.24674e-17 -0.856857 0.515554
      outer loop
         vertex -0.1011 -0.0704889 -0.0652226
         vertex -0.1011 -0.0711634 -0.0662174
         vertex -0.0948 -0.0711634 -0.0662174
      endloop
   endfacet
   facet normal -5.5573e-17 -0.907575 0.419889
      outer loop
         vertex -0.1011 -0.0699259 -0.0641608
         vertex -0.1011 -0.0704889 -0.0652226
         vertex -0.0948 -0.0704889 -0.0652226
      endloop
   endfacet
   facet normal -5.8027e-17 -0.947653 0.319302
      outer loop
         vertex -0.1011 -0.069481 -0.0630442
         vertex -0.1011 -0.0699259 -0.0641608
         vertex -0.0948 -0.0699259 -0.0641608
      endloop
   endfacet
   facet normal -5.98008e-17 -0.976621 0.21497
      outer loop
         vertex -0.1011 -0.0691595 -0.0618862
         vertex -0.1011 -0.069481 -0.0630442
         vertex -0.0948 -0.069481 -0.0630442
      endloop
   endfacet
   facet normal -6.08734e-17 -0.994138 0.108119
      outer loop
         vertex -0.1011 -0.0689651 -0.0607001
         vertex -0.1011 -0.0691595 -0.0618862
         vertex -0.0948 -0.0691595 -0.0618862
      endloop
   endfacet
   facet normal -6.12323e-17 -1 2.44929e-16
      outer loop
         vertex -0.1011 -0.0689 -0.0595
         vertex -0.1011 -0.0689651 -0.0607001
         vertex -0.0948 -0.0689651 -0.0607001
      endloop
   endfacet
   facet normal 1 -6.12323e-17 0
      outer loop
         vertex -0.1011 -0.0782042 -0.0485462
         vertex -0.1011 -0.079361 -0.055602
         vertex -0.1011 -0.0789433 -0.055694
      endloop
   endfacet
   facet normal 1 -6.12323e-17 0
      outer loop
         vertex -0.1011 -0.0782042 -0.0485462
         vertex -0.1011 -0.0793991 -0.0484163
         vertex -0.1011 -0.0797862 -0.0555558
      endloop
   endfacet
   facet normal 1 -6.12323e-17 0
      outer loop
         vertex -0.1011 -0.0748007 -0.049693
         vertex -0.1011 -0.0781498 -0.0560101
         vertex -0.1011 -0.0777833 -0.0562306
      endloop
   endfacet
   facet normal 1 -6.12323e-17 0
      outer loop
         vertex -0.1011 -0.0748007 -0.049693
         vertex -0.1011 -0.0758915 -0.0491884
         vertex -0.1011 -0.078538 -0.0558305
      endloop
   endfacet
   facet normal 1 -6.12323e-17 0
      outer loop
         vertex -0.1011 -0.0797862 -0.0555558
         vertex -0.1011 -0.079361 -0.055602
         vertex -0.1011 -0.0782042 -0.0485462
      endloop
   endfacet
   facet normal 1 -6.12323e-17 0
      outer loop
         vertex -0.1011 -0.0793991 -0.0484163
         vertex -0.1011 -0.0806009 -0.0484163
         vertex -0.1011 -0.0802138 -0.0555558
      endloop
   endfacet
   facet normal 1 -6.12323e-17 0
      outer loop
         vertex -0.1011 -0.0737708 -0.0503127
         vertex -0.1011 -0.0777833 -0.0562306
         vertex -0.1011 -0.0774428 -0.0564895
      endloop
   endfacet
   facet normal 1 -6.12323e-17 0
      outer loop
         vertex -0.1011 -0.078538 -0.0558305
         vertex -0.1011 -0.0781498 -0.0560101
         vertex -0.1011 -0.0748007 -0.049693
      endloop
   endfacet
   facet normal 1 -6.12323e-17 0
      outer loop
         vertex -0.1011 -0.0802138 -0.0555558
         vertex -0.1011 -0.0797862 -0.0555558
         vertex -0.1011 -0.0793991 -0.0484163
      endloop
   endfacet
   facet normal 1 -6.12323e-17 0
      outer loop
         vertex -0.1011 -0.0817958 -0.0485462
         vertex -0.1011 -0.080639 -0.055602
         vertex -0.1011 -0.0802138 -0.0555558
      endloop
   endfacet
   facet normal 1 -6.12323e-17 0
      outer loop
         vertex -0.1011 -0.0829696 -0.0488046
         vertex -0.1011 -0.0810567 -0.055694
         vertex -0.1011 -0.080639 -0.055602
      endloop
   endfacet
   facet normal 1 -6.12323e-17 0
      outer loop
         vertex -0.1011 -0.0829696 -0.0488046
         vertex -0.1011 -0.0841085 -0.0491884
         vertex -0.1011 -0.081462 -0.0558305
      endloop
   endfacet
   facet normal 1 -6.12323e-17 0
      outer loop
         vertex -0.1011 -0.0817958 -0.0704538
         vertex -0.1011 -0.080639 -0.063398
         vertex -0.1011 -0.0810567 -0.063306
      endloop
   endfacet
   facet normal 1 -6.12323e-17 0
      outer loop
         vertex -0.1011 -0.0817958 -0.0704538
         vertex -0.1011 -0.0806009 -0.0705837
         vertex -0.1011 -0.0802138 -0.0634442
      endloop
   endfacet
   facet normal 1 -6.12323e-17 0
      outer loop
         vertex -0.1011 -0.0704889 -0.0537774
         vertex -0.1011 -0.0766154 -0.0574636
         vertex -0.1011 -0.0764151 -0.0578414
      endloop
   endfacet
   facet normal 1 -6.12323e-17 0
      outer loop
         vertex -0.1011 -0.0704889 -0.0537774
         vertex -0.1011 -0.0711634 -0.0527826
         vertex -0.1011 -0.0768554 -0.0571096
      endloop
   endfacet
   facet normal 1 -6.12323e-17 0
      outer loop
         vertex -0.1011 -0.0719415 -0.0518665
         vertex -0.1011 -0.0771323 -0.0567836
         vertex -0.1011 -0.0768554 -0.0571096
      endloop
   endfacet
   facet normal 1 -6.12323e-17 0
      outer loop
         vertex -0.1011 -0.0719415 -0.0518665
         vertex -0.1011 -0.072814 -0.05104
         vertex -0.1011 -0.0774428 -0.0564895
      endloop
   endfacet
   facet normal 1 -6.12323e-17 0
      outer loop
         vertex -0.1011 -0.0777833 -0.0562306
         vertex -0.1011 -0.0737708 -0.0503127
         vertex -0.1011 -0.0748007 -0.049693
      endloop
   endfacet
   facet normal 1 -6.12323e-17 0
      outer loop
         vertex -0.1011 -0.0758915 -0.0491884
         vertex -0.1011 -0.0770304 -0.0488046
         vertex -0.1011 -0.0789433 -0.055694
      endloop
   endfacet
   facet normal 1 -6.12323e-17 0
      outer loop
         vertex -0.1011 -0.0802138 -0.0555558
         vertex -0.1011 -0.0806009 -0.0484163
         vertex -0.1011 -0.0817958 -0.0485462
      endloop
   endfacet
   facet normal 1 -6.12323e-17 0
      outer loop
         vertex -0.1011 -0.081462 -0.0558305
         vertex -0.1011 -0.0810567 -0.055694
         vertex -0.1011 -0.0829696 -0.0488046
      endloop
   endfacet
   facet normal 1 -6.12323e-17 0
      outer loop
         vertex -0.1011 -0.0851993 -0.049693
         vertex -0.1011 -0.0818502 -0.0560101
         vertex -0.1011 -0.081462 -0.0558305
      endloop
   endfacet
   facet normal 1 -6.12323e-17 0
      outer loop
         vertex -0.1011 -0.0851993 -0.049693
         vertex -0.1011 -0.0862292 -0.0503127
         vertex -0.1011 -0.0822167 -0.0562306
      endloop
   endfacet
   facet normal 1 -6.12323e-17 0
      outer loop
         vertex -0.1011 -0.0880585 -0.0518665
         vertex -0.1011 -0.0828677 -0.0567836
         vertex -0.1011 -0.0825572 -0.0564895
      endloop
   endfacet
   facet normal 1 -6.12323e-17 0
      outer loop
         vertex -0.1011 -0.0880585 -0.0518665
         vertex -0.1011 -0.0888366 -0.0527826
         vertex -0.1011 -0.0831446 -0.0571096
      endloop
   endfacet
   facet normal 1 -6.12323e-17 0
      outer loop
         vertex -0.1011 -0.0895111 -0.0537774
         vertex -0.1011 -0.0833846 -0.0574636
         vertex -0.1011 -0.0831446 -0.0571096
      endloop
   endfacet
   facet normal 1 -6.12323e-17 0
      outer loop
         vertex -0.1011 -0.0895111 -0.0537774
         vertex -0.1011 -0.0900741 -0.0548392
         vertex -0.1011 -0.0835849 -0.0578414
      endloop
   endfacet
   facet normal 1 -6.12323e-17 0
      outer loop
         vertex -0.1011 -0.0841085 -0.0698116
         vertex -0.1011 -0.081462 -0.0631695
         vertex -0.1011 -0.0818502 -0.0629899
      endloop
   endfacet
   facet normal 1 -6.12323e-17 0
      outer loop
         vertex -0.1011 -0.0841085 -0.0698116
         vertex -0.1011 -0.0829696 -0.0701954
         vertex -0.1011 -0.0810567 -0.063306
      endloop
   endfacet
   facet normal 1 -6.12323e-17 0
      outer loop
         vertex -0.1011 -0.0802138 -0.0634442
         vertex -0.1011 -0.080639 -0.063398
         vertex -0.1011 -0.0817958 -0.0704538
      endloop
   endfacet
   facet normal 1 -6.12323e-17 0
      outer loop
         vertex -0.1011 -0.0806009 -0.0705837
         vertex -0.1011 -0.0793991 -0.0705837
         vertex -0.1011 -0.0797862 -0.0634442
      endloop
   endfacet
   facet normal 1 -6.12323e-17 0
      outer loop
         vertex -0.1011 -0.0782042 -0.0704538
         vertex -0.1011 -0.079361 -0.063398
         vertex -0.1011 -0.0797862 -0.0634442
      endloop
   endfacet
   facet normal 1 -6.12323e-17 0
      outer loop
         vertex -0.1011 -0.0782042 -0.0704538
         vertex -0.1011 -0.0770304 -0.0701954
         vertex -0.1011 -0.0789433 -0.063306
      endloop
   endfacet
   facet normal 1 -6.12323e-17 0
      outer loop
         vertex -0.1011 -0.069481 -0.0559558
         vertex -0.1011 -0.0762568 -0.0582388
         vertex -0.1011 -0.0761423 -0.0586509
      endloop
   endfacet
   facet normal 1 -6.12323e-17 0
      outer loop
         vertex -0.1011 -0.069481 -0.0559558
         vertex -0.1011 -0.0699259 -0.0548392
         vertex -0.1011 -0.0764151 -0.0578414
      endloop
   endfacet
   facet normal 1 -6.12323e-17 0
      outer loop
         vertex -0.1011 -0.0768554 -0.0571096
         vertex -0.1011 -0.0766154 -0.0574636
         vertex -0.1011 -0.0704889 -0.0537774
      endloop
   endfacet
   facet normal 1 -6.12323e-17 0
      outer loop
         vertex -0.1011 -0.0774428 -0.0564895
         vertex -0.1011 -0.0771323 -0.0567836
         vertex -0.1011 -0.0719415 -0.0518665
      endloop
   endfacet
   facet normal 1 -6.12323e-17 0
      outer loop
         vertex -0.1011 -0.0789433 -0.055694
         vertex -0.1011 -0.078538 -0.0558305
         vertex -0.1011 -0.0758915 -0.0491884
      endloop
   endfacet
   facet normal 1 -6.12323e-17 0
      outer loop
         vertex -0.1011 -0.080639 -0.055602
         vertex -0.1011 -0.0817958 -0.0485462
         vertex -0.1011 -0.0829696 -0.0488046
      endloop
   endfacet
   facet normal 1 -6.12323e-17 0
      outer loop
         vertex -0.1011 -0.0822167 -0.0562306
         vertex -0.1011 -0.0818502 -0.0560101
         vertex -0.1011 -0.0851993 -0.049693
      endloop
   endfacet
   facet normal 1 -6.12323e-17 0
      outer loop
         vertex -0.1011 -0.0862292 -0.0503127
         vertex -0.1011 -0.087186 -0.05104
         vertex -0.1011 -0.0825572 -0.0564895
      endloop
   endfacet
   facet normal 1 -6.12323e-17 0
      outer loop
         vertex -0.1011 -0.0831446 -0.0571096
         vertex -0.1011 -0.0828677 -0.0567836
         vertex -0.1011 -0.0880585 -0.0518665
      endloop
   endfacet
   facet normal 1 -6.12323e-17 0
      outer loop
         vertex -0.1011 -0.0835849 -0.0578414
         vertex -0.1011 -0.0833846 -0.0574636
         vertex -0.1011 -0.0895111 -0.0537774
      endloop
   endfacet
   facet normal 1 -6.12323e-17 0
      outer loop
         vertex -0.1011 -0.090519 -0.0559558
         vertex -0.1011 -0.0837432 -0.0582388
         vertex -0.1011 -0.0835849 -0.0578414
      endloop
   endfacet
   facet normal 1 -6.12323e-17 0
      outer loop
         vertex -0.1011 -0.090519 -0.0559558
         vertex -0.1011 -0.0908405 -0.0571138
         vertex -0.1011 -0.0838577 -0.0586509
      endloop
   endfacet
   facet normal 1 -6.12323e-17 0
      outer loop
         vertex -0.1011 -0.087186 -0.06796
         vertex -0.1011 -0.0825572 -0.0625105
         vertex -0.1011 -0.0828677 -0.0622164
      endloop
   endfacet
   facet normal 1 -6.12323e-17 0
      outer loop
         vertex -0.1011 -0.087186 -0.06796
         vertex -0.1011 -0.0862292 -0.0686873
         vertex -0.1011 -0.0822167 -0.0627694
      endloop
   endfacet
   facet normal 1 -6.12323e-17 0
      outer loop
         vertex -0.1011 -0.0851993 -0.069307
         vertex -0.1011 -0.0818502 -0.0629899
         vertex -0.1011 -0.0822167 -0.0627694
      endloop
   endfacet
   facet normal 1 -6.12323e-17 0
      outer loop
         vertex -0.1011 -0.0810567 -0.063306
         vertex -0.1011 -0.081462 -0.0631695
         vertex -0.1011 -0.0841085 -0.0698116
      endloop
   endfacet
   facet normal 1 -6.12323e-17 0
      outer loop
         vertex -0.1011 -0.0797862 -0.0634442
         vertex -0.1011 -0.0802138 -0.0634442
         vertex -0.1011 -0.0806009 -0.0705837
      endloop
   endfacet
   facet normal 1 -6.12323e-17 0
      outer loop
         vertex -0.1011 -0.0789433 -0.063306
         vertex -0.1011 -0.079361 -0.063398
         vertex -0.1011 -0.0782042 -0.0704538
      endloop
   endfacet
   facet normal 1 -6.12323e-17 0
      outer loop
         vertex -0.1011 -0.0758915 -0.0698116
         vertex -0.1011 -0.078538 -0.0631695
         vertex -0.1011 -0.0789433 -0.063306
      endloop
   endfacet
   facet normal 1 -6.12323e-17 0
      outer loop
         vertex -0.1011 -0.0758915 -0.0698116
         vertex -0.1011 -0.0748007 -0.069307
         vertex -0.1011 -0.0781498 -0.0629899
      endloop
   endfacet
   facet normal 1 -6.12323e-17 0
      outer loop
         vertex -0.1011 -0.072814 -0.06796
         vertex -0.1011 -0.0774428 -0.0625105
         vertex -0.1011 -0.0777833 -0.0627694
      endloop
   endfacet
   facet normal 1 -6.12323e-17 0
      outer loop
         vertex -0.1011 -0.072814 -0.06796
         vertex -0.1011 -0.0719415 -0.0671335
         vertex -0.1011 -0.0771323 -0.0622164
      endloop
   endfacet
   facet normal 1 -6.12323e-17 0
      outer loop
         vertex -0.1011 -0.0691595 -0.0618862
         vertex -0.1011 -0.0761423 -0.0603491
         vertex -0.1011 -0.0762568 -0.0607612
      endloop
   endfacet
   facet normal 1 -6.12323e-17 0
      outer loop
         vertex -0.1011 -0.0691595 -0.0618862
         vertex -0.1011 -0.0689651 -0.0607001
         vertex -0.1011 -0.0760732 -0.0599271
      endloop
   endfacet
   facet normal 1 -6.12323e-17 0
      outer loop
         vertex -0.1011 -0.0691595 -0.0571138
         vertex -0.1011 -0.0761423 -0.0586509
         vertex -0.1011 -0.0760732 -0.0590729
      endloop
   endfacet
   facet normal 1 -6.12323e-17 0
      outer loop
         vertex -0.1011 -0.0764151 -0.0578414
         vertex -0.1011 -0.0762568 -0.0582388
         vertex -0.1011 -0.069481 -0.0559558
      endloop
   endfacet
   facet normal 1 -6.12323e-17 0
      outer loop
         vertex -0.1011 -0.0768554 -0.0571096
         vertex -0.1011 -0.0711634 -0.0527826
         vertex -0.1011 -0.0719415 -0.0518665
      endloop
   endfacet
   facet normal 1 -6.12323e-17 0
      outer loop
         vertex -0.1011 -0.0789433 -0.055694
         vertex -0.1011 -0.0770304 -0.0488046
         vertex -0.1011 -0.0782042 -0.0485462
      endloop
   endfacet
   facet normal 1 -6.12323e-17 0
      outer loop
         vertex -0.1011 -0.0825572 -0.0564895
         vertex -0.1011 -0.0822167 -0.0562306
         vertex -0.1011 -0.0862292 -0.0503127
      endloop
   endfacet
   facet normal 1 -6.12323e-17 0
      outer loop
         vertex -0.1011 -0.0831446 -0.0571096
         vertex -0.1011 -0.0888366 -0.0527826
         vertex -0.1011 -0.0895111 -0.0537774
      endloop
   endfacet
   facet normal 1 -6.12323e-17 0
      outer loop
         vertex -0.1011 -0.0838577 -0.0586509
         vertex -0.1011 -0.0837432 -0.0582388
         vertex -0.1011 -0.090519 -0.0559558
      endloop
   endfacet
   facet normal 1 -6.12323e-17 0
      outer loop
         vertex -0.1011 -0.0908405 -0.0571138
         vertex -0.1011 -0.0910349 -0.0582999
         vertex -0.1011 -0.0839268 -0.0590729
      endloop
   endfacet
   facet normal 1 -6.12323e-17 0
      outer loop
         vertex -0.1011 -0.0911 -0.0595
         vertex -0.1011 -0.08395 -0.0595
         vertex -0.1011 -0.0839268 -0.0590729
      endloop
   endfacet
   facet normal 1 -6.12323e-17 0
      outer loop
         vertex -0.1011 -0.0911 -0.0595
         vertex -0.1011 -0.0910349 -0.0607001
         vertex -0.1011 -0.0839268 -0.0599271
      endloop
   endfacet
   facet normal 1 -6.12323e-17 0
      outer loop
         vertex -0.1011 -0.090519 -0.0630442
         vertex -0.1011 -0.0837432 -0.0607612
         vertex -0.1011 -0.0838577 -0.0603491
      endloop
   endfacet
   facet normal 1 -6.12323e-17 0
      outer loop
         vertex -0.1011 -0.090519 -0.0630442
         vertex -0.1011 -0.0900741 -0.0641608
         vertex -0.1011 -0.0835849 -0.0611586
      endloop
   endfacet
   facet normal 1 -6.12323e-17 0
      outer loop
         vertex -0.1011 -0.0895111 -0.0652226
         vertex -0.1011 -0.0833846 -0.0615364
         vertex -0.1011 -0.0835849 -0.0611586
      endloop
   endfacet
   facet normal 1 -6.12323e-17 0
      outer loop
         vertex -0.1011 -0.0895111 -0.0652226
         vertex -0.1011 -0.0888366 -0.0662174
         vertex -0.1011 -0.0831446 -0.0618904
      endloop
   endfacet
   facet normal 1 -6.12323e-17 0
      outer loop
         vertex -0.1011 -0.0880585 -0.0671335
         vertex -0.1011 -0.0828677 -0.0622164
         vertex -0.1011 -0.0831446 -0.0618904
      endloop
   endfacet
   facet normal 1 -6.12323e-17 0
      outer loop
         vertex -0.1011 -0.0822167 -0.0627694
         vertex -0.1011 -0.0825572 -0.0625105
         vertex -0.1011 -0.087186 -0.06796
      endloop
   endfacet
   facet normal 1 -6.12323e-17 0
      outer loop
         vertex -0.1011 -0.0818502 -0.0629899
         vertex -0.1011 -0.0851993 -0.069307
         vertex -0.1011 -0.0841085 -0.0698116
      endloop
   endfacet
   facet normal 1 -6.12323e-17 0
      outer loop
         vertex -0.1011 -0.0797862 -0.0634442
         vertex -0.1011 -0.0793991 -0.0705837
         vertex -0.1011 -0.0782042 -0.0704538
      endloop
   endfacet
   facet normal 1 -6.12323e-17 0
      outer loop
         vertex -0.1011 -0.0781498 -0.0629899
         vertex -0.1011 -0.078538 -0.0631695
         vertex -0.1011 -0.0758915 -0.0698116
      endloop
   endfacet
   facet normal 1 -6.12323e-17 0
      outer loop
         vertex -0.1011 -0.0748007 -0.069307
         vertex -0.1011 -0.0737708 -0.0686873
         vertex -0.1011 -0.0777833 -0.0627694
      endloop
   endfacet
   facet normal 1 -6.12323e-17 0
      outer loop
         vertex -0.1011 -0.0771323 -0.0622164
         vertex -0.1011 -0.0774428 -0.0625105
         vertex -0.1011 -0.072814 -0.06796
      endloop
   endfacet
   facet normal 1 -6.12323e-17 0
      outer loop
         vertex -0.1011 -0.0719415 -0.0671335
         vertex -0.1011 -0.0711634 -0.0662174
         vertex -0.1011 -0.0768554 -0.0618904
      endloop
   endfacet
   facet normal 1 -6.12323e-17 0
      outer loop
         vertex -0.1011 -0.0704889 -0.0652226
         vertex -0.1011 -0.0766154 -0.0615364
         vertex -0.1011 -0.0768554 -0.0618904
      endloop
   endfacet
   facet normal 1 -6.12323e-17 0
      outer loop
         vertex -0.1011 -0.0704889 -0.0652226
         vertex -0.1011 -0.0699259 -0.0641608
         vertex -0.1011 -0.0764151 -0.0611586
      endloop
   endfacet
   facet normal 1 -6.12323e-17 0
      outer loop
         vertex -0.1011 -0.069481 -0.0630442
         vertex -0.1011 -0.0762568 -0.0607612
         vertex -0.1011 -0.0764151 -0.0611586
      endloop
   endfacet
   facet normal 1 -6.12323e-17 0
      outer loop
         vertex -0.1011 -0.0760732 -0.0599271
         vertex -0.1011 -0.0761423 -0.0603491
         vertex -0.1011 -0.0691595 -0.0618862
      endloop
   endfacet
   facet normal 1 -6.12323e-17 0
      outer loop
         vertex -0.1011 -0.0689 -0.0595
         vertex -0.1011 -0.0689651 -0.0582999
         vertex -0.1011 -0.0760732 -0.0590729
      endloop
   endfacet
   facet normal 1 -6.12323e-17 0
      outer loop
         vertex -0.1011 -0.0761423 -0.0586509
         vertex -0.1011 -0.0691595 -0.0571138
         vertex -0.1011 -0.069481 -0.0559558
      endloop
   endfacet
   facet normal 1 -6.12323e-17 0
      outer loop
         vertex -0.1011 -0.0774428 -0.0564895
         vertex -0.1011 -0.072814 -0.05104
         vertex -0.1011 -0.0737708 -0.0503127
      endloop
   endfacet
   facet normal 1 -6.12323e-17 0
      outer loop
         vertex -0.1011 -0.0825572 -0.0564895
         vertex -0.1011 -0.087186 -0.05104
         vertex -0.1011 -0.0880585 -0.0518665
      endloop
   endfacet
   facet normal 1 -6.12323e-17 0
      outer loop
         vertex -0.1011 -0.0839268 -0.0590729
         vertex -0.1011 -0.0838577 -0.0586509
         vertex -0.1011 -0.0908405 -0.0571138
      endloop
   endfacet
   facet normal 1 -6.12323e-17 0
      outer loop
         vertex -0.1011 -0.0839268 -0.0599271
         vertex -0.1011 -0.08395 -0.0595
         vertex -0.1011 -0.0911 -0.0595
      endloop
   endfacet
   facet normal 1 -6.12323e-17 0
      outer loop
         vertex -0.1011 -0.0908405 -0.0618862
         vertex -0.1011 -0.0838577 -0.0603491
         vertex -0.1011 -0.0839268 -0.0599271
      endloop
   endfacet
   facet normal 1 -6.12323e-17 0
      outer loop
         vertex -0.1011 -0.0835849 -0.0611586
         vertex -0.1011 -0.0837432 -0.0607612
         vertex -0.1011 -0.090519 -0.0630442
      endloop
   endfacet
   facet normal 1 -6.12323e-17 0
      outer loop
         vertex -0.1011 -0.0831446 -0.0618904
         vertex -0.1011 -0.0833846 -0.0615364
         vertex -0.1011 -0.0895111 -0.0652226
      endloop
   endfacet
   facet normal 1 -6.12323e-17 0
      outer loop
         vertex -0.1011 -0.0828677 -0.0622164
         vertex -0.1011 -0.0880585 -0.0671335
         vertex -0.1011 -0.087186 -0.06796
      endloop
   endfacet
   facet normal 1 -6.12323e-17 0
      outer loop
         vertex -0.1011 -0.0810567 -0.063306
         vertex -0.1011 -0.0829696 -0.0701954
         vertex -0.1011 -0.0817958 -0.0704538
      endloop
   endfacet
   facet normal 1 -6.12323e-17 0
      outer loop
         vertex -0.1011 -0.0777833 -0.0627694
         vertex -0.1011 -0.0781498 -0.0629899
         vertex -0.1011 -0.0748007 -0.069307
      endloop
   endfacet
   facet normal 1 -6.12323e-17 0
      outer loop
         vertex -0.1011 -0.0768554 -0.0618904
         vertex -0.1011 -0.0771323 -0.0622164
         vertex -0.1011 -0.0719415 -0.0671335
      endloop
   endfacet
   facet normal 1 -6.12323e-17 0
      outer loop
         vertex -0.1011 -0.0764151 -0.0611586
         vertex -0.1011 -0.0766154 -0.0615364
         vertex -0.1011 -0.0704889 -0.0652226
      endloop
   endfacet
   facet normal 1 -6.12323e-17 0
      outer loop
         vertex -0.1011 -0.0762568 -0.0607612
         vertex -0.1011 -0.069481 -0.0630442
         vertex -0.1011 -0.0691595 -0.0618862
      endloop
   endfacet
   facet normal 1 -6.12323e-17 0
      outer loop
         vertex -0.1011 -0.0689 -0.0595
         vertex -0.1011 -0.07605 -0.0595
         vertex -0.1011 -0.0760732 -0.0599271
      endloop
   endfacet
   facet normal 1 -6.12323e-17 0
      outer loop
         vertex -0.1011 -0.0760732 -0.0590729
         vertex -0.1011 -0.0689651 -0.0582999
         vertex -0.1011 -0.0691595 -0.0571138
      endloop
   endfacet
   facet normal 1 -6.12323e-17 0
      outer loop
         vertex -0.1011 -0.081462 -0.0558305
         vertex -0.1011 -0.0841085 -0.0491884
         vertex -0.1011 -0.0851993 -0.049693
      endloop
   endfacet
   facet normal 1 -6.12323e-17 0
      outer loop
         vertex -0.1011 -0.0839268 -0.0590729
         vertex -0.1011 -0.0910349 -0.0582999
         vertex -0.1011 -0.0911 -0.0595
      endloop
   endfacet
   facet normal 1 -6.12323e-17 0
      outer loop
         vertex -0.1011 -0.0838577 -0.0603491
         vertex -0.1011 -0.0908405 -0.0618862
         vertex -0.1011 -0.090519 -0.0630442
      endloop
   endfacet
   facet normal 1 -6.12323e-17 0
      outer loop
         vertex -0.1011 -0.0831446 -0.0618904
         vertex -0.1011 -0.0888366 -0.0662174
         vertex -0.1011 -0.0880585 -0.0671335
      endloop
   endfacet
   facet normal 1 -6.12323e-17 0
      outer loop
         vertex -0.1011 -0.0789433 -0.063306
         vertex -0.1011 -0.0770304 -0.0701954
         vertex -0.1011 -0.0758915 -0.0698116
      endloop
   endfacet
   facet normal 1 -6.12323e-17 0
      outer loop
         vertex -0.1011 -0.0768554 -0.0618904
         vertex -0.1011 -0.0711634 -0.0662174
         vertex -0.1011 -0.0704889 -0.0652226
      endloop
   endfacet
   facet normal 1 -6.12323e-17 0
      outer loop
         vertex -0.1011 -0.0760732 -0.0599271
         vertex -0.1011 -0.0689651 -0.0607001
         vertex -0.1011 -0.0689 -0.0595
      endloop
   endfacet
   facet normal 1 -6.12323e-17 0
      outer loop
         vertex -0.1011 -0.0764151 -0.0578414
         vertex -0.1011 -0.0699259 -0.0548392
         vertex -0.1011 -0.0704889 -0.0537774
      endloop
   endfacet
   facet normal 1 -6.12323e-17 0
      outer loop
         vertex -0.1011 -0.0839268 -0.0599271
         vertex -0.1011 -0.0910349 -0.0607001
         vertex -0.1011 -0.0908405 -0.0618862
      endloop
   endfacet
   facet normal 1 -6.12323e-17 0
      outer loop
         vertex -0.1011 -0.0822167 -0.0627694
         vertex -0.1011 -0.0862292 -0.0686873
         vertex -0.1011 -0.0851993 -0.069307
      endloop
   endfacet
   facet normal 1 -6.12323e-17 0
      outer loop
         vertex -0.1011 -0.0764151 -0.0611586
         vertex -0.1011 -0.0699259 -0.0641608
         vertex -0.1011 -0.069481 -0.0630442
      endloop
   endfacet
   facet normal 1 -6.12323e-17 0
      outer loop
         vertex -0.1011 -0.0835849 -0.0578414
         vertex -0.1011 -0.0900741 -0.0548392
         vertex -0.1011 -0.090519 -0.0559558
      endloop
   endfacet
   facet normal 1 -6.12323e-17 0
      outer loop
         vertex -0.1011 -0.0777833 -0.0627694
         vertex -0.1011 -0.0737708 -0.0686873
         vertex -0.1011 -0.072814 -0.06796
      endloop
   endfacet
   facet normal 1 -6.12323e-17 0
      outer loop
         vertex -0.1011 -0.0835849 -0.0611586
         vertex -0.1011 -0.0900741 -0.0641608
         vertex -0.1011 -0.0895111 -0.0652226
      endloop
   endfacet
   facet normal 1 -6.12323e-17 0
      outer loop
         vertex -0.1011 -0.0760732 -0.0590729
         vertex -0.1011 -0.07605 -0.0595
         vertex -0.1011 -0.0689 -0.0595
      endloop
   endfacet
   facet normal 6.08734e-17 0.994138 0.108119
      outer loop
         vertex -0.1115 -0.0839268 -0.0599271
         vertex -0.1115 -0.08395 -0.0595
         vertex -0.1011 -0.08395 -0.0595
      endloop
   endfacet
   facet normal 5.98008e-17 0.976621 0.21497
      outer loop
         vertex -0.1115 -0.0838577 -0.0603491
         vertex -0.1115 -0.0839268 -0.0599271
         vertex -0.1011 -0.0839268 -0.0599271
      endloop
   endfacet
   facet normal 5.8027e-17 0.947653 0.319302
      outer loop
         vertex -0.1115 -0.0837432 -0.0607612
         vertex -0.1115 -0.0838577 -0.0603491
         vertex -0.1011 -0.0838577 -0.0603491
      endloop
   endfacet
   facet normal 5.5573e-17 0.907575 0.419889
      outer loop
         vertex -0.1115 -0.0835849 -0.0611586
         vertex -0.1115 -0.0837432 -0.0607612
         vertex -0.1011 -0.0837432 -0.0607612
      endloop
   endfacet
   facet normal 5.24674e-17 0.856857 0.515554
      outer loop
         vertex -0.1115 -0.0833846 -0.0615364
         vertex -0.1115 -0.0835849 -0.0611586
         vertex -0.1011 -0.0835849 -0.0611586
      endloop
   endfacet
   facet normal 4.87466e-17 0.796093 0.605174
      outer loop
         vertex -0.1115 -0.0831446 -0.0618904
         vertex -0.1115 -0.0833846 -0.0615364
         vertex -0.1011 -0.0833846 -0.0615364
      endloop
   endfacet
   facet normal 4.44544e-17 0.725995 0.687699
      outer loop
         vertex -0.1115 -0.0828677 -0.0622164
         vertex -0.1115 -0.0831446 -0.0618904
         vertex -0.1011 -0.0831446 -0.0618904
      endloop
   endfacet
   facet normal 3.9641e-17 0.647386 0.762162
      outer loop
         vertex -0.1115 -0.0825572 -0.0625105
         vertex -0.1115 -0.0828677 -0.0622164
         vertex -0.1011 -0.0828677 -0.0622164
      endloop
   endfacet
   facet normal 3.43628e-17 0.561187 0.827689
      outer loop
         vertex -0.1115 -0.0822167 -0.0627694
         vertex -0.1115 -0.0825572 -0.0625105
         vertex -0.1011 -0.0825572 -0.0625105
      endloop
   endfacet
   facet normal 2.86817e-17 0.468408 0.883512
      outer loop
         vertex -0.1115 -0.0818502 -0.0629899
         vertex -0.1115 -0.0822167 -0.0627694
         vertex -0.1011 -0.0822167 -0.0627694
      endloop
   endfacet
   facet normal 2.26644e-17 0.370138 0.928977
      outer loop
         vertex -0.1115 -0.081462 -0.0631695
         vertex -0.1115 -0.0818502 -0.0629899
         vertex -0.1011 -0.0818502 -0.0629899
      endloop
   endfacet
   facet normal 1.63814e-17 0.267528 0.96355
      outer loop
         vertex -0.1115 -0.0810567 -0.063306
         vertex -0.1115 -0.081462 -0.0631695
         vertex -0.1011 -0.081462 -0.0631695
      endloop
   endfacet
   facet normal 9.90629e-18 0.161782 0.986827
      outer loop
         vertex -0.1115 -0.080639 -0.063398
         vertex -0.1115 -0.0810567 -0.063306
         vertex -0.1011 -0.0810567 -0.063306
      endloop
   endfacet
   facet normal 3.31505e-18 0.0541389 0.998533
      outer loop
         vertex -0.1115 -0.0802138 -0.0634442
         vertex -0.1115 -0.080639 -0.063398
         vertex -0.1011 -0.080639 -0.063398
      endloop
   endfacet
   facet normal -3.31505e-18 -0.0541389 0.998533
      outer loop
         vertex -0.1115 -0.0797862 -0.0634442
         vertex -0.1115 -0.0802138 -0.0634442
         vertex -0.1011 -0.0802138 -0.0634442
      endloop
   endfacet
   facet normal -9.90629e-18 -0.161782 0.986827
      outer loop
         vertex -0.1115 -0.079361 -0.063398
         vertex -0.1115 -0.0797862 -0.0634442
         vertex -0.1011 -0.0797862 -0.0634442
      endloop
   endfacet
   facet normal -1.63814e-17 -0.267528 0.96355
      outer loop
         vertex -0.1115 -0.0789433 -0.063306
         vertex -0.1115 -0.079361 -0.063398
         vertex -0.1011 -0.079361 -0.063398
      endloop
   endfacet
   facet normal -2.26644e-17 -0.370138 0.928977
      outer loop
         vertex -0.1115 -0.078538 -0.0631695
         vertex -0.1115 -0.0789433 -0.063306
         vertex -0.1011 -0.0789433 -0.063306
      endloop
   endfacet
   facet normal -2.86817e-17 -0.468408 0.883512
      outer loop
         vertex -0.1115 -0.0781498 -0.0629899
         vertex -0.1115 -0.078538 -0.0631695
         vertex -0.1011 -0.078538 -0.0631695
      endloop
   endfacet
   facet normal -3.43628e-17 -0.561187 0.827689
      outer loop
         vertex -0.1115 -0.0777833 -0.0627694
         vertex -0.1115 -0.0781498 -0.0629899
         vertex -0.1011 -0.0781498 -0.0629899
      endloop
   endfacet
   facet normal -3.9641e-17 -0.647386 0.762162
      outer loop
         vertex -0.1115 -0.0774428 -0.0625105
         vertex -0.1115 -0.0777833 -0.0627694
         vertex -0.1011 -0.0777833 -0.0627694
      endloop
   endfacet
   facet normal -4.44544e-17 -0.725995 0.687699
      outer loop
         vertex -0.1115 -0.0771323 -0.0622164
         vertex -0.1115 -0.0774428 -0.0625105
         vertex -0.1011 -0.0774428 -0.0625105
      endloop
   endfacet
   facet normal -4.87466e-17 -0.796093 0.605174
      outer loop
         vertex -0.1115 -0.0768554 -0.0618904
         vertex -0.1115 -0.0771323 -0.0622164
         vertex -0.1011 -0.0771323 -0.0622164
      endloop
   endfacet
   facet normal -5.24674e-17 -0.856857 0.515554
      outer loop
         vertex -0.1115 -0.0766154 -0.0615364
         vertex -0.1115 -0.0768554 -0.0618904
         vertex -0.1011 -0.0768554 -0.0618904
      endloop
   endfacet
   facet normal -5.5573e-17 -0.907575 0.419889
      outer loop
         vertex -0.1115 -0.0764151 -0.0611586
         vertex -0.1115 -0.0766154 -0.0615364
         vertex -0.1011 -0.0766154 -0.0615364
      endloop
   endfacet
   facet normal -5.8027e-17 -0.947653 0.319302
      outer loop
         vertex -0.1115 -0.0762568 -0.0607612
         vertex -0.1115 -0.0764151 -0.0611586
         vertex -0.1011 -0.0764151 -0.0611586
      endloop
   endfacet
   facet normal -5.98008e-17 -0.976621 0.21497
      outer loop
         vertex -0.1115 -0.0761423 -0.0603491
         vertex -0.1115 -0.0762568 -0.0607612
         vertex -0.1011 -0.0762568 -0.0607612
      endloop
   endfacet
   facet normal -6.08734e-17 -0.994138 0.108119
      outer loop
         vertex -0.1115 -0.0760732 -0.0599271
         vertex -0.1115 -0.0761423 -0.0603491
         vertex -0.1011 -0.0761423 -0.0603491
      endloop
   endfacet
   facet normal -6.12323e-17 -1 -1.22465e-16
      outer loop
         vertex -0.1115 -0.07605 -0.0595
         vertex -0.1115 -0.0760732 -0.0599271
         vertex -0.1011 -0.0760732 -0.0599271
      endloop
   endfacet
   facet normal -6.08734e-17 -0.994138 -0.108119
      outer loop
         vertex -0.1115 -0.0760732 -0.0590729
         vertex -0.1115 -0.07605 -0.0595
         vertex -0.1011 -0.07605 -0.0595
      endloop
   endfacet
   facet normal -5.98008e-17 -0.976621 -0.21497
      outer loop
         vertex -0.1115 -0.0761423 -0.0586509
         vertex -0.1115 -0.0760732 -0.0590729
         vertex -0.1011 -0.0760732 -0.0590729
      endloop
   endfacet
   facet normal -5.8027e-17 -0.947653 -0.319302
      outer loop
         vertex -0.1115 -0.0762568 -0.0582388
         vertex -0.1115 -0.0761423 -0.0586509
         vertex -0.1011 -0.0761423 -0.0586509
      endloop
   endfacet
   facet normal -5.5573e-17 -0.907575 -0.419889
      outer loop
         vertex -0.1115 -0.0764151 -0.0578414
         vertex -0.1115 -0.0762568 -0.0582388
         vertex -0.1011 -0.0762568 -0.0582388
      endloop
   endfacet
   facet normal -5.24674e-17 -0.856857 -0.515554
      outer loop
         vertex -0.1115 -0.0766154 -0.0574636
         vertex -0.1115 -0.0764151 -0.0578414
         vertex -0.1011 -0.0764151 -0.0578414
      endloop
   endfacet
   facet normal -4.87466e-17 -0.796093 -0.605174
      outer loop
         vertex -0.1115 -0.0768554 -0.0571096
         vertex -0.1115 -0.0766154 -0.0574636
         vertex -0.1011 -0.0766154 -0.0574636
      endloop
   endfacet
   facet normal -4.44544e-17 -0.725995 -0.687699
      outer loop
         vertex -0.1115 -0.0771323 -0.0567836
         vertex -0.1115 -0.0768554 -0.0571096
         vertex -0.1011 -0.0768554 -0.0571096
      endloop
   endfacet
   facet normal -3.9641e-17 -0.647386 -0.762162
      outer loop
         vertex -0.1115 -0.0774428 -0.0564895
         vertex -0.1115 -0.0771323 -0.0567836
         vertex -0.1011 -0.0771323 -0.0567836
      endloop
   endfacet
   facet normal -3.43628e-17 -0.561187 -0.827689
      outer loop
         vertex -0.1115 -0.0777833 -0.0562306
         vertex -0.1115 -0.0774428 -0.0564895
         vertex -0.1011 -0.0774428 -0.0564895
      endloop
   endfacet
   facet normal -2.86817e-17 -0.468408 -0.883512
      outer loop
         vertex -0.1115 -0.0781498 -0.0560101
         vertex -0.1115 -0.0777833 -0.0562306
         vertex -0.1011 -0.0777833 -0.0562306
      endloop
   endfacet
   facet normal -2.26644e-17 -0.370138 -0.928977
      outer loop
         vertex -0.1115 -0.078538 -0.0558305
         vertex -0.1115 -0.0781498 -0.0560101
         vertex -0.1011 -0.0781498 -0.0560101
      endloop
   endfacet
   facet normal -1.63814e-17 -0.267528 -0.96355
      outer loop
         vertex -0.1115 -0.0789433 -0.055694
         vertex -0.1115 -0.078538 -0.0558305
         vertex -0.1011 -0.078538 -0.0558305
      endloop
   endfacet
   facet normal -9.90629e-18 -0.161782 -0.986827
      outer loop
         vertex -0.1115 -0.079361 -0.055602
         vertex -0.1115 -0.0789433 -0.055694
         vertex -0.1011 -0.0789433 -0.055694
      endloop
   endfacet
   facet normal -3.31505e-18 -0.0541389 -0.998533
      outer loop
         vertex -0.1115 -0.0797862 -0.0555558
         vertex -0.1115 -0.079361 -0.055602
         vertex -0.1011 -0.079361 -0.055602
      endloop
   endfacet
   facet normal 3.31505e-18 0.0541389 -0.998533
      outer loop
         vertex -0.1115 -0.0802138 -0.0555558
         vertex -0.1115 -0.0797862 -0.0555558
         vertex -0.1011 -0.0797862 -0.0555558
      endloop
   endfacet
   facet normal 9.90629e-18 0.161782 -0.986827
      outer loop
         vertex -0.1115 -0.080639 -0.055602
         vertex -0.1115 -0.0802138 -0.0555558
         vertex -0.1011 -0.0802138 -0.0555558
      endloop
   endfacet
   facet normal 1.63814e-17 0.267528 -0.96355
      outer loop
         vertex -0.1115 -0.0810567 -0.055694
         vertex -0.1115 -0.080639 -0.055602
         vertex -0.1011 -0.080639 -0.055602
      endloop
   endfacet
   facet normal 2.26644e-17 0.370138 -0.928977
      outer loop
         vertex -0.1115 -0.081462 -0.0558305
         vertex -0.1115 -0.0810567 -0.055694
         vertex -0.1011 -0.0810567 -0.055694
      endloop
   endfacet
   facet normal 2.86817e-17 0.468408 -0.883512
      outer loop
         vertex -0.1115 -0.0818502 -0.0560101
         vertex -0.1115 -0.081462 -0.0558305
         vertex -0.1011 -0.081462 -0.0558305
      endloop
   endfacet
   facet normal 3.43628e-17 0.561187 -0.827689
      outer loop
         vertex -0.1115 -0.0822167 -0.0562306
         vertex -0.1115 -0.0818502 -0.0560101
         vertex -0.1011 -0.0818502 -0.0560101
      endloop
   endfacet
   facet normal 3.9641e-17 0.647386 -0.762162
      outer loop
         vertex -0.1115 -0.0825572 -0.0564895
         vertex -0.1115 -0.0822167 -0.0562306
         vertex -0.1011 -0.0822167 -0.0562306
      endloop
   endfacet
   facet normal 4.44544e-17 0.725995 -0.687699
      outer loop
         vertex -0.1115 -0.0828677 -0.0567836
         vertex -0.1115 -0.0825572 -0.0564895
         vertex -0.1011 -0.0825572 -0.0564895
      endloop
   endfacet
   facet normal 4.87466e-17 0.796093 -0.605174
      outer loop
         vertex -0.1115 -0.0831446 -0.0571096
         vertex -0.1115 -0.0828677 -0.0567836
         vertex -0.1011 -0.0828677 -0.0567836
      endloop
   endfacet
   facet normal 5.24674e-17 0.856857 -0.515554
      outer loop
         vertex -0.1115 -0.0833846 -0.0574636
         vertex -0.1115 -0.0831446 -0.0571096
         vertex -0.1011 -0.0831446 -0.0571096
      endloop
   endfacet
   facet normal 5.5573e-17 0.907575 -0.419889
      outer loop
         vertex -0.1115 -0.0835849 -0.0578414
         vertex -0.1115 -0.0833846 -0.0574636
         vertex -0.1011 -0.0833846 -0.0574636
      endloop
   endfacet
   facet normal 5.8027e-17 0.947653 -0.319302
      outer loop
         vertex -0.1115 -0.0837432 -0.0582388
         vertex -0.1115 -0.0835849 -0.0578414
         vertex -0.1011 -0.0835849 -0.0578414
      endloop
   endfacet
   facet normal 5.98008e-17 0.976621 -0.21497
      outer loop
         vertex -0.1115 -0.0838577 -0.0586509
         vertex -0.1115 -0.0837432 -0.0582388
         vertex -0.1011 -0.0837432 -0.0582388
      endloop
   endfacet
   facet normal 6.08734e-17 0.994138 -0.108119
      outer loop
         vertex -0.1115 -0.0839268 -0.0590729
         vertex -0.1115 -0.0838577 -0.0586509
         vertex -0.1011 -0.0838577 -0.0586509
      endloop
   endfacet
   facet normal 6.12323e-17 1 2.44929e-16
      outer loop
         vertex -0.1115 -0.08395 -0.0595
         vertex -0.1115 -0.0839268 -0.0590729
         vertex -0.1011 -0.0839268 -0.0590729
      endloop
   endfacet
   facet normal 6.08734e-17 0.994138 -0.108119
      outer loop
         vertex -0.1011 -0.0839268 -0.0590729
         vertex -0.1011 -0.08395 -0.0595
         vertex -0.1115 -0.08395 -0.0595
      endloop
   endfacet
   facet normal 5.98008e-17 0.976621 -0.21497
      outer loop
         vertex -0.1011 -0.0838577 -0.0586509
         vertex -0.1011 -0.0839268 -0.0590729
         vertex -0.1115 -0.0839268 -0.0590729
      endloop
   endfacet
   facet normal 5.8027e-17 0.947653 -0.319302
      outer loop
         vertex -0.1011 -0.0837432 -0.0582388
         vertex -0.1011 -0.0838577 -0.0586509
         vertex -0.1115 -0.0838577 -0.0586509
      endloop
   endfacet
   facet normal 5.5573e-17 0.907575 -0.419889
      outer loop
         vertex -0.1011 -0.0835849 -0.0578414
         vertex -0.1011 -0.0837432 -0.0582388
         vertex -0.1115 -0.0837432 -0.0582388
      endloop
   endfacet
   facet normal 5.24674e-17 0.856857 -0.515554
      outer loop
         vertex -0.1011 -0.0833846 -0.0574636
         vertex -0.1011 -0.0835849 -0.0578414
         vertex -0.1115 -0.0835849 -0.0578414
      endloop
   endfacet
   facet normal 4.87466e-17 0.796093 -0.605174
      outer loop
         vertex -0.1011 -0.0831446 -0.0571096
         vertex -0.1011 -0.0833846 -0.0574636
         vertex -0.1115 -0.0833846 -0.0574636
      endloop
   endfacet
   facet normal 4.44544e-17 0.725995 -0.687699
      outer loop
         vertex -0.1011 -0.0828677 -0.0567836
         vertex -0.1011 -0.0831446 -0.0571096
         vertex -0.1115 -0.0831446 -0.0571096
      endloop
   endfacet
   facet normal 3.9641e-17 0.647386 -0.762162
      outer loop
         vertex -0.1011 -0.0825572 -0.0564895
         vertex -0.1011 -0.0828677 -0.0567836
         vertex -0.1115 -0.0828677 -0.0567836
      endloop
   endfacet
   facet normal 3.43628e-17 0.561187 -0.827689
      outer loop
         vertex -0.1011 -0.0822167 -0.0562306
         vertex -0.1011 -0.0825572 -0.0564895
         vertex -0.1115 -0.0825572 -0.0564895
      endloop
   endfacet
   facet normal 2.86817e-17 0.468408 -0.883512
      outer loop
         vertex -0.1011 -0.0818502 -0.0560101
         vertex -0.1011 -0.0822167 -0.0562306
         vertex -0.1115 -0.0822167 -0.0562306
      endloop
   endfacet
   facet normal 2.26644e-17 0.370138 -0.928977
      outer loop
         vertex -0.1011 -0.081462 -0.0558305
         vertex -0.1011 -0.0818502 -0.0560101
         vertex -0.1115 -0.0818502 -0.0560101
      endloop
   endfacet
   facet normal 1.63814e-17 0.267528 -0.96355
      outer loop
         vertex -0.1011 -0.0810567 -0.055694
         vertex -0.1011 -0.081462 -0.0558305
         vertex -0.1115 -0.081462 -0.0558305
      endloop
   endfacet
   facet normal 9.90629e-18 0.161782 -0.986827
      outer loop
         vertex -0.1011 -0.080639 -0.055602
         vertex -0.1011 -0.0810567 -0.055694
         vertex -0.1115 -0.0810567 -0.055694
      endloop
   endfacet
   facet normal 3.31505e-18 0.0541389 -0.998533
      outer loop
         vertex -0.1011 -0.0802138 -0.0555558
         vertex -0.1011 -0.080639 -0.055602
         vertex -0.1115 -0.080639 -0.055602
      endloop
   endfacet
   facet normal -3.31505e-18 -0.0541389 -0.998533
      outer loop
         vertex -0.1011 -0.0797862 -0.0555558
         vertex -0.1011 -0.0802138 -0.0555558
         vertex -0.1115 -0.0802138 -0.0555558
      endloop
   endfacet
   facet normal -9.90629e-18 -0.161782 -0.986827
      outer loop
         vertex -0.1011 -0.079361 -0.055602
         vertex -0.1011 -0.0797862 -0.0555558
         vertex -0.1115 -0.0797862 -0.0555558
      endloop
   endfacet
   facet normal -1.63814e-17 -0.267528 -0.96355
      outer loop
         vertex -0.1011 -0.0789433 -0.055694
         vertex -0.1011 -0.079361 -0.055602
         vertex -0.1115 -0.079361 -0.055602
      endloop
   endfacet
   facet normal -2.26644e-17 -0.370138 -0.928977
      outer loop
         vertex -0.1011 -0.078538 -0.0558305
         vertex -0.1011 -0.0789433 -0.055694
         vertex -0.1115 -0.0789433 -0.055694
      endloop
   endfacet
   facet normal -2.86817e-17 -0.468408 -0.883512
      outer loop
         vertex -0.1011 -0.0781498 -0.0560101
         vertex -0.1011 -0.078538 -0.0558305
         vertex -0.1115 -0.078538 -0.0558305
      endloop
   endfacet
   facet normal -3.43628e-17 -0.561187 -0.827689
      outer loop
         vertex -0.1011 -0.0777833 -0.0562306
         vertex -0.1011 -0.0781498 -0.0560101
         vertex -0.1115 -0.0781498 -0.0560101
      endloop
   endfacet
   facet normal -3.9641e-17 -0.647386 -0.762162
      outer loop
         vertex -0.1011 -0.0774428 -0.0564895
         vertex -0.1011 -0.0777833 -0.0562306
         vertex -0.1115 -0.0777833 -0.0562306
      endloop
   endfacet
   facet normal -4.44544e-17 -0.725995 -0.687699
      outer loop
         vertex -0.1011 -0.0771323 -0.0567836
         vertex -0.1011 -0.0774428 -0.0564895
         vertex -0.1115 -0.0774428 -0.0564895
      endloop
   endfacet
   facet normal -4.87466e-17 -0.796093 -0.605174
      outer loop
         vertex -0.1011 -0.0768554 -0.0571096
         vertex -0.1011 -0.0771323 -0.0567836
         vertex -0.1115 -0.0771323 -0.0567836
      endloop
   endfacet
   facet normal -5.24674e-17 -0.856857 -0.515554
      outer loop
         vertex -0.1011 -0.0766154 -0.0574636
         vertex -0.1011 -0.0768554 -0.0571096
         vertex -0.1115 -0.0768554 -0.0571096
      endloop
   endfacet
   facet normal -5.5573e-17 -0.907575 -0.419889
      outer loop
         vertex -0.1011 -0.0764151 -0.0578414
         vertex -0.1011 -0.0766154 -0.0574636
         vertex -0.1115 -0.0766154 -0.0574636
      endloop
   endfacet
   facet normal -5.8027e-17 -0.947653 -0.319302
      outer loop
         vertex -0.1011 -0.0762568 -0.0582388
         vertex -0.1011 -0.0764151 -0.0578414
         vertex -0.1115 -0.0764151 -0.0578414
      endloop
   endfacet
   facet normal -5.98008e-17 -0.976621 -0.21497
      outer loop
         vertex -0.1011 -0.0761423 -0.0586509
         vertex -0.1011 -0.0762568 -0.0582388
         vertex -0.1115 -0.0762568 -0.0582388
      endloop
   endfacet
   facet normal -6.08734e-17 -0.994138 -0.108119
      outer loop
         vertex -0.1011 -0.0760732 -0.0590729
         vertex -0.1011 -0.0761423 -0.0586509
         vertex -0.1115 -0.0761423 -0.0586509
      endloop
   endfacet
   facet normal -6.12323e-17 -1 -1.22465e-16
      outer loop
         vertex -0.1011 -0.07605 -0.0595
         vertex -0.1011 -0.0760732 -0.0590729
         vertex -0.1115 -0.0760732 -0.0590729
      endloop
   endfacet
   facet normal -6.08734e-17 -0.994138 0.108119
      outer loop
         vertex -0.1011 -0.0760732 -0.0599271
         vertex -0.1011 -0.07605 -0.0595
         vertex -0.1115 -0.07605 -0.0595
      endloop
   endfacet
   facet normal -5.98008e-17 -0.976621 0.21497
      outer loop
         vertex -0.1011 -0.0761423 -0.0603491
         vertex -0.1011 -0.0760732 -0.0599271
         vertex -0.1115 -0.0760732 -0.0599271
      endloop
   endfacet
   facet normal -5.8027e-17 -0.947653 0.319302
      outer loop
         vertex -0.1011 -0.0762568 -0.0607612
         vertex -0.1011 -0.0761423 -0.0603491
         vertex -0.1115 -0.0761423 -0.0603491
      endloop
   endfacet
   facet normal -5.5573e-17 -0.907575 0.419889
      outer loop
         vertex -0.1011 -0.0764151 -0.0611586
         vertex -0.1011 -0.0762568 -0.0607612
         vertex -0.1115 -0.0762568 -0.0607612
      endloop
   endfacet
   facet normal -5.24674e-17 -0.856857 0.515554
      outer loop
         vertex -0.1011 -0.0766154 -0.0615364
         vertex -0.1011 -0.0764151 -0.0611586
         vertex -0.1115 -0.0764151 -0.0611586
      endloop
   endfacet
   facet normal -4.87466e-17 -0.796093 0.605174
      outer loop
         vertex -0.1011 -0.0768554 -0.0618904
         vertex -0.1011 -0.0766154 -0.0615364
         vertex -0.1115 -0.0766154 -0.0615364
      endloop
   endfacet
   facet normal -4.44544e-17 -0.725995 0.687699
      outer loop
         vertex -0.1011 -0.0771323 -0.0622164
         vertex -0.1011 -0.0768554 -0.0618904
         vertex -0.1115 -0.0768554 -0.0618904
      endloop
   endfacet
   facet normal -3.9641e-17 -0.647386 0.762162
      outer loop
         vertex -0.1011 -0.0774428 -0.0625105
         vertex -0.1011 -0.0771323 -0.0622164
         vertex -0.1115 -0.0771323 -0.0622164
      endloop
   endfacet
   facet normal -3.43628e-17 -0.561187 0.827689
      outer loop
         vertex -0.1011 -0.0777833 -0.0627694
         vertex -0.1011 -0.0774428 -0.0625105
         vertex -0.1115 -0.0774428 -0.0625105
      endloop
   endfacet
   facet normal -2.86817e-17 -0.468408 0.883512
      outer loop
         vertex -0.1011 -0.0781498 -0.0629899
         vertex -0.1011 -0.0777833 -0.0627694
         vertex -0.1115 -0.0777833 -0.0627694
      endloop
   endfacet
   facet normal -2.26644e-17 -0.370138 0.928977
      outer loop
         vertex -0.1011 -0.078538 -0.0631695
         vertex -0.1011 -0.0781498 -0.0629899
         vertex -0.1115 -0.0781498 -0.0629899
      endloop
   endfacet
   facet normal -1.63814e-17 -0.267528 0.96355
      outer loop
         vertex -0.1011 -0.0789433 -0.063306
         vertex -0.1011 -0.078538 -0.0631695
         vertex -0.1115 -0.078538 -0.0631695
      endloop
   endfacet
   facet normal -9.90629e-18 -0.161782 0.986827
      outer loop
         vertex -0.1011 -0.079361 -0.063398
         vertex -0.1011 -0.0789433 -0.063306
         vertex -0.1115 -0.0789433 -0.063306
      endloop
   endfacet
   facet normal -3.31505e-18 -0.0541389 0.998533
      outer loop
         vertex -0.1011 -0.0797862 -0.0634442
         vertex -0.1011 -0.079361 -0.063398
         vertex -0.1115 -0.079361 -0.063398
      endloop
   endfacet
   facet normal 3.31505e-18 0.0541389 0.998533
      outer loop
         vertex -0.1011 -0.0802138 -0.0634442
         vertex -0.1011 -0.0797862 -0.0634442
         vertex -0.1115 -0.0797862 -0.0634442
      endloop
   endfacet
   facet normal 9.90629e-18 0.161782 0.986827
      outer loop
         vertex -0.1011 -0.080639 -0.063398
         vertex -0.1011 -0.0802138 -0.0634442
         vertex -0.1115 -0.0802138 -0.0634442
      endloop
   endfacet
   facet normal 1.63814e-17 0.267528 0.96355
      outer loop
         vertex -0.1011 -0.0810567 -0.063306
         vertex -0.1011 -0.080639 -0.063398
         vertex -0.1115 -0.080639 -0.063398
      endloop
   endfacet
   facet normal 2.26644e-17 0.370138 0.928977
      outer loop
         vertex -0.1011 -0.081462 -0.0631695
         vertex -0.1011 -0.0810567 -0.063306
         vertex -0.1115 -0.0810567 -0.063306
      endloop
   endfacet
   facet normal 2.86817e-17 0.468408 0.883512
      outer loop
         vertex -0.1011 -0.0818502 -0.0629899
         vertex -0.1011 -0.081462 -0.0631695
         vertex -0.1115 -0.081462 -0.0631695
      endloop
   endfacet
   facet normal 3.43628e-17 0.561187 0.827689
      outer loop
         vertex -0.1011 -0.0822167 -0.0627694
         vertex -0.1011 -0.0818502 -0.0629899
         vertex -0.1115 -0.0818502 -0.0629899
      endloop
   endfacet
   facet normal 3.9641e-17 0.647386 0.762162
      outer loop
         vertex -0.1011 -0.0825572 -0.0625105
         vertex -0.1011 -0.0822167 -0.0627694
         vertex -0.1115 -0.0822167 -0.0627694
      endloop
   endfacet
   facet normal 4.44544e-17 0.725995 0.687699
      outer loop
         vertex -0.1011 -0.0828677 -0.0622164
         vertex -0.1011 -0.0825572 -0.0625105
         vertex -0.1115 -0.0825572 -0.0625105
      endloop
   endfacet
   facet normal 4.87466e-17 0.796093 0.605174
      outer loop
         vertex -0.1011 -0.0831446 -0.0618904
         vertex -0.1011 -0.0828677 -0.0622164
         vertex -0.1115 -0.0828677 -0.0622164
      endloop
   endfacet
   facet normal 5.24674e-17 0.856857 0.515554
      outer loop
         vertex -0.1011 -0.0833846 -0.0615364
         vertex -0.1011 -0.0831446 -0.0618904
         vertex -0.1115 -0.0831446 -0.0618904
      endloop
   endfacet
   facet normal 5.5573e-17 0.907575 0.419889
      outer loop
         vertex -0.1011 -0.0835849 -0.0611586
         vertex -0.1011 -0.0833846 -0.0615364
         vertex -0.1115 -0.0833846 -0.0615364
      endloop
   endfacet
   facet normal 5.8027e-17 0.947653 0.319302
      outer loop
         vertex -0.1011 -0.0837432 -0.0607612
         vertex -0.1011 -0.0835849 -0.0611586
         vertex -0.1115 -0.0835849 -0.0611586
      endloop
   endfacet
   facet normal 5.98008e-17 0.976621 0.21497
      outer loop
         vertex -0.1011 -0.0838577 -0.0603491
         vertex -0.1011 -0.0837432 -0.0607612
         vertex -0.1115 -0.0837432 -0.0607612
      endloop
   endfacet
   facet normal 6.08734e-17 0.994138 0.108119
      outer loop
         vertex -0.1011 -0.0839268 -0.0599271
         vertex -0.1011 -0.0838577 -0.0603491
         vertex -0.1115 -0.0838577 -0.0603491
      endloop
   endfacet
   facet normal 6.12323e-17 1 2.44929e-16
      outer loop
         vertex -0.1011 -0.08395 -0.0595
         vertex -0.1011 -0.0839268 -0.0599271
         vertex -0.1115 -0.0839268 -0.0599271
      endloop
   endfacet
   facet normal -1 6.12323e-17 0
      outer loop
         vertex -0.1115 -0.0817958 -0.0485462
         vertex -0.1115 -0.0806009 -0.0484163
         vertex -0.1115 -0.0802138 -0.0555558
      endloop
   endfacet
   facet normal -1 6.12323e-17 0
      outer loop
         vertex -0.1115 -0.0806009 -0.0484163
         vertex -0.1115 -0.0793991 -0.0484163
         vertex -0.1115 -0.0797862 -0.0555558
      endloop
   endfacet
   facet normal -1 6.12323e-17 0
      outer loop
         vertex -0.1115 -0.0782042 -0.0485462
         vertex -0.1115 -0.079361 -0.055602
         vertex -0.1115 -0.0797862 -0.0555558
      endloop
   endfacet
   facet normal -1 6.12323e-17 0
      outer loop
         vertex -0.1115 -0.0782042 -0.0485462
         vertex -0.1115 -0.0770304 -0.0488046
         vertex -0.1115 -0.0789433 -0.055694
      endloop
   endfacet
   facet normal -1 6.12323e-17 0
      outer loop
         vertex -0.1115 -0.0748007 -0.049693
         vertex -0.1115 -0.0781498 -0.0560101
         vertex -0.1115 -0.078538 -0.0558305
      endloop
   endfacet
   facet normal -1 6.12323e-17 0
      outer loop
         vertex -0.1115 -0.0748007 -0.049693
         vertex -0.1115 -0.0737708 -0.0503127
         vertex -0.1115 -0.0777833 -0.0562306
      endloop
   endfacet
   facet normal -1 6.12323e-17 0
      outer loop
         vertex -0.1115 -0.069481 -0.0559558
         vertex -0.1115 -0.0762568 -0.0582388
         vertex -0.1115 -0.0764151 -0.0578414
      endloop
   endfacet
   facet normal -1 6.12323e-17 0
      outer loop
         vertex -0.1115 -0.069481 -0.0559558
         vertex -0.1115 -0.0691595 -0.0571138
         vertex -0.1115 -0.0761423 -0.0586509
      endloop
   endfacet
   facet normal -1 6.12323e-17 0
      outer loop
         vertex -0.1115 -0.0782042 -0.0704538
         vertex -0.1115 -0.079361 -0.063398
         vertex -0.1115 -0.0789433 -0.063306
      endloop
   endfacet
   facet normal -1 6.12323e-17 0
      outer loop
         vertex -0.1115 -0.0782042 -0.0704538
         vertex -0.1115 -0.0793991 -0.0705837
         vertex -0.1115 -0.0797862 -0.0634442
      endloop
   endfacet
   facet normal -1 6.12323e-17 0
      outer loop
         vertex -0.1115 -0.0829696 -0.0488046
         vertex -0.1115 -0.0810567 -0.055694
         vertex -0.1115 -0.081462 -0.0558305
      endloop
   endfacet
   facet normal -1 6.12323e-17 0
      outer loop
         vertex -0.1115 -0.0829696 -0.0488046
         vertex -0.1115 -0.0817958 -0.0485462
         vertex -0.1115 -0.080639 -0.055602
      endloop
   endfacet
   facet normal -1 6.12323e-17 0
      outer loop
         vertex -0.1115 -0.0797862 -0.0555558
         vertex -0.1115 -0.0802138 -0.0555558
         vertex -0.1115 -0.0806009 -0.0484163
      endloop
   endfacet
   facet normal -1 6.12323e-17 0
      outer loop
         vertex -0.1115 -0.0789433 -0.055694
         vertex -0.1115 -0.079361 -0.055602
         vertex -0.1115 -0.0782042 -0.0485462
      endloop
   endfacet
   facet normal -1 6.12323e-17 0
      outer loop
         vertex -0.1115 -0.0777833 -0.0562306
         vertex -0.1115 -0.0781498 -0.0560101
         vertex -0.1115 -0.0748007 -0.049693
      endloop
   endfacet
   facet normal -1 6.12323e-17 0
      outer loop
         vertex -0.1115 -0.0737708 -0.0503127
         vertex -0.1115 -0.072814 -0.05104
         vertex -0.1115 -0.0774428 -0.0564895
      endloop
   endfacet
   facet normal -1 6.12323e-17 0
      outer loop
         vertex -0.1115 -0.0761423 -0.0586509
         vertex -0.1115 -0.0762568 -0.0582388
         vertex -0.1115 -0.069481 -0.0559558
      endloop
   endfacet
   facet normal -1 6.12323e-17 0
      outer loop
         vertex -0.1115 -0.0691595 -0.0571138
         vertex -0.1115 -0.0689651 -0.0582999
         vertex -0.1115 -0.0760732 -0.0590729
      endloop
   endfacet
   facet normal -1 6.12323e-17 0
      outer loop
         vertex -0.1115 -0.0689 -0.0595
         vertex -0.1115 -0.07605 -0.0595
         vertex -0.1115 -0.0760732 -0.0590729
      endloop
   endfacet
   facet normal -1 6.12323e-17 0
      outer loop
         vertex -0.1115 -0.0689 -0.0595
         vertex -0.1115 -0.0689651 -0.0607001
         vertex -0.1115 -0.0760732 -0.0599271
      endloop
   endfacet
   facet normal -1 6.12323e-17 0
      outer loop
         vertex -0.1115 -0.0691595 -0.0618862
         vertex -0.1115 -0.0761423 -0.0603491
         vertex -0.1115 -0.0760732 -0.0599271
      endloop
   endfacet
   facet normal -1 6.12323e-17 0
      outer loop
         vertex -0.1115 -0.0691595 -0.0618862
         vertex -0.1115 -0.069481 -0.0630442
         vertex -0.1115 -0.0762568 -0.0607612
      endloop
   endfacet
   facet normal -1 6.12323e-17 0
      outer loop
         vertex -0.1115 -0.072814 -0.06796
         vertex -0.1115 -0.0774428 -0.0625105
         vertex -0.1115 -0.0771323 -0.0622164
      endloop
   endfacet
   facet normal -1 6.12323e-17 0
      outer loop
         vertex -0.1115 -0.072814 -0.06796
         vertex -0.1115 -0.0737708 -0.0686873
         vertex -0.1115 -0.0777833 -0.0627694
      endloop
   endfacet
   facet normal -1 6.12323e-17 0
      outer loop
         vertex -0.1115 -0.0758915 -0.0698116
         vertex -0.1115 -0.078538 -0.0631695
         vertex -0.1115 -0.0781498 -0.0629899
      endloop
   endfacet
   facet normal -1 6.12323e-17 0
      outer loop
         vertex -0.1115 -0.0758915 -0.0698116
         vertex -0.1115 -0.0770304 -0.0701954
         vertex -0.1115 -0.0789433 -0.063306
      endloop
   endfacet
   facet normal -1 6.12323e-17 0
      outer loop
         vertex -0.1115 -0.0797862 -0.0634442
         vertex -0.1115 -0.079361 -0.063398
         vertex -0.1115 -0.0782042 -0.0704538
      endloop
   endfacet
   facet normal -1 6.12323e-17 0
      outer loop
         vertex -0.1115 -0.0793991 -0.0705837
         vertex -0.1115 -0.0806009 -0.0705837
         vertex -0.1115 -0.0802138 -0.0634442
      endloop
   endfacet
   facet normal -1 6.12323e-17 0
      outer loop
         vertex -0.1115 -0.0817958 -0.0704538
         vertex -0.1115 -0.080639 -0.063398
         vertex -0.1115 -0.0802138 -0.0634442
      endloop
   endfacet
   facet normal -1 6.12323e-17 0
      outer loop
         vertex -0.1115 -0.0817958 -0.0704538
         vertex -0.1115 -0.0829696 -0.0701954
         vertex -0.1115 -0.0810567 -0.063306
      endloop
   endfacet
   facet normal -1 6.12323e-17 0
      outer loop
         vertex -0.1115 -0.0895111 -0.0537774
         vertex -0.1115 -0.0833846 -0.0574636
         vertex -0.1115 -0.0835849 -0.0578414
      endloop
   endfacet
   facet normal -1 6.12323e-17 0
      outer loop
         vertex -0.1115 -0.0895111 -0.0537774
         vertex -0.1115 -0.0888366 -0.0527826
         vertex -0.1115 -0.0831446 -0.0571096
      endloop
   endfacet
   facet normal -1 6.12323e-17 0
      outer loop
         vertex -0.1115 -0.0880585 -0.0518665
         vertex -0.1115 -0.0828677 -0.0567836
         vertex -0.1115 -0.0831446 -0.0571096
      endloop
   endfacet
   facet normal -1 6.12323e-17 0
      outer loop
         vertex -0.1115 -0.0880585 -0.0518665
         vertex -0.1115 -0.087186 -0.05104
         vertex -0.1115 -0.0825572 -0.0564895
      endloop
   endfacet
   facet normal -1 6.12323e-17 0
      outer loop
         vertex -0.1115 -0.0851993 -0.049693
         vertex -0.1115 -0.0818502 -0.0560101
         vertex -0.1115 -0.0822167 -0.0562306
      endloop
   endfacet
   facet normal -1 6.12323e-17 0
      outer loop
         vertex -0.1115 -0.0851993 -0.049693
         vertex -0.1115 -0.0841085 -0.0491884
         vertex -0.1115 -0.081462 -0.0558305
      endloop
   endfacet
   facet normal -1 6.12323e-17 0
      outer loop
         vertex -0.1115 -0.080639 -0.055602
         vertex -0.1115 -0.0810567 -0.055694
         vertex -0.1115 -0.0829696 -0.0488046
      endloop
   endfacet
   facet normal -1 6.12323e-17 0
      outer loop
         vertex -0.1115 -0.0797862 -0.0555558
         vertex -0.1115 -0.0793991 -0.0484163
         vertex -0.1115 -0.0782042 -0.0485462
      endloop
   endfacet
   facet normal -1 6.12323e-17 0
      outer loop
         vertex -0.1115 -0.0758915 -0.0491884
         vertex -0.1115 -0.078538 -0.0558305
         vertex -0.1115 -0.0789433 -0.055694
      endloop
   endfacet
   facet normal -1 6.12323e-17 0
      outer loop
         vertex -0.1115 -0.0774428 -0.0564895
         vertex -0.1115 -0.0777833 -0.0562306
         vertex -0.1115 -0.0737708 -0.0503127
      endloop
   endfacet
   facet normal -1 6.12323e-17 0
      outer loop
         vertex -0.1115 -0.0719415 -0.0518665
         vertex -0.1115 -0.0771323 -0.0567836
         vertex -0.1115 -0.0774428 -0.0564895
      endloop
   endfacet
   facet normal -1 6.12323e-17 0
      outer loop
         vertex -0.1115 -0.0719415 -0.0518665
         vertex -0.1115 -0.0711634 -0.0527826
         vertex -0.1115 -0.0768554 -0.0571096
      endloop
   endfacet
   facet normal -1 6.12323e-17 0
      outer loop
         vertex -0.1115 -0.0704889 -0.0537774
         vertex -0.1115 -0.0766154 -0.0574636
         vertex -0.1115 -0.0768554 -0.0571096
      endloop
   endfacet
   facet normal -1 6.12323e-17 0
      outer loop
         vertex -0.1115 -0.0704889 -0.0537774
         vertex -0.1115 -0.0699259 -0.0548392
         vertex -0.1115 -0.0764151 -0.0578414
      endloop
   endfacet
   facet normal -1 6.12323e-17 0
      outer loop
         vertex -0.1115 -0.0760732 -0.0590729
         vertex -0.1115 -0.0761423 -0.0586509
         vertex -0.1115 -0.0691595 -0.0571138
      endloop
   endfacet
   facet normal -1 6.12323e-17 0
      outer loop
         vertex -0.1115 -0.0760732 -0.0599271
         vertex -0.1115 -0.07605 -0.0595
         vertex -0.1115 -0.0689 -0.0595
      endloop
   endfacet
   facet normal -1 6.12323e-17 0
      outer loop
         vertex -0.1115 -0.0762568 -0.0607612
         vertex -0.1115 -0.0761423 -0.0603491
         vertex -0.1115 -0.0691595 -0.0618862
      endloop
   endfacet
   facet normal -1 6.12323e-17 0
      outer loop
         vertex -0.1115 -0.069481 -0.0630442
         vertex -0.1115 -0.0699259 -0.0641608
         vertex -0.1115 -0.0764151 -0.0611586
      endloop
   endfacet
   facet normal -1 6.12323e-17 0
      outer loop
         vertex -0.1115 -0.0704889 -0.0652226
         vertex -0.1115 -0.0766154 -0.0615364
         vertex -0.1115 -0.0764151 -0.0611586
      endloop
   endfacet
   facet normal -1 6.12323e-17 0
      outer loop
         vertex -0.1115 -0.0704889 -0.0652226
         vertex -0.1115 -0.0711634 -0.0662174
         vertex -0.1115 -0.0768554 -0.0618904
      endloop
   endfacet
   facet normal -1 6.12323e-17 0
      outer loop
         vertex -0.1115 -0.0719415 -0.0671335
         vertex -0.1115 -0.0771323 -0.0622164
         vertex -0.1115 -0.0768554 -0.0618904
      endloop
   endfacet
   facet normal -1 6.12323e-17 0
      outer loop
         vertex -0.1115 -0.0777833 -0.0627694
         vertex -0.1115 -0.0774428 -0.0625105
         vertex -0.1115 -0.072814 -0.06796
      endloop
   endfacet
   facet normal -1 6.12323e-17 0
      outer loop
         vertex -0.1115 -0.0748007 -0.069307
         vertex -0.1115 -0.0781498 -0.0629899
         vertex -0.1115 -0.0777833 -0.0627694
      endloop
   endfacet
   facet normal -1 6.12323e-17 0
      outer loop
         vertex -0.1115 -0.0789433 -0.063306
         vertex -0.1115 -0.078538 -0.0631695
         vertex -0.1115 -0.0758915 -0.0698116
      endloop
   endfacet
   facet normal -1 6.12323e-17 0
      outer loop
         vertex -0.1115 -0.0802138 -0.0634442
         vertex -0.1115 -0.0797862 -0.0634442
         vertex -0.1115 -0.0793991 -0.0705837
      endloop
   endfacet
   facet normal -1 6.12323e-17 0
      outer loop
         vertex -0.1115 -0.0810567 -0.063306
         vertex -0.1115 -0.080639 -0.063398
         vertex -0.1115 -0.0817958 -0.0704538
      endloop
   endfacet
   facet normal -1 6.12323e-17 0
      outer loop
         vertex -0.1115 -0.0841085 -0.0698116
         vertex -0.1115 -0.081462 -0.0631695
         vertex -0.1115 -0.0810567 -0.063306
      endloop
   endfacet
   facet normal -1 6.12323e-17 0
      outer loop
         vertex -0.1115 -0.0841085 -0.0698116
         vertex -0.1115 -0.0851993 -0.069307
         vertex -0.1115 -0.0818502 -0.0629899
      endloop
   endfacet
   facet normal -1 6.12323e-17 0
      outer loop
         vertex -0.1115 -0.090519 -0.0559558
         vertex -0.1115 -0.0837432 -0.0582388
         vertex -0.1115 -0.0838577 -0.0586509
      endloop
   endfacet
   facet normal -1 6.12323e-17 0
      outer loop
         vertex -0.1115 -0.090519 -0.0559558
         vertex -0.1115 -0.0900741 -0.0548392
         vertex -0.1115 -0.0835849 -0.0578414
      endloop
   endfacet
   facet normal -1 6.12323e-17 0
      outer loop
         vertex -0.1115 -0.0831446 -0.0571096
         vertex -0.1115 -0.0833846 -0.0574636
         vertex -0.1115 -0.0895111 -0.0537774
      endloop
   endfacet
   facet normal -1 6.12323e-17 0
      outer loop
         vertex -0.1115 -0.0825572 -0.0564895
         vertex -0.1115 -0.0828677 -0.0567836
         vertex -0.1115 -0.0880585 -0.0518665
      endloop
   endfacet
   facet normal -1 6.12323e-17 0
      outer loop
         vertex -0.1115 -0.0862292 -0.0503127
         vertex -0.1115 -0.0822167 -0.0562306
         vertex -0.1115 -0.0825572 -0.0564895
      endloop
   endfacet
   facet normal -1 6.12323e-17 0
      outer loop
         vertex -0.1115 -0.081462 -0.0558305
         vertex -0.1115 -0.0818502 -0.0560101
         vertex -0.1115 -0.0851993 -0.049693
      endloop
   endfacet
   facet normal -1 6.12323e-17 0
      outer loop
         vertex -0.1115 -0.0802138 -0.0555558
         vertex -0.1115 -0.080639 -0.055602
         vertex -0.1115 -0.0817958 -0.0485462
      endloop
   endfacet
   facet normal -1 6.12323e-17 0
      outer loop
         vertex -0.1115 -0.078538 -0.0558305
         vertex -0.1115 -0.0758915 -0.0491884
         vertex -0.1115 -0.0748007 -0.049693
      endloop
   endfacet
   facet normal -1 6.12323e-17 0
      outer loop
         vertex -0.1115 -0.0768554 -0.0571096
         vertex -0.1115 -0.0771323 -0.0567836
         vertex -0.1115 -0.0719415 -0.0518665
      endloop
   endfacet
   facet normal -1 6.12323e-17 0
      outer loop
         vertex -0.1115 -0.0764151 -0.0578414
         vertex -0.1115 -0.0766154 -0.0574636
         vertex -0.1115 -0.0704889 -0.0537774
      endloop
   endfacet
   facet normal -1 6.12323e-17 0
      outer loop
         vertex -0.1115 -0.0760732 -0.0590729
         vertex -0.1115 -0.0689651 -0.0582999
         vertex -0.1115 -0.0689 -0.0595
      endloop
   endfacet
   facet normal -1 6.12323e-17 0
      outer loop
         vertex -0.1115 -0.0764151 -0.0611586
         vertex -0.1115 -0.0762568 -0.0607612
         vertex -0.1115 -0.069481 -0.0630442
      endloop
   endfacet
   facet normal -1 6.12323e-17 0
      outer loop
         vertex -0.1115 -0.0768554 -0.0618904
         vertex -0.1115 -0.0766154 -0.0615364
         vertex -0.1115 -0.0704889 -0.0652226
      endloop
   endfacet
   facet normal -1 6.12323e-17 0
      outer loop
         vertex -0.1115 -0.0771323 -0.0622164
         vertex -0.1115 -0.0719415 -0.0671335
         vertex -0.1115 -0.072814 -0.06796
      endloop
   endfacet
   facet normal -1 6.12323e-17 0
      outer loop
         vertex -0.1115 -0.0781498 -0.0629899
         vertex -0.1115 -0.0748007 -0.069307
         vertex -0.1115 -0.0758915 -0.0698116
      endloop
   endfacet
   facet normal -1 6.12323e-17 0
      outer loop
         vertex -0.1115 -0.0802138 -0.0634442
         vertex -0.1115 -0.0806009 -0.0705837
         vertex -0.1115 -0.0817958 -0.0704538
      endloop
   endfacet
   facet normal -1 6.12323e-17 0
      outer loop
         vertex -0.1115 -0.0818502 -0.0629899
         vertex -0.1115 -0.081462 -0.0631695
         vertex -0.1115 -0.0841085 -0.0698116
      endloop
   endfacet
   facet normal -1 6.12323e-17 0
      outer loop
         vertex -0.1115 -0.0851993 -0.069307
         vertex -0.1115 -0.0862292 -0.0686873
         vertex -0.1115 -0.0822167 -0.0627694
      endloop
   endfacet
   facet normal -1 6.12323e-17 0
      outer loop
         vertex -0.1115 -0.087186 -0.06796
         vertex -0.1115 -0.0825572 -0.0625105
         vertex -0.1115 -0.0822167 -0.0627694
      endloop
   endfacet
   facet normal -1 6.12323e-17 0
      outer loop
         vertex -0.1115 -0.087186 -0.06796
         vertex -0.1115 -0.0880585 -0.0671335
         vertex -0.1115 -0.0828677 -0.0622164
      endloop
   endfacet
   facet normal -1 6.12323e-17 0
      outer loop
         vertex -0.1115 -0.0908405 -0.0571138
         vertex -0.1115 -0.0838577 -0.0586509
         vertex -0.1115 -0.0839268 -0.0590729
      endloop
   endfacet
   facet normal -1 6.12323e-17 0
      outer loop
         vertex -0.1115 -0.0835849 -0.0578414
         vertex -0.1115 -0.0837432 -0.0582388
         vertex -0.1115 -0.090519 -0.0559558
      endloop
   endfacet
   facet normal -1 6.12323e-17 0
      outer loop
         vertex -0.1115 -0.0831446 -0.0571096
         vertex -0.1115 -0.0888366 -0.0527826
         vertex -0.1115 -0.0880585 -0.0518665
      endloop
   endfacet
   facet normal -1 6.12323e-17 0
      outer loop
         vertex -0.1115 -0.0822167 -0.0562306
         vertex -0.1115 -0.0862292 -0.0503127
         vertex -0.1115 -0.0851993 -0.049693
      endloop
   endfacet
   facet normal -1 6.12323e-17 0
      outer loop
         vertex -0.1115 -0.0789433 -0.055694
         vertex -0.1115 -0.0770304 -0.0488046
         vertex -0.1115 -0.0758915 -0.0491884
      endloop
   endfacet
   facet normal -1 6.12323e-17 0
      outer loop
         vertex -0.1115 -0.0768554 -0.0571096
         vertex -0.1115 -0.0711634 -0.0527826
         vertex -0.1115 -0.0704889 -0.0537774
      endloop
   endfacet
   facet normal -1 6.12323e-17 0
      outer loop
         vertex -0.1115 -0.0760732 -0.0599271
         vertex -0.1115 -0.0689651 -0.0607001
         vertex -0.1115 -0.0691595 -0.0618862
      endloop
   endfacet
   facet normal -1 6.12323e-17 0
      outer loop
         vertex -0.1115 -0.0768554 -0.0618904
         vertex -0.1115 -0.0711634 -0.0662174
         vertex -0.1115 -0.0719415 -0.0671335
      endloop
   endfacet
   facet normal -1 6.12323e-17 0
      outer loop
         vertex -0.1115 -0.0789433 -0.063306
         vertex -0.1115 -0.0770304 -0.0701954
         vertex -0.1115 -0.0782042 -0.0704538
      endloop
   endfacet
   facet normal -1 6.12323e-17 0
      outer loop
         vertex -0.1115 -0.0822167 -0.0627694
         vertex -0.1115 -0.0818502 -0.0629899
         vertex -0.1115 -0.0851993 -0.069307
      endloop
   endfacet
   facet normal -1 6.12323e-17 0
      outer loop
         vertex -0.1115 -0.0828677 -0.0622164
         vertex -0.1115 -0.0825572 -0.0625105
         vertex -0.1115 -0.087186 -0.06796
      endloop
   endfacet
   facet normal -1 6.12323e-17 0
      outer loop
         vertex -0.1115 -0.0880585 -0.0671335
         vertex -0.1115 -0.0888366 -0.0662174
         vertex -0.1115 -0.0831446 -0.0618904
      endloop
   endfacet
   facet normal -1 6.12323e-17 0
      outer loop
         vertex -0.1115 -0.0895111 -0.0652226
         vertex -0.1115 -0.0833846 -0.0615364
         vertex -0.1115 -0.0831446 -0.0618904
      endloop
   endfacet
   facet normal -1 6.12323e-17 0
      outer loop
         vertex -0.1115 -0.0895111 -0.0652226
         vertex -0.1115 -0.0900741 -0.0641608
         vertex -0.1115 -0.0835849 -0.0611586
      endloop
   endfacet
   facet normal -1 6.12323e-17 0
      outer loop
         vertex -0.1115 -0.0911 -0.0595
         vertex -0.1115 -0.0910349 -0.0582999
         vertex -0.1115 -0.0839268 -0.0590729
      endloop
   endfacet
   facet normal -1 6.12323e-17 0
      outer loop
         vertex -0.1115 -0.0838577 -0.0586509
         vertex -0.1115 -0.0908405 -0.0571138
         vertex -0.1115 -0.090519 -0.0559558
      endloop
   endfacet
   facet normal -1 6.12323e-17 0
      outer loop
         vertex -0.1115 -0.0825572 -0.0564895
         vertex -0.1115 -0.087186 -0.05104
         vertex -0.1115 -0.0862292 -0.0503127
      endloop
   endfacet
   facet normal -1 6.12323e-17 0
      outer loop
         vertex -0.1115 -0.0774428 -0.0564895
         vertex -0.1115 -0.072814 -0.05104
         vertex -0.1115 -0.0719415 -0.0518665
      endloop
   endfacet
   facet normal -1 6.12323e-17 0
      outer loop
         vertex -0.1115 -0.0764151 -0.0611586
         vertex -0.1115 -0.0699259 -0.0641608
         vertex -0.1115 -0.0704889 -0.0652226
      endloop
   endfacet
   facet normal -1 6.12323e-17 0
      outer loop
         vertex -0.1115 -0.0810567 -0.063306
         vertex -0.1115 -0.0829696 -0.0701954
         vertex -0.1115 -0.0841085 -0.0698116
      endloop
   endfacet
   facet normal -1 6.12323e-17 0
      outer loop
         vertex -0.1115 -0.0831446 -0.0618904
         vertex -0.1115 -0.0828677 -0.0622164
         vertex -0.1115 -0.0880585 -0.0671335
      endloop
   endfacet
   facet normal -1 6.12323e-17 0
      outer loop
         vertex -0.1115 -0.0835849 -0.0611586
         vertex -0.1115 -0.0833846 -0.0615364
         vertex -0.1115 -0.0895111 -0.0652226
      endloop
   endfacet
   facet normal -1 6.12323e-17 0
      outer loop
         vertex -0.1115 -0.090519 -0.0630442
         vertex -0.1115 -0.0837432 -0.0607612
         vertex -0.1115 -0.0835849 -0.0611586
      endloop
   endfacet
   facet normal -1 6.12323e-17 0
      outer loop
         vertex -0.1115 -0.090519 -0.0630442
         vertex -0.1115 -0.0908405 -0.0618862
         vertex -0.1115 -0.0838577 -0.0603491
      endloop
   endfacet
   facet normal -1 6.12323e-17 0
      outer loop
         vertex -0.1115 -0.0839268 -0.0590729
         vertex -0.1115 -0.0910349 -0.0582999
         vertex -0.1115 -0.0908405 -0.0571138
      endloop
   endfacet
   facet normal -1 6.12323e-17 0
      outer loop
         vertex -0.1115 -0.081462 -0.0558305
         vertex -0.1115 -0.0841085 -0.0491884
         vertex -0.1115 -0.0829696 -0.0488046
      endloop
   endfacet
   facet normal -1 6.12323e-17 0
      outer loop
         vertex -0.1115 -0.0777833 -0.0627694
         vertex -0.1115 -0.0737708 -0.0686873
         vertex -0.1115 -0.0748007 -0.069307
      endloop
   endfacet
   facet normal -1 6.12323e-17 0
      outer loop
         vertex -0.1115 -0.0831446 -0.0618904
         vertex -0.1115 -0.0888366 -0.0662174
         vertex -0.1115 -0.0895111 -0.0652226
      endloop
   endfacet
   facet normal -1 6.12323e-17 0
      outer loop
         vertex -0.1115 -0.0838577 -0.0603491
         vertex -0.1115 -0.0837432 -0.0607612
         vertex -0.1115 -0.090519 -0.0630442
      endloop
   endfacet
   facet normal -1 6.12323e-17 0
      outer loop
         vertex -0.1115 -0.0908405 -0.0618862
         vertex -0.1115 -0.0910349 -0.0607001
         vertex -0.1115 -0.0839268 -0.0599271
      endloop
   endfacet
   facet normal -1 6.12323e-17 0
      outer loop
         vertex -0.1115 -0.0835849 -0.0578414
         vertex -0.1115 -0.0900741 -0.0548392
         vertex -0.1115 -0.0895111 -0.0537774
      endloop
   endfacet
   facet normal -1 6.12323e-17 0
      outer loop
         vertex -0.1115 -0.0822167 -0.0627694
         vertex -0.1115 -0.0862292 -0.0686873
         vertex -0.1115 -0.087186 -0.06796
      endloop
   endfacet
   facet normal -1 6.12323e-17 0
      outer loop
         vertex -0.1115 -0.0839268 -0.0599271
         vertex -0.1115 -0.0838577 -0.0603491
         vertex -0.1115 -0.0908405 -0.0618862
      endloop
   endfacet
   facet normal -1 6.12323e-17 0
      outer loop
         vertex -0.1115 -0.0911 -0.0595
         vertex -0.1115 -0.08395 -0.0595
         vertex -0.1115 -0.0839268 -0.0599271
      endloop
   endfacet
   facet normal -1 6.12323e-17 0
      outer loop
         vertex -0.1115 -0.0764151 -0.0578414
         vertex -0.1115 -0.0699259 -0.0548392
         vertex -0.1115 -0.069481 -0.0559558
      endloop
   endfacet
   facet normal -1 6.12323e-17 0
      outer loop
         vertex -0.1115 -0.0839268 -0.0599271
         vertex -0.1115 -0.0910349 -0.0607001
         vertex -0.1115 -0.0911 -0.0595
      endloop
   endfacet
   facet normal -1 6.12323e-17 0
      outer loop
         vertex -0.1115 -0.0835849 -0.0611586
         vertex -0.1115 -0.0900741 -0.0641608
         vertex -0.1115 -0.090519 -0.0630442
      endloop
   endfacet
   facet normal -1 6.12323e-17 0
      outer loop
         vertex -0.1115 -0.0839268 -0.0590729
         vertex -0.1115 -0.08395 -0.0595
         vertex -0.1115 -0.0911 -0.0595
      endloop
   endfacet
   facet normal 6.08734e-17 0.994138 0.108119
      outer loop
         vertex -0.1178 -0.0910349 -0.0607001
         vertex -0.1178 -0.0911 -0.0595
         vertex -0.1115 -0.0911 -0.0595
      endloop
   endfacet
   facet normal 5.98008e-17 0.976621 0.21497
      outer loop
         vertex -0.1178 -0.0908405 -0.0618862
         vertex -0.1178 -0.0910349 -0.0607001
         vertex -0.1115 -0.0910349 -0.0607001
      endloop
   endfacet
   facet normal 5.8027e-17 0.947653 0.319302
      outer loop
         vertex -0.1178 -0.090519 -0.0630442
         vertex -0.1178 -0.0908405 -0.0618862
         vertex -0.1115 -0.0908405 -0.0618862
      endloop
   endfacet
   facet normal 5.5573e-17 0.907575 0.419889
      outer loop
         vertex -0.1178 -0.0900741 -0.0641608
         vertex -0.1178 -0.090519 -0.0630442
         vertex -0.1115 -0.090519 -0.0630442
      endloop
   endfacet
   facet normal 5.24674e-17 0.856857 0.515554
      outer loop
         vertex -0.1178 -0.0895111 -0.0652226
         vertex -0.1178 -0.0900741 -0.0641608
         vertex -0.1115 -0.0900741 -0.0641608
      endloop
   endfacet
   facet normal 4.87466e-17 0.796093 0.605174
      outer loop
         vertex -0.1178 -0.0888366 -0.0662174
         vertex -0.1178 -0.0895111 -0.0652226
         vertex -0.1115 -0.0895111 -0.0652226
      endloop
   endfacet
   facet normal 4.44544e-17 0.725995 0.687699
      outer loop
         vertex -0.1178 -0.0880585 -0.0671335
         vertex -0.1178 -0.0888366 -0.0662174
         vertex -0.1115 -0.0888366 -0.0662174
      endloop
   endfacet
   facet normal 3.9641e-17 0.647386 0.762162
      outer loop
         vertex -0.1178 -0.087186 -0.06796
         vertex -0.1178 -0.0880585 -0.0671335
         vertex -0.1115 -0.0880585 -0.0671335
      endloop
   endfacet
   facet normal 3.43628e-17 0.561187 0.827689
      outer loop
         vertex -0.1178 -0.0862292 -0.0686873
         vertex -0.1178 -0.087186 -0.06796
         vertex -0.1115 -0.087186 -0.06796
      endloop
   endfacet
   facet normal 2.86817e-17 0.468408 0.883512
      outer loop
         vertex -0.1178 -0.0851993 -0.069307
         vertex -0.1178 -0.0862292 -0.0686873
         vertex -0.1115 -0.0862292 -0.0686873
      endloop
   endfacet
   facet normal 2.26644e-17 0.370138 0.928977
      outer loop
         vertex -0.1178 -0.0841085 -0.0698116
         vertex -0.1178 -0.0851993 -0.069307
         vertex -0.1115 -0.0851993 -0.069307
      endloop
   endfacet
   facet normal 1.63814e-17 0.267528 0.96355
      outer loop
         vertex -0.1178 -0.0829696 -0.0701954
         vertex -0.1178 -0.0841085 -0.0698116
         vertex -0.1115 -0.0841085 -0.0698116
      endloop
   endfacet
   facet normal 9.90629e-18 0.161782 0.986827
      outer loop
         vertex -0.1178 -0.0817958 -0.0704538
         vertex -0.1178 -0.0829696 -0.0701954
         vertex -0.1115 -0.0829696 -0.0701954
      endloop
   endfacet
   facet normal 3.31505e-18 0.0541389 0.998533
      outer loop
         vertex -0.1178 -0.0806009 -0.0705837
         vertex -0.1178 -0.0817958 -0.0704538
         vertex -0.1115 -0.0817958 -0.0704538
      endloop
   endfacet
   facet normal -3.31505e-18 -0.0541389 0.998533
      outer loop
         vertex -0.1178 -0.0793991 -0.0705837
         vertex -0.1178 -0.0806009 -0.0705837
         vertex -0.1115 -0.0806009 -0.0705837
      endloop
   endfacet
   facet normal -9.90629e-18 -0.161782 0.986827
      outer loop
         vertex -0.1178 -0.0782042 -0.0704538
         vertex -0.1178 -0.0793991 -0.0705837
         vertex -0.1115 -0.0793991 -0.0705837
      endloop
   endfacet
   facet normal -1.63814e-17 -0.267528 0.96355
      outer loop
         vertex -0.1178 -0.0770304 -0.0701954
         vertex -0.1178 -0.0782042 -0.0704538
         vertex -0.1115 -0.0782042 -0.0704538
      endloop
   endfacet
   facet normal -2.26644e-17 -0.370138 0.928977
      outer loop
         vertex -0.1178 -0.0758915 -0.0698116
         vertex -0.1178 -0.0770304 -0.0701954
         vertex -0.1115 -0.0770304 -0.0701954
      endloop
   endfacet
   facet normal -2.86817e-17 -0.468408 0.883512
      outer loop
         vertex -0.1178 -0.0748007 -0.069307
         vertex -0.1178 -0.0758915 -0.0698116
         vertex -0.1115 -0.0758915 -0.0698116
      endloop
   endfacet
   facet normal -3.43628e-17 -0.561187 0.827689
      outer loop
         vertex -0.1178 -0.0737708 -0.0686873
         vertex -0.1178 -0.0748007 -0.069307
         vertex -0.1115 -0.0748007 -0.069307
      endloop
   endfacet
   facet normal -3.9641e-17 -0.647386 0.762162
      outer loop
         vertex -0.1178 -0.072814 -0.06796
         vertex -0.1178 -0.0737708 -0.0686873
         vertex -0.1115 -0.0737708 -0.0686873
      endloop
   endfacet
   facet normal -4.44544e-17 -0.725995 0.687699
      outer loop
         vertex -0.1178 -0.0719415 -0.0671335
         vertex -0.1178 -0.072814 -0.06796
         vertex -0.1115 -0.072814 -0.06796
      endloop
   endfacet
   facet normal -4.87466e-17 -0.796093 0.605174
      outer loop
         vertex -0.1178 -0.0711634 -0.0662174
         vertex -0.1178 -0.0719415 -0.0671335
         vertex -0.1115 -0.0719415 -0.0671335
      endloop
   endfacet
   facet normal -5.24674e-17 -0.856857 0.515554
      outer loop
         vertex -0.1178 -0.0704889 -0.0652226
         vertex -0.1178 -0.0711634 -0.0662174
         vertex -0.1115 -0.0711634 -0.0662174
      endloop
   endfacet
   facet normal -5.5573e-17 -0.907575 0.419889
      outer loop
         vertex -0.1178 -0.0699259 -0.0641608
         vertex -0.1178 -0.0704889 -0.0652226
         vertex -0.1115 -0.0704889 -0.0652226
      endloop
   endfacet
   facet normal -5.8027e-17 -0.947653 0.319302
      outer loop
         vertex -0.1178 -0.069481 -0.0630442
         vertex -0.1178 -0.0699259 -0.0641608
         vertex -0.1115 -0.0699259 -0.0641608
      endloop
   endfacet
   facet normal -5.98008e-17 -0.976621 0.21497
      outer loop
         vertex -0.1178 -0.0691595 -0.0618862
         vertex -0.1178 -0.069481 -0.0630442
         vertex -0.1115 -0.069481 -0.0630442
      endloop
   endfacet
   facet normal -6.08734e-17 -0.994138 0.108119
      outer loop
         vertex -0.1178 -0.0689651 -0.0607001
         vertex -0.1178 -0.0691595 -0.0618862
         vertex -0.1115 -0.0691595 -0.0618862
      endloop
   endfacet
   facet normal -6.12323e-17 -1 -1.22465e-16
      outer loop
         vertex -0.1178 -0.0689 -0.0595
         vertex -0.1178 -0.0689651 -0.0607001
         vertex -0.1115 -0.0689651 -0.0607001
      endloop
   endfacet
   facet normal -6.08734e-17 -0.994138 -0.108119
      outer loop
         vertex -0.1178 -0.0689651 -0.0582999
         vertex -0.1178 -0.0689 -0.0595
         vertex -0.1115 -0.0689 -0.0595
      endloop
   endfacet
   facet normal -5.98008e-17 -0.976621 -0.21497
      outer loop
         vertex -0.1178 -0.0691595 -0.0571138
         vertex -0.1178 -0.0689651 -0.0582999
         vertex -0.1115 -0.0689651 -0.0582999
      endloop
   endfacet
   facet normal -5.8027e-17 -0.947653 -0.319302
      outer loop
         vertex -0.1178 -0.069481 -0.0559558
         vertex -0.1178 -0.0691595 -0.0571138
         vertex -0.1115 -0.0691595 -0.0571138
      endloop
   endfacet
   facet normal -5.5573e-17 -0.907575 -0.419889
      outer loop
         vertex -0.1178 -0.0699259 -0.0548392
         vertex -0.1178 -0.069481 -0.0559558
         vertex -0.1115 -0.069481 -0.0559558
      endloop
   endfacet
   facet normal -5.24674e-17 -0.856857 -0.515554
      outer loop
         vertex -0.1178 -0.0704889 -0.0537774
         vertex -0.1178 -0.0699259 -0.0548392
         vertex -0.1115 -0.0699259 -0.0548392
      endloop
   endfacet
   facet normal -4.87466e-17 -0.796093 -0.605174
      outer loop
         vertex -0.1178 -0.0711634 -0.0527826
         vertex -0.1178 -0.0704889 -0.0537774
         vertex -0.1115 -0.0704889 -0.0537774
      endloop
   endfacet
   facet normal -4.44544e-17 -0.725995 -0.687699
      outer loop
         vertex -0.1178 -0.0719415 -0.0518665
         vertex -0.1178 -0.0711634 -0.0527826
         vertex -0.1115 -0.0711634 -0.0527826
      endloop
   endfacet
   facet normal -3.9641e-17 -0.647386 -0.762162
      outer loop
         vertex -0.1178 -0.072814 -0.05104
         vertex -0.1178 -0.0719415 -0.0518665
         vertex -0.1115 -0.0719415 -0.0518665
      endloop
   endfacet
   facet normal -3.43628e-17 -0.561187 -0.827689
      outer loop
         vertex -0.1178 -0.0737708 -0.0503127
         vertex -0.1178 -0.072814 -0.05104
         vertex -0.1115 -0.072814 -0.05104
      endloop
   endfacet
   facet normal -2.86817e-17 -0.468408 -0.883512
      outer loop
         vertex -0.1178 -0.0748007 -0.049693
         vertex -0.1178 -0.0737708 -0.0503127
         vertex -0.1115 -0.0737708 -0.0503127
      endloop
   endfacet
   facet normal -2.26644e-17 -0.370138 -0.928977
      outer loop
         vertex -0.1178 -0.0758915 -0.0491884
         vertex -0.1178 -0.0748007 -0.049693
         vertex -0.1115 -0.0748007 -0.049693
      endloop
   endfacet
   facet normal -1.63814e-17 -0.267528 -0.96355
      outer loop
         vertex -0.1178 -0.0770304 -0.0488046
         vertex -0.1178 -0.0758915 -0.0491884
         vertex -0.1115 -0.0758915 -0.0491884
      endloop
   endfacet
   facet normal -9.90629e-18 -0.161782 -0.986827
      outer loop
         vertex -0.1178 -0.0782042 -0.0485462
         vertex -0.1178 -0.0770304 -0.0488046
         vertex -0.1115 -0.0770304 -0.0488046
      endloop
   endfacet
   facet normal -3.31505e-18 -0.0541389 -0.998533
      outer loop
         vertex -0.1178 -0.0793991 -0.0484163
         vertex -0.1178 -0.0782042 -0.0485462
         vertex -0.1115 -0.0782042 -0.0485462
      endloop
   endfacet
   facet normal -3.31505e-18 -0.0541389 -0.998533
      outer loop
         vertex -0.1115 -0.0793991 -0.0484163
         vertex -0.1115 -0.0806009 -0.0484163
         vertex -0.1178 -0.08 -0.0484
      endloop
   endfacet
   facet normal 3.31505e-18 0.0541389 -0.998533
      outer loop
         vertex -0.1115 -0.0806009 -0.0484163
         vertex -0.1178 -0.0806009 -0.0484163
         vertex -0.1178 -0.08 -0.0484
      endloop
   endfacet
   facet normal 9.90629e-18 0.161782 -0.986827
      outer loop
         vertex -0.1178 -0.0817958 -0.0485462
         vertex -0.1178 -0.0806009 -0.0484163
         vertex -0.1115 -0.0806009 -0.0484163
      endloop
   endfacet
   facet normal 1.63814e-17 0.267528 -0.96355
      outer loop
         vertex -0.1178 -0.0829696 -0.0488046
         vertex -0.1178 -0.0817958 -0.0485462
         vertex -0.1115 -0.0817958 -0.0485462
      endloop
   endfacet
   facet normal 2.26644e-17 0.370138 -0.928977
      outer loop
         vertex -0.1178 -0.0841085 -0.0491884
         vertex -0.1178 -0.0829696 -0.0488046
         vertex -0.1115 -0.0829696 -0.0488046
      endloop
   endfacet
   facet normal 2.86817e-17 0.468408 -0.883512
      outer loop
         vertex -0.1178 -0.0851993 -0.049693
         vertex -0.1178 -0.0841085 -0.0491884
         vertex -0.1115 -0.0841085 -0.0491884
      endloop
   endfacet
   facet normal 3.43628e-17 0.561187 -0.827689
      outer loop
         vertex -0.1178 -0.0862292 -0.0503127
         vertex -0.1178 -0.0851993 -0.049693
         vertex -0.1115 -0.0851993 -0.049693
      endloop
   endfacet
   facet normal 3.9641e-17 0.647386 -0.762162
      outer loop
         vertex -0.1178 -0.087186 -0.05104
         vertex -0.1178 -0.0862292 -0.0503127
         vertex -0.1115 -0.0862292 -0.0503127
      endloop
   endfacet
   facet normal 4.44544e-17 0.725995 -0.687699
      outer loop
         vertex -0.1178 -0.0880585 -0.0518665
         vertex -0.1178 -0.087186 -0.05104
         vertex -0.1115 -0.087186 -0.05104
      endloop
   endfacet
   facet normal 4.87466e-17 0.796093 -0.605174
      outer loop
         vertex -0.1178 -0.0888366 -0.0527826
         vertex -0.1178 -0.0880585 -0.0518665
         vertex -0.1115 -0.0880585 -0.0518665
      endloop
   endfacet
   facet normal 5.24674e-17 0.856857 -0.515554
      outer loop
         vertex -0.1178 -0.0895111 -0.0537774
         vertex -0.1178 -0.0888366 -0.0527826
         vertex -0.1115 -0.0888366 -0.0527826
      endloop
   endfacet
   facet normal 5.5573e-17 0.907575 -0.419889
      outer loop
         vertex -0.1178 -0.0900741 -0.0548392
         vertex -0.1178 -0.0895111 -0.0537774
         vertex -0.1115 -0.0895111 -0.0537774
      endloop
   endfacet
   facet normal 5.8027e-17 0.947653 -0.319302
      outer loop
         vertex -0.1178 -0.090519 -0.0559558
         vertex -0.1178 -0.0900741 -0.0548392
         vertex -0.1115 -0.0900741 -0.0548392
      endloop
   endfacet
   facet normal 5.98008e-17 0.976621 -0.21497
      outer loop
         vertex -0.1178 -0.0908405 -0.0571138
         vertex -0.1178 -0.090519 -0.0559558
         vertex -0.1115 -0.090519 -0.0559558
      endloop
   endfacet
   facet normal 6.08734e-17 0.994138 -0.108119
      outer loop
         vertex -0.1178 -0.0910349 -0.0582999
         vertex -0.1178 -0.0908405 -0.0571138
         vertex -0.1115 -0.0908405 -0.0571138
      endloop
   endfacet
   facet normal 6.12323e-17 1 2.44929e-16
      outer loop
         vertex -0.1178 -0.0911 -0.0595
         vertex -0.1178 -0.0910349 -0.0582999
         vertex -0.1115 -0.0910349 -0.0582999
      endloop
   endfacet
   facet normal 6.08734e-17 0.994138 -0.108119
      outer loop
         vertex -0.1115 -0.0910349 -0.0582999
         vertex -0.1115 -0.0911 -0.0595
         vertex -0.1178 -0.0911 -0.0595
      endloop
   endfacet
   facet normal 5.98008e-17 0.976621 -0.21497
      outer loop
         vertex -0.1115 -0.0908405 -0.0571138
         vertex -0.1115 -0.0910349 -0.0582999
         vertex -0.1178 -0.0910349 -0.0582999
      endloop
   endfacet
   facet normal 5.8027e-17 0.947653 -0.319302
      outer loop
         vertex -0.1115 -0.090519 -0.0559558
         vertex -0.1115 -0.0908405 -0.0571138
         vertex -0.1178 -0.0908405 -0.0571138
      endloop
   endfacet
   facet normal 5.5573e-17 0.907575 -0.419889
      outer loop
         vertex -0.1115 -0.0900741 -0.0548392
         vertex -0.1115 -0.090519 -0.0559558
         vertex -0.1178 -0.090519 -0.0559558
      endloop
   endfacet
   facet normal 5.24674e-17 0.856857 -0.515554
      outer loop
         vertex -0.1115 -0.0895111 -0.0537774
         vertex -0.1115 -0.0900741 -0.0548392
         vertex -0.1178 -0.0900741 -0.0548392
      endloop
   endfacet
   facet normal 4.87466e-17 0.796093 -0.605174
      outer loop
         vertex -0.1115 -0.0888366 -0.0527826
         vertex -0.1115 -0.0895111 -0.0537774
         vertex -0.1178 -0.0895111 -0.0537774
      endloop
   endfacet
   facet normal 4.44544e-17 0.725995 -0.687699
      outer loop
         vertex -0.1115 -0.0880585 -0.0518665
         vertex -0.1115 -0.0888366 -0.0527826
         vertex -0.1178 -0.0888366 -0.0527826
      endloop
   endfacet
   facet normal 3.9641e-17 0.647386 -0.762162
      outer loop
         vertex -0.1115 -0.087186 -0.05104
         vertex -0.1115 -0.0880585 -0.0518665
         vertex -0.1178 -0.0880585 -0.0518665
      endloop
   endfacet
   facet normal 3.43628e-17 0.561187 -0.827689
      outer loop
         vertex -0.1115 -0.0862292 -0.0503127
         vertex -0.1115 -0.087186 -0.05104
         vertex -0.1178 -0.087186 -0.05104
      endloop
   endfacet
   facet normal 2.86817e-17 0.468408 -0.883512
      outer loop
         vertex -0.1115 -0.0851993 -0.049693
         vertex -0.1115 -0.0862292 -0.0503127
         vertex -0.1178 -0.0862292 -0.0503127
      endloop
   endfacet
   facet normal 2.26644e-17 0.370138 -0.928977
      outer loop
         vertex -0.1115 -0.0841085 -0.0491884
         vertex -0.1115 -0.0851993 -0.049693
         vertex -0.1178 -0.0851993 -0.049693
      endloop
   endfacet
   facet normal 1.63814e-17 0.267528 -0.96355
      outer loop
         vertex -0.1115 -0.0829696 -0.0488046
         vertex -0.1115 -0.0841085 -0.0491884
         vertex -0.1178 -0.0841085 -0.0491884
      endloop
   endfacet
   facet normal 9.90629e-18 0.161782 -0.986827
      outer loop
         vertex -0.1115 -0.0817958 -0.0485462
         vertex -0.1115 -0.0829696 -0.0488046
         vertex -0.1178 -0.0829696 -0.0488046
      endloop
   endfacet
   facet normal 3.31505e-18 0.0541389 -0.998533
      outer loop
         vertex -0.1115 -0.0806009 -0.0484163
         vertex -0.1115 -0.0817958 -0.0485462
         vertex -0.1178 -0.0817958 -0.0485462
      endloop
   endfacet
   facet normal 0 3.47535e-17 -1
      outer loop
         vertex -0.1178 -0.08 -0.0484
         vertex -0.1178 -0.0793991 -0.0484163
         vertex -0.1115 -0.0793991 -0.0484163
      endloop
   endfacet
   facet normal -9.90629e-18 -0.161782 -0.986827
      outer loop
         vertex -0.1115 -0.0782042 -0.0485462
         vertex -0.1115 -0.0793991 -0.0484163
         vertex -0.1178 -0.0793991 -0.0484163
      endloop
   endfacet
   facet normal -1.63814e-17 -0.267528 -0.96355
      outer loop
         vertex -0.1115 -0.0770304 -0.0488046
         vertex -0.1115 -0.0782042 -0.0485462
         vertex -0.1178 -0.0782042 -0.0485462
      endloop
   endfacet
   facet normal -2.26644e-17 -0.370138 -0.928977
      outer loop
         vertex -0.1115 -0.0758915 -0.0491884
         vertex -0.1115 -0.0770304 -0.0488046
         vertex -0.1178 -0.0770304 -0.0488046
      endloop
   endfacet
   facet normal -2.86817e-17 -0.468408 -0.883512
      outer loop
         vertex -0.1115 -0.0748007 -0.049693
         vertex -0.1115 -0.0758915 -0.0491884
         vertex -0.1178 -0.0758915 -0.0491884
      endloop
   endfacet
   facet normal -3.43628e-17 -0.561187 -0.827689
      outer loop
         vertex -0.1115 -0.0737708 -0.0503127
         vertex -0.1115 -0.0748007 -0.049693
         vertex -0.1178 -0.0748007 -0.049693
      endloop
   endfacet
   facet normal -3.9641e-17 -0.647386 -0.762162
      outer loop
         vertex -0.1115 -0.072814 -0.05104
         vertex -0.1115 -0.0737708 -0.0503127
         vertex -0.1178 -0.0737708 -0.0503127
      endloop
   endfacet
   facet normal -4.44544e-17 -0.725995 -0.687699
      outer loop
         vertex -0.1115 -0.0719415 -0.0518665
         vertex -0.1115 -0.072814 -0.05104
         vertex -0.1178 -0.072814 -0.05104
      endloop
   endfacet
   facet normal -4.87466e-17 -0.796093 -0.605174
      outer loop
         vertex -0.1115 -0.0711634 -0.0527826
         vertex -0.1115 -0.0719415 -0.0518665
         vertex -0.1178 -0.0719415 -0.0518665
      endloop
   endfacet
   facet normal -5.24674e-17 -0.856857 -0.515554
      outer loop
         vertex -0.1115 -0.0704889 -0.0537774
         vertex -0.1115 -0.0711634 -0.0527826
         vertex -0.1178 -0.0711634 -0.0527826
      endloop
   endfacet
   facet normal -5.5573e-17 -0.907575 -0.419889
      outer loop
         vertex -0.1115 -0.0699259 -0.0548392
         vertex -0.1115 -0.0704889 -0.0537774
         vertex -0.1178 -0.0704889 -0.0537774
      endloop
   endfacet
   facet normal -5.8027e-17 -0.947653 -0.319302
      outer loop
         vertex -0.1115 -0.069481 -0.0559558
         vertex -0.1115 -0.0699259 -0.0548392
         vertex -0.1178 -0.0699259 -0.0548392
      endloop
   endfacet
   facet normal -5.98008e-17 -0.976621 -0.21497
      outer loop
         vertex -0.1115 -0.0691595 -0.0571138
         vertex -0.1115 -0.069481 -0.0559558
         vertex -0.1178 -0.069481 -0.0559558
      endloop
   endfacet
   facet normal -6.08734e-17 -0.994138 -0.108119
      outer loop
         vertex -0.1115 -0.0689651 -0.0582999
         vertex -0.1115 -0.0691595 -0.0571138
         vertex -0.1178 -0.0691595 -0.0571138
      endloop
   endfacet
   facet normal -6.12323e-17 -1 -1.22465e-16
      outer loop
         vertex -0.1115 -0.0689 -0.0595
         vertex -0.1115 -0.0689651 -0.0582999
         vertex -0.1178 -0.0689651 -0.0582999
      endloop
   endfacet
   facet normal -6.08734e-17 -0.994138 0.108119
      outer loop
         vertex -0.1115 -0.0689651 -0.0607001
         vertex -0.1115 -0.0689 -0.0595
         vertex -0.1178 -0.0689 -0.0595
      endloop
   endfacet
   facet normal -5.98008e-17 -0.976621 0.21497
      outer loop
         vertex -0.1115 -0.0691595 -0.0618862
         vertex -0.1115 -0.0689651 -0.0607001
         vertex -0.1178 -0.0689651 -0.0607001
      endloop
   endfacet
   facet normal -5.8027e-17 -0.947653 0.319302
      outer loop
         vertex -0.1115 -0.069481 -0.0630442
         vertex -0.1115 -0.0691595 -0.0618862
         vertex -0.1178 -0.0691595 -0.0618862
      endloop
   endfacet
   facet normal -5.5573e-17 -0.907575 0.419889
      outer loop
         vertex -0.1115 -0.0699259 -0.0641608
         vertex -0.1115 -0.069481 -0.0630442
         vertex -0.1178 -0.069481 -0.0630442
      endloop
   endfacet
   facet normal -5.24674e-17 -0.856857 0.515554
      outer loop
         vertex -0.1115 -0.0704889 -0.0652226
         vertex -0.1115 -0.0699259 -0.0641608
         vertex -0.1178 -0.0699259 -0.0641608
      endloop
   endfacet
   facet normal -4.87466e-17 -0.796093 0.605174
      outer loop
         vertex -0.1115 -0.0711634 -0.0662174
         vertex -0.1115 -0.0704889 -0.0652226
         vertex -0.1178 -0.0704889 -0.0652226
      endloop
   endfacet
   facet normal -4.44544e-17 -0.725995 0.687699
      outer loop
         vertex -0.1115 -0.0719415 -0.0671335
         vertex -0.1115 -0.0711634 -0.0662174
         vertex -0.1178 -0.0711634 -0.0662174
      endloop
   endfacet
   facet normal -3.9641e-17 -0.647386 0.762162
      outer loop
         vertex -0.1115 -0.072814 -0.06796
         vertex -0.1115 -0.0719415 -0.0671335
         vertex -0.1178 -0.0719415 -0.0671335
      endloop
   endfacet
   facet normal -3.43628e-17 -0.561187 0.827689
      outer loop
         vertex -0.1115 -0.0737708 -0.0686873
         vertex -0.1115 -0.072814 -0.06796
         vertex -0.1178 -0.072814 -0.06796
      endloop
   endfacet
   facet normal -2.86817e-17 -0.468408 0.883512
      outer loop
         vertex -0.1115 -0.0748007 -0.069307
         vertex -0.1115 -0.0737708 -0.0686873
         vertex -0.1178 -0.0737708 -0.0686873
      endloop
   endfacet
   facet normal -2.26644e-17 -0.370138 0.928977
      outer loop
         vertex -0.1115 -0.0758915 -0.0698116
         vertex -0.1115 -0.0748007 -0.069307
         vertex -0.1178 -0.0748007 -0.069307
      endloop
   endfacet
   facet normal -1.63814e-17 -0.267528 0.96355
      outer loop
         vertex -0.1115 -0.0770304 -0.0701954
         vertex -0.1115 -0.0758915 -0.0698116
         vertex -0.1178 -0.0758915 -0.0698116
      endloop
   endfacet
   facet normal -9.90629e-18 -0.161782 0.986827
      outer loop
         vertex -0.1115 -0.0782042 -0.0704538
         vertex -0.1115 -0.0770304 -0.0701954
         vertex -0.1178 -0.0770304 -0.0701954
      endloop
   endfacet
   facet normal -3.31505e-18 -0.0541389 0.998533
      outer loop
         vertex -0.1115 -0.0793991 -0.0705837
         vertex -0.1115 -0.0782042 -0.0704538
         vertex -0.1178 -0.0782042 -0.0704538
      endloop
   endfacet
   facet normal 3.31505e-18 0.0541389 0.998533
      outer loop
         vertex -0.1115 -0.0806009 -0.0705837
         vertex -0.1115 -0.0793991 -0.0705837
         vertex -0.1178 -0.0793991 -0.0705837
      endloop
   endfacet
   facet normal 9.90629e-18 0.161782 0.986827
      outer loop
         vertex -0.1115 -0.0817958 -0.0704538
         vertex -0.1115 -0.0806009 -0.0705837
         vertex -0.1178 -0.0806009 -0.0705837
      endloop
   endfacet
   facet normal 1.63814e-17 0.267528 0.96355
      outer loop
         vertex -0.1115 -0.0829696 -0.0701954
         vertex -0.1115 -0.0817958 -0.0704538
         vertex -0.1178 -0.0817958 -0.0704538
      endloop
   endfacet
   facet normal 2.26644e-17 0.370138 0.928977
      outer loop
         vertex -0.1115 -0.0841085 -0.0698116
         vertex -0.1115 -0.0829696 -0.0701954
         vertex -0.1178 -0.0829696 -0.0701954
      endloop
   endfacet
   facet normal 2.86817e-17 0.468408 0.883512
      outer loop
         vertex -0.1115 -0.0851993 -0.069307
         vertex -0.1115 -0.0841085 -0.0698116
         vertex -0.1178 -0.0841085 -0.0698116
      endloop
   endfacet
   facet normal 3.43628e-17 0.561187 0.827689
      outer loop
         vertex -0.1115 -0.0862292 -0.0686873
         vertex -0.1115 -0.0851993 -0.069307
         vertex -0.1178 -0.0851993 -0.069307
      endloop
   endfacet
   facet normal 3.9641e-17 0.647386 0.762162
      outer loop
         vertex -0.1115 -0.087186 -0.06796
         vertex -0.1115 -0.0862292 -0.0686873
         vertex -0.1178 -0.0862292 -0.0686873
      endloop
   endfacet
   facet normal 4.44544e-17 0.725995 0.687699
      outer loop
         vertex -0.1115 -0.0880585 -0.0671335
         vertex -0.1115 -0.087186 -0.06796
         vertex -0.1178 -0.087186 -0.06796
      endloop
   endfacet
   facet normal 4.87466e-17 0.796093 0.605174
      outer loop
         vertex -0.1115 -0.0888366 -0.0662174
         vertex -0.1115 -0.0880585 -0.0671335
         vertex -0.1178 -0.0880585 -0.0671335
      endloop
   endfacet
   facet normal 5.24674e-17 0.856857 0.515554
      outer loop
         vertex -0.1115 -0.0895111 -0.0652226
         vertex -0.1115 -0.0888366 -0.0662174
         vertex -0.1178 -0.0888366 -0.0662174
      endloop
   endfacet
   facet normal 5.5573e-17 0.907575 0.419889
      outer loop
         vertex -0.1115 -0.0900741 -0.0641608
         vertex -0.1115 -0.0895111 -0.0652226
         vertex -0.1178 -0.0895111 -0.0652226
      endloop
   endfacet
   facet normal 5.8027e-17 0.947653 0.319302
      outer loop
         vertex -0.1115 -0.090519 -0.0630442
         vertex -0.1115 -0.0900741 -0.0641608
         vertex -0.1178 -0.0900741 -0.0641608
      endloop
   endfacet
   facet normal 5.98008e-17 0.976621 0.21497
      outer loop
         vertex -0.1115 -0.0908405 -0.0618862
         vertex -0.1115 -0.090519 -0.0630442
         vertex -0.1178 -0.090519 -0.0630442
      endloop
   endfacet
   facet normal 6.08734e-17 0.994138 0.108119
      outer loop
         vertex -0.1115 -0.0910349 -0.0607001
         vertex -0.1115 -0.0908405 -0.0618862
         vertex -0.1178 -0.0908405 -0.0618862
      endloop
   endfacet
   facet normal 6.12323e-17 1 2.44929e-16
      outer loop
         vertex -0.1115 -0.0911 -0.0595
         vertex -0.1115 -0.0910349 -0.0607001
         vertex -0.1178 -0.0910349 -0.0607001
      endloop
   endfacet
   facet normal -0.707107 0 -0.707107
      outer loop
         vertex -0.1188 -0.08 -0.0474
         vertex -0.1188 -0.0793449 -0.0474177
         vertex -0.1178 -0.0793991 -0.0484163
      endloop
   endfacet
   facet normal -0.707107 -0.038282 -0.70607
      outer loop
         vertex -0.1188 -0.0793449 -0.0474177
         vertex -0.1188 -0.0780424 -0.0475594
         vertex -0.1178 -0.0782042 -0.0485462
      endloop
   endfacet
   facet normal -0.707107 -0.114397 -0.697792
      outer loop
         vertex -0.1188 -0.0780424 -0.0475594
         vertex -0.1188 -0.0767629 -0.047841
         vertex -0.1178 -0.0770304 -0.0488046
      endloop
   endfacet
   facet normal -0.707107 -0.189171 -0.681333
      outer loop
         vertex -0.1188 -0.0767629 -0.047841
         vertex -0.1188 -0.0755213 -0.0482594
         vertex -0.1178 -0.0758915 -0.0491884
      endloop
   endfacet
   facet normal -0.707107 -0.261727 -0.656886
      outer loop
         vertex -0.1188 -0.0755213 -0.0482594
         vertex -0.1188 -0.0743323 -0.0488095
         vertex -0.1178 -0.0748007 -0.049693
      endloop
   endfacet
   facet normal -0.707107 -0.331215 -0.624737
      outer loop
         vertex -0.1188 -0.0743323 -0.0488095
         vertex -0.1188 -0.0732096 -0.049485
         vertex -0.1178 -0.0737708 -0.0503127
      endloop
   endfacet
   facet normal -0.707107 -0.396819 -0.585265
      outer loop
         vertex -0.1188 -0.0732096 -0.049485
         vertex -0.1188 -0.0721666 -0.0502778
         vertex -0.1178 -0.072814 -0.05104
      endloop
   endfacet
   facet normal -0.707107 -0.457771 -0.53893
      outer loop
         vertex -0.1188 -0.0721666 -0.0502778
         vertex -0.1188 -0.0712155 -0.0511788
         vertex -0.1178 -0.0719415 -0.0518665
      endloop
   endfacet
   facet normal -0.707107 -0.513356 -0.486277
      outer loop
         vertex -0.1188 -0.0712155 -0.0511788
         vertex -0.1188 -0.0703673 -0.0521774
         vertex -0.1178 -0.0711634 -0.0527826
      endloop
   endfacet
   facet normal -0.707107 -0.562923 -0.427923
      outer loop
         vertex -0.1188 -0.0703673 -0.0521774
         vertex -0.1188 -0.069632 -0.0532618
         vertex -0.1178 -0.0704889 -0.0537774
      endloop
   endfacet
   facet normal -0.707107 -0.60589 -0.364552
      outer loop
         vertex -0.1188 -0.069632 -0.0532618
         vertex -0.1188 -0.0690183 -0.0544193
         vertex -0.1178 -0.0699259 -0.0548392
      endloop
   endfacet
   facet normal -0.707107 -0.641753 -0.296906
      outer loop
         vertex -0.1188 -0.0690183 -0.0544193
         vertex -0.1188 -0.0685334 -0.0556365
         vertex -0.1178 -0.069481 -0.0559558
      endloop
   endfacet
   facet normal -0.707107 -0.670092 -0.22578
      outer loop
         vertex -0.1188 -0.0685334 -0.0556365
         vertex -0.1188 -0.0681829 -0.0568989
         vertex -0.1178 -0.0691595 -0.0571138
      endloop
   endfacet
   facet normal -0.707107 -0.690575 -0.152007
      outer loop
         vertex -0.1188 -0.0681829 -0.0568989
         vertex -0.1188 -0.0679709 -0.0581918
         vertex -0.1178 -0.0689651 -0.0582999
      endloop
   endfacet
   facet normal -0.707107 -0.702962 -0.0764517
      outer loop
         vertex -0.1188 -0.0679709 -0.0581918
         vertex -0.1188 -0.0679 -0.0595
         vertex -0.1178 -0.0689 -0.0595
      endloop
   endfacet
   facet normal -0.707107 -0.707107 -4.32978e-17
      outer loop
         vertex -0.1188 -0.0679 -0.0595
         vertex -0.1188 -0.0679709 -0.0608082
         vertex -0.1178 -0.0689651 -0.0607001
      endloop
   endfacet
   facet normal -0.707107 -0.702962 0.0764517
      outer loop
         vertex -0.1188 -0.0679709 -0.0608082
         vertex -0.1188 -0.0681829 -0.0621011
         vertex -0.1178 -0.0691595 -0.0618862
      endloop
   endfacet
   facet normal -0.707107 -0.690575 0.152007
      outer loop
         vertex -0.1188 -0.0681829 -0.0621011
         vertex -0.1188 -0.0685334 -0.0633635
         vertex -0.1178 -0.069481 -0.0630442
      endloop
   endfacet
   facet normal -0.707107 -0.670092 0.22578
      outer loop
         vertex -0.1188 -0.0685334 -0.0633635
         vertex -0.1188 -0.0690183 -0.0645807
         vertex -0.1178 -0.0699259 -0.0641608
      endloop
   endfacet
   facet normal -0.707107 -0.641753 0.296906
      outer loop
         vertex -0.1188 -0.0690183 -0.0645807
         vertex -0.1188 -0.069632 -0.0657382
         vertex -0.1178 -0.0704889 -0.0652226
      endloop
   endfacet
   facet normal -0.707107 -0.60589 0.364552
      outer loop
         vertex -0.1188 -0.069632 -0.0657382
         vertex -0.1188 -0.0703673 -0.0668226
         vertex -0.1178 -0.0711634 -0.0662174
      endloop
   endfacet
   facet normal -0.707107 -0.562923 0.427923
      outer loop
         vertex -0.1188 -0.0703673 -0.0668226
         vertex -0.1188 -0.0712155 -0.0678212
         vertex -0.1178 -0.0719415 -0.0671335
      endloop
   endfacet
   facet normal -0.707107 -0.513356 0.486277
      outer loop
         vertex -0.1188 -0.0712155 -0.0678212
         vertex -0.1188 -0.0721666 -0.0687222
         vertex -0.1178 -0.072814 -0.06796
      endloop
   endfacet
   facet normal -0.707107 -0.457771 0.53893
      outer loop
         vertex -0.1188 -0.0721666 -0.0687222
         vertex -0.1188 -0.0732096 -0.069515
         vertex -0.1178 -0.0737708 -0.0686873
      endloop
   endfacet
   facet normal -0.707107 -0.396819 0.585265
      outer loop
         vertex -0.1188 -0.0732096 -0.069515
         vertex -0.1188 -0.0743323 -0.0701905
         vertex -0.1178 -0.0748007 -0.069307
      endloop
   endfacet
   facet normal -0.707107 -0.331215 0.624737
      outer loop
         vertex -0.1188 -0.0743323 -0.0701905
         vertex -0.1188 -0.0755213 -0.0707406
         vertex -0.1178 -0.0758915 -0.0698116
      endloop
   endfacet
   facet normal -0.707107 -0.261727 0.656886
      outer loop
         vertex -0.1188 -0.0755213 -0.0707406
         vertex -0.1188 -0.0767629 -0.071159
         vertex -0.1178 -0.0770304 -0.0701954
      endloop
   endfacet
   facet normal -0.707107 -0.189171 0.681333
      outer loop
         vertex -0.1188 -0.0767629 -0.071159
         vertex -0.1188 -0.0780424 -0.0714406
         vertex -0.1178 -0.0782042 -0.0704538
      endloop
   endfacet
   facet normal -0.707107 -0.114397 0.697792
      outer loop
         vertex -0.1188 -0.0780424 -0.0714406
         vertex -0.1188 -0.0793449 -0.0715823
         vertex -0.1178 -0.0793991 -0.0705837
      endloop
   endfacet
   facet normal -0.707107 -0.038282 0.70607
      outer loop
         vertex -0.1188 -0.0793449 -0.0715823
         vertex -0.1188 -0.0806551 -0.0715823
         vertex -0.1178 -0.0806009 -0.0705837
      endloop
   endfacet
   facet normal -0.707107 0.038282 0.70607
      outer loop
         vertex -0.1188 -0.0806551 -0.0715823
         vertex -0.1188 -0.0819576 -0.0714406
         vertex -0.1178 -0.0817958 -0.0704538
      endloop
   endfacet
   facet normal -0.707107 0.114397 0.697792
      outer loop
         vertex -0.1188 -0.0819576 -0.0714406
         vertex -0.1188 -0.0832371 -0.071159
         vertex -0.1178 -0.0829696 -0.0701954
      endloop
   endfacet
   facet normal -0.707107 0.189171 0.681333
      outer loop
         vertex -0.1188 -0.0832371 -0.071159
         vertex -0.1188 -0.0844787 -0.0707406
         vertex -0.1178 -0.0841085 -0.0698116
      endloop
   endfacet
   facet normal -0.707107 0.261727 0.656886
      outer loop
         vertex -0.1188 -0.0844787 -0.0707406
         vertex -0.1188 -0.0856677 -0.0701905
         vertex -0.1178 -0.0851993 -0.069307
      endloop
   endfacet
   facet normal -0.707107 0.331215 0.624737
      outer loop
         vertex -0.1188 -0.0856677 -0.0701905
         vertex -0.1188 -0.0867904 -0.069515
         vertex -0.1178 -0.0862292 -0.0686873
      endloop
   endfacet
   facet normal -0.707107 0.396819 0.585265
      outer loop
         vertex -0.1188 -0.0867904 -0.069515
         vertex -0.1188 -0.0878334 -0.0687222
         vertex -0.1178 -0.087186 -0.06796
      endloop
   endfacet
   facet normal -0.707107 0.457771 0.53893
      outer loop
         vertex -0.1188 -0.0878334 -0.0687222
         vertex -0.1188 -0.0887845 -0.0678212
         vertex -0.1178 -0.0880585 -0.0671335
      endloop
   endfacet
   facet normal -0.707107 0.513356 0.486277
      outer loop
         vertex -0.1188 -0.0887845 -0.0678212
         vertex -0.1188 -0.0896327 -0.0668226
         vertex -0.1178 -0.0888366 -0.0662174
      endloop
   endfacet
   facet normal -0.707107 0.562923 0.427923
      outer loop
         vertex -0.1188 -0.0896327 -0.0668226
         vertex -0.1188 -0.090368 -0.0657382
         vertex -0.1178 -0.0895111 -0.0652226
      endloop
   endfacet
   facet normal -0.707107 0.60589 0.364552
      outer loop
         vertex -0.1188 -0.090368 -0.0657382
         vertex -0.1188 -0.0909817 -0.0645807
         vertex -0.1178 -0.0900741 -0.0641608
      endloop
   endfacet
   facet normal -0.707107 0.641753 0.296906
      outer loop
         vertex -0.1188 -0.0909817 -0.0645807
         vertex -0.1188 -0.0914666 -0.0633635
         vertex -0.1178 -0.090519 -0.0630442
      endloop
   endfacet
   facet normal -0.707107 0.670092 0.22578
      outer loop
         vertex -0.1188 -0.0914666 -0.0633635
         vertex -0.1188 -0.0918171 -0.0621011
         vertex -0.1178 -0.0908405 -0.0618862
      endloop
   endfacet
   facet normal -0.707107 0.690575 0.152007
      outer loop
         vertex -0.1188 -0.0918171 -0.0621011
         vertex -0.1188 -0.0920291 -0.0608082
         vertex -0.1178 -0.0910349 -0.0607001
      endloop
   endfacet
   facet normal -0.707107 0.702962 0.0764517
      outer loop
         vertex -0.1188 -0.0920291 -0.0608082
         vertex -0.1188 -0.0921 -0.0595
         vertex -0.1178 -0.0911 -0.0595
      endloop
   endfacet
   facet normal -0.707107 0.707107 1.29893e-16
      outer loop
         vertex -0.1188 -0.0921 -0.0595
         vertex -0.1188 -0.0920291 -0.0581918
         vertex -0.1178 -0.0910349 -0.0582999
      endloop
   endfacet
   facet normal -0.707107 0.702962 -0.0764517
      outer loop
         vertex -0.1188 -0.0920291 -0.0581918
         vertex -0.1188 -0.0918171 -0.0568989
         vertex -0.1178 -0.0908405 -0.0571138
      endloop
   endfacet
   facet normal -0.707107 0.690575 -0.152007
      outer loop
         vertex -0.1188 -0.0918171 -0.0568989
         vertex -0.1188 -0.0914666 -0.0556365
         vertex -0.1178 -0.090519 -0.0559558
      endloop
   endfacet
   facet normal -0.707107 0.670092 -0.22578
      outer loop
         vertex -0.1188 -0.0914666 -0.0556365
         vertex -0.1188 -0.0909817 -0.0544193
         vertex -0.1178 -0.0900741 -0.0548392
      endloop
   endfacet
   facet normal -0.707107 0.641753 -0.296906
      outer loop
         vertex -0.1188 -0.0909817 -0.0544193
         vertex -0.1188 -0.090368 -0.0532618
         vertex -0.1178 -0.0895111 -0.0537774
      endloop
   endfacet
   facet normal -0.707107 0.60589 -0.364552
      outer loop
         vertex -0.1188 -0.090368 -0.0532618
         vertex -0.1188 -0.0896327 -0.0521774
         vertex -0.1178 -0.0888366 -0.0527826
      endloop
   endfacet
   facet normal -0.707107 0.562923 -0.427923
      outer loop
         vertex -0.1188 -0.0896327 -0.0521774
         vertex -0.1188 -0.0887845 -0.0511788
         vertex -0.1178 -0.0880585 -0.0518665
      endloop
   endfacet
   facet normal -0.707107 0.513356 -0.486277
      outer loop
         vertex -0.1188 -0.0887845 -0.0511788
         vertex -0.1188 -0.0878334 -0.0502778
         vertex -0.1178 -0.087186 -0.05104
      endloop
   endfacet
   facet normal -0.707107 0.457771 -0.53893
      outer loop
         vertex -0.1188 -0.0878334 -0.0502778
         vertex -0.1188 -0.0867904 -0.049485
         vertex -0.1178 -0.0862292 -0.0503127
      endloop
   endfacet
   facet normal -0.707107 0.396819 -0.585265
      outer loop
         vertex -0.1188 -0.0867904 -0.049485
         vertex -0.1188 -0.0856677 -0.0488095
         vertex -0.1178 -0.0851993 -0.049693
      endloop
   endfacet
   facet normal -0.707107 0.331215 -0.624737
      outer loop
         vertex -0.1188 -0.0856677 -0.0488095
         vertex -0.1188 -0.0844787 -0.0482594
         vertex -0.1178 -0.0841085 -0.0491884
      endloop
   endfacet
   facet normal -0.707107 0.261727 -0.656886
      outer loop
         vertex -0.1188 -0.0844787 -0.0482594
         vertex -0.1188 -0.0832371 -0.047841
         vertex -0.1178 -0.0829696 -0.0488046
      endloop
   endfacet
   facet normal -0.707107 0.189171 -0.681333
      outer loop
         vertex -0.1188 -0.0832371 -0.047841
         vertex -0.1188 -0.0819576 -0.0475594
         vertex -0.1178 -0.0817958 -0.0485462
      endloop
   endfacet
   facet normal -0.707107 0.114397 -0.697792
      outer loop
         vertex -0.1188 -0.0819576 -0.0475594
         vertex -0.1188 -0.0806551 -0.0474177
         vertex -0.1178 -0.0806009 -0.0484163
      endloop
   endfacet
   facet normal -0.707107 0.038282 -0.70607
      outer loop
         vertex -0.1188 -0.0806551 -0.0474177
         vertex -0.1188 -0.08 -0.0474
         vertex -0.1178 -0.08 -0.0484
      endloop
   endfacet
   facet normal -0.707107 0 -0.707107
      outer loop
         vertex -0.1178 -0.08 -0.0484
         vertex -0.1178 -0.0806009 -0.0484163
         vertex -0.1188 -0.0806551 -0.0474177
      endloop
   endfacet
   facet normal -0.707107 0.038282 -0.70607
      outer loop
         vertex -0.1178 -0.0806009 -0.0484163
         vertex -0.1178 -0.0817958 -0.0485462
         vertex -0.1188 -0.0819576 -0.0475594
      endloop
   endfacet
   facet normal -0.707107 0.114397 -0.697792
      outer loop
         vertex -0.1178 -0.0817958 -0.0485462
         vertex -0.1178 -0.0829696 -0.0488046
         vertex -0.1188 -0.0832371 -0.047841
      endloop
   endfacet
   facet normal -0.707107 0.189171 -0.681333
      outer loop
         vertex -0.1178 -0.0829696 -0.0488046
         vertex -0.1178 -0.0841085 -0.0491884
         vertex -0.1188 -0.0844787 -0.0482594
      endloop
   endfacet
   facet normal -0.707107 0.261727 -0.656886
      outer loop
         vertex -0.1178 -0.0841085 -0.0491884
         vertex -0.1178 -0.0851993 -0.049693
         vertex -0.1188 -0.0856677 -0.0488095
      endloop
   endfacet
   facet normal -0.707107 0.331215 -0.624737
      outer loop
         vertex -0.1178 -0.0851993 -0.049693
         vertex -0.1178 -0.0862292 -0.0503127
         vertex -0.1188 -0.0867904 -0.049485
      endloop
   endfacet
   facet normal -0.707107 0.396819 -0.585265
      outer loop
         vertex -0.1178 -0.0862292 -0.0503127
         vertex -0.1178 -0.087186 -0.05104
         vertex -0.1188 -0.0878334 -0.0502778
      endloop
   endfacet
   facet normal -0.707107 0.457771 -0.53893
      outer loop
         vertex -0.1178 -0.087186 -0.05104
         vertex -0.1178 -0.0880585 -0.0518665
         vertex -0.1188 -0.0887845 -0.0511788
      endloop
   endfacet
   facet normal -0.707107 0.513356 -0.486277
      outer loop
         vertex -0.1178 -0.0880585 -0.0518665
         vertex -0.1178 -0.0888366 -0.0527826
         vertex -0.1188 -0.0896327 -0.0521774
      endloop
   endfacet
   facet normal -0.707107 0.562923 -0.427923
      outer loop
         vertex -0.1178 -0.0888366 -0.0527826
         vertex -0.1178 -0.0895111 -0.0537774
         vertex -0.1188 -0.090368 -0.0532618
      endloop
   endfacet
   facet normal -0.707107 0.60589 -0.364552
      outer loop
         vertex -0.1178 -0.0895111 -0.0537774
         vertex -0.1178 -0.0900741 -0.0548392
         vertex -0.1188 -0.0909817 -0.0544193
      endloop
   endfacet
   facet normal -0.707107 0.641753 -0.296906
      outer loop
         vertex -0.1178 -0.0900741 -0.0548392
         vertex -0.1178 -0.090519 -0.0559558
         vertex -0.1188 -0.0914666 -0.0556365
      endloop
   endfacet
   facet normal -0.707107 0.670092 -0.22578
      outer loop
         vertex -0.1178 -0.090519 -0.0559558
         vertex -0.1178 -0.0908405 -0.0571138
         vertex -0.1188 -0.0918171 -0.0568989
      endloop
   endfacet
   facet normal -0.707107 0.690575 -0.152007
      outer loop
         vertex -0.1178 -0.0908405 -0.0571138
         vertex -0.1178 -0.0910349 -0.0582999
         vertex -0.1188 -0.0920291 -0.0581918
      endloop
   endfacet
   facet normal -0.707107 0.702962 -0.0764517
      outer loop
         vertex -0.1178 -0.0910349 -0.0582999
         vertex -0.1178 -0.0911 -0.0595
         vertex -0.1188 -0.0921 -0.0595
      endloop
   endfacet
   facet normal -0.707107 0.707107 1.29893e-16
      outer loop
         vertex -0.1178 -0.0911 -0.0595
         vertex -0.1178 -0.0910349 -0.0607001
         vertex -0.1188 -0.0920291 -0.0608082
      endloop
   endfacet
   facet normal -0.707107 0.702962 0.0764517
      outer loop
         vertex -0.1178 -0.0910349 -0.0607001
         vertex -0.1178 -0.0908405 -0.0618862
         vertex -0.1188 -0.0918171 -0.0621011
      endloop
   endfacet
   facet normal -0.707107 0.690575 0.152007
      outer loop
         vertex -0.1178 -0.0908405 -0.0618862
         vertex -0.1178 -0.090519 -0.0630442
         vertex -0.1188 -0.0914666 -0.0633635
      endloop
   endfacet
   facet normal -0.707107 0.670092 0.22578
      outer loop
         vertex -0.1178 -0.090519 -0.0630442
         vertex -0.1178 -0.0900741 -0.0641608
         vertex -0.1188 -0.0909817 -0.0645807
      endloop
   endfacet
   facet normal -0.707107 0.641753 0.296906
      outer loop
         vertex -0.1178 -0.0900741 -0.0641608
         vertex -0.1178 -0.0895111 -0.0652226
         vertex -0.1188 -0.090368 -0.0657382
      endloop
   endfacet
   facet normal -0.707107 0.60589 0.364552
      outer loop
         vertex -0.1178 -0.0895111 -0.0652226
         vertex -0.1178 -0.0888366 -0.0662174
         vertex -0.1188 -0.0896327 -0.0668226
      endloop
   endfacet
   facet normal -0.707107 0.562923 0.427923
      outer loop
         vertex -0.1178 -0.0888366 -0.0662174
         vertex -0.1178 -0.0880585 -0.0671335
         vertex -0.1188 -0.0887845 -0.0678212
      endloop
   endfacet
   facet normal -0.707107 0.513356 0.486277
      outer loop
         vertex -0.1178 -0.0880585 -0.0671335
         vertex -0.1178 -0.087186 -0.06796
         vertex -0.1188 -0.0878334 -0.0687222
      endloop
   endfacet
   facet normal -0.707107 0.457771 0.53893
      outer loop
         vertex -0.1178 -0.087186 -0.06796
         vertex -0.1178 -0.0862292 -0.0686873
         vertex -0.1188 -0.0867904 -0.069515
      endloop
   endfacet
   facet normal -0.707107 0.396819 0.585265
      outer loop
         vertex -0.1178 -0.0862292 -0.0686873
         vertex -0.1178 -0.0851993 -0.069307
         vertex -0.1188 -0.0856677 -0.0701905
      endloop
   endfacet
   facet normal -0.707107 0.331215 0.624737
      outer loop
         vertex -0.1178 -0.0851993 -0.069307
         vertex -0.1178 -0.0841085 -0.0698116
         vertex -0.1188 -0.0844787 -0.0707406
      endloop
   endfacet
   facet normal -0.707107 0.261727 0.656886
      outer loop
         vertex -0.1178 -0.0841085 -0.0698116
         vertex -0.1178 -0.0829696 -0.0701954
         vertex -0.1188 -0.0832371 -0.071159
      endloop
   endfacet
   facet normal -0.707107 0.189171 0.681333
      outer loop
         vertex -0.1178 -0.0829696 -0.0701954
         vertex -0.1178 -0.0817958 -0.0704538
         vertex -0.1188 -0.0819576 -0.0714406
      endloop
   endfacet
   facet normal -0.707107 0.114397 0.697792
      outer loop
         vertex -0.1178 -0.0817958 -0.0704538
         vertex -0.1178 -0.0806009 -0.0705837
         vertex -0.1188 -0.0806551 -0.0715823
      endloop
   endfacet
   facet normal -0.707107 0.038282 0.70607
      outer loop
         vertex -0.1178 -0.0806009 -0.0705837
         vertex -0.1178 -0.0793991 -0.0705837
         vertex -0.1188 -0.0793449 -0.0715823
      endloop
   endfacet
   facet normal -0.707107 -0.038282 0.70607
      outer loop
         vertex -0.1178 -0.0793991 -0.0705837
         vertex -0.1178 -0.0782042 -0.0704538
         vertex -0.1188 -0.0780424 -0.0714406
      endloop
   endfacet
   facet normal -0.707107 -0.114397 0.697792
      outer loop
         vertex -0.1178 -0.0782042 -0.0704538
         vertex -0.1178 -0.0770304 -0.0701954
         vertex -0.1188 -0.0767629 -0.071159
      endloop
   endfacet
   facet normal -0.707107 -0.189171 0.681333
      outer loop
         vertex -0.1178 -0.0770304 -0.0701954
         vertex -0.1178 -0.0758915 -0.0698116
         vertex -0.1188 -0.0755213 -0.0707406
      endloop
   endfacet
   facet normal -0.707107 -0.261727 0.656886
      outer loop
         vertex -0.1178 -0.0758915 -0.0698116
         vertex -0.1178 -0.0748007 -0.069307
         vertex -0.1188 -0.0743323 -0.0701905
      endloop
   endfacet
   facet normal -0.707107 -0.331215 0.624737
      outer loop
         vertex -0.1178 -0.0748007 -0.069307
         vertex -0.1178 -0.0737708 -0.0686873
         vertex -0.1188 -0.0732096 -0.069515
      endloop
   endfacet
   facet normal -0.707107 -0.396819 0.585265
      outer loop
         vertex -0.1178 -0.0737708 -0.0686873
         vertex -0.1178 -0.072814 -0.06796
         vertex -0.1188 -0.0721666 -0.0687222
      endloop
   endfacet
   facet normal -0.707107 -0.457771 0.53893
      outer loop
         vertex -0.1178 -0.072814 -0.06796
         vertex -0.1178 -0.0719415 -0.0671335
         vertex -0.1188 -0.0712155 -0.0678212
      endloop
   endfacet
   facet normal -0.707107 -0.513356 0.486277
      outer loop
         vertex -0.1178 -0.0719415 -0.0671335
         vertex -0.1178 -0.0711634 -0.0662174
         vertex -0.1188 -0.0703673 -0.0668226
      endloop
   endfacet
   facet normal -0.707107 -0.562923 0.427923
      outer loop
         vertex -0.1178 -0.0711634 -0.0662174
         vertex -0.1178 -0.0704889 -0.0652226
         vertex -0.1188 -0.069632 -0.0657382
      endloop
   endfacet
   facet normal -0.707107 -0.60589 0.364552
      outer loop
         vertex -0.1178 -0.0704889 -0.0652226
         vertex -0.1178 -0.0699259 -0.0641608
         vertex -0.1188 -0.0690183 -0.0645807
      endloop
   endfacet
   facet normal -0.707107 -0.641753 0.296906
      outer loop
         vertex -0.1178 -0.0699259 -0.0641608
         vertex -0.1178 -0.069481 -0.0630442
         vertex -0.1188 -0.0685334 -0.0633635
      endloop
   endfacet
   facet normal -0.707107 -0.670092 0.22578
      outer loop
         vertex -0.1178 -0.069481 -0.0630442
         vertex -0.1178 -0.0691595 -0.0618862
         vertex -0.1188 -0.0681829 -0.0621011
      endloop
   endfacet
   facet normal -0.707107 -0.690575 0.152007
      outer loop
         vertex -0.1178 -0.0691595 -0.0618862
         vertex -0.1178 -0.0689651 -0.0607001
         vertex -0.1188 -0.0679709 -0.0608082
      endloop
   endfacet
   facet normal -0.707107 -0.702962 0.0764517
      outer loop
         vertex -0.1178 -0.0689651 -0.0607001
         vertex -0.1178 -0.0689 -0.0595
         vertex -0.1188 -0.0679 -0.0595
      endloop
   endfacet
   facet normal -0.707107 -0.707107 -4.32978e-17
      outer loop
         vertex -0.1178 -0.0689 -0.0595
         vertex -0.1178 -0.0689651 -0.0582999
         vertex -0.1188 -0.0679709 -0.0581918
      endloop
   endfacet
   facet normal -0.707107 -0.702962 -0.0764517
      outer loop
         vertex -0.1178 -0.0689651 -0.0582999
         vertex -0.1178 -0.0691595 -0.0571138
         vertex -0.1188 -0.0681829 -0.0568989
      endloop
   endfacet
   facet normal -0.707107 -0.690575 -0.152007
      outer loop
         vertex -0.1178 -0.0691595 -0.0571138
         vertex -0.1178 -0.069481 -0.0559558
         vertex -0.1188 -0.0685334 -0.0556365
      endloop
   endfacet
   facet normal -0.707107 -0.670092 -0.22578
      outer loop
         vertex -0.1178 -0.069481 -0.0559558
         vertex -0.1178 -0.0699259 -0.0548392
         vertex -0.1188 -0.0690183 -0.0544193
      endloop
   endfacet
   facet normal -0.707107 -0.641753 -0.296906
      outer loop
         vertex -0.1178 -0.0699259 -0.0548392
         vertex -0.1178 -0.0704889 -0.0537774
         vertex -0.1188 -0.069632 -0.0532618
      endloop
   endfacet
   facet normal -0.707107 -0.60589 -0.364552
      outer loop
         vertex -0.1178 -0.0704889 -0.0537774
         vertex -0.1178 -0.0711634 -0.0527826
         vertex -0.1188 -0.0703673 -0.0521774
      endloop
   endfacet
   facet normal -0.707107 -0.562923 -0.427923
      outer loop
         vertex -0.1178 -0.0711634 -0.0527826
         vertex -0.1178 -0.0719415 -0.0518665
         vertex -0.1188 -0.0712155 -0.0511788
      endloop
   endfacet
   facet normal -0.707107 -0.513356 -0.486277
      outer loop
         vertex -0.1178 -0.0719415 -0.0518665
         vertex -0.1178 -0.072814 -0.05104
         vertex -0.1188 -0.0721666 -0.0502778
      endloop
   endfacet
   facet normal -0.707107 -0.457771 -0.53893
      outer loop
         vertex -0.1178 -0.072814 -0.05104
         vertex -0.1178 -0.0737708 -0.0503127
         vertex -0.1188 -0.0732096 -0.049485
      endloop
   endfacet
   facet normal -0.707107 -0.396819 -0.585265
      outer loop
         vertex -0.1178 -0.0737708 -0.0503127
         vertex -0.1178 -0.0748007 -0.049693
         vertex -0.1188 -0.0743323 -0.0488095
      endloop
   endfacet
   facet normal -0.707107 -0.331215 -0.624737
      outer loop
         vertex -0.1178 -0.0748007 -0.049693
         vertex -0.1178 -0.0758915 -0.0491884
         vertex -0.1188 -0.0755213 -0.0482594
      endloop
   endfacet
   facet normal -0.707107 -0.261727 -0.656886
      outer loop
         vertex -0.1178 -0.0758915 -0.0491884
         vertex -0.1178 -0.0770304 -0.0488046
         vertex -0.1188 -0.0767629 -0.047841
      endloop
   endfacet
   facet normal -0.707107 -0.189171 -0.681333
      outer loop
         vertex -0.1178 -0.0770304 -0.0488046
         vertex -0.1178 -0.0782042 -0.0485462
         vertex -0.1188 -0.0780424 -0.0475594
      endloop
   endfacet
   facet normal -0.707107 -0.114397 -0.697792
      outer loop
         vertex -0.1178 -0.0782042 -0.0485462
         vertex -0.1178 -0.0793991 -0.0484163
         vertex -0.1188 -0.0793449 -0.0474177
      endloop
   endfacet
   facet normal -0.707107 -0.038282 -0.70607
      outer loop
         vertex -0.1178 -0.0793991 -0.0484163
         vertex -0.1178 -0.08 -0.0484
         vertex -0.1188 -0.08 -0.0474
      endloop
   endfacet
   facet normal -1 6.12323e-17 0
      outer loop
         vertex -0.1188 -0.103595 -0.0371498
         vertex -0.1188 -0.0887845 -0.0511788
         vertex -0.1188 -0.0896327 -0.0521774
      endloop
   endfacet
   facet normal -1 6.12323e-17 0
      outer loop
         vertex -0.1188 -0.103595 -0.0371498
         vertex -0.1188 -0.10104 -0.0347297
         vertex -0.1188 -0.0878334 -0.0502778
      endloop
   endfacet
   facet normal -1 6.12323e-17 0
      outer loop
         vertex -0.1188 -0.0817595 -0.0270477
         vertex -0.1188 -0.0782405 -0.0270477
         vertex -0.1188 -0.08 -0.0474
      endloop
   endfacet
   facet normal -1 6.12323e-17 0
      outer loop
         vertex -0.1188 -0.0647767 -0.0307859
         vertex -0.1188 -0.0743323 -0.0488095
         vertex -0.1188 -0.0755213 -0.0482594
      endloop
   endfacet
   facet normal -1 6.12323e-17 0
      outer loop
         vertex -0.1188 -0.0647767 -0.0307859
         vertex -0.1188 -0.0617614 -0.0326001
         vertex -0.1188 -0.0732096 -0.049485
      endloop
   endfacet
   facet normal -1 6.12323e-17 0
      outer loop
         vertex -0.1188 -0.105873 -0.0398318
         vertex -0.1188 -0.0896327 -0.0521774
         vertex -0.1188 -0.090368 -0.0532618
      endloop
   endfacet
   facet normal -1 6.12323e-17 0
      outer loop
         vertex -0.1188 -0.0878334 -0.0502778
         vertex -0.1188 -0.0887845 -0.0511788
         vertex -0.1188 -0.103595 -0.0371498
      endloop
   endfacet
   facet normal -1 6.12323e-17 0
      outer loop
         vertex -0.1188 -0.0817595 -0.0270477
         vertex -0.1188 -0.0806551 -0.0474177
         vertex -0.1188 -0.0819576 -0.0475594
      endloop
   endfacet
   facet normal -1 6.12323e-17 0
      outer loop
         vertex -0.1188 -0.0782405 -0.0270477
         vertex -0.1188 -0.0793449 -0.0474177
         vertex -0.1188 -0.08 -0.0474
      endloop
   endfacet
   facet normal -1 6.12323e-17 0
      outer loop
         vertex -0.1188 -0.0679705 -0.0293083
         vertex -0.1188 -0.0755213 -0.0482594
         vertex -0.1188 -0.0767629 -0.047841
      endloop
   endfacet
   facet normal -1 6.12323e-17 0
      outer loop
         vertex -0.1188 -0.0732096 -0.049485
         vertex -0.1188 -0.0743323 -0.0488095
         vertex -0.1188 -0.0647767 -0.0307859
      endloop
   endfacet
   facet normal -1 6.12323e-17 0
      outer loop
         vertex -0.1188 -0.0896327 -0.0521774
         vertex -0.1188 -0.105873 -0.0398318
         vertex -0.1188 -0.103595 -0.0371498
      endloop
   endfacet
   facet normal -1 6.12323e-17 0
      outer loop
         vertex -0.1188 -0.10104 -0.0347297
         vertex -0.1188 -0.0982386 -0.0326001
         vertex -0.1188 -0.0867904 -0.049485
      endloop
   endfacet
   facet normal -1 6.12323e-17 0
      outer loop
         vertex -0.1188 -0.0952233 -0.0307859
         vertex -0.1188 -0.0856677 -0.0488095
         vertex -0.1188 -0.0867904 -0.049485
      endloop
   endfacet
   facet normal -1 6.12323e-17 0
      outer loop
         vertex -0.1188 -0.0952233 -0.0307859
         vertex -0.1188 -0.0920295 -0.0293083
         vertex -0.1188 -0.0844787 -0.0482594
      endloop
   endfacet
   facet normal -1 6.12323e-17 0
      outer loop
         vertex -0.1188 -0.08 -0.0474
         vertex -0.1188 -0.0806551 -0.0474177
         vertex -0.1188 -0.0817595 -0.0270477
      endloop
   endfacet
   facet normal -1 6.12323e-17 0
      outer loop
         vertex -0.1188 -0.0747421 -0.0274281
         vertex -0.1188 -0.0780424 -0.0475594
         vertex -0.1188 -0.0793449 -0.0474177
      endloop
   endfacet
   facet normal -1 6.12323e-17 0
      outer loop
         vertex -0.1188 -0.0713053 -0.0281846
         vertex -0.1188 -0.0767629 -0.047841
         vertex -0.1188 -0.0780424 -0.0475594
      endloop
   endfacet
   facet normal -1 6.12323e-17 0
      outer loop
         vertex -0.1188 -0.0755213 -0.0482594
         vertex -0.1188 -0.0679705 -0.0293083
         vertex -0.1188 -0.0647767 -0.0307859
      endloop
   endfacet
   facet normal -1 6.12323e-17 0
      outer loop
         vertex -0.1188 -0.0867904 -0.049485
         vertex -0.1188 -0.0878334 -0.0502778
         vertex -0.1188 -0.10104 -0.0347297
      endloop
   endfacet
   facet normal -1 6.12323e-17 0
      outer loop
         vertex -0.1188 -0.0844787 -0.0482594
         vertex -0.1188 -0.0856677 -0.0488095
         vertex -0.1188 -0.0952233 -0.0307859
      endloop
   endfacet
   facet normal -1 6.12323e-17 0
      outer loop
         vertex -0.1188 -0.0886947 -0.0281846
         vertex -0.1188 -0.0832371 -0.047841
         vertex -0.1188 -0.0844787 -0.0482594
      endloop
   endfacet
   facet normal -1 6.12323e-17 0
      outer loop
         vertex -0.1188 -0.0886947 -0.0281846
         vertex -0.1188 -0.0852579 -0.0274281
         vertex -0.1188 -0.0819576 -0.0475594
      endloop
   endfacet
   facet normal -1 6.12323e-17 0
      outer loop
         vertex -0.1188 -0.0793449 -0.0474177
         vertex -0.1188 -0.0782405 -0.0270477
         vertex -0.1188 -0.0747421 -0.0274281
      endloop
   endfacet
   facet normal -1 6.12323e-17 0
      outer loop
         vertex -0.1188 -0.0767629 -0.047841
         vertex -0.1188 -0.0713053 -0.0281846
         vertex -0.1188 -0.0679705 -0.0293083
      endloop
   endfacet
   facet normal -1 6.12323e-17 0
      outer loop
         vertex -0.1188 -0.0492013 -0.0491227
         vertex -0.1188 -0.0482598 -0.0525135
         vertex -0.1188 -0.0681829 -0.0568989
      endloop
   endfacet
   facet normal -1 6.12323e-17 0
      outer loop
         vertex -0.1188 -0.0482598 -0.0525135
         vertex -0.1188 -0.0476905 -0.0559861
         vertex -0.1188 -0.0679709 -0.0581918
      endloop
   endfacet
   facet normal -1 6.12323e-17 0
      outer loop
         vertex -0.1188 -0.0505038 -0.0731464
         vertex -0.1188 -0.0690183 -0.0645807
         vertex -0.1188 -0.0685334 -0.0633635
      endloop
   endfacet
   facet normal -1 6.12323e-17 0
      outer loop
         vertex -0.1188 -0.0521521 -0.0762555
         vertex -0.1188 -0.069632 -0.0657382
         vertex -0.1188 -0.0690183 -0.0645807
      endloop
   endfacet
   facet normal -1 6.12323e-17 0
      outer loop
         vertex -0.1188 -0.0589599 -0.0842703
         vertex -0.1188 -0.0721666 -0.0687222
         vertex -0.1188 -0.0712155 -0.0678212
      endloop
   endfacet
   facet normal -1 6.12323e-17 0
      outer loop
         vertex -0.1188 -0.0589599 -0.0842703
         vertex -0.1188 -0.0617614 -0.0863999
         vertex -0.1188 -0.0732096 -0.069515
      endloop
   endfacet
   facet normal -1 6.12323e-17 0
      outer loop
         vertex -0.1188 -0.0747421 -0.0915719
         vertex -0.1188 -0.0782405 -0.0919523
         vertex -0.1188 -0.0793449 -0.0715823
      endloop
   endfacet
   facet normal -1 6.12323e-17 0
      outer loop
         vertex -0.1188 -0.0782405 -0.0919523
         vertex -0.1188 -0.0817595 -0.0919523
         vertex -0.1188 -0.0806551 -0.0715823
      endloop
   endfacet
   facet normal -1 6.12323e-17 0
      outer loop
         vertex -0.1188 -0.0852579 -0.0915719
         vertex -0.1188 -0.0819576 -0.0714406
         vertex -0.1188 -0.0806551 -0.0715823
      endloop
   endfacet
   facet normal -1 6.12323e-17 0
      outer loop
         vertex -0.1188 -0.0852579 -0.0915719
         vertex -0.1188 -0.0886947 -0.0908154
         vertex -0.1188 -0.0832371 -0.071159
      endloop
   endfacet
   facet normal -1 6.12323e-17 0
      outer loop
         vertex -0.1188 -0.10104 -0.0842703
         vertex -0.1188 -0.0878334 -0.0687222
         vertex -0.1188 -0.0867904 -0.069515
      endloop
   endfacet
   facet normal -1 6.12323e-17 0
      outer loop
         vertex -0.1188 -0.10104 -0.0842703
         vertex -0.1188 -0.103595 -0.0818502
         vertex -0.1188 -0.0887845 -0.0678212
      endloop
   endfacet
   facet normal -1 6.12323e-17 0
      outer loop
         vertex -0.1188 -0.11174 -0.0525135
         vertex -0.1188 -0.0918171 -0.0568989
         vertex -0.1188 -0.0920291 -0.0581918
      endloop
   endfacet
   facet normal -1 6.12323e-17 0
      outer loop
         vertex -0.1188 -0.110799 -0.0491227
         vertex -0.1188 -0.0914666 -0.0556365
         vertex -0.1188 -0.0918171 -0.0568989
      endloop
   endfacet
   facet normal -1 6.12323e-17 0
      outer loop
         vertex -0.1188 -0.109496 -0.0458536
         vertex -0.1188 -0.107848 -0.0427445
         vertex -0.1188 -0.090368 -0.0532618
      endloop
   endfacet
   facet normal -1 6.12323e-17 0
      outer loop
         vertex -0.1188 -0.0867904 -0.049485
         vertex -0.1188 -0.0982386 -0.0326001
         vertex -0.1188 -0.0952233 -0.0307859
      endloop
   endfacet
   facet normal -1 6.12323e-17 0
      outer loop
         vertex -0.1188 -0.0819576 -0.0475594
         vertex -0.1188 -0.0832371 -0.047841
         vertex -0.1188 -0.0886947 -0.0281846
      endloop
   endfacet
   facet normal -1 6.12323e-17 0
      outer loop
         vertex -0.1188 -0.0780424 -0.0475594
         vertex -0.1188 -0.0747421 -0.0274281
         vertex -0.1188 -0.0713053 -0.0281846
      endloop
   endfacet
   facet normal -1 6.12323e-17 0
      outer loop
         vertex -0.1188 -0.0589599 -0.0347297
         vertex -0.1188 -0.0721666 -0.0502778
         vertex -0.1188 -0.0732096 -0.049485
      endloop
   endfacet
   facet normal -1 6.12323e-17 0
      outer loop
         vertex -0.1188 -0.0589599 -0.0347297
         vertex -0.1188 -0.0564051 -0.0371498
         vertex -0.1188 -0.0712155 -0.0511788
      endloop
   endfacet
   facet normal -1 6.12323e-17 0
      outer loop
         vertex -0.1188 -0.054127 -0.0398318
         vertex -0.1188 -0.0703673 -0.0521774
         vertex -0.1188 -0.0712155 -0.0511788
      endloop
   endfacet
   facet normal -1 6.12323e-17 0
      outer loop
         vertex -0.1188 -0.054127 -0.0398318
         vertex -0.1188 -0.0521521 -0.0427445
         vertex -0.1188 -0.069632 -0.0532618
      endloop
   endfacet
   facet normal -1 6.12323e-17 0
      outer loop
         vertex -0.1188 -0.0492013 -0.0491227
         vertex -0.1188 -0.0685334 -0.0556365
         vertex -0.1188 -0.0690183 -0.0544193
      endloop
   endfacet
   facet normal -1 6.12323e-17 0
      outer loop
         vertex -0.1188 -0.0679709 -0.0581918
         vertex -0.1188 -0.0681829 -0.0568989
         vertex -0.1188 -0.0482598 -0.0525135
      endloop
   endfacet
   facet normal -1 6.12323e-17 0
      outer loop
         vertex -0.1188 -0.0690183 -0.0645807
         vertex -0.1188 -0.0505038 -0.0731464
         vertex -0.1188 -0.0521521 -0.0762555
      endloop
   endfacet
   facet normal -1 6.12323e-17 0
      outer loop
         vertex -0.1188 -0.0521521 -0.0762555
         vertex -0.1188 -0.054127 -0.0791682
         vertex -0.1188 -0.0703673 -0.0668226
      endloop
   endfacet
   facet normal -1 6.12323e-17 0
      outer loop
         vertex -0.1188 -0.0564051 -0.0818502
         vertex -0.1188 -0.0712155 -0.0678212
         vertex -0.1188 -0.0703673 -0.0668226
      endloop
   endfacet
   facet normal -1 6.12323e-17 0
      outer loop
         vertex -0.1188 -0.0732096 -0.069515
         vertex -0.1188 -0.0721666 -0.0687222
         vertex -0.1188 -0.0589599 -0.0842703
      endloop
   endfacet
   facet normal -1 6.12323e-17 0
      outer loop
         vertex -0.1188 -0.0713053 -0.0908154
         vertex -0.1188 -0.0767629 -0.071159
         vertex -0.1188 -0.0755213 -0.0707406
      endloop
   endfacet
   facet normal -1 6.12323e-17 0
      outer loop
         vertex -0.1188 -0.0713053 -0.0908154
         vertex -0.1188 -0.0747421 -0.0915719
         vertex -0.1188 -0.0780424 -0.0714406
      endloop
   endfacet
   facet normal -1 6.12323e-17 0
      outer loop
         vertex -0.1188 -0.0806551 -0.0715823
         vertex -0.1188 -0.0793449 -0.0715823
         vertex -0.1188 -0.0782405 -0.0919523
      endloop
   endfacet
   facet normal -1 6.12323e-17 0
      outer loop
         vertex -0.1188 -0.0832371 -0.071159
         vertex -0.1188 -0.0819576 -0.0714406
         vertex -0.1188 -0.0852579 -0.0915719
      endloop
   endfacet
   facet normal -1 6.12323e-17 0
      outer loop
         vertex -0.1188 -0.0952233 -0.0882141
         vertex -0.1188 -0.0856677 -0.0701905
         vertex -0.1188 -0.0844787 -0.0707406
      endloop
   endfacet
   facet normal -1 6.12323e-17 0
      outer loop
         vertex -0.1188 -0.0952233 -0.0882141
         vertex -0.1188 -0.0982386 -0.0863999
         vertex -0.1188 -0.0867904 -0.069515
      endloop
   endfacet
   facet normal -1 6.12323e-17 0
      outer loop
         vertex -0.1188 -0.0887845 -0.0678212
         vertex -0.1188 -0.0878334 -0.0687222
         vertex -0.1188 -0.10104 -0.0842703
      endloop
   endfacet
   facet normal -1 6.12323e-17 0
      outer loop
         vertex -0.1188 -0.103595 -0.0818502
         vertex -0.1188 -0.105873 -0.0791682
         vertex -0.1188 -0.0896327 -0.0668226
      endloop
   endfacet
   facet normal -1 6.12323e-17 0
      outer loop
         vertex -0.1188 -0.0918171 -0.0568989
         vertex -0.1188 -0.11174 -0.0525135
         vertex -0.1188 -0.110799 -0.0491227
      endloop
   endfacet
   facet normal -1 6.12323e-17 0
      outer loop
         vertex -0.1188 -0.110799 -0.0491227
         vertex -0.1188 -0.109496 -0.0458536
         vertex -0.1188 -0.0909817 -0.0544193
      endloop
   endfacet
   facet normal -1 6.12323e-17 0
      outer loop
         vertex -0.1188 -0.090368 -0.0532618
         vertex -0.1188 -0.107848 -0.0427445
         vertex -0.1188 -0.105873 -0.0398318
      endloop
   endfacet
   facet normal -1 6.12323e-17 0
      outer loop
         vertex -0.1188 -0.0819576 -0.0475594
         vertex -0.1188 -0.0852579 -0.0274281
         vertex -0.1188 -0.0817595 -0.0270477
      endloop
   endfacet
   facet normal -1 6.12323e-17 0
      outer loop
         vertex -0.1188 -0.0712155 -0.0511788
         vertex -0.1188 -0.0721666 -0.0502778
         vertex -0.1188 -0.0589599 -0.0347297
      endloop
   endfacet
   facet normal -1 6.12323e-17 0
      outer loop
         vertex -0.1188 -0.069632 -0.0532618
         vertex -0.1188 -0.0703673 -0.0521774
         vertex -0.1188 -0.054127 -0.0398318
      endloop
   endfacet
   facet normal -1 6.12323e-17 0
      outer loop
         vertex -0.1188 -0.0505038 -0.0458536
         vertex -0.1188 -0.0690183 -0.0544193
         vertex -0.1188 -0.069632 -0.0532618
      endloop
   endfacet
   facet normal -1 6.12323e-17 0
      outer loop
         vertex -0.1188 -0.0681829 -0.0568989
         vertex -0.1188 -0.0685334 -0.0556365
         vertex -0.1188 -0.0492013 -0.0491227
      endloop
   endfacet
   facet normal -1 6.12323e-17 0
      outer loop
         vertex -0.1188 -0.0703673 -0.0668226
         vertex -0.1188 -0.069632 -0.0657382
         vertex -0.1188 -0.0521521 -0.0762555
      endloop
   endfacet
   facet normal -1 6.12323e-17 0
      outer loop
         vertex -0.1188 -0.0712155 -0.0678212
         vertex -0.1188 -0.0564051 -0.0818502
         vertex -0.1188 -0.0589599 -0.0842703
      endloop
   endfacet
   facet normal -1 6.12323e-17 0
      outer loop
         vertex -0.1188 -0.0617614 -0.0863999
         vertex -0.1188 -0.0647767 -0.0882141
         vertex -0.1188 -0.0743323 -0.0701905
      endloop
   endfacet
   facet normal -1 6.12323e-17 0
      outer loop
         vertex -0.1188 -0.0647767 -0.0882141
         vertex -0.1188 -0.0679705 -0.0896917
         vertex -0.1188 -0.0755213 -0.0707406
      endloop
   endfacet
   facet normal -1 6.12323e-17 0
      outer loop
         vertex -0.1188 -0.0780424 -0.0714406
         vertex -0.1188 -0.0767629 -0.071159
         vertex -0.1188 -0.0713053 -0.0908154
      endloop
   endfacet
   facet normal -1 6.12323e-17 0
      outer loop
         vertex -0.1188 -0.0806551 -0.0715823
         vertex -0.1188 -0.0817595 -0.0919523
         vertex -0.1188 -0.0852579 -0.0915719
      endloop
   endfacet
   facet normal -1 6.12323e-17 0
      outer loop
         vertex -0.1188 -0.0867904 -0.069515
         vertex -0.1188 -0.0856677 -0.0701905
         vertex -0.1188 -0.0952233 -0.0882141
      endloop
   endfacet
   facet normal -1 6.12323e-17 0
      outer loop
         vertex -0.1188 -0.0896327 -0.0668226
         vertex -0.1188 -0.0887845 -0.0678212
         vertex -0.1188 -0.103595 -0.0818502
      endloop
   endfacet
   facet normal -1 6.12323e-17 0
      outer loop
         vertex -0.1188 -0.107848 -0.0762555
         vertex -0.1188 -0.090368 -0.0657382
         vertex -0.1188 -0.0896327 -0.0668226
      endloop
   endfacet
   facet normal -1 6.12323e-17 0
      outer loop
         vertex -0.1188 -0.107848 -0.0762555
         vertex -0.1188 -0.109496 -0.0731464
         vertex -0.1188 -0.0909817 -0.0645807
      endloop
   endfacet
   facet normal -1 6.12323e-17 0
      outer loop
         vertex -0.1188 -0.110799 -0.0698773
         vertex -0.1188 -0.0914666 -0.0633635
         vertex -0.1188 -0.0909817 -0.0645807
      endloop
   endfacet
   facet normal -1 6.12323e-17 0
      outer loop
         vertex -0.1188 -0.110799 -0.0698773
         vertex -0.1188 -0.11174 -0.0664865
         vertex -0.1188 -0.0918171 -0.0621011
      endloop
   endfacet
   facet normal -1 6.12323e-17 0
      outer loop
         vertex -0.1188 -0.112309 -0.0630139
         vertex -0.1188 -0.0920291 -0.0608082
         vertex -0.1188 -0.0918171 -0.0621011
      endloop
   endfacet
   facet normal -1 6.12323e-17 0
      outer loop
         vertex -0.1188 -0.112309 -0.0630139
         vertex -0.1188 -0.1125 -0.0595
         vertex -0.1188 -0.0921 -0.0595
      endloop
   endfacet
   facet normal -1 6.12323e-17 0
      outer loop
         vertex -0.1188 -0.0909817 -0.0544193
         vertex -0.1188 -0.0914666 -0.0556365
         vertex -0.1188 -0.110799 -0.0491227
      endloop
   endfacet
   facet normal -1 6.12323e-17 0
      outer loop
         vertex -0.1188 -0.0844787 -0.0482594
         vertex -0.1188 -0.0920295 -0.0293083
         vertex -0.1188 -0.0886947 -0.0281846
      endloop
   endfacet
   facet normal -1 6.12323e-17 0
      outer loop
         vertex -0.1188 -0.0712155 -0.0511788
         vertex -0.1188 -0.0564051 -0.0371498
         vertex -0.1188 -0.054127 -0.0398318
      endloop
   endfacet
   facet normal -1 6.12323e-17 0
      outer loop
         vertex -0.1188 -0.0690183 -0.0544193
         vertex -0.1188 -0.0505038 -0.0458536
         vertex -0.1188 -0.0492013 -0.0491227
      endloop
   endfacet
   facet normal -1 6.12323e-17 0
      outer loop
         vertex -0.1188 -0.0703673 -0.0668226
         vertex -0.1188 -0.054127 -0.0791682
         vertex -0.1188 -0.0564051 -0.0818502
      endloop
   endfacet
   facet normal -1 6.12323e-17 0
      outer loop
         vertex -0.1188 -0.0755213 -0.0707406
         vertex -0.1188 -0.0743323 -0.0701905
         vertex -0.1188 -0.0647767 -0.0882141
      endloop
   endfacet
   facet normal -1 6.12323e-17 0
      outer loop
         vertex -0.1188 -0.0793449 -0.0715823
         vertex -0.1188 -0.0780424 -0.0714406
         vertex -0.1188 -0.0747421 -0.0915719
      endloop
   endfacet
   facet normal -1 6.12323e-17 0
      outer loop
         vertex -0.1188 -0.0920295 -0.0896917
         vertex -0.1188 -0.0844787 -0.0707406
         vertex -0.1188 -0.0832371 -0.071159
      endloop
   endfacet
   facet normal -1 6.12323e-17 0
      outer loop
         vertex -0.1188 -0.0867904 -0.069515
         vertex -0.1188 -0.0982386 -0.0863999
         vertex -0.1188 -0.10104 -0.0842703
      endloop
   endfacet
   facet normal -1 6.12323e-17 0
      outer loop
         vertex -0.1188 -0.0909817 -0.0645807
         vertex -0.1188 -0.090368 -0.0657382
         vertex -0.1188 -0.107848 -0.0762555
      endloop
   endfacet
   facet normal -1 6.12323e-17 0
      outer loop
         vertex -0.1188 -0.0918171 -0.0621011
         vertex -0.1188 -0.0914666 -0.0633635
         vertex -0.1188 -0.110799 -0.0698773
      endloop
   endfacet
   facet normal -1 6.12323e-17 0
      outer loop
         vertex -0.1188 -0.0921 -0.0595
         vertex -0.1188 -0.0920291 -0.0608082
         vertex -0.1188 -0.112309 -0.0630139
      endloop
   endfacet
   facet normal -1 6.12323e-17 0
      outer loop
         vertex -0.1188 -0.090368 -0.0532618
         vertex -0.1188 -0.0909817 -0.0544193
         vertex -0.1188 -0.109496 -0.0458536
      endloop
   endfacet
   facet normal -1 6.12323e-17 0
      outer loop
         vertex -0.1188 -0.069632 -0.0532618
         vertex -0.1188 -0.0521521 -0.0427445
         vertex -0.1188 -0.0505038 -0.0458536
      endloop
   endfacet
   facet normal -1 6.12323e-17 0
      outer loop
         vertex -0.1188 -0.0475 -0.0595
         vertex -0.1188 -0.0679 -0.0595
         vertex -0.1188 -0.0679709 -0.0581918
      endloop
   endfacet
   facet normal -1 6.12323e-17 0
      outer loop
         vertex -0.1188 -0.0475 -0.0595
         vertex -0.1188 -0.0476905 -0.0630139
         vertex -0.1188 -0.0679709 -0.0608082
      endloop
   endfacet
   facet normal -1 6.12323e-17 0
      outer loop
         vertex -0.1188 -0.0743323 -0.0701905
         vertex -0.1188 -0.0732096 -0.069515
         vertex -0.1188 -0.0617614 -0.0863999
      endloop
   endfacet
   facet normal -1 6.12323e-17 0
      outer loop
         vertex -0.1188 -0.0832371 -0.071159
         vertex -0.1188 -0.0886947 -0.0908154
         vertex -0.1188 -0.0920295 -0.0896917
      endloop
   endfacet
   facet normal -1 6.12323e-17 0
      outer loop
         vertex -0.1188 -0.0896327 -0.0668226
         vertex -0.1188 -0.105873 -0.0791682
         vertex -0.1188 -0.107848 -0.0762555
      endloop
   endfacet
   facet normal -1 6.12323e-17 0
      outer loop
         vertex -0.1188 -0.0918171 -0.0621011
         vertex -0.1188 -0.11174 -0.0664865
         vertex -0.1188 -0.112309 -0.0630139
      endloop
   endfacet
   facet normal -1 6.12323e-17 0
      outer loop
         vertex -0.1188 -0.0732096 -0.049485
         vertex -0.1188 -0.0617614 -0.0326001
         vertex -0.1188 -0.0589599 -0.0347297
      endloop
   endfacet
   facet normal -1 6.12323e-17 0
      outer loop
         vertex -0.1188 -0.0679709 -0.0608082
         vertex -0.1188 -0.0679 -0.0595
         vertex -0.1188 -0.0475 -0.0595
      endloop
   endfacet
   facet normal -1 6.12323e-17 0
      outer loop
         vertex -0.1188 -0.0482598 -0.0664865
         vertex -0.1188 -0.0681829 -0.0621011
         vertex -0.1188 -0.0679709 -0.0608082
      endloop
   endfacet
   facet normal -1 6.12323e-17 0
      outer loop
         vertex -0.1188 -0.0482598 -0.0664865
         vertex -0.1188 -0.0492013 -0.0698773
         vertex -0.1188 -0.0685334 -0.0633635
      endloop
   endfacet
   facet normal -1 6.12323e-17 0
      outer loop
         vertex -0.1188 -0.0755213 -0.0707406
         vertex -0.1188 -0.0679705 -0.0896917
         vertex -0.1188 -0.0713053 -0.0908154
      endloop
   endfacet
   facet normal -1 6.12323e-17 0
      outer loop
         vertex -0.1188 -0.0909817 -0.0645807
         vertex -0.1188 -0.109496 -0.0731464
         vertex -0.1188 -0.110799 -0.0698773
      endloop
   endfacet
   facet normal -1 6.12323e-17 0
      outer loop
         vertex -0.1188 -0.1125 -0.0595
         vertex -0.1188 -0.112309 -0.0559861
         vertex -0.1188 -0.0920291 -0.0581918
      endloop
   endfacet
   facet normal -1 6.12323e-17 0
      outer loop
         vertex -0.1188 -0.0679709 -0.0581918
         vertex -0.1188 -0.0476905 -0.0559861
         vertex -0.1188 -0.0475 -0.0595
      endloop
   endfacet
   facet normal -1 6.12323e-17 0
      outer loop
         vertex -0.1188 -0.0685334 -0.0633635
         vertex -0.1188 -0.0681829 -0.0621011
         vertex -0.1188 -0.0482598 -0.0664865
      endloop
   endfacet
   facet normal -1 6.12323e-17 0
      outer loop
         vertex -0.1188 -0.0844787 -0.0707406
         vertex -0.1188 -0.0920295 -0.0896917
         vertex -0.1188 -0.0952233 -0.0882141
      endloop
   endfacet
   facet normal -1 6.12323e-17 0
      outer loop
         vertex -0.1188 -0.0920291 -0.0581918
         vertex -0.1188 -0.112309 -0.0559861
         vertex -0.1188 -0.11174 -0.0525135
      endloop
   endfacet
   facet normal -1 6.12323e-17 0
      outer loop
         vertex -0.1188 -0.0685334 -0.0633635
         vertex -0.1188 -0.0492013 -0.0698773
         vertex -0.1188 -0.0505038 -0.0731464
      endloop
   endfacet
   facet normal -1 6.12323e-17 0
      outer loop
         vertex -0.1188 -0.0679709 -0.0608082
         vertex -0.1188 -0.0476905 -0.0630139
         vertex -0.1188 -0.0482598 -0.0664865
      endloop
   endfacet
   facet normal -1 6.12323e-17 0
      outer loop
         vertex -0.1188 -0.0920291 -0.0581918
         vertex -0.1188 -0.0921 -0.0595
         vertex -0.1188 -0.1125 -0.0595
      endloop
   endfacet
   facet normal 5.8027e-17 0.947653 -0.319302
      outer loop
         vertex -0.0938 -0.0492013 -0.0698773
         vertex -0.0974 -0.0492013 -0.0698773
         vertex -0.0974 -0.0482598 -0.0664865
      endloop
   endfacet
   facet normal 1.06752e-16 0.976621 -0.21497
      outer loop
         vertex -0.0938 -0.0482598 -0.0664865
         vertex -0.0974 -0.0482598 -0.0664865
         vertex -0.0974 -0.0476905 -0.0630139
      endloop
   endfacet
   facet normal 1.06752e-16 0.994138 -0.108119
      outer loop
         vertex -0.1188 -0.0476905 -0.0630139
         vertex -0.1188 -0.0475 -0.0595
         vertex -0.1152 -0.0475003 -0.0596501
      endloop
   endfacet
   facet normal 6.12323e-17 1 0
      outer loop
         vertex -0.1188 -0.0475 -0.0595
         vertex -0.0938 -0.0475 -0.0595
         vertex -0.0974 -0.0475003 -0.0596501
      endloop
   endfacet
   facet normal 6.67201e-17 0.999989 -0.0046184
      outer loop
         vertex -0.0974 -0.0475003 -0.0596501
         vertex -0.1152 -0.0475003 -0.0596501
         vertex -0.1188 -0.0475 -0.0595
      endloop
   endfacet
   facet normal 6.08734e-17 0.994138 -0.108119
      outer loop
         vertex -0.0938 -0.0476905 -0.0630139
         vertex -0.0974 -0.0476905 -0.0630139
         vertex -0.0974 -0.0475003 -0.0596501
      endloop
   endfacet
   facet normal 6.67201e-17 0.999989 -0.0046184
      outer loop
         vertex -0.0974 -0.0475003 -0.0596501
         vertex -0.0938 -0.0475 -0.0595
         vertex -0.0938 -0.0476905 -0.0630139
      endloop
   endfacet
   facet normal 5.33761e-17 0.976621 -0.21497
      outer loop
         vertex -0.1152 -0.0482598 -0.0664865
         vertex -0.1188 -0.0482598 -0.0664865
         vertex -0.1188 -0.0476905 -0.0630139
      endloop
   endfacet
   facet normal 5.33761e-17 0.947653 -0.319302
      outer loop
         vertex -0.1152 -0.0492013 -0.0698773
         vertex -0.1188 -0.0492013 -0.0698773
         vertex -0.1188 -0.0482598 -0.0664865
      endloop
   endfacet
   facet normal 4.87466e-17 0.796093 -0.605174
      outer loop
         vertex -0.0938 -0.054127 -0.0791682
         vertex -0.0974 -0.054127 -0.0791682
         vertex -0.0974 -0.0521521 -0.0762555
      endloop
   endfacet
   facet normal 0 0.856857 -0.515554
      outer loop
         vertex -0.0938 -0.0521521 -0.0762555
         vertex -0.0974 -0.0521521 -0.0762555
         vertex -0.0974 -0.0505038 -0.0731464
      endloop
   endfacet
   facet normal 5.8027e-17 0.947653 -0.319302
      outer loop
         vertex -0.0938 -0.0492013 -0.0698773
         vertex -0.0974 -0.0495117 -0.0707566
         vertex -0.0974 -0.049409 -0.0704745
      endloop
   endfacet
   facet normal 5.5573e-17 0.907575 -0.419889
      outer loop
         vertex -0.1188 -0.0505038 -0.0731464
         vertex -0.1152 -0.049409 -0.0704745
         vertex -0.1152 -0.0495117 -0.0707566
      endloop
   endfacet
   facet normal 1.06752e-16 0.941262 -0.337677
      outer loop
         vertex -0.0974 -0.049409 -0.0704745
         vertex -0.0974 -0.0495117 -0.0707566
         vertex -0.1152 -0.0495117 -0.0707566
      endloop
   endfacet
   facet normal 5.33761e-17 0.938103 -0.346356
      outer loop
         vertex -0.1152 -0.0495117 -0.0707566
         vertex -0.1152 -0.049409 -0.0704745
         vertex -0.0974 -0.049409 -0.0704745
      endloop
   endfacet
   facet normal 5.33761e-17 0.938103 -0.346356
      outer loop
         vertex -0.1152 -0.0495117 -0.0707566
         vertex -0.1152 -0.0505038 -0.0731464
         vertex -0.1188 -0.0505038 -0.0731464
      endloop
   endfacet
   facet normal 5.33761e-17 0.947653 -0.319302
      outer loop
         vertex -0.1188 -0.0492013 -0.0698773
         vertex -0.1152 -0.0492013 -0.0698773
         vertex -0.1152 -0.049409 -0.0704745
      endloop
   endfacet
   facet normal 1.06752e-16 0.941262 -0.337677
      outer loop
         vertex -0.1152 -0.049409 -0.0704745
         vertex -0.1188 -0.0505038 -0.0731464
         vertex -0.1188 -0.0492013 -0.0698773
      endloop
   endfacet
   facet normal 5.5573e-17 0.907575 -0.419889
      outer loop
         vertex -0.0938 -0.0505038 -0.0731464
         vertex -0.0974 -0.0505038 -0.0731464
         vertex -0.0974 -0.0495117 -0.0707566
      endloop
   endfacet
   facet normal 5.74422e-17 0.938103 -0.346356
      outer loop
         vertex -0.0974 -0.0495117 -0.0707566
         vertex -0.0938 -0.0492013 -0.0698773
         vertex -0.0938 -0.0505038 -0.0731464
      endloop
   endfacet
   facet normal 5.33761e-17 0.856857 -0.515554
      outer loop
         vertex -0.1152 -0.0521521 -0.0762555
         vertex -0.1188 -0.0521521 -0.0762555
         vertex -0.1188 -0.0505038 -0.0731464
      endloop
   endfacet
   facet normal 5.33761e-17 0.796093 -0.605174
      outer loop
         vertex -0.1152 -0.054127 -0.0791682
         vertex -0.1188 -0.054127 -0.0791682
         vertex -0.1188 -0.0521521 -0.0762555
      endloop
   endfacet
   facet normal 3.43628e-17 0.561187 -0.827689
      outer loop
         vertex -0.0938 -0.0617614 -0.0863999
         vertex -0.0974 -0.0617614 -0.0863999
         vertex -0.0974 -0.0589599 -0.0842703
      endloop
   endfacet
   facet normal 0 0.647386 -0.762162
      outer loop
         vertex -0.0938 -0.0589599 -0.0842703
         vertex -0.0974 -0.0589599 -0.0842703
         vertex -0.0974 -0.0564051 -0.0818502
      endloop
   endfacet
   facet normal 0 0.725995 -0.687699
      outer loop
         vertex -0.1188 -0.0564051 -0.0818502
         vertex -0.1188 -0.054127 -0.0791682
         vertex -0.1152 -0.0552003 -0.0805054
      endloop
   endfacet
   facet normal 4.87466e-17 0.796093 -0.605174
      outer loop
         vertex -0.0938 -0.054127 -0.0791682
         vertex -0.0974 -0.0552003 -0.0805054
         vertex -0.0974 -0.0550073 -0.0802754
      endloop
   endfacet
   facet normal 5.33761e-17 0.763068 -0.646319
      outer loop
         vertex -0.0974 -0.0552003 -0.0805054
         vertex -0.1152 -0.0552003 -0.0805054
         vertex -0.1152 -0.0550073 -0.0802754
      endloop
   endfacet
   facet normal 0 0.769005 -0.639243
      outer loop
         vertex -0.1152 -0.0550073 -0.0802754
         vertex -0.0974 -0.0550073 -0.0802754
         vertex -0.0974 -0.0552003 -0.0805054
      endloop
   endfacet
   facet normal 5.33761e-17 0.796093 -0.605174
      outer loop
         vertex -0.1188 -0.054127 -0.0791682
         vertex -0.1152 -0.054127 -0.0791682
         vertex -0.1152 -0.0550073 -0.0802754
      endloop
   endfacet
   facet normal 0 0.769005 -0.639243
      outer loop
         vertex -0.1152 -0.0550073 -0.0802754
         vertex -0.1152 -0.0552003 -0.0805054
         vertex -0.1188 -0.054127 -0.0791682
      endloop
   endfacet
   facet normal 0 0.769005 -0.639243
      outer loop
         vertex -0.0974 -0.0550073 -0.0802754
         vertex -0.0974 -0.054127 -0.0791682
         vertex -0.0938 -0.054127 -0.0791682
      endloop
   endfacet
   facet normal 4.44544e-17 0.725995 -0.687699
      outer loop
         vertex -0.0938 -0.0564051 -0.0818502
         vertex -0.0974 -0.0564051 -0.0818502
         vertex -0.0974 -0.0552003 -0.0805054
      endloop
   endfacet
   facet normal 5.33761e-17 0.763068 -0.646319
      outer loop
         vertex -0.0974 -0.0552003 -0.0805054
         vertex -0.0938 -0.054127 -0.0791682
         vertex -0.0938 -0.0564051 -0.0818502
      endloop
   endfacet
   facet normal 4.00321e-17 0.647386 -0.762162
      outer loop
         vertex -0.1152 -0.0589599 -0.0842703
         vertex -0.1188 -0.0589599 -0.0842703
         vertex -0.1188 -0.0564051 -0.0818502
      endloop
   endfacet
   facet normal 4.00321e-17 0.561187 -0.827689
      outer loop
         vertex -0.1152 -0.0617614 -0.0863999
         vertex -0.1188 -0.0617614 -0.0863999
         vertex -0.1188 -0.0589599 -0.0842703
      endloop
   endfacet
   facet normal 1.63814e-17 0.267528 -0.96355
      outer loop
         vertex -0.0938 -0.0713053 -0.0908154
         vertex -0.0974 -0.0713053 -0.0908154
         vertex -0.0974 -0.0679705 -0.0896917
      endloop
   endfacet
   facet normal 0 0.370138 -0.928977
      outer loop
         vertex -0.0938 -0.0679705 -0.0896917
         vertex -0.0974 -0.0679705 -0.0896917
         vertex -0.0974 -0.0647767 -0.0882141
      endloop
   endfacet
   facet normal 0 0.468408 -0.883512
      outer loop
         vertex -0.1188 -0.0647767 -0.0882141
         vertex -0.1152 -0.0636202 -0.0875705
         vertex -0.1152 -0.0638802 -0.0877206
      endloop
   endfacet
   facet normal 3.43628e-17 0.561187 -0.827689
      outer loop
         vertex -0.0938 -0.0617614 -0.0863999
         vertex -0.0938 -0.0647767 -0.0882141
         vertex -0.0974 -0.0636202 -0.0875705
      endloop
   endfacet
   facet normal 2.66881e-17 0.495995 -0.868325
      outer loop
         vertex -0.1152 -0.0638802 -0.0877206
         vertex -0.1152 -0.0636202 -0.0875705
         vertex -0.0974 -0.0636202 -0.0875705
      endloop
   endfacet
   facet normal 2.86817e-17 0.468408 -0.883512
      outer loop
         vertex -0.0938 -0.0647767 -0.0882141
         vertex -0.0974 -0.0647767 -0.0882141
         vertex -0.0974 -0.0638802 -0.0877206
      endloop
   endfacet
   facet normal 3.03709e-17 0.495995 -0.868325
      outer loop
         vertex -0.0974 -0.0638802 -0.0877206
         vertex -0.0974 -0.0636202 -0.0875705
         vertex -0.0938 -0.0647767 -0.0882141
      endloop
   endfacet
   facet normal 0 0.503994 -0.863707
      outer loop
         vertex -0.0974 -0.0636202 -0.0875705
         vertex -0.0974 -0.0638802 -0.0877206
         vertex -0.1152 -0.0638802 -0.0877206
      endloop
   endfacet
   facet normal 0 0.503994 -0.863707
      outer loop
         vertex -0.0974 -0.0636202 -0.0875705
         vertex -0.0974 -0.0617614 -0.0863999
         vertex -0.0938 -0.0617614 -0.0863999
      endloop
   endfacet
   facet normal 4.00321e-17 0.561187 -0.827689
      outer loop
         vertex -0.1188 -0.0617614 -0.0863999
         vertex -0.1152 -0.0617614 -0.0863999
         vertex -0.1152 -0.0636202 -0.0875705
      endloop
   endfacet
   facet normal 2.66881e-17 0.503994 -0.863707
      outer loop
         vertex -0.1152 -0.0636202 -0.0875705
         vertex -0.1188 -0.0647767 -0.0882141
         vertex -0.1188 -0.0617614 -0.0863999
      endloop
   endfacet
   facet normal 2.66881e-17 0.370138 -0.928977
      outer loop
         vertex -0.1152 -0.0679705 -0.0896917
         vertex -0.1188 -0.0679705 -0.0896917
         vertex -0.1188 -0.0647767 -0.0882141
      endloop
   endfacet
   facet normal 1.3344e-17 0.267528 -0.96355
      outer loop
         vertex -0.1152 -0.0713053 -0.0908154
         vertex -0.1188 -0.0713053 -0.0908154
         vertex -0.1188 -0.0679705 -0.0896917
      endloop
   endfacet
   facet normal -9.90629e-18 -0.161782 -0.986827
      outer loop
         vertex -0.0938 -0.0852579 -0.0915719
         vertex -0.0974 -0.0852579 -0.0915719
         vertex -0.0974 -0.0817595 -0.0919523
      endloop
   endfacet
   facet normal 0 -0.0541389 -0.998533
      outer loop
         vertex -0.0938 -0.0817595 -0.0919523
         vertex -0.0974 -0.0817595 -0.0919523
         vertex -0.0974 -0.0782405 -0.0919523
      endloop
   endfacet
   facet normal 0 0.0541389 -0.998533
      outer loop
         vertex -0.0938 -0.0782405 -0.0919523
         vertex -0.0974 -0.0782405 -0.0919523
         vertex -0.0974 -0.0747421 -0.0915719
      endloop
   endfacet
   facet normal 0 0.161782 -0.986827
      outer loop
         vertex -0.1188 -0.0747421 -0.0915719
         vertex -0.1188 -0.0713053 -0.0908154
         vertex -0.1152 -0.0745043 -0.091532
      endloop
   endfacet
   facet normal 1.63814e-17 0.267528 -0.96355
      outer loop
         vertex -0.0938 -0.0713053 -0.0908154
         vertex -0.0974 -0.0745043 -0.091532
         vertex -0.0974 -0.0742087 -0.0914798
      endloop
   endfacet
   facet normal 0 0.178195 -0.983995
      outer loop
         vertex -0.0974 -0.0742087 -0.0914798
         vertex -0.0974 -0.0745043 -0.091532
         vertex -0.1152 -0.0745043 -0.091532
      endloop
   endfacet
   facet normal 1.3344e-17 0.169098 -0.985599
      outer loop
         vertex -0.1152 -0.0745043 -0.091532
         vertex -0.1152 -0.0742087 -0.0914798
         vertex -0.0974 -0.0742087 -0.0914798
      endloop
   endfacet
   facet normal 1.3344e-17 0.267528 -0.96355
      outer loop
         vertex -0.1188 -0.0713053 -0.0908154
         vertex -0.1152 -0.0713053 -0.0908154
         vertex -0.1152 -0.0742087 -0.0914798
      endloop
   endfacet
   facet normal 0 0.178195 -0.983995
      outer loop
         vertex -0.1152 -0.0742087 -0.0914798
         vertex -0.1152 -0.0745043 -0.091532
         vertex -0.1188 -0.0713053 -0.0908154
      endloop
   endfacet
   facet normal 0 0.178195 -0.983995
      outer loop
         vertex -0.0974 -0.0742087 -0.0914798
         vertex -0.0974 -0.0713053 -0.0908154
         vertex -0.0938 -0.0713053 -0.0908154
      endloop
   endfacet
   facet normal 9.90629e-18 0.161782 -0.986827
      outer loop
         vertex -0.0938 -0.0747421 -0.0915719
         vertex -0.0974 -0.0747421 -0.0915719
         vertex -0.0974 -0.0745043 -0.091532
      endloop
   endfacet
   facet normal 1.3344e-17 0.169098 -0.985599
      outer loop
         vertex -0.0974 -0.0745043 -0.091532
         vertex -0.0938 -0.0713053 -0.0908154
         vertex -0.0938 -0.0747421 -0.0915719
      endloop
   endfacet
   facet normal 0 0.0541389 -0.998533
      outer loop
         vertex -0.1152 -0.0782405 -0.0919523
         vertex -0.1188 -0.0782405 -0.0919523
         vertex -0.1188 -0.0747421 -0.0915719
      endloop
   endfacet
   facet normal 0 -0.0541389 -0.998533
      outer loop
         vertex -0.1152 -0.0817595 -0.0919523
         vertex -0.1188 -0.0817595 -0.0919523
         vertex -0.1188 -0.0782405 -0.0919523
      endloop
   endfacet
   facet normal -1.3344e-17 -0.161782 -0.986827
      outer loop
         vertex -0.1152 -0.0852579 -0.0915719
         vertex -0.1188 -0.0852579 -0.0915719
         vertex -0.1188 -0.0817595 -0.0919523
      endloop
   endfacet
   facet normal -2.86817e-17 -0.468408 -0.883512
      outer loop
         vertex -0.0938 -0.0952233 -0.0882141
         vertex -0.0974 -0.0952233 -0.0882141
         vertex -0.0974 -0.0920295 -0.0896917
      endloop
   endfacet
   facet normal 0 -0.370138 -0.928977
      outer loop
         vertex -0.0938 -0.0920295 -0.0896917
         vertex -0.0974 -0.0920295 -0.0896917
         vertex -0.0974 -0.0886947 -0.0908154
      endloop
   endfacet
   facet normal -9.90629e-18 -0.161782 -0.986827
      outer loop
         vertex -0.0938 -0.0852579 -0.0915719
         vertex -0.0938 -0.0886947 -0.0908154
         vertex -0.0974 -0.0854957 -0.091532
      endloop
   endfacet
   facet normal 0 -0.267528 -0.96355
      outer loop
         vertex -0.1188 -0.0886947 -0.0908154
         vertex -0.1188 -0.0852579 -0.0915719
         vertex -0.1152 -0.0857913 -0.0914798
      endloop
   endfacet
   facet normal -1.3344e-17 -0.178195 -0.983995
      outer loop
         vertex -0.0974 -0.0857913 -0.0914798
         vertex -0.1152 -0.0857913 -0.0914798
         vertex -0.1152 -0.0854957 -0.091532
      endloop
   endfacet
   facet normal 0 -0.267528 -0.96355
      outer loop
         vertex -0.0938 -0.0886947 -0.0908154
         vertex -0.0974 -0.0886947 -0.0908154
         vertex -0.0974 -0.0857913 -0.0914798
      endloop
   endfacet
   facet normal -1.3344e-17 -0.178195 -0.983995
      outer loop
         vertex -0.0974 -0.0857913 -0.0914798
         vertex -0.0974 -0.0854957 -0.091532
         vertex -0.0938 -0.0886947 -0.0908154
      endloop
   endfacet
   facet normal -1.3344e-17 -0.161782 -0.986827
      outer loop
         vertex -0.1188 -0.0852579 -0.0915719
         vertex -0.1152 -0.0852579 -0.0915719
         vertex -0.1152 -0.0854957 -0.091532
      endloop
   endfacet
   facet normal 0 -0.169098 -0.985599
      outer loop
         vertex -0.1152 -0.0854957 -0.091532
         vertex -0.1152 -0.0857913 -0.0914798
         vertex -0.1188 -0.0852579 -0.0915719
      endloop
   endfacet
   facet normal 0 -0.169098 -0.985599
      outer loop
         vertex -0.1152 -0.0854957 -0.091532
         vertex -0.0974 -0.0854957 -0.091532
         vertex -0.0974 -0.0857913 -0.0914798
      endloop
   endfacet
   facet normal -1.3344e-17 -0.178195 -0.983995
      outer loop
         vertex -0.1152 -0.0857913 -0.0914798
         vertex -0.1152 -0.0886947 -0.0908154
         vertex -0.1188 -0.0886947 -0.0908154
      endloop
   endfacet
   facet normal -2.66881e-17 -0.370138 -0.928977
      outer loop
         vertex -0.1152 -0.0920295 -0.0896917
         vertex -0.1188 -0.0920295 -0.0896917
         vertex -0.1188 -0.0886947 -0.0908154
      endloop
   endfacet
   facet normal -2.66881e-17 -0.468408 -0.883512
      outer loop
         vertex -0.1152 -0.0952233 -0.0882141
         vertex -0.1188 -0.0952233 -0.0882141
         vertex -0.1188 -0.0920295 -0.0896917
      endloop
   endfacet
   facet normal -4.44544e-17 -0.725995 -0.687699
      outer loop
         vertex -0.0938 -0.103595 -0.0818502
         vertex -0.0974 -0.103595 -0.0818502
         vertex -0.0974 -0.10104 -0.0842703
      endloop
   endfacet
   facet normal 0 -0.647386 -0.762162
      outer loop
         vertex -0.0938 -0.10104 -0.0842703
         vertex -0.0974 -0.10104 -0.0842703
         vertex -0.0974 -0.0982386 -0.0863999
      endloop
   endfacet
   facet normal 0 -0.561187 -0.827689
      outer loop
         vertex -0.1188 -0.0982386 -0.0863999
         vertex -0.1188 -0.0952233 -0.0882141
         vertex -0.1152 -0.0963798 -0.0875705
      endloop
   endfacet
   facet normal -2.86817e-17 -0.468408 -0.883512
      outer loop
         vertex -0.0938 -0.0952233 -0.0882141
         vertex -0.0974 -0.0963798 -0.0875705
         vertex -0.0974 -0.0961198 -0.0877206
      endloop
   endfacet
   facet normal 0 -0.495995 -0.868325
      outer loop
         vertex -0.1152 -0.0961198 -0.0877206
         vertex -0.0974 -0.0961198 -0.0877206
         vertex -0.0974 -0.0963798 -0.0875705
      endloop
   endfacet
   facet normal -2.66881e-17 -0.503994 -0.863707
      outer loop
         vertex -0.0974 -0.0963798 -0.0875705
         vertex -0.1152 -0.0963798 -0.0875705
         vertex -0.1152 -0.0961198 -0.0877206
      endloop
   endfacet
   facet normal -2.66881e-17 -0.468408 -0.883512
      outer loop
         vertex -0.1188 -0.0952233 -0.0882141
         vertex -0.1152 -0.0952233 -0.0882141
         vertex -0.1152 -0.0961198 -0.0877206
      endloop
   endfacet
   facet normal 0 -0.495995 -0.868325
      outer loop
         vertex -0.1152 -0.0961198 -0.0877206
         vertex -0.1152 -0.0963798 -0.0875705
         vertex -0.1188 -0.0952233 -0.0882141
      endloop
   endfacet
   facet normal 0 -0.495995 -0.868325
      outer loop
         vertex -0.0974 -0.0961198 -0.0877206
         vertex -0.0974 -0.0952233 -0.0882141
         vertex -0.0938 -0.0952233 -0.0882141
      endloop
   endfacet
   facet normal -3.43628e-17 -0.561187 -0.827689
      outer loop
         vertex -0.0938 -0.0982386 -0.0863999
         vertex -0.0974 -0.0982386 -0.0863999
         vertex -0.0974 -0.0963798 -0.0875705
      endloop
   endfacet
   facet normal -2.66881e-17 -0.503994 -0.863707
      outer loop
         vertex -0.0974 -0.0963798 -0.0875705
         vertex -0.0938 -0.0952233 -0.0882141
         vertex -0.0938 -0.0982386 -0.0863999
      endloop
   endfacet
   facet normal -4.00321e-17 -0.647386 -0.762162
      outer loop
         vertex -0.1152 -0.10104 -0.0842703
         vertex -0.1188 -0.10104 -0.0842703
         vertex -0.1188 -0.0982386 -0.0863999
      endloop
   endfacet
   facet normal -4.00321e-17 -0.725995 -0.687699
      outer loop
         vertex -0.1152 -0.103595 -0.0818502
         vertex -0.1188 -0.103595 -0.0818502
         vertex -0.1188 -0.10104 -0.0842703
      endloop
   endfacet
   facet normal -5.5573e-17 -0.907575 -0.419889
      outer loop
         vertex -0.0938 -0.109496 -0.0731464
         vertex -0.0974 -0.109496 -0.0731464
         vertex -0.0974 -0.107848 -0.0762555
      endloop
   endfacet
   facet normal 0 -0.856857 -0.515554
      outer loop
         vertex -0.0938 -0.107848 -0.0762555
         vertex -0.0974 -0.107848 -0.0762555
         vertex -0.0974 -0.105873 -0.0791682
      endloop
   endfacet
   facet normal -4.44544e-17 -0.725995 -0.687699
      outer loop
         vertex -0.0938 -0.103595 -0.0818502
         vertex -0.0974 -0.104993 -0.0802754
         vertex -0.0974 -0.1048 -0.0805054
      endloop
   endfacet
   facet normal -4.87466e-17 -0.796093 -0.605174
      outer loop
         vertex -0.1188 -0.105873 -0.0791682
         vertex -0.1188 -0.103595 -0.0818502
         vertex -0.1152 -0.104993 -0.0802754
      endloop
   endfacet
   facet normal -5.33761e-17 -0.769005 -0.639243
      outer loop
         vertex -0.1152 -0.104993 -0.0802754
         vertex -0.1152 -0.1048 -0.0805054
         vertex -0.0974 -0.1048 -0.0805054
      endloop
   endfacet
   facet normal -4.00321e-17 -0.725995 -0.687699
      outer loop
         vertex -0.1188 -0.103595 -0.0818502
         vertex -0.1152 -0.103595 -0.0818502
         vertex -0.1152 -0.1048 -0.0805054
      endloop
   endfacet
   facet normal -5.33761e-17 -0.763068 -0.646319
      outer loop
         vertex -0.1152 -0.1048 -0.0805054
         vertex -0.1152 -0.104993 -0.0802754
         vertex -0.1188 -0.103595 -0.0818502
      endloop
   endfacet
   facet normal 0 -0.763068 -0.646319
      outer loop
         vertex -0.0974 -0.1048 -0.0805054
         vertex -0.0974 -0.104993 -0.0802754
         vertex -0.1152 -0.104993 -0.0802754
      endloop
   endfacet
   facet normal -5.33761e-17 -0.769005 -0.639243
      outer loop
         vertex -0.1152 -0.104993 -0.0802754
         vertex -0.1152 -0.105873 -0.0791682
         vertex -0.1188 -0.105873 -0.0791682
      endloop
   endfacet
   facet normal -5.33761e-17 -0.796093 -0.605174
      outer loop
         vertex -0.0938 -0.105873 -0.0791682
         vertex -0.0974 -0.105873 -0.0791682
         vertex -0.0974 -0.104993 -0.0802754
      endloop
   endfacet
   facet normal -4.7088e-17 -0.769005 -0.639243
      outer loop
         vertex -0.0974 -0.104993 -0.0802754
         vertex -0.0938 -0.103595 -0.0818502
         vertex -0.0938 -0.105873 -0.0791682
      endloop
   endfacet
   facet normal -5.33761e-17 -0.856857 -0.515554
      outer loop
         vertex -0.1152 -0.107848 -0.0762555
         vertex -0.1188 -0.107848 -0.0762555
         vertex -0.1188 -0.105873 -0.0791682
      endloop
   endfacet
   facet normal -5.33761e-17 -0.907575 -0.419889
      outer loop
         vertex -0.1152 -0.109496 -0.0731464
         vertex -0.1188 -0.109496 -0.0731464
         vertex -0.1188 -0.107848 -0.0762555
      endloop
   endfacet
   facet normal -6.08734e-17 -0.994138 -0.108119
      outer loop
         vertex -0.0938 -0.112309 -0.0630139
         vertex -0.0974 -0.112309 -0.0630139
         vertex -0.0974 -0.11174 -0.0664865
      endloop
   endfacet
   facet normal -1.06752e-16 -0.976621 -0.21497
      outer loop
         vertex -0.0938 -0.11174 -0.0664865
         vertex -0.0974 -0.11174 -0.0664865
         vertex -0.0974 -0.110799 -0.0698773
      endloop
   endfacet
   facet normal -1.06752e-16 -0.947653 -0.319302
      outer loop
         vertex -0.1188 -0.110799 -0.0698773
         vertex -0.1188 -0.109496 -0.0731464
         vertex -0.1152 -0.110591 -0.0704745
      endloop
   endfacet
   facet normal -5.5573e-17 -0.907575 -0.419889
      outer loop
         vertex -0.0938 -0.109496 -0.0731464
         vertex -0.0974 -0.110591 -0.0704745
         vertex -0.0974 -0.110488 -0.0707566
      endloop
   endfacet
   facet normal -1.06752e-16 -0.938103 -0.346356
      outer loop
         vertex -0.0974 -0.110488 -0.0707566
         vertex -0.0974 -0.110591 -0.0704745
         vertex -0.1152 -0.110591 -0.0704745
      endloop
   endfacet
   facet normal -5.33761e-17 -0.941262 -0.337677
      outer loop
         vertex -0.1152 -0.110591 -0.0704745
         vertex -0.1152 -0.110488 -0.0707566
         vertex -0.0974 -0.110488 -0.0707566
      endloop
   endfacet
   facet normal -5.33761e-17 -0.907575 -0.419889
      outer loop
         vertex -0.1188 -0.109496 -0.0731464
         vertex -0.1152 -0.109496 -0.0731464
         vertex -0.1152 -0.110488 -0.0707566
      endloop
   endfacet
   facet normal -1.06752e-16 -0.938103 -0.346356
      outer loop
         vertex -0.1152 -0.110488 -0.0707566
         vertex -0.1152 -0.110591 -0.0704745
         vertex -0.1188 -0.109496 -0.0731464
      endloop
   endfacet
   facet normal -1.06752e-16 -0.938103 -0.346356
      outer loop
         vertex -0.0974 -0.110488 -0.0707566
         vertex -0.0974 -0.109496 -0.0731464
         vertex -0.0938 -0.109496 -0.0731464
      endloop
   endfacet
   facet normal -5.8027e-17 -0.947653 -0.319302
      outer loop
         vertex -0.0938 -0.110799 -0.0698773
         vertex -0.0974 -0.110799 -0.0698773
         vertex -0.0974 -0.110591 -0.0704745
      endloop
   endfacet
   facet normal -5.33761e-17 -0.941262 -0.337677
      outer loop
         vertex -0.0974 -0.110591 -0.0704745
         vertex -0.0938 -0.109496 -0.0731464
         vertex -0.0938 -0.110799 -0.0698773
      endloop
   endfacet
   facet normal -5.33761e-17 -0.976621 -0.21497
      outer loop
         vertex -0.1152 -0.11174 -0.0664865
         vertex -0.1188 -0.11174 -0.0664865
         vertex -0.1188 -0.110799 -0.0698773
      endloop
   endfacet
   facet normal -6.67201e-17 -0.994138 -0.108119
      outer loop
         vertex -0.1152 -0.112309 -0.0630139
         vertex -0.1188 -0.112309 -0.0630139
         vertex -0.1188 -0.11174 -0.0664865
      endloop
   endfacet
   facet normal -6.08734e-17 -0.994138 -0.108119
      outer loop
         vertex -0.0938 -0.112309 -0.0630139
         vertex -0.0938 -0.1125 -0.0595
         vertex -0.0974 -0.1125 -0.0596501
      endloop
   endfacet
   facet normal -6.12323e-17 -1 1.22465e-16
      outer loop
         vertex -0.0938 -0.1125 -0.0595
         vertex -0.1188 -0.1125 -0.0595
         vertex -0.1152 -0.1125 -0.0596501
      endloop
   endfacet
   facet normal -6.67201e-17 -0.994138 -0.108119
      outer loop
         vertex -0.1188 -0.112309 -0.0630139
         vertex -0.1152 -0.112309 -0.0630139
         vertex -0.1152 -0.1125 -0.0596501
      endloop
   endfacet
   facet normal -6.12317e-17 -0.999989 -0.0046184
      outer loop
         vertex -0.1152 -0.1125 -0.0596501
         vertex -0.1188 -0.1125 -0.0595
         vertex -0.1188 -0.112309 -0.0630139
      endloop
   endfacet
   facet normal -6.12317e-17 -0.999989 -0.0046184
      outer loop
         vertex -0.1152 -0.1125 -0.0596501
         vertex -0.0974 -0.1125 -0.0596501
         vertex -0.0938 -0.1125 -0.0595
      endloop
   endfacet
   facet normal -5.8027e-17 -0.947653 0.319302
      outer loop
         vertex -0.0938 -0.110799 -0.0491227
         vertex -0.0974 -0.110799 -0.0491227
         vertex -0.0974 -0.11174 -0.0525135
      endloop
   endfacet
   facet normal -1.06752e-16 -0.976621 0.21497
      outer loop
         vertex -0.0938 -0.11174 -0.0525135
         vertex -0.0974 -0.11174 -0.0525135
         vertex -0.0974 -0.112309 -0.0559861
      endloop
   endfacet
   facet normal -1.06752e-16 -0.994138 0.108119
      outer loop
         vertex -0.1188 -0.112309 -0.0559861
         vertex -0.1188 -0.1125 -0.0595
         vertex -0.115 -0.1125 -0.0593499
      endloop
   endfacet
   facet normal -6.12323e-17 -1 1.22465e-16
      outer loop
         vertex -0.0938 -0.1125 -0.0595
         vertex -0.0974 -0.1125 -0.0593499
         vertex -0.115 -0.1125 -0.0593499
      endloop
   endfacet
   facet normal -6.12317e-17 -0.999989 0.0046184
      outer loop
         vertex -0.115 -0.1125 -0.0593499
         vertex -0.1188 -0.1125 -0.0595
         vertex -0.0938 -0.1125 -0.0595
      endloop
   endfacet
   facet normal -1.06752e-16 -0.994138 0.108119
      outer loop
         vertex -0.0938 -0.112309 -0.0559861
         vertex -0.0974 -0.112309 -0.0559861
         vertex -0.0974 -0.1125 -0.0593499
      endloop
   endfacet
   facet normal -6.12317e-17 -0.999989 0.0046184
      outer loop
         vertex -0.0974 -0.1125 -0.0593499
         vertex -0.0938 -0.1125 -0.0595
         vertex -0.0938 -0.112309 -0.0559861
      endloop
   endfacet
   facet normal -5.33761e-17 -0.976621 0.21497
      outer loop
         vertex -0.115 -0.11174 -0.0525135
         vertex -0.1188 -0.11174 -0.0525135
         vertex -0.1188 -0.112309 -0.0559861
      endloop
   endfacet
   facet normal -5.33761e-17 -0.947653 0.319302
      outer loop
         vertex -0.115 -0.110799 -0.0491227
         vertex -0.1188 -0.110799 -0.0491227
         vertex -0.1188 -0.11174 -0.0525135
      endloop
   endfacet
   facet normal -4.87466e-17 -0.796093 0.605174
      outer loop
         vertex -0.0938 -0.105873 -0.0398318
         vertex -0.0974 -0.105873 -0.0398318
         vertex -0.0974 -0.107848 -0.0427445
      endloop
   endfacet
   facet normal 0 -0.856857 0.515554
      outer loop
         vertex -0.0938 -0.107848 -0.0427445
         vertex -0.0974 -0.107848 -0.0427445
         vertex -0.0974 -0.109496 -0.0458536
      endloop
   endfacet
   facet normal -1.06752e-16 -0.907575 0.419889
      outer loop
         vertex -0.1188 -0.109496 -0.0458536
         vertex -0.1188 -0.110799 -0.0491227
         vertex -0.1152 -0.110488 -0.0482434
      endloop
   endfacet
   facet normal -5.8027e-17 -0.947653 0.319302
      outer loop
         vertex -0.0938 -0.110799 -0.0491227
         vertex -0.0938 -0.109496 -0.0458536
         vertex -0.0974 -0.110591 -0.0485255
      endloop
   endfacet
   facet normal -5.33761e-17 -0.938103 0.346356
      outer loop
         vertex -0.0974 -0.110488 -0.0482434
         vertex -0.1152 -0.110488 -0.0482434
         vertex -0.115 -0.110591 -0.0485255
      endloop
   endfacet
   facet normal -1.06752e-16 -0.907575 0.419889
      outer loop
         vertex -0.0938 -0.109496 -0.0458536
         vertex -0.0974 -0.109496 -0.0458536
         vertex -0.0974 -0.110488 -0.0482434
      endloop
   endfacet
   facet normal -5.33761e-17 -0.938103 0.346356
      outer loop
         vertex -0.0974 -0.110488 -0.0482434
         vertex -0.0974 -0.110591 -0.0485255
         vertex -0.0938 -0.109496 -0.0458536
      endloop
   endfacet
   facet normal -1.06752e-16 -0.941262 0.337677
      outer loop
         vertex -0.115 -0.110591 -0.0485255
         vertex -0.0974 -0.110591 -0.0485255
         vertex -0.0974 -0.110488 -0.0482434
      endloop
   endfacet
   facet normal -5.33761e-17 -0.947653 0.319302
      outer loop
         vertex -0.1188 -0.110799 -0.0491227
         vertex -0.115 -0.110799 -0.0491227
         vertex -0.115 -0.110591 -0.0485255
      endloop
   endfacet
   facet normal -1.06752e-16 -0.941262 0.337677
      outer loop
         vertex -0.115 -0.110591 -0.0485255
         vertex -0.1152 -0.110488 -0.0482434
         vertex -0.1188 -0.110799 -0.0491227
      endloop
   endfacet
   facet normal -1.06752e-16 -0.941262 0.337677
      outer loop
         vertex -0.0974 -0.110591 -0.0485255
         vertex -0.0974 -0.110799 -0.0491227
         vertex -0.0938 -0.110799 -0.0491227
      endloop
   endfacet
   facet normal -5.33761e-17 -0.856857 0.515554
      outer loop
         vertex -0.1152 -0.107848 -0.0427445
         vertex -0.1188 -0.107848 -0.0427445
         vertex -0.1188 -0.109496 -0.0458536
      endloop
   endfacet
   facet normal -5.33761e-17 -0.796093 0.605174
      outer loop
         vertex -0.1152 -0.105873 -0.0398318
         vertex -0.1188 -0.105873 -0.0398318
         vertex -0.1188 -0.107848 -0.0427445
      endloop
   endfacet
   facet normal -3.43628e-17 -0.561187 0.827689
      outer loop
         vertex -0.0938 -0.0982386 -0.0326001
         vertex -0.0974 -0.0982386 -0.0326001
         vertex -0.0974 -0.10104 -0.0347297
      endloop
   endfacet
   facet normal 0 -0.647386 0.762162
      outer loop
         vertex -0.0938 -0.10104 -0.0347297
         vertex -0.0974 -0.10104 -0.0347297
         vertex -0.0974 -0.103595 -0.0371498
      endloop
   endfacet
   facet normal -4.87466e-17 -0.796093 0.605174
      outer loop
         vertex -0.0938 -0.105873 -0.0398318
         vertex -0.0938 -0.103595 -0.0371498
         vertex -0.0974 -0.104993 -0.0387246
      endloop
   endfacet
   facet normal 0 -0.725995 0.687699
      outer loop
         vertex -0.1188 -0.103595 -0.0371498
         vertex -0.1188 -0.105873 -0.0398318
         vertex -0.1152 -0.1048 -0.0384946
      endloop
   endfacet
   facet normal -5.33761e-17 -0.763068 0.646319
      outer loop
         vertex -0.0974 -0.1048 -0.0384946
         vertex -0.1152 -0.1048 -0.0384946
         vertex -0.1152 -0.104993 -0.0387246
      endloop
   endfacet
   facet normal 0 -0.725995 0.687699
      outer loop
         vertex -0.0938 -0.103595 -0.0371498
         vertex -0.0974 -0.103595 -0.0371498
         vertex -0.0974 -0.1048 -0.0384946
      endloop
   endfacet
   facet normal -5.33761e-17 -0.763068 0.646319
      outer loop
         vertex -0.0974 -0.1048 -0.0384946
         vertex -0.0974 -0.104993 -0.0387246
         vertex -0.0938 -0.103595 -0.0371498
      endloop
   endfacet
   facet normal -5.33761e-17 -0.796093 0.605174
      outer loop
         vertex -0.1188 -0.105873 -0.0398318
         vertex -0.1152 -0.105873 -0.0398318
         vertex -0.1152 -0.104993 -0.0387246
      endloop
   endfacet
   facet normal 0 -0.769005 0.639243
      outer loop
         vertex -0.1152 -0.104993 -0.0387246
         vertex -0.1152 -0.1048 -0.0384946
         vertex -0.1188 -0.105873 -0.0398318
      endloop
   endfacet
   facet normal 0 -0.769005 0.639243
      outer loop
         vertex -0.1152 -0.104993 -0.0387246
         vertex -0.0974 -0.104993 -0.0387246
         vertex -0.0974 -0.1048 -0.0384946
      endloop
   endfacet
   facet normal -5.33761e-17 -0.763068 0.646319
      outer loop
         vertex -0.1152 -0.1048 -0.0384946
         vertex -0.1152 -0.103595 -0.0371498
         vertex -0.1188 -0.103595 -0.0371498
      endloop
   endfacet
   facet normal -4.00321e-17 -0.647386 0.762162
      outer loop
         vertex -0.1152 -0.10104 -0.0347297
         vertex -0.1188 -0.10104 -0.0347297
         vertex -0.1188 -0.103595 -0.0371498
      endloop
   endfacet
   facet normal -4.00321e-17 -0.561187 0.827689
      outer loop
         vertex -0.1152 -0.0982386 -0.0326001
         vertex -0.1188 -0.0982386 -0.0326001
         vertex -0.1188 -0.10104 -0.0347297
      endloop
   endfacet
   facet normal -1.63814e-17 -0.267528 0.96355
      outer loop
         vertex -0.0938 -0.0886947 -0.0281846
         vertex -0.0974 -0.0886947 -0.0281846
         vertex -0.0974 -0.0920295 -0.0293083
      endloop
   endfacet
   facet normal 0 -0.370138 0.928977
      outer loop
         vertex -0.0938 -0.0920295 -0.0293083
         vertex -0.0974 -0.0920295 -0.0293083
         vertex -0.0974 -0.0952233 -0.0307859
      endloop
   endfacet
   facet normal -3.43628e-17 -0.561187 0.827689
      outer loop
         vertex -0.0938 -0.0982386 -0.0326001
         vertex -0.0938 -0.0952233 -0.0307859
         vertex -0.0974 -0.0963798 -0.0314295
      endloop
   endfacet
   facet normal 0 -0.468408 0.883512
      outer loop
         vertex -0.1188 -0.0952233 -0.0307859
         vertex -0.1188 -0.0982386 -0.0326001
         vertex -0.1152 -0.0961198 -0.0312794
      endloop
   endfacet
   facet normal -2.66881e-17 -0.495995 0.868325
      outer loop
         vertex -0.0974 -0.0961198 -0.0312794
         vertex -0.1152 -0.0961198 -0.0312794
         vertex -0.1152 -0.0963798 -0.0314295
      endloop
   endfacet
   facet normal 0 -0.468408 0.883512
      outer loop
         vertex -0.0938 -0.0952233 -0.0307859
         vertex -0.0974 -0.0952233 -0.0307859
         vertex -0.0974 -0.0961198 -0.0312794
      endloop
   endfacet
   facet normal -2.66881e-17 -0.495995 0.868325
      outer loop
         vertex -0.0974 -0.0961198 -0.0312794
         vertex -0.0974 -0.0963798 -0.0314295
         vertex -0.0938 -0.0952233 -0.0307859
      endloop
   endfacet
   facet normal -4.00321e-17 -0.561187 0.827689
      outer loop
         vertex -0.1188 -0.0982386 -0.0326001
         vertex -0.1152 -0.0982386 -0.0326001
         vertex -0.1152 -0.0963798 -0.0314295
      endloop
   endfacet
   facet normal 0 -0.503994 0.863707
      outer loop
         vertex -0.1152 -0.0963798 -0.0314295
         vertex -0.1152 -0.0961198 -0.0312794
         vertex -0.1188 -0.0982386 -0.0326001
      endloop
   endfacet
   facet normal 0 -0.503994 0.863707
      outer loop
         vertex -0.1152 -0.0963798 -0.0314295
         vertex -0.0974 -0.0963798 -0.0314295
         vertex -0.0974 -0.0961198 -0.0312794
      endloop
   endfacet
   facet normal -2.66881e-17 -0.495995 0.868325
      outer loop
         vertex -0.1152 -0.0961198 -0.0312794
         vertex -0.1152 -0.0952233 -0.0307859
         vertex -0.1188 -0.0952233 -0.0307859
      endloop
   endfacet
   facet normal -2.66881e-17 -0.370138 0.928977
      outer loop
         vertex -0.1152 -0.0920295 -0.0293083
         vertex -0.1188 -0.0920295 -0.0293083
         vertex -0.1188 -0.0952233 -0.0307859
      endloop
   endfacet
   facet normal -1.3344e-17 -0.267528 0.96355
      outer loop
         vertex -0.1152 -0.0886947 -0.0281846
         vertex -0.1188 -0.0886947 -0.0281846
         vertex -0.1188 -0.0920295 -0.0293083
      endloop
   endfacet
   facet normal 9.90629e-18 0.161782 0.986827
      outer loop
         vertex -0.0938 -0.0747421 -0.0274281
         vertex -0.0974 -0.0747421 -0.0274281
         vertex -0.0974 -0.0782405 -0.0270477
      endloop
   endfacet
   facet normal 0 0.0541389 0.998533
      outer loop
         vertex -0.0938 -0.0782405 -0.0270477
         vertex -0.0974 -0.0782405 -0.0270477
         vertex -0.0974 -0.0817595 -0.0270477
      endloop
   endfacet
   facet normal 0 -0.0541389 0.998533
      outer loop
         vertex -0.0938 -0.0817595 -0.0270477
         vertex -0.0974 -0.0817595 -0.0270477
         vertex -0.0974 -0.0852579 -0.0274281
      endloop
   endfacet
   facet normal -1.63814e-17 -0.267528 0.96355
      outer loop
         vertex -0.0938 -0.0886947 -0.0281846
         vertex -0.0938 -0.0852579 -0.0274281
         vertex -0.0974 -0.0857913 -0.0275202
      endloop
   endfacet
   facet normal 0 -0.161782 0.986827
      outer loop
         vertex -0.1188 -0.0852579 -0.0274281
         vertex -0.1188 -0.0886947 -0.0281846
         vertex -0.1152 -0.0854957 -0.027468
      endloop
   endfacet
   facet normal 0 -0.178195 0.983995
      outer loop
         vertex -0.0974 -0.0857913 -0.0275202
         vertex -0.0974 -0.0854957 -0.027468
         vertex -0.1152 -0.0854957 -0.027468
      endloop
   endfacet
   facet normal 0 -0.161782 0.986827
      outer loop
         vertex -0.0938 -0.0852579 -0.0274281
         vertex -0.0974 -0.0852579 -0.0274281
         vertex -0.0974 -0.0854957 -0.027468
      endloop
   endfacet
   facet normal -1.3344e-17 -0.169098 0.985599
      outer loop
         vertex -0.0974 -0.0854957 -0.027468
         vertex -0.0974 -0.0857913 -0.0275202
         vertex -0.0938 -0.0852579 -0.0274281
      endloop
   endfacet
   facet normal -1.3344e-17 -0.267528 0.96355
      outer loop
         vertex -0.1188 -0.0886947 -0.0281846
         vertex -0.1152 -0.0886947 -0.0281846
         vertex -0.1152 -0.0857913 -0.0275202
      endloop
   endfacet
   facet normal 0 -0.178195 0.983995
      outer loop
         vertex -0.1152 -0.0857913 -0.0275202
         vertex -0.1152 -0.0854957 -0.027468
         vertex -0.1188 -0.0886947 -0.0281846
      endloop
   endfacet
   facet normal -1.3344e-17 -0.169098 0.985599
      outer loop
         vertex -0.1152 -0.0854957 -0.027468
         vertex -0.1152 -0.0857913 -0.0275202
         vertex -0.0974 -0.0857913 -0.0275202
      endloop
   endfacet
   facet normal -1.3344e-17 -0.169098 0.985599
      outer loop
         vertex -0.1152 -0.0854957 -0.027468
         vertex -0.1152 -0.0852579 -0.0274281
         vertex -0.1188 -0.0852579 -0.0274281
      endloop
   endfacet
   facet normal 0 -0.0541389 0.998533
      outer loop
         vertex -0.1152 -0.0817595 -0.0270477
         vertex -0.1188 -0.0817595 -0.0270477
         vertex -0.1188 -0.0852579 -0.0274281
      endloop
   endfacet
   facet normal 0 0.0541389 0.998533
      outer loop
         vertex -0.1152 -0.0782405 -0.0270477
         vertex -0.1188 -0.0782405 -0.0270477
         vertex -0.1188 -0.0817595 -0.0270477
      endloop
   endfacet
   facet normal 1.3344e-17 0.161782 0.986827
      outer loop
         vertex -0.1152 -0.0747421 -0.0274281
         vertex -0.1188 -0.0747421 -0.0274281
         vertex -0.1188 -0.0782405 -0.0270477
      endloop
   endfacet
   facet normal 2.86817e-17 0.468408 0.883512
      outer loop
         vertex -0.0938 -0.0647767 -0.0307859
         vertex -0.0974 -0.0647767 -0.0307859
         vertex -0.0974 -0.0679705 -0.0293083
      endloop
   endfacet
   facet normal 0 0.370138 0.928977
      outer loop
         vertex -0.0938 -0.0679705 -0.0293083
         vertex -0.0974 -0.0679705 -0.0293083
         vertex -0.0974 -0.0713053 -0.0281846
      endloop
   endfacet
   facet normal 9.90629e-18 0.161782 0.986827
      outer loop
         vertex -0.0938 -0.0747421 -0.0274281
         vertex -0.0938 -0.0713053 -0.0281846
         vertex -0.0974 -0.0745043 -0.027468
      endloop
   endfacet
   facet normal 0 0.267528 0.96355
      outer loop
         vertex -0.1188 -0.0713053 -0.0281846
         vertex -0.1188 -0.0747421 -0.0274281
         vertex -0.1152 -0.0742087 -0.0275202
      endloop
   endfacet
   facet normal 1.3344e-17 0.178195 0.983995
      outer loop
         vertex -0.1152 -0.0742087 -0.0275202
         vertex -0.1152 -0.0745043 -0.027468
         vertex -0.0974 -0.0745043 -0.027468
      endloop
   endfacet
   facet normal 1.3344e-17 0.161782 0.986827
      outer loop
         vertex -0.1188 -0.0747421 -0.0274281
         vertex -0.1152 -0.0747421 -0.0274281
         vertex -0.1152 -0.0745043 -0.027468
      endloop
   endfacet
   facet normal 0 0.169098 0.985599
      outer loop
         vertex -0.1152 -0.0745043 -0.027468
         vertex -0.1152 -0.0742087 -0.0275202
         vertex -0.1188 -0.0747421 -0.0274281
      endloop
   endfacet
   facet normal 0 0.169098 0.985599
      outer loop
         vertex -0.0974 -0.0745043 -0.027468
         vertex -0.0974 -0.0742087 -0.0275202
         vertex -0.1152 -0.0742087 -0.0275202
      endloop
   endfacet
   facet normal 0 0.267528 0.96355
      outer loop
         vertex -0.0938 -0.0713053 -0.0281846
         vertex -0.0974 -0.0713053 -0.0281846
         vertex -0.0974 -0.0742087 -0.0275202
      endloop
   endfacet
   facet normal 1.3344e-17 0.178195 0.983995
      outer loop
         vertex -0.0974 -0.0742087 -0.0275202
         vertex -0.0974 -0.0745043 -0.027468
         vertex -0.0938 -0.0713053 -0.0281846
      endloop
   endfacet
   facet normal 1.3344e-17 0.178195 0.983995
      outer loop
         vertex -0.1152 -0.0742087 -0.0275202
         vertex -0.1152 -0.0713053 -0.0281846
         vertex -0.1188 -0.0713053 -0.0281846
      endloop
   endfacet
   facet normal 2.66881e-17 0.370138 0.928977
      outer loop
         vertex -0.1152 -0.0679705 -0.0293083
         vertex -0.1188 -0.0679705 -0.0293083
         vertex -0.1188 -0.0713053 -0.0281846
      endloop
   endfacet
   facet normal 2.66881e-17 0.468408 0.883512
      outer loop
         vertex -0.1152 -0.0647767 -0.0307859
         vertex -0.1188 -0.0647767 -0.0307859
         vertex -0.1188 -0.0679705 -0.0293083
      endloop
   endfacet
   facet normal 4.44544e-17 0.725995 0.687699
      outer loop
         vertex -0.0938 -0.0564051 -0.0371498
         vertex -0.0974 -0.0564051 -0.0371498
         vertex -0.0974 -0.0589599 -0.0347297
      endloop
   endfacet
   facet normal 0 0.647386 0.762162
      outer loop
         vertex -0.0938 -0.0589599 -0.0347297
         vertex -0.0974 -0.0589599 -0.0347297
         vertex -0.0974 -0.0617614 -0.0326001
      endloop
   endfacet
   facet normal 0 0.561187 0.827689
      outer loop
         vertex -0.1188 -0.0617614 -0.0326001
         vertex -0.1188 -0.0647767 -0.0307859
         vertex -0.1152 -0.0636202 -0.0314295
      endloop
   endfacet
   facet normal 2.86817e-17 0.468408 0.883512
      outer loop
         vertex -0.0938 -0.0647767 -0.0307859
         vertex -0.0974 -0.0636202 -0.0314295
         vertex -0.0974 -0.0638802 -0.0312794
      endloop
   endfacet
   facet normal 0 0.495995 0.868325
      outer loop
         vertex -0.1152 -0.0638802 -0.0312794
         vertex -0.0974 -0.0638802 -0.0312794
         vertex -0.0974 -0.0636202 -0.0314295
      endloop
   endfacet
   facet normal 2.66881e-17 0.503994 0.863707
      outer loop
         vertex -0.0974 -0.0636202 -0.0314295
         vertex -0.1152 -0.0636202 -0.0314295
         vertex -0.1152 -0.0638802 -0.0312794
      endloop
   endfacet
   facet normal 2.66881e-17 0.468408 0.883512
      outer loop
         vertex -0.1188 -0.0647767 -0.0307859
         vertex -0.1152 -0.0647767 -0.0307859
         vertex -0.1152 -0.0638802 -0.0312794
      endloop
   endfacet
   facet normal 0 0.495995 0.868325
      outer loop
         vertex -0.1152 -0.0638802 -0.0312794
         vertex -0.1152 -0.0636202 -0.0314295
         vertex -0.1188 -0.0647767 -0.0307859
      endloop
   endfacet
   facet normal 0 0.495995 0.868325
      outer loop
         vertex -0.0974 -0.0638802 -0.0312794
         vertex -0.0974 -0.0647767 -0.0307859
         vertex -0.0938 -0.0647767 -0.0307859
      endloop
   endfacet
   facet normal 3.43628e-17 0.561187 0.827689
      outer loop
         vertex -0.0938 -0.0617614 -0.0326001
         vertex -0.0974 -0.0617614 -0.0326001
         vertex -0.0974 -0.0636202 -0.0314295
      endloop
   endfacet
   facet normal 2.66881e-17 0.503994 0.863707
      outer loop
         vertex -0.0974 -0.0636202 -0.0314295
         vertex -0.0938 -0.0647767 -0.0307859
         vertex -0.0938 -0.0617614 -0.0326001
      endloop
   endfacet
   facet normal 4.00321e-17 0.647386 0.762162
      outer loop
         vertex -0.1152 -0.0589599 -0.0347297
         vertex -0.1188 -0.0589599 -0.0347297
         vertex -0.1188 -0.0617614 -0.0326001
      endloop
   endfacet
   facet normal 4.00321e-17 0.725995 0.687699
      outer loop
         vertex -0.1152 -0.0564051 -0.0371498
         vertex -0.1188 -0.0564051 -0.0371498
         vertex -0.1188 -0.0589599 -0.0347297
      endloop
   endfacet
   facet normal 5.5573e-17 0.907575 0.419889
      outer loop
         vertex -0.0938 -0.0505038 -0.0458536
         vertex -0.0974 -0.0505038 -0.0458536
         vertex -0.0974 -0.0521521 -0.0427445
      endloop
   endfacet
   facet normal 0 0.856857 0.515554
      outer loop
         vertex -0.0938 -0.0521521 -0.0427445
         vertex -0.0974 -0.0521521 -0.0427445
         vertex -0.0974 -0.054127 -0.0398318
      endloop
   endfacet
   facet normal 0 0.796093 0.605174
      outer loop
         vertex -0.1188 -0.054127 -0.0398318
         vertex -0.1188 -0.0564051 -0.0371498
         vertex -0.1152 -0.0550073 -0.0387246
      endloop
   endfacet
   facet normal 4.44544e-17 0.725995 0.687699
      outer loop
         vertex -0.0938 -0.0564051 -0.0371498
         vertex -0.0974 -0.0550073 -0.0387246
         vertex -0.0974 -0.0552003 -0.0384946
      endloop
   endfacet
   facet normal 0 0.763068 0.646319
      outer loop
         vertex -0.0974 -0.0552003 -0.0384946
         vertex -0.0974 -0.0550073 -0.0387246
         vertex -0.1152 -0.0550073 -0.0387246
      endloop
   endfacet
   facet normal 4.00321e-17 0.725995 0.687699
      outer loop
         vertex -0.1188 -0.0564051 -0.0371498
         vertex -0.1152 -0.0564051 -0.0371498
         vertex -0.1152 -0.0552003 -0.0384946
      endloop
   endfacet
   facet normal 0 0.763068 0.646319
      outer loop
         vertex -0.1152 -0.0552003 -0.0384946
         vertex -0.1152 -0.0550073 -0.0387246
         vertex -0.1188 -0.0564051 -0.0371498
      endloop
   endfacet
   facet normal 5.33761e-17 0.769005 0.639243
      outer loop
         vertex -0.1152 -0.0550073 -0.0387246
         vertex -0.1152 -0.0552003 -0.0384946
         vertex -0.0974 -0.0552003 -0.0384946
      endloop
   endfacet
   facet normal 0 0.763068 0.646319
      outer loop
         vertex -0.0974 -0.0552003 -0.0384946
         vertex -0.0974 -0.0564051 -0.0371498
         vertex -0.0938 -0.0564051 -0.0371498
      endloop
   endfacet
   facet normal 4.87466e-17 0.796093 0.605174
      outer loop
         vertex -0.0938 -0.054127 -0.0398318
         vertex -0.0974 -0.054127 -0.0398318
         vertex -0.0974 -0.0550073 -0.0387246
      endloop
   endfacet
   facet normal 5.33761e-17 0.769005 0.639243
      outer loop
         vertex -0.0974 -0.0550073 -0.0387246
         vertex -0.0938 -0.0564051 -0.0371498
         vertex -0.0938 -0.054127 -0.0398318
      endloop
   endfacet
   facet normal 5.33761e-17 0.856857 0.515554
      outer loop
         vertex -0.1152 -0.0521521 -0.0427445
         vertex -0.1188 -0.0521521 -0.0427445
         vertex -0.1188 -0.054127 -0.0398318
      endloop
   endfacet
   facet normal 5.33761e-17 0.907575 0.419889
      outer loop
         vertex -0.1152 -0.0505038 -0.0458536
         vertex -0.1188 -0.0505038 -0.0458536
         vertex -0.1188 -0.0521521 -0.0427445
      endloop
   endfacet
   facet normal 6.08734e-17 0.994138 0.108119
      outer loop
         vertex -0.0938 -0.0476905 -0.0559861
         vertex -0.0974 -0.0476905 -0.0559861
         vertex -0.0974 -0.0482598 -0.0525135
      endloop
   endfacet
   facet normal 1.06752e-16 0.976621 0.21497
      outer loop
         vertex -0.0938 -0.0482598 -0.0525135
         vertex -0.0974 -0.0482598 -0.0525135
         vertex -0.0974 -0.0492013 -0.0491227
      endloop
   endfacet
   facet normal 1.06752e-16 0.947653 0.319302
      outer loop
         vertex -0.1188 -0.0492013 -0.0491227
         vertex -0.1188 -0.0505038 -0.0458536
         vertex -0.1152 -0.049409 -0.0485255
      endloop
   endfacet
   facet normal 5.5573e-17 0.907575 0.419889
      outer loop
         vertex -0.0938 -0.0505038 -0.0458536
         vertex -0.0938 -0.0492013 -0.0491227
         vertex -0.0974 -0.0495117 -0.0482434
      endloop
   endfacet
   facet normal 5.33761e-17 0.941262 0.337677
      outer loop
         vertex -0.1152 -0.049409 -0.0485255
         vertex -0.1152 -0.0495117 -0.0482434
         vertex -0.0974 -0.0495117 -0.0482434
      endloop
   endfacet
   facet normal 1.06752e-16 0.947653 0.319302
      outer loop
         vertex -0.0938 -0.0492013 -0.0491227
         vertex -0.0974 -0.0492013 -0.0491227
         vertex -0.0974 -0.049409 -0.0485255
      endloop
   endfacet
   facet normal 5.33761e-17 0.941262 0.337677
      outer loop
         vertex -0.0974 -0.049409 -0.0485255
         vertex -0.0974 -0.0495117 -0.0482434
         vertex -0.0938 -0.0492013 -0.0491227
      endloop
   endfacet
   facet normal 1.06752e-16 0.938103 0.346356
      outer loop
         vertex -0.0974 -0.0495117 -0.0482434
         vertex -0.0974 -0.049409 -0.0485255
         vertex -0.1152 -0.049409 -0.0485255
      endloop
   endfacet
   facet normal 5.33761e-17 0.907575 0.419889
      outer loop
         vertex -0.1188 -0.0505038 -0.0458536
         vertex -0.1152 -0.0505038 -0.0458536
         vertex -0.1152 -0.0495117 -0.0482434
      endloop
   endfacet
   facet normal 1.06752e-16 0.938103 0.346356
      outer loop
         vertex -0.1152 -0.0495117 -0.0482434
         vertex -0.1152 -0.049409 -0.0485255
         vertex -0.1188 -0.0505038 -0.0458536
      endloop
   endfacet
   facet normal 1.06752e-16 0.938103 0.346356
      outer loop
         vertex -0.0974 -0.0495117 -0.0482434
         vertex -0.0974 -0.0505038 -0.0458536
         vertex -0.0938 -0.0505038 -0.0458536
      endloop
   endfacet
   facet normal 5.33761e-17 0.976621 0.21497
      outer loop
         vertex -0.1152 -0.0482598 -0.0525135
         vertex -0.1188 -0.0482598 -0.0525135
         vertex -0.1188 -0.0492013 -0.0491227
      endloop
   endfacet
   facet normal 6.67201e-17 0.994138 0.108119
      outer loop
         vertex -0.1152 -0.0476905 -0.0559861
         vertex -0.1188 -0.0476905 -0.0559861
         vertex -0.1188 -0.0482598 -0.0525135
      endloop
   endfacet
   facet normal 6.08734e-17 0.994138 0.108119
      outer loop
         vertex -0.0938 -0.0476905 -0.0559861
         vertex -0.0938 -0.0475 -0.0595
         vertex -0.0974 -0.0475003 -0.0593499
      endloop
   endfacet
   facet normal 6.12323e-17 1 0
      outer loop
         vertex -0.0938 -0.0475 -0.0595
         vertex -0.1188 -0.0475 -0.0595
         vertex -0.1152 -0.0475003 -0.0593499
      endloop
   endfacet
   facet normal 6.12317e-17 0.999989 0.0046184
      outer loop
         vertex -0.1152 -0.0475003 -0.0593499
         vertex -0.0974 -0.0475003 -0.0593499
         vertex -0.0938 -0.0475 -0.0595
      endloop
   endfacet
   facet normal 6.67201e-17 0.994138 0.108119
      outer loop
         vertex -0.1188 -0.0476905 -0.0559861
         vertex -0.1152 -0.0476905 -0.0559861
         vertex -0.1152 -0.0475003 -0.0593499
      endloop
   endfacet
   facet normal 6.12317e-17 0.999989 0.0046184
      outer loop
         vertex -0.1152 -0.0475003 -0.0593499
         vertex -0.1188 -0.0475 -0.0595
         vertex -0.1188 -0.0476905 -0.0559861
      endloop
   endfacet
   facet normal 6.12317e-17 0.999989 0.0046184
      outer loop
         vertex -0.0974 -0.0475003 -0.0593499
         vertex -0.0974 -0.0476905 -0.0559861
         vertex -0.0938 -0.0476905 -0.0559861
      endloop
   endfacet
   facet normal 5.33761e-17 0.976621 0.21497
      outer loop
         vertex -0.1188 -0.0482598 -0.0525135
         vertex -0.1152 -0.0482598 -0.0525135
         vertex -0.1152 -0.0476905 -0.0559861
      endloop
   endfacet
   facet normal 1.06752e-16 0.947653 0.319302
      outer loop
         vertex -0.1188 -0.0492013 -0.0491227
         vertex -0.1152 -0.0492013 -0.0491227
         vertex -0.1152 -0.0482598 -0.0525135
      endloop
   endfacet
   facet normal 5.33761e-17 0.941262 0.337677
      outer loop
         vertex -0.1152 -0.049409 -0.0485255
         vertex -0.1152 -0.0492013 -0.0491227
         vertex -0.1188 -0.0492013 -0.0491227
      endloop
   endfacet
   facet normal 1.06752e-16 0.947653 0.319302
      outer loop
         vertex -0.0974 -0.0492013 -0.0491227
         vertex -0.0938 -0.0492013 -0.0491227
         vertex -0.0938 -0.0482598 -0.0525135
      endloop
   endfacet
   facet normal 1.06752e-16 0.976621 0.21497
      outer loop
         vertex -0.0974 -0.0482598 -0.0525135
         vertex -0.0938 -0.0482598 -0.0525135
         vertex -0.0938 -0.0476905 -0.0559861
      endloop
   endfacet
   facet normal 5.33761e-17 0.856857 0.515554
      outer loop
         vertex -0.1188 -0.0521521 -0.0427445
         vertex -0.1152 -0.0521521 -0.0427445
         vertex -0.1152 -0.0505038 -0.0458536
      endloop
   endfacet
   facet normal 0 0.796093 0.605174
      outer loop
         vertex -0.1188 -0.054127 -0.0398318
         vertex -0.1152 -0.054127 -0.0398318
         vertex -0.1152 -0.0521521 -0.0427445
      endloop
   endfacet
   facet normal 5.33761e-17 0.769005 0.639243
      outer loop
         vertex -0.1152 -0.0550073 -0.0387246
         vertex -0.1152 -0.054127 -0.0398318
         vertex -0.1188 -0.054127 -0.0398318
      endloop
   endfacet
   facet normal 0 0.796093 0.605174
      outer loop
         vertex -0.0974 -0.054127 -0.0398318
         vertex -0.0938 -0.054127 -0.0398318
         vertex -0.0938 -0.0521521 -0.0427445
      endloop
   endfacet
   facet normal 0 0.856857 0.515554
      outer loop
         vertex -0.0974 -0.0521521 -0.0427445
         vertex -0.0938 -0.0521521 -0.0427445
         vertex -0.0938 -0.0505038 -0.0458536
      endloop
   endfacet
   facet normal 4.00321e-17 0.647386 0.762162
      outer loop
         vertex -0.1188 -0.0589599 -0.0347297
         vertex -0.1152 -0.0589599 -0.0347297
         vertex -0.1152 -0.0564051 -0.0371498
      endloop
   endfacet
   facet normal 0 0.561187 0.827689
      outer loop
         vertex -0.1188 -0.0617614 -0.0326001
         vertex -0.1152 -0.0617614 -0.0326001
         vertex -0.1152 -0.0589599 -0.0347297
      endloop
   endfacet
   facet normal 2.66881e-17 0.503994 0.863707
      outer loop
         vertex -0.1152 -0.0636202 -0.0314295
         vertex -0.1152 -0.0617614 -0.0326001
         vertex -0.1188 -0.0617614 -0.0326001
      endloop
   endfacet
   facet normal 0 0.561187 0.827689
      outer loop
         vertex -0.0974 -0.0617614 -0.0326001
         vertex -0.0938 -0.0617614 -0.0326001
         vertex -0.0938 -0.0589599 -0.0347297
      endloop
   endfacet
   facet normal 0 0.647386 0.762162
      outer loop
         vertex -0.0974 -0.0589599 -0.0347297
         vertex -0.0938 -0.0589599 -0.0347297
         vertex -0.0938 -0.0564051 -0.0371498
      endloop
   endfacet
   facet normal 2.66881e-17 0.370138 0.928977
      outer loop
         vertex -0.1188 -0.0679705 -0.0293083
         vertex -0.1152 -0.0679705 -0.0293083
         vertex -0.1152 -0.0647767 -0.0307859
      endloop
   endfacet
   facet normal 0 0.267528 0.96355
      outer loop
         vertex -0.1188 -0.0713053 -0.0281846
         vertex -0.1152 -0.0713053 -0.0281846
         vertex -0.1152 -0.0679705 -0.0293083
      endloop
   endfacet
   facet normal 0 0.169098 0.985599
      outer loop
         vertex -0.0974 -0.0745043 -0.027468
         vertex -0.0974 -0.0747421 -0.0274281
         vertex -0.0938 -0.0747421 -0.0274281
      endloop
   endfacet
   facet normal 0 0.267528 0.96355
      outer loop
         vertex -0.0974 -0.0713053 -0.0281846
         vertex -0.0938 -0.0713053 -0.0281846
         vertex -0.0938 -0.0679705 -0.0293083
      endloop
   endfacet
   facet normal 0 0.370138 0.928977
      outer loop
         vertex -0.0974 -0.0679705 -0.0293083
         vertex -0.0938 -0.0679705 -0.0293083
         vertex -0.0938 -0.0647767 -0.0307859
      endloop
   endfacet
   facet normal 0 0.0541389 0.998533
      outer loop
         vertex -0.1188 -0.0782405 -0.0270477
         vertex -0.1152 -0.0782405 -0.0270477
         vertex -0.1152 -0.0747421 -0.0274281
      endloop
   endfacet
   facet normal 0 -0.0541389 0.998533
      outer loop
         vertex -0.1188 -0.0817595 -0.0270477
         vertex -0.1152 -0.0817595 -0.0270477
         vertex -0.1152 -0.0782405 -0.0270477
      endloop
   endfacet
   facet normal 0 -0.161782 0.986827
      outer loop
         vertex -0.1188 -0.0852579 -0.0274281
         vertex -0.1152 -0.0852579 -0.0274281
         vertex -0.1152 -0.0817595 -0.0270477
      endloop
   endfacet
   facet normal 0 -0.178195 0.983995
      outer loop
         vertex -0.0974 -0.0857913 -0.0275202
         vertex -0.0974 -0.0886947 -0.0281846
         vertex -0.0938 -0.0886947 -0.0281846
      endloop
   endfacet
   facet normal 0 -0.161782 0.986827
      outer loop
         vertex -0.0974 -0.0852579 -0.0274281
         vertex -0.0938 -0.0852579 -0.0274281
         vertex -0.0938 -0.0817595 -0.0270477
      endloop
   endfacet
   facet normal 0 -0.0541389 0.998533
      outer loop
         vertex -0.0974 -0.0817595 -0.0270477
         vertex -0.0938 -0.0817595 -0.0270477
         vertex -0.0938 -0.0782405 -0.0270477
      endloop
   endfacet
   facet normal 0 0.0541389 0.998533
      outer loop
         vertex -0.0974 -0.0782405 -0.0270477
         vertex -0.0938 -0.0782405 -0.0270477
         vertex -0.0938 -0.0747421 -0.0274281
      endloop
   endfacet
   facet normal -2.66881e-17 -0.370138 0.928977
      outer loop
         vertex -0.1188 -0.0920295 -0.0293083
         vertex -0.1152 -0.0920295 -0.0293083
         vertex -0.1152 -0.0886947 -0.0281846
      endloop
   endfacet
   facet normal 0 -0.468408 0.883512
      outer loop
         vertex -0.1188 -0.0952233 -0.0307859
         vertex -0.1152 -0.0952233 -0.0307859
         vertex -0.1152 -0.0920295 -0.0293083
      endloop
   endfacet
   facet normal 0 -0.503994 0.863707
      outer loop
         vertex -0.0974 -0.0963798 -0.0314295
         vertex -0.0974 -0.0982386 -0.0326001
         vertex -0.0938 -0.0982386 -0.0326001
      endloop
   endfacet
   facet normal 0 -0.468408 0.883512
      outer loop
         vertex -0.0974 -0.0952233 -0.0307859
         vertex -0.0938 -0.0952233 -0.0307859
         vertex -0.0938 -0.0920295 -0.0293083
      endloop
   endfacet
   facet normal 0 -0.370138 0.928977
      outer loop
         vertex -0.0974 -0.0920295 -0.0293083
         vertex -0.0938 -0.0920295 -0.0293083
         vertex -0.0938 -0.0886947 -0.0281846
      endloop
   endfacet
   facet normal -4.00321e-17 -0.647386 0.762162
      outer loop
         vertex -0.1188 -0.10104 -0.0347297
         vertex -0.1152 -0.10104 -0.0347297
         vertex -0.1152 -0.0982386 -0.0326001
      endloop
   endfacet
   facet normal 0 -0.725995 0.687699
      outer loop
         vertex -0.1188 -0.103595 -0.0371498
         vertex -0.1152 -0.103595 -0.0371498
         vertex -0.1152 -0.10104 -0.0347297
      endloop
   endfacet
   facet normal 0 -0.769005 0.639243
      outer loop
         vertex -0.0974 -0.104993 -0.0387246
         vertex -0.0974 -0.105873 -0.0398318
         vertex -0.0938 -0.105873 -0.0398318
      endloop
   endfacet
   facet normal 0 -0.725995 0.687699
      outer loop
         vertex -0.0974 -0.103595 -0.0371498
         vertex -0.0938 -0.103595 -0.0371498
         vertex -0.0938 -0.10104 -0.0347297
      endloop
   endfacet
   facet normal 0 -0.647386 0.762162
      outer loop
         vertex -0.0974 -0.10104 -0.0347297
         vertex -0.0938 -0.10104 -0.0347297
         vertex -0.0938 -0.0982386 -0.0326001
      endloop
   endfacet
   facet normal -5.33761e-17 -0.856857 0.515554
      outer loop
         vertex -0.1188 -0.107848 -0.0427445
         vertex -0.1152 -0.107848 -0.0427445
         vertex -0.1152 -0.105873 -0.0398318
      endloop
   endfacet
   facet normal -1.06752e-16 -0.907575 0.419889
      outer loop
         vertex -0.1188 -0.109496 -0.0458536
         vertex -0.1152 -0.109496 -0.0458536
         vertex -0.1152 -0.107848 -0.0427445
      endloop
   endfacet
   facet normal -5.33761e-17 -0.938103 0.346356
      outer loop
         vertex -0.1152 -0.110488 -0.0482434
         vertex -0.1152 -0.109496 -0.0458536
         vertex -0.1188 -0.109496 -0.0458536
      endloop
   endfacet
   facet normal -1.06752e-16 -0.907575 0.419889
      outer loop
         vertex -0.0974 -0.109496 -0.0458536
         vertex -0.0938 -0.109496 -0.0458536
         vertex -0.0938 -0.107848 -0.0427445
      endloop
   endfacet
   facet normal 0 -0.856857 0.515554
      outer loop
         vertex -0.0974 -0.107848 -0.0427445
         vertex -0.0938 -0.107848 -0.0427445
         vertex -0.0938 -0.105873 -0.0398318
      endloop
   endfacet
   facet normal -5.33761e-17 -0.976621 0.21497
      outer loop
         vertex -0.1188 -0.11174 -0.0525135
         vertex -0.115 -0.11174 -0.0525135
         vertex -0.115 -0.110799 -0.0491227
      endloop
   endfacet
   facet normal -1.06752e-16 -0.994138 0.108119
      outer loop
         vertex -0.1188 -0.112309 -0.0559861
         vertex -0.115 -0.112309 -0.0559861
         vertex -0.115 -0.11174 -0.0525135
      endloop
   endfacet
   facet normal -6.12317e-17 -0.999989 0.0046184
      outer loop
         vertex -0.115 -0.1125 -0.0593499
         vertex -0.115 -0.112309 -0.0559861
         vertex -0.1188 -0.112309 -0.0559861
      endloop
   endfacet
   facet normal -1.06752e-16 -0.994138 0.108119
      outer loop
         vertex -0.0974 -0.112309 -0.0559861
         vertex -0.0938 -0.112309 -0.0559861
         vertex -0.0938 -0.11174 -0.0525135
      endloop
   endfacet
   facet normal -1.06752e-16 -0.976621 0.21497
      outer loop
         vertex -0.0974 -0.11174 -0.0525135
         vertex -0.0938 -0.11174 -0.0525135
         vertex -0.0938 -0.110799 -0.0491227
      endloop
   endfacet
   facet normal -6.12317e-17 -0.999989 -0.0046184
      outer loop
         vertex -0.0974 -0.1125 -0.0596501
         vertex -0.0974 -0.112309 -0.0630139
         vertex -0.0938 -0.112309 -0.0630139
      endloop
   endfacet
   facet normal -5.33761e-17 -0.976621 -0.21497
      outer loop
         vertex -0.1188 -0.11174 -0.0664865
         vertex -0.1152 -0.11174 -0.0664865
         vertex -0.1152 -0.112309 -0.0630139
      endloop
   endfacet
   facet normal -1.06752e-16 -0.947653 -0.319302
      outer loop
         vertex -0.1188 -0.110799 -0.0698773
         vertex -0.1152 -0.110799 -0.0698773
         vertex -0.1152 -0.11174 -0.0664865
      endloop
   endfacet
   facet normal -5.33761e-17 -0.941262 -0.337677
      outer loop
         vertex -0.1152 -0.110591 -0.0704745
         vertex -0.1152 -0.110799 -0.0698773
         vertex -0.1188 -0.110799 -0.0698773
      endloop
   endfacet
   facet normal -1.06752e-16 -0.947653 -0.319302
      outer loop
         vertex -0.0974 -0.110799 -0.0698773
         vertex -0.0938 -0.110799 -0.0698773
         vertex -0.0938 -0.11174 -0.0664865
      endloop
   endfacet
   facet normal -1.06752e-16 -0.976621 -0.21497
      outer loop
         vertex -0.0974 -0.11174 -0.0664865
         vertex -0.0938 -0.11174 -0.0664865
         vertex -0.0938 -0.112309 -0.0630139
      endloop
   endfacet
   facet normal -5.33761e-17 -0.856857 -0.515554
      outer loop
         vertex -0.1188 -0.107848 -0.0762555
         vertex -0.1152 -0.107848 -0.0762555
         vertex -0.1152 -0.109496 -0.0731464
      endloop
   endfacet
   facet normal -4.87466e-17 -0.796093 -0.605174
      outer loop
         vertex -0.1188 -0.105873 -0.0791682
         vertex -0.1152 -0.105873 -0.0791682
         vertex -0.1152 -0.107848 -0.0762555
      endloop
   endfacet
   facet normal 0 -0.763068 -0.646319
      outer loop
         vertex -0.0974 -0.1048 -0.0805054
         vertex -0.0974 -0.103595 -0.0818502
         vertex -0.0938 -0.103595 -0.0818502
      endloop
   endfacet
   facet normal 0 -0.796093 -0.605174
      outer loop
         vertex -0.0974 -0.105873 -0.0791682
         vertex -0.0938 -0.105873 -0.0791682
         vertex -0.0938 -0.107848 -0.0762555
      endloop
   endfacet
   facet normal 0 -0.856857 -0.515554
      outer loop
         vertex -0.0974 -0.107848 -0.0762555
         vertex -0.0938 -0.107848 -0.0762555
         vertex -0.0938 -0.109496 -0.0731464
      endloop
   endfacet
   facet normal -4.00321e-17 -0.647386 -0.762162
      outer loop
         vertex -0.1188 -0.10104 -0.0842703
         vertex -0.1152 -0.10104 -0.0842703
         vertex -0.1152 -0.103595 -0.0818502
      endloop
   endfacet
   facet normal 0 -0.561187 -0.827689
      outer loop
         vertex -0.1188 -0.0982386 -0.0863999
         vertex -0.1152 -0.0982386 -0.0863999
         vertex -0.1152 -0.10104 -0.0842703
      endloop
   endfacet
   facet normal -2.66881e-17 -0.503994 -0.863707
      outer loop
         vertex -0.1152 -0.0963798 -0.0875705
         vertex -0.1152 -0.0982386 -0.0863999
         vertex -0.1188 -0.0982386 -0.0863999
      endloop
   endfacet
   facet normal 0 -0.561187 -0.827689
      outer loop
         vertex -0.0974 -0.0982386 -0.0863999
         vertex -0.0938 -0.0982386 -0.0863999
         vertex -0.0938 -0.10104 -0.0842703
      endloop
   endfacet
   facet normal 0 -0.647386 -0.762162
      outer loop
         vertex -0.0974 -0.10104 -0.0842703
         vertex -0.0938 -0.10104 -0.0842703
         vertex -0.0938 -0.103595 -0.0818502
      endloop
   endfacet
   facet normal -2.66881e-17 -0.370138 -0.928977
      outer loop
         vertex -0.1188 -0.0920295 -0.0896917
         vertex -0.1152 -0.0920295 -0.0896917
         vertex -0.1152 -0.0952233 -0.0882141
      endloop
   endfacet
   facet normal 0 -0.267528 -0.96355
      outer loop
         vertex -0.1188 -0.0886947 -0.0908154
         vertex -0.1152 -0.0886947 -0.0908154
         vertex -0.1152 -0.0920295 -0.0896917
      endloop
   endfacet
   facet normal 0 -0.169098 -0.985599
      outer loop
         vertex -0.0974 -0.0854957 -0.091532
         vertex -0.0974 -0.0852579 -0.0915719
         vertex -0.0938 -0.0852579 -0.0915719
      endloop
   endfacet
   facet normal 0 -0.267528 -0.96355
      outer loop
         vertex -0.0974 -0.0886947 -0.0908154
         vertex -0.0938 -0.0886947 -0.0908154
         vertex -0.0938 -0.0920295 -0.0896917
      endloop
   endfacet
   facet normal 0 -0.370138 -0.928977
      outer loop
         vertex -0.0974 -0.0920295 -0.0896917
         vertex -0.0938 -0.0920295 -0.0896917
         vertex -0.0938 -0.0952233 -0.0882141
      endloop
   endfacet
   facet normal 0 -0.0541389 -0.998533
      outer loop
         vertex -0.1188 -0.0817595 -0.0919523
         vertex -0.1152 -0.0817595 -0.0919523
         vertex -0.1152 -0.0852579 -0.0915719
      endloop
   endfacet
   facet normal 0 0.0541389 -0.998533
      outer loop
         vertex -0.1188 -0.0782405 -0.0919523
         vertex -0.1152 -0.0782405 -0.0919523
         vertex -0.1152 -0.0817595 -0.0919523
      endloop
   endfacet
   facet normal 0 0.161782 -0.986827
      outer loop
         vertex -0.1188 -0.0747421 -0.0915719
         vertex -0.1152 -0.0747421 -0.0915719
         vertex -0.1152 -0.0782405 -0.0919523
      endloop
   endfacet
   facet normal 1.3344e-17 0.169098 -0.985599
      outer loop
         vertex -0.1152 -0.0745043 -0.091532
         vertex -0.1152 -0.0747421 -0.0915719
         vertex -0.1188 -0.0747421 -0.0915719
      endloop
   endfacet
   facet normal 0 0.161782 -0.986827
      outer loop
         vertex -0.0974 -0.0747421 -0.0915719
         vertex -0.0938 -0.0747421 -0.0915719
         vertex -0.0938 -0.0782405 -0.0919523
      endloop
   endfacet
   facet normal 0 0.0541389 -0.998533
      outer loop
         vertex -0.0974 -0.0782405 -0.0919523
         vertex -0.0938 -0.0782405 -0.0919523
         vertex -0.0938 -0.0817595 -0.0919523
      endloop
   endfacet
   facet normal 0 -0.0541389 -0.998533
      outer loop
         vertex -0.0974 -0.0817595 -0.0919523
         vertex -0.0938 -0.0817595 -0.0919523
         vertex -0.0938 -0.0852579 -0.0915719
      endloop
   endfacet
   facet normal 2.66881e-17 0.370138 -0.928977
      outer loop
         vertex -0.1188 -0.0679705 -0.0896917
         vertex -0.1152 -0.0679705 -0.0896917
         vertex -0.1152 -0.0713053 -0.0908154
      endloop
   endfacet
   facet normal 0 0.468408 -0.883512
      outer loop
         vertex -0.1188 -0.0647767 -0.0882141
         vertex -0.1152 -0.0647767 -0.0882141
         vertex -0.1152 -0.0679705 -0.0896917
      endloop
   endfacet
   facet normal 2.66881e-17 0.495995 -0.868325
      outer loop
         vertex -0.1152 -0.0638802 -0.0877206
         vertex -0.1152 -0.0647767 -0.0882141
         vertex -0.1188 -0.0647767 -0.0882141
      endloop
   endfacet
   facet normal 0 0.468408 -0.883512
      outer loop
         vertex -0.0974 -0.0647767 -0.0882141
         vertex -0.0938 -0.0647767 -0.0882141
         vertex -0.0938 -0.0679705 -0.0896917
      endloop
   endfacet
   facet normal 0 0.370138 -0.928977
      outer loop
         vertex -0.0974 -0.0679705 -0.0896917
         vertex -0.0938 -0.0679705 -0.0896917
         vertex -0.0938 -0.0713053 -0.0908154
      endloop
   endfacet
   facet normal 4.00321e-17 0.647386 -0.762162
      outer loop
         vertex -0.1188 -0.0589599 -0.0842703
         vertex -0.1152 -0.0589599 -0.0842703
         vertex -0.1152 -0.0617614 -0.0863999
      endloop
   endfacet
   facet normal 0 0.725995 -0.687699
      outer loop
         vertex -0.1188 -0.0564051 -0.0818502
         vertex -0.1152 -0.0564051 -0.0818502
         vertex -0.1152 -0.0589599 -0.0842703
      endloop
   endfacet
   facet normal 5.33761e-17 0.763068 -0.646319
      outer loop
         vertex -0.1152 -0.0552003 -0.0805054
         vertex -0.1152 -0.0564051 -0.0818502
         vertex -0.1188 -0.0564051 -0.0818502
      endloop
   endfacet
   facet normal 0 0.725995 -0.687699
      outer loop
         vertex -0.0974 -0.0564051 -0.0818502
         vertex -0.0938 -0.0564051 -0.0818502
         vertex -0.0938 -0.0589599 -0.0842703
      endloop
   endfacet
   facet normal 0 0.647386 -0.762162
      outer loop
         vertex -0.0974 -0.0589599 -0.0842703
         vertex -0.0938 -0.0589599 -0.0842703
         vertex -0.0938 -0.0617614 -0.0863999
      endloop
   endfacet
   facet normal 5.33761e-17 0.856857 -0.515554
      outer loop
         vertex -0.1188 -0.0521521 -0.0762555
         vertex -0.1152 -0.0521521 -0.0762555
         vertex -0.1152 -0.054127 -0.0791682
      endloop
   endfacet
   facet normal 5.5573e-17 0.907575 -0.419889
      outer loop
         vertex -0.1188 -0.0505038 -0.0731464
         vertex -0.1152 -0.0505038 -0.0731464
         vertex -0.1152 -0.0521521 -0.0762555
      endloop
   endfacet
   facet normal 1.06752e-16 0.941262 -0.337677
      outer loop
         vertex -0.0974 -0.049409 -0.0704745
         vertex -0.0974 -0.0492013 -0.0698773
         vertex -0.0938 -0.0492013 -0.0698773
      endloop
   endfacet
   facet normal 1.06752e-16 0.907575 -0.419889
      outer loop
         vertex -0.0974 -0.0505038 -0.0731464
         vertex -0.0938 -0.0505038 -0.0731464
         vertex -0.0938 -0.0521521 -0.0762555
      endloop
   endfacet
   facet normal 0 0.856857 -0.515554
      outer loop
         vertex -0.0974 -0.0521521 -0.0762555
         vertex -0.0938 -0.0521521 -0.0762555
         vertex -0.0938 -0.054127 -0.0791682
      endloop
   endfacet
   facet normal 5.33761e-17 0.976621 -0.21497
      outer loop
         vertex -0.1188 -0.0482598 -0.0664865
         vertex -0.1152 -0.0482598 -0.0664865
         vertex -0.1152 -0.0492013 -0.0698773
      endloop
   endfacet
   facet normal 1.06752e-16 0.994138 -0.108119
      outer loop
         vertex -0.1188 -0.0476905 -0.0630139
         vertex -0.1152 -0.0476905 -0.0630139
         vertex -0.1152 -0.0482598 -0.0664865
      endloop
   endfacet
   facet normal 6.67201e-17 0.999989 -0.0046184
      outer loop
         vertex -0.1152 -0.0475003 -0.0596501
         vertex -0.1152 -0.0476905 -0.0630139
         vertex -0.1188 -0.0476905 -0.0630139
      endloop
   endfacet
   facet normal 1.06752e-16 0.994138 -0.108119
      outer loop
         vertex -0.0974 -0.0476905 -0.0630139
         vertex -0.0938 -0.0476905 -0.0630139
         vertex -0.0938 -0.0482598 -0.0664865
      endloop
   endfacet
   facet normal 1.06752e-16 0.976621 -0.21497
      outer loop
         vertex -0.0974 -0.0482598 -0.0664865
         vertex -0.0938 -0.0482598 -0.0664865
         vertex -0.0938 -0.0492013 -0.0698773
      endloop
   endfacet
   facet normal 1 -6.12323e-17 0
      outer loop
         vertex -0.115 -0.112309 -0.0559861
         vertex -0.115 -0.1125 -0.0593499
         vertex -0.115 -0.112286 -0.0585406
      endloop
   endfacet
   facet normal 1 -6.12323e-17 0
      outer loop
         vertex -0.115 -0.110799 -0.0491227
         vertex -0.115 -0.110667 -0.0493592
         vertex -0.115 -0.110468 -0.0487778
      endloop
   endfacet
   facet normal 1 -6.12323e-17 0
      outer loop
         vertex -0.115 -0.110799 -0.0491227
         vertex -0.115 -0.11174 -0.0525135
         vertex -0.115 -0.111502 -0.0523627
      endloop
   endfacet
   facet normal 1 -6.12323e-17 0
      outer loop
         vertex -0.115 -0.11174 -0.0525135
         vertex -0.115 -0.112309 -0.0559861
         vertex -0.115 -0.112043 -0.0554327
      endloop
   endfacet
   facet normal 1 -6.12323e-17 0
      outer loop
         vertex -0.115 -0.1125 -0.0593499
         vertex -0.115 -0.112298 -0.0591548
         vertex -0.115 -0.112286 -0.0585406
      endloop
   endfacet
   facet normal 1 -6.12323e-17 0
      outer loop
         vertex -0.115 -0.111502 -0.0523627
         vertex -0.115 -0.110667 -0.0493592
         vertex -0.115 -0.110799 -0.0491227
      endloop
   endfacet
   facet normal 1 -6.12323e-17 0
      outer loop
         vertex -0.115 -0.112286 -0.0585406
         vertex -0.115 -0.112043 -0.0554327
         vertex -0.115 -0.112309 -0.0559861
      endloop
   endfacet
   facet normal 1 -6.12323e-17 0
      outer loop
         vertex -0.115 -0.112043 -0.0554327
         vertex -0.115 -0.111502 -0.0523627
         vertex -0.115 -0.11174 -0.0525135
      endloop
   endfacet
   facet normal 1 -6.12323e-17 0
      outer loop
         vertex -0.115 -0.110468 -0.0487778
         vertex -0.115 -0.110591 -0.0485255
         vertex -0.115 -0.110799 -0.0491227
      endloop
   endfacet
   facet normal -5.507e-17 -0.899361 -0.437206
      outer loop
         vertex -0.115 -0.110468 -0.0487778
         vertex -0.114438 -0.11012 -0.0494951
         vertex -0.0981621 -0.11012 -0.0494951
      endloop
   endfacet
   facet normal -5.507e-17 -0.899361 -0.437206
      outer loop
         vertex -0.0980249 -0.110205 -0.0493206
         vertex -0.115 -0.110591 -0.0485255
         vertex -0.115 -0.110468 -0.0487778
      endloop
   endfacet
   facet normal -5.507e-17 -0.899361 -0.437206
      outer loop
         vertex -0.0981621 -0.11012 -0.0494951
         vertex -0.0980249 -0.110205 -0.0493206
         vertex -0.115 -0.110468 -0.0487778
      endloop
   endfacet
   facet normal -5.507e-17 -0.899361 -0.437206
      outer loop
         vertex -0.0980249 -0.110205 -0.0493206
         vertex -0.0974 -0.110591 -0.0485255
         vertex -0.115 -0.110591 -0.0485255
      endloop
   endfacet
   facet normal -4.25926e-17 -0.69559 0.718439
      outer loop
         vertex -0.115 -0.112298 -0.0591548
         vertex -0.0974 -0.1125 -0.0593499
         vertex -0.0981621 -0.111725 -0.0586
      endloop
   endfacet
   facet normal -4.25926e-17 -0.69559 0.718439
      outer loop
         vertex -0.0981621 -0.111725 -0.0586
         vertex -0.114438 -0.111725 -0.0586
         vertex -0.115 -0.112298 -0.0591548
      endloop
   endfacet
   facet normal -4.25926e-17 -0.69559 0.718439
      outer loop
         vertex -0.115 -0.112298 -0.0591548
         vertex -0.115 -0.1125 -0.0593499
         vertex -0.0974 -0.1125 -0.0593499
      endloop
   endfacet
   facet normal 0.707107 -0.706795 0.0210032
      outer loop
         vertex -0.115 -0.112286 -0.0585406
         vertex -0.113 -0.110287 -0.0586
         vertex -0.113 -0.110059 -0.0556845
      endloop
   endfacet
   facet normal 0.707107 -0.701478 0.0890407
      outer loop
         vertex -0.115 -0.112043 -0.0554327
         vertex -0.113 -0.110059 -0.0556845
         vertex -0.113 -0.109551 -0.0528046
      endloop
   endfacet
   facet normal 0.707107 -0.689628 0.156249
      outer loop
         vertex -0.115 -0.111502 -0.0523627
         vertex -0.113 -0.109551 -0.0528046
         vertex -0.113 -0.108768 -0.0499871
      endloop
   endfacet
   facet normal 0.707107 -0.706795 0.0210032
      outer loop
         vertex -0.115 -0.112286 -0.0585406
         vertex -0.115 -0.112298 -0.0591548
         vertex -0.114438 -0.111725 -0.0586
      endloop
   endfacet
   facet normal 0.707107 -0.671353 0.222002
      outer loop
         vertex -0.115 -0.110667 -0.0493592
         vertex -0.113 -0.108768 -0.0499871
         vertex -0.114438 -0.11012 -0.0494951
      endloop
   endfacet
   facet normal 0.707107 -0.671054 0.222905
      outer loop
         vertex -0.114438 -0.11012 -0.0494951
         vertex -0.115 -0.110468 -0.0487778
         vertex -0.115 -0.110667 -0.0493592
      endloop
   endfacet
   facet normal 0.707107 -0.706822 0.0200516
      outer loop
         vertex -0.114438 -0.111725 -0.0586
         vertex -0.113 -0.110287 -0.0586
         vertex -0.115 -0.112286 -0.0585406
      endloop
   endfacet
   facet normal 0.707107 -0.671353 0.222002
      outer loop
         vertex -0.113 -0.108768 -0.0499871
         vertex -0.115 -0.110667 -0.0493592
         vertex -0.115 -0.111502 -0.0523627
      endloop
   endfacet
   facet normal 0.707107 -0.689628 0.156249
      outer loop
         vertex -0.113 -0.109551 -0.0528046
         vertex -0.115 -0.111502 -0.0523627
         vertex -0.115 -0.112043 -0.0554327
      endloop
   endfacet
   facet normal 0.707107 -0.701478 0.0890407
      outer loop
         vertex -0.113 -0.110059 -0.0556845
         vertex -0.115 -0.112043 -0.0554327
         vertex -0.115 -0.112286 -0.0585406
      endloop
   endfacet
   facet normal -0.707107 -0.690575 0.152007
      outer loop
         vertex -0.0974 -0.11174 -0.0525135
         vertex -0.0996 -0.109592 -0.0529864
         vertex -0.0996 -0.110035 -0.0556885
      endloop
   endfacet
   facet normal -0.707107 -0.701481 0.0890201
      outer loop
         vertex -0.0996 -0.110035 -0.0556885
         vertex -0.0974 -0.112309 -0.0559861
         vertex -0.0974 -0.11174 -0.0525135
      endloop
   endfacet
   facet normal -0.707107 -0.702962 0.0764517
      outer loop
         vertex -0.0996 -0.110122 -0.056224
         vertex -0.0996 -0.110287 -0.0586
         vertex -0.0981621 -0.111725 -0.0586
      endloop
   endfacet
   facet normal -0.707107 -0.706822 0.0200516
      outer loop
         vertex -0.0981621 -0.111725 -0.0586
         vertex -0.0974 -0.112309 -0.0559861
         vertex -0.0996 -0.110122 -0.056224
      endloop
   endfacet
   facet normal -0.707107 -0.68963 0.15624
      outer loop
         vertex -0.0996 -0.109542 -0.052807
         vertex -0.0974 -0.11174 -0.0525135
         vertex -0.0981621 -0.11012 -0.0494951
      endloop
   endfacet
   facet normal -0.707107 -0.671054 0.222905
      outer loop
         vertex -0.0981621 -0.11012 -0.0494951
         vertex -0.0996 -0.108768 -0.0499871
         vertex -0.0996 -0.109542 -0.052807
      endloop
   endfacet
   facet normal -0.707107 -0.690575 0.152007
      outer loop
         vertex -0.0974 -0.11174 -0.0525135
         vertex -0.0974 -0.110799 -0.0491227
         vertex -0.0980249 -0.110205 -0.0493206
      endloop
   endfacet
   facet normal -0.707107 -0.670076 0.225827
      outer loop
         vertex -0.0980249 -0.110205 -0.0493206
         vertex -0.0981621 -0.11012 -0.0494951
         vertex -0.0974 -0.11174 -0.0525135
      endloop
   endfacet
   facet normal -0.707107 -0.68963 0.15624
      outer loop
         vertex -0.0996 -0.109542 -0.052807
         vertex -0.0996 -0.109592 -0.0529864
         vertex -0.0974 -0.11174 -0.0525135
      endloop
   endfacet
   facet normal -0.707107 -0.670076 0.225827
      outer loop
         vertex -0.0980249 -0.110205 -0.0493206
         vertex -0.0974 -0.110799 -0.0491227
         vertex -0.0974 -0.110591 -0.0485255
      endloop
   endfacet
   facet normal -0.707107 -0.706822 0.0200516
      outer loop
         vertex -0.0981621 -0.111725 -0.0586
         vertex -0.0974 -0.1125 -0.0593499
         vertex -0.0974 -0.112309 -0.0559861
      endloop
   endfacet
   facet normal -0.707107 -0.701481 0.0890201
      outer loop
         vertex -0.0996 -0.110035 -0.0556885
         vertex -0.0996 -0.110122 -0.056224
         vertex -0.0974 -0.112309 -0.0559861
      endloop
   endfacet
   facet normal -6.12053e-17 -0.999559 0.029703
      outer loop
         vertex -0.113 -0.110287 -0.0586
         vertex -0.0996 -0.110287 -0.0586
         vertex -0.0996 -0.110122 -0.056224
      endloop
   endfacet
   facet normal -5.72516e-17 -0.994138 0.108119
      outer loop
         vertex -0.0996 -0.110122 -0.056224
         vertex -0.113 -0.110059 -0.0556845
         vertex -0.113 -0.110287 -0.0586
      endloop
   endfacet
   facet normal -6.07449e-17 -0.99204 0.125923
      outer loop
         vertex -0.113 -0.110059 -0.0556845
         vertex -0.0996 -0.110035 -0.0556885
         vertex -0.0996 -0.109592 -0.0529864
      endloop
   endfacet
   facet normal -5.72516e-17 -0.976621 0.21497
      outer loop
         vertex -0.0996 -0.109592 -0.0529864
         vertex -0.113 -0.109551 -0.0528046
         vertex -0.113 -0.110059 -0.0556845
      endloop
   endfacet
   facet normal -5.97187e-17 -0.975281 0.220969
      outer loop
         vertex -0.113 -0.109551 -0.0528046
         vertex -0.0996 -0.109542 -0.052807
         vertex -0.0996 -0.108768 -0.0499871
      endloop
   endfacet
   facet normal -5.81362e-17 -0.949437 0.313958
      outer loop
         vertex -0.0996 -0.108768 -0.0499871
         vertex -0.113 -0.108768 -0.0499871
         vertex -0.113 -0.109551 -0.0528046
      endloop
   endfacet
   facet normal -5.72516e-17 -0.976621 0.21497
      outer loop
         vertex -0.0996 -0.109592 -0.0529864
         vertex -0.0996 -0.109542 -0.052807
         vertex -0.113 -0.109551 -0.0528046
      endloop
   endfacet
   facet normal -5.72516e-17 -0.994138 0.108119
      outer loop
         vertex -0.0996 -0.110122 -0.056224
         vertex -0.0996 -0.110035 -0.0556885
         vertex -0.113 -0.110059 -0.0556845
      endloop
   endfacet
   facet normal -2.09427e-17 -0.34202 -0.939693
      outer loop
         vertex -0.0981621 -0.11012 -0.0494951
         vertex -0.114438 -0.11012 -0.0494951
         vertex -0.113 -0.108768 -0.0499871
      endloop
   endfacet
   facet normal -2.09427e-17 -0.34202 -0.939693
      outer loop
         vertex -0.113 -0.108768 -0.0499871
         vertex -0.0996 -0.108768 -0.0499871
         vertex -0.0981621 -0.11012 -0.0494951
      endloop
   endfacet
   facet normal 0 0 1
      outer loop
         vertex -0.114438 -0.111725 -0.0586
         vertex -0.0981621 -0.111725 -0.0586
         vertex -0.0996 -0.110287 -0.0586
      endloop
   endfacet
   facet normal 0 0 1
      outer loop
         vertex -0.0996 -0.110287 -0.0586
         vertex -0.113 -0.110287 -0.0586
         vertex -0.114438 -0.111725 -0.0586
      endloop
   endfacet
   facet normal 5.507e-17 0.899361 -0.437206
      outer loop
         vertex -0.114575 -0.0497955 -0.0493206
         vertex -0.0980249 -0.0497955 -0.0493206
         vertex -0.0981621 -0.0498803 -0.0494951
      endloop
   endfacet
   facet normal 5.507e-17 0.899361 -0.437206
      outer loop
         vertex -0.0981621 -0.0498803 -0.0494951
         vertex -0.114438 -0.0498803 -0.0494951
         vertex -0.114575 -0.0497955 -0.0493206
      endloop
   endfacet
   facet normal 5.507e-17 0.899361 -0.437206
      outer loop
         vertex -0.1152 -0.049409 -0.0485255
         vertex -0.0974 -0.049409 -0.0485255
         vertex -0.0980249 -0.0497955 -0.0493206
      endloop
   endfacet
   facet normal 5.507e-17 0.899361 -0.437206
      outer loop
         vertex -0.114575 -0.0497955 -0.0493206
         vertex -0.1152 -0.049409 -0.0485255
         vertex -0.0980249 -0.0497955 -0.0493206
      endloop
   endfacet
   facet normal 2.09427e-17 0.34202 -0.939693
      outer loop
         vertex -0.114438 -0.0498803 -0.0494951
         vertex -0.0981621 -0.0498803 -0.0494951
         vertex -0.0996 -0.0512321 -0.0499871
      endloop
   endfacet
   facet normal 2.09427e-17 0.34202 -0.939693
      outer loop
         vertex -0.0996 -0.0512321 -0.0499871
         vertex -0.113 -0.0512321 -0.0499871
         vertex -0.114438 -0.0498803 -0.0494951
      endloop
   endfacet
   facet normal 0.707107 0.690575 0.152007
      outer loop
         vertex -0.1152 -0.0482598 -0.0525135
         vertex -0.113 -0.0504084 -0.0529864
         vertex -0.113 -0.0499654 -0.0556885
      endloop
   endfacet
   facet normal 0.707107 0.701481 0.0890201
      outer loop
         vertex -0.113 -0.0499654 -0.0556885
         vertex -0.1152 -0.0476905 -0.0559861
         vertex -0.1152 -0.0482598 -0.0525135
      endloop
   endfacet
   facet normal 0.707107 0.702962 0.0764517
      outer loop
         vertex -0.113 -0.0498776 -0.056224
         vertex -0.113 -0.0497134 -0.0586
         vertex -0.114438 -0.0482749 -0.0586
      endloop
   endfacet
   facet normal 0.707107 0.706822 0.0200516
      outer loop
         vertex -0.114438 -0.0482749 -0.0586
         vertex -0.1152 -0.0476905 -0.0559861
         vertex -0.113 -0.0498776 -0.056224
      endloop
   endfacet
   facet normal 0.707107 0.68963 0.15624
      outer loop
         vertex -0.113 -0.0504577 -0.052807
         vertex -0.1152 -0.0482598 -0.0525135
         vertex -0.114438 -0.0498803 -0.0494951
      endloop
   endfacet
   facet normal 0.707107 0.671054 0.222905
      outer loop
         vertex -0.114438 -0.0498803 -0.0494951
         vertex -0.113 -0.0512321 -0.0499871
         vertex -0.113 -0.0504577 -0.052807
      endloop
   endfacet
   facet normal 0.707107 0.690575 0.152007
      outer loop
         vertex -0.1152 -0.0482598 -0.0525135
         vertex -0.1152 -0.0492013 -0.0491227
         vertex -0.114575 -0.0497955 -0.0493206
      endloop
   endfacet
   facet normal 0.707107 0.670076 0.225827
      outer loop
         vertex -0.114575 -0.0497955 -0.0493206
         vertex -0.114438 -0.0498803 -0.0494951
         vertex -0.1152 -0.0482598 -0.0525135
      endloop
   endfacet
   facet normal 0.707107 0.68963 0.15624
      outer loop
         vertex -0.113 -0.0504577 -0.052807
         vertex -0.113 -0.0504084 -0.0529864
         vertex -0.1152 -0.0482598 -0.0525135
      endloop
   endfacet
   facet normal 0.707107 0.670076 0.225827
      outer loop
         vertex -0.114575 -0.0497955 -0.0493206
         vertex -0.1152 -0.0492013 -0.0491227
         vertex -0.1152 -0.049409 -0.0485255
      endloop
   endfacet
   facet normal 0.707107 0.706822 0.0200516
      outer loop
         vertex -0.114438 -0.0482749 -0.0586
         vertex -0.1152 -0.0475003 -0.0593499
         vertex -0.1152 -0.0476905 -0.0559861
      endloop
   endfacet
   facet normal 0.707107 0.701481 0.0890201
      outer loop
         vertex -0.113 -0.0499654 -0.0556885
         vertex -0.113 -0.0498776 -0.056224
         vertex -0.1152 -0.0476905 -0.0559861
      endloop
   endfacet
   facet normal -0.707107 0.690575 0.152007
      outer loop
         vertex -0.0974 -0.0482598 -0.0525135
         vertex -0.0974 -0.0476905 -0.0559861
         vertex -0.0996 -0.0499654 -0.0556885
      endloop
   endfacet
   facet normal -0.707107 0.702962 0.0764517
      outer loop
         vertex -0.0974 -0.0476905 -0.0559861
         vertex -0.0996 -0.0498776 -0.056224
         vertex -0.0996 -0.0499654 -0.0556885
      endloop
   endfacet
   facet normal -0.707107 0.690575 0.152007
      outer loop
         vertex -0.0974 -0.0482598 -0.0525135
         vertex -0.0981621 -0.0498803 -0.0494951
         vertex -0.0980249 -0.0497955 -0.0493206
      endloop
   endfacet
   facet normal -0.707107 0.68963 0.15624
      outer loop
         vertex -0.0996 -0.0504577 -0.052807
         vertex -0.0996 -0.0512321 -0.0499871
         vertex -0.0981621 -0.0498803 -0.0494951
      endloop
   endfacet
   facet normal -0.707107 0.690575 0.152007
      outer loop
         vertex -0.0974 -0.0482598 -0.0525135
         vertex -0.0996 -0.0504084 -0.0529864
         vertex -0.0996 -0.0504577 -0.052807
      endloop
   endfacet
   facet normal -0.707107 0.671054 0.222905
      outer loop
         vertex -0.0981621 -0.0498803 -0.0494951
         vertex -0.0974 -0.0482598 -0.0525135
         vertex -0.0996 -0.0504577 -0.052807
      endloop
   endfacet
   facet normal -0.707107 0.702962 0.0764517
      outer loop
         vertex -0.0996 -0.0498776 -0.056224
         vertex -0.0974 -0.0476905 -0.0559861
         vertex -0.0981621 -0.0482749 -0.0586
      endloop
   endfacet
   facet normal -0.707107 0.702962 0.0764517
      outer loop
         vertex -0.0974 -0.0476905 -0.0559861
         vertex -0.0974 -0.0475003 -0.0593499
         vertex -0.0981621 -0.0482749 -0.0586
      endloop
   endfacet
   facet normal -0.707107 0.706822 0.0200516
      outer loop
         vertex -0.0981621 -0.0482749 -0.0586
         vertex -0.0996 -0.0497134 -0.0586
         vertex -0.0996 -0.0498776 -0.056224
      endloop
   endfacet
   facet normal -0.707107 0.665573 0.238773
      outer loop
         vertex -0.0974 -0.049409 -0.0485255
         vertex -0.0974 -0.0492013 -0.0491227
         vertex -0.0980249 -0.0497955 -0.0493206
      endloop
   endfacet
   facet normal -0.707107 0.670076 0.225827
      outer loop
         vertex -0.0980249 -0.0497955 -0.0493206
         vertex -0.0974 -0.0492013 -0.0491227
         vertex -0.0974 -0.0482598 -0.0525135
      endloop
   endfacet
   facet normal -0.707107 0.701481 0.0890201
      outer loop
         vertex -0.0996 -0.0499654 -0.0556885
         vertex -0.0996 -0.0504084 -0.0529864
         vertex -0.0974 -0.0482598 -0.0525135
      endloop
   endfacet
   facet normal 5.81362e-17 0.949437 0.313958
      outer loop
         vertex -0.113 -0.0512321 -0.0499871
         vertex -0.0996 -0.0512321 -0.0499871
         vertex -0.0996 -0.0504577 -0.052807
      endloop
   endfacet
   facet normal 5.72516e-17 0.992044 0.125893
      outer loop
         vertex -0.113 -0.0499654 -0.0556885
         vertex -0.113 -0.0504084 -0.0529864
         vertex -0.0996 -0.0504084 -0.0529864
      endloop
   endfacet
   facet normal 5.72516e-17 0.975284 0.220956
      outer loop
         vertex -0.0996 -0.0504577 -0.052807
         vertex -0.0996 -0.0504084 -0.0529864
         vertex -0.113 -0.0504084 -0.0529864
      endloop
   endfacet
   facet normal 5.72516e-17 0.976621 0.21497
      outer loop
         vertex -0.113 -0.0504084 -0.0529864
         vertex -0.113 -0.0504577 -0.052807
         vertex -0.0996 -0.0504577 -0.052807
      endloop
   endfacet
   facet normal 6.12053e-17 0.999559 0.029703
      outer loop
         vertex -0.113 -0.0497134 -0.0586
         vertex -0.113 -0.0498776 -0.056224
         vertex -0.0996 -0.0498776 -0.056224
      endloop
   endfacet
   facet normal 5.72516e-17 0.992044 0.125893
      outer loop
         vertex -0.113 -0.0499654 -0.0556885
         vertex -0.0996 -0.0499654 -0.0556885
         vertex -0.0996 -0.0498776 -0.056224
      endloop
   endfacet
   facet normal 5.72516e-17 0.994138 0.108119
      outer loop
         vertex -0.0996 -0.0498776 -0.056224
         vertex -0.113 -0.0498776 -0.056224
         vertex -0.113 -0.0499654 -0.0556885
      endloop
   endfacet
   facet normal 5.72516e-17 0.994138 0.108119
      outer loop
         vertex -0.0996 -0.0498776 -0.056224
         vertex -0.0996 -0.0497134 -0.0586
         vertex -0.113 -0.0497134 -0.0586
      endloop
   endfacet
   facet normal 5.72516e-17 0.976621 0.21497
      outer loop
         vertex -0.0996 -0.0504084 -0.0529864
         vertex -0.0996 -0.0499654 -0.0556885
         vertex -0.113 -0.0499654 -0.0556885
      endloop
   endfacet
   facet normal 5.72516e-17 0.975284 0.220956
      outer loop
         vertex -0.0996 -0.0504577 -0.052807
         vertex -0.113 -0.0504577 -0.052807
         vertex -0.113 -0.0512321 -0.0499871
      endloop
   endfacet
   facet normal 0 0 1
      outer loop
         vertex -0.114438 -0.0482749 -0.0586
         vertex -0.113 -0.0497134 -0.0586
         vertex -0.0996 -0.0497134 -0.0586
      endloop
   endfacet
   facet normal 0 0 1
      outer loop
         vertex -0.0996 -0.0497134 -0.0586
         vertex -0.0981621 -0.0482749 -0.0586
         vertex -0.114438 -0.0482749 -0.0586
      endloop
   endfacet
   facet normal 4.25926e-17 0.69559 0.718439
      outer loop
         vertex -0.1152 -0.0475003 -0.0593499
         vertex -0.114438 -0.0482749 -0.0586
         vertex -0.0981621 -0.0482749 -0.0586
      endloop
   endfacet
   facet normal 4.25926e-17 0.69559 0.718439
      outer loop
         vertex -0.0981621 -0.0482749 -0.0586
         vertex -0.0974 -0.0475003 -0.0593499
         vertex -0.1152 -0.0475003 -0.0593499
      endloop
   endfacet
   facet normal -2.49779e-17 -0.40792 -0.913017
      outer loop
         vertex -0.1152 -0.110488 -0.0707566
         vertex -0.114438 -0.109504 -0.0711964
         vertex -0.0981621 -0.109504 -0.0711964
      endloop
   endfacet
   facet normal -2.49779e-17 -0.40792 -0.913017
      outer loop
         vertex -0.0981621 -0.109504 -0.0711964
         vertex -0.0974 -0.110488 -0.0707566
         vertex -0.1152 -0.110488 -0.0707566
      endloop
   endfacet
   facet normal 2.09427e-17 0.34202 -0.939693
      outer loop
         vertex -0.114438 -0.109504 -0.0711964
         vertex -0.113 -0.108152 -0.0707044
         vertex -0.0996 -0.108152 -0.0707044
      endloop
   endfacet
   facet normal 2.09427e-17 0.34202 -0.939693
      outer loop
         vertex -0.0996 -0.108152 -0.0707044
         vertex -0.0981621 -0.109504 -0.0711964
         vertex -0.114438 -0.109504 -0.0711964
      endloop
   endfacet
   facet normal 0.707107 -0.562923 -0.427923
      outer loop
         vertex -0.1152 -0.105873 -0.0791682
         vertex -0.113 -0.104122 -0.0778368
         vertex -0.113 -0.105449 -0.0758786
      endloop
   endfacet
   facet normal 0.707107 -0.594609 -0.382676
      outer loop
         vertex -0.113 -0.105449 -0.0758786
         vertex -0.1152 -0.107848 -0.0762555
         vertex -0.1152 -0.105873 -0.0791682
      endloop
   endfacet
   facet normal 0.707107 -0.60589 -0.364552
      outer loop
         vertex -0.1152 -0.107848 -0.0762555
         vertex -0.113 -0.105963 -0.0751213
         vertex -0.113 -0.106904 -0.0733463
      endloop
   endfacet
   facet normal 0.707107 -0.628726 -0.32358
      outer loop
         vertex -0.113 -0.106904 -0.0733463
         vertex -0.1152 -0.109496 -0.0731464
         vertex -0.1152 -0.107848 -0.0762555
      endloop
   endfacet
   facet normal 0.707107 -0.641753 -0.296906
      outer loop
         vertex -0.113 -0.1075 -0.0722226
         vertex -0.113 -0.108152 -0.0707044
         vertex -0.114438 -0.109504 -0.0711964
      endloop
   endfacet
   facet normal 0.707107 -0.657338 -0.26059
      outer loop
         vertex -0.114438 -0.109504 -0.0711964
         vertex -0.1152 -0.109496 -0.0731464
         vertex -0.113 -0.1075 -0.0722226
      endloop
   endfacet
   facet normal 0.707107 -0.562923 -0.427923
      outer loop
         vertex -0.113 -0.104122 -0.0778368
         vertex -0.1152 -0.105873 -0.0791682
         vertex -0.114438 -0.104881 -0.0792031
      endloop
   endfacet
   facet normal 0.707107 -0.562923 -0.427923
      outer loop
         vertex -0.1152 -0.105873 -0.0791682
         vertex -0.1152 -0.104993 -0.0802754
         vertex -0.114438 -0.104881 -0.0792031
      endloop
   endfacet
   facet normal 0.707107 -0.554346 -0.438976
      outer loop
         vertex -0.114438 -0.104881 -0.0792031
         vertex -0.113 -0.103779 -0.0782784
         vertex -0.113 -0.104122 -0.0778368
      endloop
   endfacet
   facet normal 0.707107 -0.657338 -0.26059
      outer loop
         vertex -0.114438 -0.109504 -0.0711964
         vertex -0.1152 -0.110488 -0.0707566
         vertex -0.1152 -0.109496 -0.0731464
      endloop
   endfacet
   facet normal 0.707107 -0.628726 -0.32358
      outer loop
         vertex -0.113 -0.106904 -0.0733463
         vertex -0.113 -0.1075 -0.0722226
         vertex -0.1152 -0.109496 -0.0731464
      endloop
   endfacet
   facet normal 0.707107 -0.594609 -0.382676
      outer loop
         vertex -0.113 -0.105449 -0.0758786
         vertex -0.113 -0.105963 -0.0751213
         vertex -0.1152 -0.107848 -0.0762555
      endloop
   endfacet
   facet normal -0.707107 -0.60589 -0.364552
      outer loop
         vertex -0.0974 -0.107848 -0.0762555
         vertex -0.0974 -0.109496 -0.0731464
         vertex -0.0996 -0.106904 -0.0733463
      endloop
   endfacet
   facet normal -0.707107 -0.641753 -0.296906
      outer loop
         vertex -0.0974 -0.109496 -0.0731464
         vertex -0.0996 -0.1075 -0.0722226
         vertex -0.0996 -0.106904 -0.0733463
      endloop
   endfacet
   facet normal -0.707107 -0.562923 -0.427923
      outer loop
         vertex -0.0974 -0.105873 -0.0791682
         vertex -0.0974 -0.107848 -0.0762555
         vertex -0.0996 -0.105449 -0.0758786
      endloop
   endfacet
   facet normal -0.707107 -0.60589 -0.364552
      outer loop
         vertex -0.0974 -0.107848 -0.0762555
         vertex -0.0996 -0.105963 -0.0751213
         vertex -0.0996 -0.105449 -0.0758786
      endloop
   endfacet
   facet normal -0.707107 -0.562923 -0.427923
      outer loop
         vertex -0.0996 -0.104122 -0.0778368
         vertex -0.0996 -0.103779 -0.0782784
         vertex -0.0981621 -0.104881 -0.0792031
      endloop
   endfacet
   facet normal -0.707107 -0.554346 -0.438976
      outer loop
         vertex -0.0981621 -0.104881 -0.0792031
         vertex -0.0974 -0.105873 -0.0791682
         vertex -0.0996 -0.104122 -0.0778368
      endloop
   endfacet
   facet normal -0.707107 -0.641753 -0.296906
      outer loop
         vertex -0.0996 -0.1075 -0.0722226
         vertex -0.0974 -0.109496 -0.0731464
         vertex -0.0981621 -0.109504 -0.0711964
      endloop
   endfacet
   facet normal -0.707107 -0.641753 -0.296906
      outer loop
         vertex -0.0974 -0.109496 -0.0731464
         vertex -0.0974 -0.110488 -0.0707566
         vertex -0.0981621 -0.109504 -0.0711964
      endloop
   endfacet
   facet normal -0.707107 -0.657338 -0.26059
      outer loop
         vertex -0.0981621 -0.109504 -0.0711964
         vertex -0.0996 -0.108152 -0.0707044
         vertex -0.0996 -0.1075 -0.0722226
      endloop
   endfacet
   facet normal -0.707107 -0.554346 -0.438976
      outer loop
         vertex -0.0981621 -0.104881 -0.0792031
         vertex -0.0974 -0.104993 -0.0802754
         vertex -0.0974 -0.105873 -0.0791682
      endloop
   endfacet
   facet normal -0.707107 -0.594609 -0.382676
      outer loop
         vertex -0.0996 -0.105449 -0.0758786
         vertex -0.0996 -0.104122 -0.0778368
         vertex -0.0974 -0.105873 -0.0791682
      endloop
   endfacet
   facet normal -0.707107 -0.628726 -0.32358
      outer loop
         vertex -0.0996 -0.106904 -0.0733463
         vertex -0.0996 -0.105963 -0.0751213
         vertex -0.0974 -0.107848 -0.0762555
      endloop
   endfacet
   facet normal -4.80551e-17 -0.784799 -0.61975
      outer loop
         vertex -0.0996 -0.103779 -0.0782784
         vertex -0.0996 -0.104122 -0.0778368
         vertex -0.113 -0.104122 -0.0778368
      endloop
   endfacet
   facet normal -5.72516e-17 -0.840904 -0.541185
      outer loop
         vertex -0.113 -0.105449 -0.0758786
         vertex -0.113 -0.104122 -0.0778368
         vertex -0.0996 -0.104122 -0.0778368
      endloop
   endfacet
   facet normal -4.29387e-17 -0.796093 -0.605174
      outer loop
         vertex -0.0996 -0.104122 -0.0778368
         vertex -0.0996 -0.105449 -0.0758786
         vertex -0.113 -0.105449 -0.0758786
      endloop
   endfacet
   facet normal -5.72516e-17 -0.889152 -0.457611
      outer loop
         vertex -0.113 -0.106904 -0.0733463
         vertex -0.113 -0.105963 -0.0751213
         vertex -0.0996 -0.105963 -0.0751213
      endloop
   endfacet
   facet normal -5.72516e-17 -0.840904 -0.541185
      outer loop
         vertex -0.0996 -0.105449 -0.0758786
         vertex -0.0996 -0.105963 -0.0751213
         vertex -0.113 -0.105963 -0.0751213
      endloop
   endfacet
   facet normal -5.72516e-17 -0.856857 -0.515554
      outer loop
         vertex -0.113 -0.105963 -0.0751213
         vertex -0.113 -0.105449 -0.0758786
         vertex -0.0996 -0.105449 -0.0758786
      endloop
   endfacet
   facet normal -5.72516e-17 -0.889152 -0.457611
      outer loop
         vertex -0.0996 -0.106904 -0.0733463
         vertex -0.0996 -0.1075 -0.0722226
         vertex -0.113 -0.1075 -0.0722226
      endloop
   endfacet
   facet normal -5.68921e-17 -0.929119 -0.369781
      outer loop
         vertex -0.0996 -0.108152 -0.0707044
         vertex -0.113 -0.108152 -0.0707044
         vertex -0.113 -0.1075 -0.0722226
      endloop
   endfacet
   facet normal -5.72516e-17 -0.907575 -0.419889
      outer loop
         vertex -0.113 -0.1075 -0.0722226
         vertex -0.0996 -0.1075 -0.0722226
         vertex -0.0996 -0.108152 -0.0707044
      endloop
   endfacet
   facet normal -5.72516e-17 -0.907575 -0.419889
      outer loop
         vertex -0.113 -0.1075 -0.0722226
         vertex -0.113 -0.106904 -0.0733463
         vertex -0.0996 -0.106904 -0.0733463
      endloop
   endfacet
   facet normal -5.72516e-17 -0.856857 -0.515554
      outer loop
         vertex -0.0996 -0.105963 -0.0751213
         vertex -0.0996 -0.106904 -0.0733463
         vertex -0.113 -0.106904 -0.0733463
      endloop
   endfacet
   facet normal -4.29387e-17 -0.796093 -0.605174
      outer loop
         vertex -0.113 -0.104122 -0.0778368
         vertex -0.113 -0.103779 -0.0782784
         vertex -0.0996 -0.103779 -0.0782784
      endloop
   endfacet
   facet normal -3.93594e-17 -0.642788 0.766044
      outer loop
         vertex -0.0981621 -0.104881 -0.0792031
         vertex -0.0996 -0.103779 -0.0782784
         vertex -0.113 -0.103779 -0.0782784
      endloop
   endfacet
   facet normal -3.93594e-17 -0.642788 0.766044
      outer loop
         vertex -0.113 -0.103779 -0.0782784
         vertex -0.114438 -0.104881 -0.0792031
         vertex -0.0981621 -0.104881 -0.0792031
      endloop
   endfacet
   facet normal -6.09051e-17 -0.994657 0.103239
      outer loop
         vertex -0.1152 -0.104993 -0.0802754
         vertex -0.0974 -0.104993 -0.0802754
         vertex -0.0981621 -0.104881 -0.0792031
      endloop
   endfacet
   facet normal -6.09051e-17 -0.994657 0.103239
      outer loop
         vertex -0.0981621 -0.104881 -0.0792031
         vertex -0.114438 -0.104881 -0.0792031
         vertex -0.1152 -0.104993 -0.0802754
      endloop
   endfacet
   facet normal 2.49779e-17 0.40792 0.913017
      outer loop
         vertex -0.1152 -0.0495117 -0.0482434
         vertex -0.114438 -0.050496 -0.0478036
         vertex -0.0981621 -0.050496 -0.0478036
      endloop
   endfacet
   facet normal 2.49779e-17 0.40792 0.913017
      outer loop
         vertex -0.0981621 -0.050496 -0.0478036
         vertex -0.0974 -0.0495117 -0.0482434
         vertex -0.1152 -0.0495117 -0.0482434
      endloop
   endfacet
   facet normal -2.09427e-17 -0.34202 0.939693
      outer loop
         vertex -0.114438 -0.050496 -0.0478036
         vertex -0.113 -0.0518477 -0.0482956
         vertex -0.0996 -0.0518477 -0.0482956
      endloop
   endfacet
   facet normal -2.09427e-17 -0.34202 0.939693
      outer loop
         vertex -0.0996 -0.0518477 -0.0482956
         vertex -0.0981621 -0.050496 -0.0478036
         vertex -0.114438 -0.050496 -0.0478036
      endloop
   endfacet
   facet normal 0.707107 0.562923 0.427923
      outer loop
         vertex -0.1152 -0.054127 -0.0398318
         vertex -0.113 -0.0558784 -0.0411632
         vertex -0.113 -0.0545507 -0.0431214
      endloop
   endfacet
   facet normal 0.707107 0.594609 0.382676
      outer loop
         vertex -0.113 -0.0545507 -0.0431214
         vertex -0.1152 -0.0521521 -0.0427445
         vertex -0.1152 -0.054127 -0.0398318
      endloop
   endfacet
   facet normal 0.707107 0.60589 0.364552
      outer loop
         vertex -0.1152 -0.0521521 -0.0427445
         vertex -0.113 -0.0540372 -0.0438787
         vertex -0.113 -0.0530962 -0.0456537
      endloop
   endfacet
   facet normal 0.707107 0.628726 0.32358
      outer loop
         vertex -0.113 -0.0530962 -0.0456537
         vertex -0.1152 -0.0505038 -0.0458536
         vertex -0.1152 -0.0521521 -0.0427445
      endloop
   endfacet
   facet normal 0.707107 0.641753 0.296906
      outer loop
         vertex -0.113 -0.0525005 -0.0467774
         vertex -0.113 -0.0518477 -0.0482956
         vertex -0.114438 -0.050496 -0.0478036
      endloop
   endfacet
   facet normal 0.707107 0.657338 0.26059
      outer loop
         vertex -0.114438 -0.050496 -0.0478036
         vertex -0.1152 -0.0505038 -0.0458536
         vertex -0.113 -0.0525005 -0.0467774
      endloop
   endfacet
   facet normal 0.707107 0.562923 0.427923
      outer loop
         vertex -0.113 -0.0558784 -0.0411632
         vertex -0.1152 -0.054127 -0.0398318
         vertex -0.114438 -0.0551186 -0.0397969
      endloop
   endfacet
   facet normal 0.707107 0.562923 0.427923
      outer loop
         vertex -0.1152 -0.054127 -0.0398318
         vertex -0.1152 -0.0550073 -0.0387246
         vertex -0.114438 -0.0551186 -0.0397969
      endloop
   endfacet
   facet normal 0.707107 0.554346 0.438976
      outer loop
         vertex -0.114438 -0.0551186 -0.0397969
         vertex -0.113 -0.0562206 -0.0407216
         vertex -0.113 -0.0558784 -0.0411632
      endloop
   endfacet
   facet normal 0.707107 0.657338 0.26059
      outer loop
         vertex -0.114438 -0.050496 -0.0478036
         vertex -0.1152 -0.0495117 -0.0482434
         vertex -0.1152 -0.0505038 -0.0458536
      endloop
   endfacet
   facet normal 0.707107 0.628726 0.32358
      outer loop
         vertex -0.113 -0.0530962 -0.0456537
         vertex -0.113 -0.0525005 -0.0467774
         vertex -0.1152 -0.0505038 -0.0458536
      endloop
   endfacet
   facet normal 0.707107 0.594609 0.382676
      outer loop
         vertex -0.113 -0.0545507 -0.0431214
         vertex -0.113 -0.0540372 -0.0438787
         vertex -0.1152 -0.0521521 -0.0427445
      endloop
   endfacet
   facet normal -0.707107 0.60589 0.364552
      outer loop
         vertex -0.0974 -0.0521521 -0.0427445
         vertex -0.0974 -0.0505038 -0.0458536
         vertex -0.0996 -0.0530962 -0.0456537
      endloop
   endfacet
   facet normal -0.707107 0.641753 0.296906
      outer loop
         vertex -0.0974 -0.0505038 -0.0458536
         vertex -0.0996 -0.0525005 -0.0467774
         vertex -0.0996 -0.0530962 -0.0456537
      endloop
   endfacet
   facet normal -0.707107 0.562923 0.427923
      outer loop
         vertex -0.0974 -0.054127 -0.0398318
         vertex -0.0974 -0.0521521 -0.0427445
         vertex -0.0996 -0.0545507 -0.0431214
      endloop
   endfacet
   facet normal -0.707107 0.60589 0.364552
      outer loop
         vertex -0.0974 -0.0521521 -0.0427445
         vertex -0.0996 -0.0540372 -0.0438787
         vertex -0.0996 -0.0545507 -0.0431214
      endloop
   endfacet
   facet normal -0.707107 0.562923 0.427923
      outer loop
         vertex -0.0996 -0.0558784 -0.0411632
         vertex -0.0996 -0.0562206 -0.0407216
         vertex -0.0981621 -0.0551186 -0.0397969
      endloop
   endfacet
   facet normal -0.707107 0.554346 0.438976
      outer loop
         vertex -0.0981621 -0.0551186 -0.0397969
         vertex -0.0974 -0.054127 -0.0398318
         vertex -0.0996 -0.0558784 -0.0411632
      endloop
   endfacet
   facet normal -0.707107 0.641753 0.296906
      outer loop
         vertex -0.0996 -0.0525005 -0.0467774
         vertex -0.0974 -0.0505038 -0.0458536
         vertex -0.0981621 -0.050496 -0.0478036
      endloop
   endfacet
   facet normal -0.707107 0.641753 0.296906
      outer loop
         vertex -0.0974 -0.0505038 -0.0458536
         vertex -0.0974 -0.0495117 -0.0482434
         vertex -0.0981621 -0.050496 -0.0478036
      endloop
   endfacet
   facet normal -0.707107 0.657338 0.26059
      outer loop
         vertex -0.0981621 -0.050496 -0.0478036
         vertex -0.0996 -0.0518477 -0.0482956
         vertex -0.0996 -0.0525005 -0.0467774
      endloop
   endfacet
   facet normal -0.707107 0.554346 0.438976
      outer loop
         vertex -0.0981621 -0.0551186 -0.0397969
         vertex -0.0974 -0.0550073 -0.0387246
         vertex -0.0974 -0.054127 -0.0398318
      endloop
   endfacet
   facet normal -0.707107 0.594609 0.382676
      outer loop
         vertex -0.0996 -0.0545507 -0.0431214
         vertex -0.0996 -0.0558784 -0.0411632
         vertex -0.0974 -0.054127 -0.0398318
      endloop
   endfacet
   facet normal -0.707107 0.628726 0.32358
      outer loop
         vertex -0.0996 -0.0530962 -0.0456537
         vertex -0.0996 -0.0540372 -0.0438787
         vertex -0.0974 -0.0521521 -0.0427445
      endloop
   endfacet
   facet normal 4.80551e-17 0.784799 0.61975
      outer loop
         vertex -0.0996 -0.0562206 -0.0407216
         vertex -0.0996 -0.0558784 -0.0411632
         vertex -0.113 -0.0558784 -0.0411632
      endloop
   endfacet
   facet normal 5.72516e-17 0.840904 0.541185
      outer loop
         vertex -0.0996 -0.0545507 -0.0431214
         vertex -0.113 -0.0545507 -0.0431214
         vertex -0.113 -0.0558784 -0.0411632
      endloop
   endfacet
   facet normal 4.29387e-17 0.796093 0.605174
      outer loop
         vertex -0.113 -0.0558784 -0.0411632
         vertex -0.0996 -0.0558784 -0.0411632
         vertex -0.0996 -0.0545507 -0.0431214
      endloop
   endfacet
   facet normal 5.72516e-17 0.889152 0.457611
      outer loop
         vertex -0.0996 -0.0530962 -0.0456537
         vertex -0.113 -0.0530962 -0.0456537
         vertex -0.113 -0.0540372 -0.0438787
      endloop
   endfacet
   facet normal 5.72516e-17 0.840904 0.541185
      outer loop
         vertex -0.113 -0.0545507 -0.0431214
         vertex -0.0996 -0.0545507 -0.0431214
         vertex -0.0996 -0.0540372 -0.0438787
      endloop
   endfacet
   facet normal 5.72516e-17 0.856857 0.515554
      outer loop
         vertex -0.0996 -0.0540372 -0.0438787
         vertex -0.113 -0.0540372 -0.0438787
         vertex -0.113 -0.0545507 -0.0431214
      endloop
   endfacet
   facet normal 5.72516e-17 0.889152 0.457611
      outer loop
         vertex -0.113 -0.0530962 -0.0456537
         vertex -0.0996 -0.0530962 -0.0456537
         vertex -0.0996 -0.0525005 -0.0467774
      endloop
   endfacet
   facet normal 5.68921e-17 0.929119 0.369781
      outer loop
         vertex -0.0996 -0.0518477 -0.0482956
         vertex -0.113 -0.0518477 -0.0482956
         vertex -0.113 -0.0525005 -0.0467774
      endloop
   endfacet
   facet normal 5.72516e-17 0.907575 0.419889
      outer loop
         vertex -0.113 -0.0525005 -0.0467774
         vertex -0.0996 -0.0525005 -0.0467774
         vertex -0.0996 -0.0518477 -0.0482956
      endloop
   endfacet
   facet normal 5.72516e-17 0.907575 0.419889
      outer loop
         vertex -0.0996 -0.0525005 -0.0467774
         vertex -0.113 -0.0525005 -0.0467774
         vertex -0.113 -0.0530962 -0.0456537
      endloop
   endfacet
   facet normal 5.72516e-17 0.856857 0.515554
      outer loop
         vertex -0.113 -0.0540372 -0.0438787
         vertex -0.0996 -0.0540372 -0.0438787
         vertex -0.0996 -0.0530962 -0.0456537
      endloop
   endfacet
   facet normal 4.29387e-17 0.796093 0.605174
      outer loop
         vertex -0.113 -0.0558784 -0.0411632
         vertex -0.113 -0.0562206 -0.0407216
         vertex -0.0996 -0.0562206 -0.0407216
      endloop
   endfacet
   facet normal 3.93594e-17 0.642788 -0.766044
      outer loop
         vertex -0.0981621 -0.0551186 -0.0397969
         vertex -0.0996 -0.0562206 -0.0407216
         vertex -0.113 -0.0562206 -0.0407216
      endloop
   endfacet
   facet normal 3.93594e-17 0.642788 -0.766044
      outer loop
         vertex -0.113 -0.0562206 -0.0407216
         vertex -0.114438 -0.0551186 -0.0397969
         vertex -0.0981621 -0.0551186 -0.0397969
      endloop
   endfacet
   facet normal 6.09051e-17 0.994657 -0.103239
      outer loop
         vertex -0.1152 -0.0550073 -0.0387246
         vertex -0.0974 -0.0550073 -0.0387246
         vertex -0.0981621 -0.0551186 -0.0397969
      endloop
   endfacet
   facet normal 6.09051e-17 0.994657 -0.103239
      outer loop
         vertex -0.0981621 -0.0551186 -0.0397969
         vertex -0.114438 -0.0551186 -0.0397969
         vertex -0.1152 -0.0550073 -0.0387246
      endloop
   endfacet
   facet normal -5.507e-17 -0.899361 0.437206
      outer loop
         vertex -0.114575 -0.110205 -0.0696794
         vertex -0.0980249 -0.110205 -0.0696794
         vertex -0.0981621 -0.11012 -0.0695049
      endloop
   endfacet
   facet normal -5.507e-17 -0.899361 0.437206
      outer loop
         vertex -0.114575 -0.110205 -0.0696794
         vertex -0.0974 -0.110591 -0.0704745
         vertex -0.0980249 -0.110205 -0.0696794
      endloop
   endfacet
   facet normal -5.507e-17 -0.899361 0.437206
      outer loop
         vertex -0.0981621 -0.11012 -0.0695049
         vertex -0.114438 -0.11012 -0.0695049
         vertex -0.114575 -0.110205 -0.0696794
      endloop
   endfacet
   facet normal -5.507e-17 -0.899361 0.437206
      outer loop
         vertex -0.114575 -0.110205 -0.0696794
         vertex -0.1152 -0.110591 -0.0704745
         vertex -0.0974 -0.110591 -0.0704745
      endloop
   endfacet
   facet normal -2.09427e-17 -0.34202 0.939693
      outer loop
         vertex -0.0981621 -0.11012 -0.0695049
         vertex -0.0996 -0.108768 -0.0690129
         vertex -0.113 -0.108768 -0.0690129
      endloop
   endfacet
   facet normal -2.09427e-17 -0.34202 0.939693
      outer loop
         vertex -0.113 -0.108768 -0.0690129
         vertex -0.114438 -0.11012 -0.0695049
         vertex -0.0981621 -0.11012 -0.0695049
      endloop
   endfacet
   facet normal 0.707107 -0.690575 -0.152007
      outer loop
         vertex -0.1152 -0.11174 -0.0664865
         vertex -0.113 -0.109592 -0.0660136
         vertex -0.113 -0.110035 -0.0633115
      endloop
   endfacet
   facet normal 0.707107 -0.701481 -0.0890201
      outer loop
         vertex -0.113 -0.110035 -0.0633115
         vertex -0.1152 -0.112309 -0.0630139
         vertex -0.1152 -0.11174 -0.0664865
      endloop
   endfacet
   facet normal 0.707107 -0.702962 -0.0764517
      outer loop
         vertex -0.113 -0.110122 -0.062776
         vertex -0.113 -0.110287 -0.0604
         vertex -0.114438 -0.111725 -0.0604
      endloop
   endfacet
   facet normal 0.707107 -0.706822 -0.0200516
      outer loop
         vertex -0.114438 -0.111725 -0.0604
         vertex -0.1152 -0.112309 -0.0630139
         vertex -0.113 -0.110122 -0.062776
      endloop
   endfacet
   facet normal 0.707107 -0.68963 -0.15624
      outer loop
         vertex -0.113 -0.109542 -0.066193
         vertex -0.1152 -0.11174 -0.0664865
         vertex -0.114438 -0.11012 -0.0695049
      endloop
   endfacet
   facet normal 0.707107 -0.671054 -0.222905
      outer loop
         vertex -0.114438 -0.11012 -0.0695049
         vertex -0.113 -0.108768 -0.0690129
         vertex -0.113 -0.109542 -0.066193
      endloop
   endfacet
   facet normal 0.707107 -0.690575 -0.152007
      outer loop
         vertex -0.1152 -0.11174 -0.0664865
         vertex -0.1152 -0.110799 -0.0698773
         vertex -0.114575 -0.110205 -0.0696794
      endloop
   endfacet
   facet normal 0.707107 -0.670076 -0.225827
      outer loop
         vertex -0.114575 -0.110205 -0.0696794
         vertex -0.114438 -0.11012 -0.0695049
         vertex -0.1152 -0.11174 -0.0664865
      endloop
   endfacet
   facet normal 0.707107 -0.68963 -0.15624
      outer loop
         vertex -0.113 -0.109542 -0.066193
         vertex -0.113 -0.109592 -0.0660136
         vertex -0.1152 -0.11174 -0.0664865
      endloop
   endfacet
   facet normal 0.707107 -0.670076 -0.225827
      outer loop
         vertex -0.114575 -0.110205 -0.0696794
         vertex -0.1152 -0.110799 -0.0698773
         vertex -0.1152 -0.110591 -0.0704745
      endloop
   endfacet
   facet normal 0.707107 -0.706822 -0.0200516
      outer loop
         vertex -0.114438 -0.111725 -0.0604
         vertex -0.1152 -0.1125 -0.0596501
         vertex -0.1152 -0.112309 -0.0630139
      endloop
   endfacet
   facet normal 0.707107 -0.701481 -0.0890201
      outer loop
         vertex -0.113 -0.110035 -0.0633115
         vertex -0.113 -0.110122 -0.062776
         vertex -0.1152 -0.112309 -0.0630139
      endloop
   endfacet
   facet normal -0.707107 -0.690575 -0.152007
      outer loop
         vertex -0.0974 -0.11174 -0.0664865
         vertex -0.0974 -0.112309 -0.0630139
         vertex -0.0996 -0.110035 -0.0633115
      endloop
   endfacet
   facet normal -0.707107 -0.702962 -0.0764517
      outer loop
         vertex -0.0974 -0.112309 -0.0630139
         vertex -0.0996 -0.110122 -0.062776
         vertex -0.0996 -0.110035 -0.0633115
      endloop
   endfacet
   facet normal -0.707107 -0.690575 -0.152007
      outer loop
         vertex -0.0974 -0.11174 -0.0664865
         vertex -0.0981621 -0.11012 -0.0695049
         vertex -0.0980249 -0.110205 -0.0696794
      endloop
   endfacet
   facet normal -0.707107 -0.68963 -0.15624
      outer loop
         vertex -0.0996 -0.109542 -0.066193
         vertex -0.0996 -0.108768 -0.0690129
         vertex -0.0981621 -0.11012 -0.0695049
      endloop
   endfacet
   facet normal -0.707107 -0.690575 -0.152007
      outer loop
         vertex -0.0974 -0.11174 -0.0664865
         vertex -0.0996 -0.109592 -0.0660136
         vertex -0.0996 -0.109542 -0.066193
      endloop
   endfacet
   facet normal -0.707107 -0.671054 -0.222905
      outer loop
         vertex -0.0981621 -0.11012 -0.0695049
         vertex -0.0974 -0.11174 -0.0664865
         vertex -0.0996 -0.109542 -0.066193
      endloop
   endfacet
   facet normal -0.707107 -0.702962 -0.0764517
      outer loop
         vertex -0.0996 -0.110122 -0.062776
         vertex -0.0974 -0.112309 -0.0630139
         vertex -0.0981621 -0.111725 -0.0604
      endloop
   endfacet
   facet normal -0.707107 -0.702962 -0.0764517
      outer loop
         vertex -0.0974 -0.112309 -0.0630139
         vertex -0.0974 -0.1125 -0.0596501
         vertex -0.0981621 -0.111725 -0.0604
      endloop
   endfacet
   facet normal -0.707107 -0.706822 -0.0200516
      outer loop
         vertex -0.0981621 -0.111725 -0.0604
         vertex -0.0996 -0.110287 -0.0604
         vertex -0.0996 -0.110122 -0.062776
      endloop
   endfacet
   facet normal -0.707107 -0.665573 -0.238773
      outer loop
         vertex -0.0974 -0.110591 -0.0704745
         vertex -0.0974 -0.110799 -0.0698773
         vertex -0.0980249 -0.110205 -0.0696794
      endloop
   endfacet
   facet normal -0.707107 -0.670076 -0.225827
      outer loop
         vertex -0.0980249 -0.110205 -0.0696794
         vertex -0.0974 -0.110799 -0.0698773
         vertex -0.0974 -0.11174 -0.0664865
      endloop
   endfacet
   facet normal -0.707107 -0.701481 -0.0890201
      outer loop
         vertex -0.0996 -0.110035 -0.0633115
         vertex -0.0996 -0.109592 -0.0660136
         vertex -0.0974 -0.11174 -0.0664865
      endloop
   endfacet
   facet normal -5.81362e-17 -0.949437 -0.313958
      outer loop
         vertex -0.113 -0.108768 -0.0690129
         vertex -0.0996 -0.108768 -0.0690129
         vertex -0.0996 -0.109542 -0.066193
      endloop
   endfacet
   facet normal -5.72516e-17 -0.992044 -0.125893
      outer loop
         vertex -0.113 -0.110035 -0.0633115
         vertex -0.113 -0.109592 -0.0660136
         vertex -0.0996 -0.109592 -0.0660136
      endloop
   endfacet
   facet normal -5.72516e-17 -0.975284 -0.220956
      outer loop
         vertex -0.0996 -0.109542 -0.066193
         vertex -0.0996 -0.109592 -0.0660136
         vertex -0.113 -0.109592 -0.0660136
      endloop
   endfacet
   facet normal -5.72516e-17 -0.976621 -0.21497
      outer loop
         vertex -0.113 -0.109592 -0.0660136
         vertex -0.113 -0.109542 -0.066193
         vertex -0.0996 -0.109542 -0.066193
      endloop
   endfacet
   facet normal -5.72516e-17 -0.994138 -0.108119
      outer loop
         vertex -0.0996 -0.110122 -0.062776
         vertex -0.0996 -0.110287 -0.0604
         vertex -0.113 -0.110287 -0.0604
      endloop
   endfacet
   facet normal -5.72516e-17 -0.992044 -0.125893
      outer loop
         vertex -0.0996 -0.110035 -0.0633115
         vertex -0.0996 -0.110122 -0.062776
         vertex -0.113 -0.110122 -0.062776
      endloop
   endfacet
   facet normal -5.72516e-17 -0.994138 -0.108119
      outer loop
         vertex -0.113 -0.110122 -0.062776
         vertex -0.113 -0.110035 -0.0633115
         vertex -0.0996 -0.110035 -0.0633115
      endloop
   endfacet
   facet normal -6.12053e-17 -0.999559 -0.029703
      outer loop
         vertex -0.113 -0.110287 -0.0604
         vertex -0.113 -0.110122 -0.062776
         vertex -0.0996 -0.110122 -0.062776
      endloop
   endfacet
   facet normal -5.72516e-17 -0.976621 -0.21497
      outer loop
         vertex -0.0996 -0.109592 -0.0660136
         vertex -0.0996 -0.110035 -0.0633115
         vertex -0.113 -0.110035 -0.0633115
      endloop
   endfacet
   facet normal -5.72516e-17 -0.975284 -0.220956
      outer loop
         vertex -0.0996 -0.109542 -0.066193
         vertex -0.113 -0.109542 -0.066193
         vertex -0.113 -0.108768 -0.0690129
      endloop
   endfacet
   facet normal 0 0 -1
      outer loop
         vertex -0.114438 -0.111725 -0.0604
         vertex -0.113 -0.110287 -0.0604
         vertex -0.0996 -0.110287 -0.0604
      endloop
   endfacet
   facet normal 0 0 -1
      outer loop
         vertex -0.0996 -0.110287 -0.0604
         vertex -0.0981621 -0.111725 -0.0604
         vertex -0.114438 -0.111725 -0.0604
      endloop
   endfacet
   facet normal -4.25926e-17 -0.69559 -0.718439
      outer loop
         vertex -0.1152 -0.1125 -0.0596501
         vertex -0.114438 -0.111725 -0.0604
         vertex -0.0981621 -0.111725 -0.0604
      endloop
   endfacet
   facet normal -4.25926e-17 -0.69559 -0.718439
      outer loop
         vertex -0.0981621 -0.111725 -0.0604
         vertex -0.0974 -0.1125 -0.0596501
         vertex -0.1152 -0.1125 -0.0596501
      endloop
   endfacet
   facet normal -4.35052e-18 -0.0710494 -0.997473
      outer loop
         vertex -0.1152 -0.1048 -0.0805054
         vertex -0.114438 -0.103724 -0.080582
         vertex -0.0981621 -0.103724 -0.080582
      endloop
   endfacet
   facet normal -4.35052e-18 -0.0710494 -0.997473
      outer loop
         vertex -0.0981621 -0.103724 -0.080582
         vertex -0.0974 -0.1048 -0.0805054
         vertex -0.1152 -0.1048 -0.0805054
      endloop
   endfacet
   facet normal 3.93594e-17 0.642788 -0.766044
      outer loop
         vertex -0.0981621 -0.103724 -0.080582
         vertex -0.114438 -0.103724 -0.080582
         vertex -0.113 -0.102622 -0.0796573
      endloop
   endfacet
   facet normal 3.93594e-17 0.642788 -0.766044
      outer loop
         vertex -0.113 -0.102622 -0.0796573
         vertex -0.0996 -0.102622 -0.0796573
         vertex -0.0981621 -0.103724 -0.080582
      endloop
   endfacet
   facet normal 0.707107 -0.457771 -0.53893
      outer loop
         vertex -0.1152 -0.10104 -0.0842703
         vertex -0.1152 -0.0982386 -0.0863999
         vertex -0.113 -0.0983068 -0.0835886
      endloop
   endfacet
   facet normal 0.707107 -0.396819 -0.585265
      outer loop
         vertex -0.1152 -0.0982386 -0.0863999
         vertex -0.113 -0.097004 -0.084579
         vertex -0.113 -0.0983068 -0.0835886
      endloop
   endfacet
   facet normal 0.707107 -0.513356 -0.486277
      outer loop
         vertex -0.1152 -0.103595 -0.0818502
         vertex -0.1152 -0.10104 -0.0842703
         vertex -0.113 -0.100545 -0.0817135
      endloop
   endfacet
   facet normal 0.707107 -0.457771 -0.53893
      outer loop
         vertex -0.1152 -0.10104 -0.0842703
         vertex -0.113 -0.0996158 -0.0825935
         vertex -0.113 -0.100545 -0.0817135
      endloop
   endfacet
   facet normal 0.707107 -0.513356 -0.486277
      outer loop
         vertex -0.113 -0.101998 -0.0803373
         vertex -0.113 -0.102622 -0.0796573
         vertex -0.114438 -0.103724 -0.080582
      endloop
   endfacet
   facet normal 0.707107 -0.528568 -0.469697
      outer loop
         vertex -0.114438 -0.103724 -0.080582
         vertex -0.1152 -0.103595 -0.0818502
         vertex -0.113 -0.101998 -0.0803373
      endloop
   endfacet
   facet normal 0.707107 -0.396819 -0.585265
      outer loop
         vertex -0.113 -0.097004 -0.084579
         vertex -0.1152 -0.0982386 -0.0863999
         vertex -0.114438 -0.096642 -0.0865248
      endloop
   endfacet
   facet normal 0.707107 -0.396819 -0.585265
      outer loop
         vertex -0.1152 -0.0982386 -0.0863999
         vertex -0.1152 -0.0963798 -0.0875705
         vertex -0.114438 -0.096642 -0.0865248
      endloop
   endfacet
   facet normal 0.707107 -0.370776 -0.6021
      outer loop
         vertex -0.114438 -0.096642 -0.0865248
         vertex -0.113 -0.0959227 -0.085279
         vertex -0.113 -0.097004 -0.084579
      endloop
   endfacet
   facet normal 0.707107 -0.528568 -0.469697
      outer loop
         vertex -0.114438 -0.103724 -0.080582
         vertex -0.1152 -0.1048 -0.0805054
         vertex -0.1152 -0.103595 -0.0818502
      endloop
   endfacet
   facet normal 0.707107 -0.480121 -0.519119
      outer loop
         vertex -0.113 -0.100545 -0.0817135
         vertex -0.113 -0.101998 -0.0803373
         vertex -0.1152 -0.103595 -0.0818502
      endloop
   endfacet
   facet normal 0.707107 -0.427851 -0.562978
      outer loop
         vertex -0.113 -0.0983068 -0.0835886
         vertex -0.113 -0.0996158 -0.0825935
         vertex -0.1152 -0.10104 -0.0842703
      endloop
   endfacet
   facet normal -0.707107 -0.513356 -0.486277
      outer loop
         vertex -0.0974 -0.103595 -0.0818502
         vertex -0.0996 -0.101998 -0.0803373
         vertex -0.0996 -0.100545 -0.0817135
      endloop
   endfacet
   facet normal -0.707107 -0.480121 -0.519119
      outer loop
         vertex -0.0996 -0.100545 -0.0817135
         vertex -0.0974 -0.10104 -0.0842703
         vertex -0.0974 -0.103595 -0.0818502
      endloop
   endfacet
   facet normal -0.707107 -0.457771 -0.53893
      outer loop
         vertex -0.0974 -0.10104 -0.0842703
         vertex -0.0996 -0.0996158 -0.0825935
         vertex -0.0996 -0.0983068 -0.0835886
      endloop
   endfacet
   facet normal -0.707107 -0.427851 -0.562978
      outer loop
         vertex -0.0996 -0.0983068 -0.0835886
         vertex -0.0974 -0.0982386 -0.0863999
         vertex -0.0974 -0.10104 -0.0842703
      endloop
   endfacet
   facet normal -0.707107 -0.396819 -0.585265
      outer loop
         vertex -0.0996 -0.097004 -0.084579
         vertex -0.0996 -0.0959227 -0.085279
         vertex -0.0981621 -0.096642 -0.0865248
      endloop
   endfacet
   facet normal -0.707107 -0.370776 -0.6021
      outer loop
         vertex -0.0981621 -0.096642 -0.0865248
         vertex -0.0974 -0.0982386 -0.0863999
         vertex -0.0996 -0.097004 -0.084579
      endloop
   endfacet
   facet normal -0.707107 -0.513356 -0.486277
      outer loop
         vertex -0.0996 -0.101998 -0.0803373
         vertex -0.0974 -0.103595 -0.0818502
         vertex -0.0981621 -0.103724 -0.080582
      endloop
   endfacet
   facet normal -0.707107 -0.513356 -0.486277
      outer loop
         vertex -0.0974 -0.103595 -0.0818502
         vertex -0.0974 -0.1048 -0.0805054
         vertex -0.0981621 -0.103724 -0.080582
      endloop
   endfacet
   facet normal -0.707107 -0.528568 -0.469697
      outer loop
         vertex -0.0981621 -0.103724 -0.080582
         vertex -0.0996 -0.102622 -0.0796573
         vertex -0.0996 -0.101998 -0.0803373
      endloop
   endfacet
   facet normal -0.707107 -0.370776 -0.6021
      outer loop
         vertex -0.0981621 -0.096642 -0.0865248
         vertex -0.0974 -0.0963798 -0.0875705
         vertex -0.0974 -0.0982386 -0.0863999
      endloop
   endfacet
   facet normal -0.707107 -0.427851 -0.562978
      outer loop
         vertex -0.0996 -0.0983068 -0.0835886
         vertex -0.0996 -0.097004 -0.084579
         vertex -0.0974 -0.0982386 -0.0863999
      endloop
   endfacet
   facet normal -0.707107 -0.480121 -0.519119
      outer loop
         vertex -0.0996 -0.100545 -0.0817135
         vertex -0.0996 -0.0996158 -0.0825935
         vertex -0.0974 -0.10104 -0.0842703
      endloop
   endfacet
   facet normal -5.72516e-17 -0.605072 -0.796171
      outer loop
         vertex -0.113 -0.0983068 -0.0835886
         vertex -0.113 -0.097004 -0.084579
         vertex -0.0996 -0.097004 -0.084579
      endloop
   endfacet
   facet normal -5.72516e-17 -0.561187 -0.827689
      outer loop
         vertex -0.0996 -0.097004 -0.084579
         vertex -0.113 -0.097004 -0.084579
         vertex -0.113 -0.0959227 -0.085279
      endloop
   endfacet
   facet normal -3.21778e-17 -0.525503 -0.850792
      outer loop
         vertex -0.113 -0.0959227 -0.085279
         vertex -0.0996 -0.0959227 -0.085279
         vertex -0.0996 -0.097004 -0.084579
      endloop
   endfacet
   facet normal -5.72516e-17 -0.678993 -0.734145
      outer loop
         vertex -0.113 -0.100545 -0.0817135
         vertex -0.113 -0.0996158 -0.0825935
         vertex -0.0996 -0.0996158 -0.0825935
      endloop
   endfacet
   facet normal -4.29387e-17 -0.605072 -0.796171
      outer loop
         vertex -0.0996 -0.0983068 -0.0835886
         vertex -0.0996 -0.0996158 -0.0825935
         vertex -0.113 -0.0996158 -0.0825935
      endloop
   endfacet
   facet normal -5.72516e-17 -0.647386 -0.762162
      outer loop
         vertex -0.113 -0.0996158 -0.0825935
         vertex -0.113 -0.0983068 -0.0835886
         vertex -0.0996 -0.0983068 -0.0835886
      endloop
   endfacet
   facet normal -4.29387e-17 -0.725995 -0.687699
      outer loop
         vertex -0.0996 -0.101998 -0.0803373
         vertex -0.0996 -0.102622 -0.0796573
         vertex -0.113 -0.102622 -0.0796573
      endloop
   endfacet
   facet normal -4.29387e-17 -0.678993 -0.734145
      outer loop
         vertex -0.0996 -0.100545 -0.0817135
         vertex -0.0996 -0.101998 -0.0803373
         vertex -0.113 -0.101998 -0.0803373
      endloop
   endfacet
   facet normal -5.72516e-17 -0.725995 -0.687699
      outer loop
         vertex -0.113 -0.101998 -0.0803373
         vertex -0.113 -0.100545 -0.0817135
         vertex -0.0996 -0.100545 -0.0817135
      endloop
   endfacet
   facet normal -4.57169e-17 -0.746614 -0.665258
      outer loop
         vertex -0.113 -0.102622 -0.0796573
         vertex -0.113 -0.101998 -0.0803373
         vertex -0.0996 -0.101998 -0.0803373
      endloop
   endfacet
   facet normal -5.72516e-17 -0.647386 -0.762162
      outer loop
         vertex -0.0996 -0.0996158 -0.0825935
         vertex -0.0996 -0.100545 -0.0817135
         vertex -0.113 -0.100545 -0.0817135
      endloop
   endfacet
   facet normal -5.72516e-17 -0.561187 -0.827689
      outer loop
         vertex -0.0996 -0.097004 -0.084579
         vertex -0.0996 -0.0983068 -0.0835886
         vertex -0.113 -0.0983068 -0.0835886
      endloop
   endfacet
   facet normal -5.30288e-17 -0.866025 0.5
      outer loop
         vertex -0.0981621 -0.096642 -0.0865248
         vertex -0.0996 -0.0959227 -0.085279
         vertex -0.113 -0.0959227 -0.085279
      endloop
   endfacet
   facet normal -5.30288e-17 -0.866025 0.5
      outer loop
         vertex -0.113 -0.0959227 -0.085279
         vertex -0.114438 -0.096642 -0.0865248
         vertex -0.0981621 -0.096642 -0.0865248
      endloop
   endfacet
   facet normal -5.93942e-17 -0.969981 -0.243179
      outer loop
         vertex -0.1152 -0.0963798 -0.0875705
         vertex -0.0974 -0.0963798 -0.0875705
         vertex -0.0981621 -0.096642 -0.0865248
      endloop
   endfacet
   facet normal -5.93942e-17 -0.969981 -0.243179
      outer loop
         vertex -0.0981621 -0.096642 -0.0865248
         vertex -0.114438 -0.096642 -0.0865248
         vertex -0.1152 -0.0963798 -0.0875705
      endloop
   endfacet
   facet normal 4.35052e-18 0.0710494 0.997473
      outer loop
         vertex -0.0974 -0.0552003 -0.0384946
         vertex -0.1152 -0.0552003 -0.0384946
         vertex -0.114438 -0.0562757 -0.038418
      endloop
   endfacet
   facet normal 4.35052e-18 0.0710494 0.997473
      outer loop
         vertex -0.114438 -0.0562757 -0.038418
         vertex -0.0981621 -0.0562757 -0.038418
         vertex -0.0974 -0.0552003 -0.0384946
      endloop
   endfacet
   facet normal -3.93594e-17 -0.642788 0.766044
      outer loop
         vertex -0.0981621 -0.0562757 -0.038418
         vertex -0.114438 -0.0562757 -0.038418
         vertex -0.113 -0.0573776 -0.0393427
      endloop
   endfacet
   facet normal -3.93594e-17 -0.642788 0.766044
      outer loop
         vertex -0.113 -0.0573776 -0.0393427
         vertex -0.0996 -0.0573776 -0.0393427
         vertex -0.0981621 -0.0562757 -0.038418
      endloop
   endfacet
   facet normal 0.707107 0.457771 0.53893
      outer loop
         vertex -0.1152 -0.0589599 -0.0347297
         vertex -0.1152 -0.0617614 -0.0326001
         vertex -0.113 -0.0616932 -0.0354114
      endloop
   endfacet
   facet normal 0.707107 0.396819 0.585265
      outer loop
         vertex -0.1152 -0.0617614 -0.0326001
         vertex -0.113 -0.062996 -0.034421
         vertex -0.113 -0.0616932 -0.0354114
      endloop
   endfacet
   facet normal 0.707107 0.513356 0.486277
      outer loop
         vertex -0.1152 -0.0564051 -0.0371498
         vertex -0.1152 -0.0589599 -0.0347297
         vertex -0.113 -0.0594552 -0.0372865
      endloop
   endfacet
   facet normal 0.707107 0.457771 0.53893
      outer loop
         vertex -0.1152 -0.0589599 -0.0347297
         vertex -0.113 -0.0603842 -0.0364065
         vertex -0.113 -0.0594552 -0.0372865
      endloop
   endfacet
   facet normal 0.707107 0.513356 0.486277
      outer loop
         vertex -0.113 -0.0580023 -0.0386627
         vertex -0.113 -0.0573776 -0.0393427
         vertex -0.114438 -0.0562757 -0.038418
      endloop
   endfacet
   facet normal 0.707107 0.528568 0.469697
      outer loop
         vertex -0.114438 -0.0562757 -0.038418
         vertex -0.1152 -0.0564051 -0.0371498
         vertex -0.113 -0.0580023 -0.0386627
      endloop
   endfacet
   facet normal 0.707107 0.396819 0.585265
      outer loop
         vertex -0.113 -0.062996 -0.034421
         vertex -0.1152 -0.0617614 -0.0326001
         vertex -0.114438 -0.063358 -0.0324752
      endloop
   endfacet
   facet normal 0.707107 0.396819 0.585265
      outer loop
         vertex -0.1152 -0.0617614 -0.0326001
         vertex -0.1152 -0.0636202 -0.0314295
         vertex -0.114438 -0.063358 -0.0324752
      endloop
   endfacet
   facet normal 0.707107 0.370776 0.6021
      outer loop
         vertex -0.114438 -0.063358 -0.0324752
         vertex -0.113 -0.0640773 -0.033721
         vertex -0.113 -0.062996 -0.034421
      endloop
   endfacet
   facet normal 0.707107 0.528568 0.469697
      outer loop
         vertex -0.114438 -0.0562757 -0.038418
         vertex -0.1152 -0.0552003 -0.0384946
         vertex -0.1152 -0.0564051 -0.0371498
      endloop
   endfacet
   facet normal 0.707107 0.480121 0.519119
      outer loop
         vertex -0.113 -0.0594552 -0.0372865
         vertex -0.113 -0.0580023 -0.0386627
         vertex -0.1152 -0.0564051 -0.0371498
      endloop
   endfacet
   facet normal 0.707107 0.427851 0.562978
      outer loop
         vertex -0.113 -0.0616932 -0.0354114
         vertex -0.113 -0.0603842 -0.0364065
         vertex -0.1152 -0.0589599 -0.0347297
      endloop
   endfacet
   facet normal -0.707107 0.513356 0.486277
      outer loop
         vertex -0.0974 -0.0564051 -0.0371498
         vertex -0.0996 -0.0580023 -0.0386627
         vertex -0.0996 -0.0594552 -0.0372865
      endloop
   endfacet
   facet normal -0.707107 0.480121 0.519119
      outer loop
         vertex -0.0996 -0.0594552 -0.0372865
         vertex -0.0974 -0.0589599 -0.0347297
         vertex -0.0974 -0.0564051 -0.0371498
      endloop
   endfacet
   facet normal -0.707107 0.457771 0.53893
      outer loop
         vertex -0.0974 -0.0589599 -0.0347297
         vertex -0.0996 -0.0603842 -0.0364065
         vertex -0.0996 -0.0616932 -0.0354114
      endloop
   endfacet
   facet normal -0.707107 0.427851 0.562978
      outer loop
         vertex -0.0996 -0.0616932 -0.0354114
         vertex -0.0974 -0.0617614 -0.0326001
         vertex -0.0974 -0.0589599 -0.0347297
      endloop
   endfacet
   facet normal -0.707107 0.396819 0.585265
      outer loop
         vertex -0.0996 -0.062996 -0.034421
         vertex -0.0996 -0.0640773 -0.033721
         vertex -0.0981621 -0.063358 -0.0324752
      endloop
   endfacet
   facet normal -0.707107 0.370776 0.6021
      outer loop
         vertex -0.0981621 -0.063358 -0.0324752
         vertex -0.0974 -0.0617614 -0.0326001
         vertex -0.0996 -0.062996 -0.034421
      endloop
   endfacet
   facet normal -0.707107 0.513356 0.486277
      outer loop
         vertex -0.0996 -0.0580023 -0.0386627
         vertex -0.0974 -0.0564051 -0.0371498
         vertex -0.0981621 -0.0562757 -0.038418
      endloop
   endfacet
   facet normal -0.707107 0.513356 0.486277
      outer loop
         vertex -0.0974 -0.0564051 -0.0371498
         vertex -0.0974 -0.0552003 -0.0384946
         vertex -0.0981621 -0.0562757 -0.038418
      endloop
   endfacet
   facet normal -0.707107 0.528568 0.469697
      outer loop
         vertex -0.0981621 -0.0562757 -0.038418
         vertex -0.0996 -0.0573776 -0.0393427
         vertex -0.0996 -0.0580023 -0.0386627
      endloop
   endfacet
   facet normal -0.707107 0.370776 0.6021
      outer loop
         vertex -0.0981621 -0.063358 -0.0324752
         vertex -0.0974 -0.0636202 -0.0314295
         vertex -0.0974 -0.0617614 -0.0326001
      endloop
   endfacet
   facet normal -0.707107 0.427851 0.562978
      outer loop
         vertex -0.0996 -0.0616932 -0.0354114
         vertex -0.0996 -0.062996 -0.034421
         vertex -0.0974 -0.0617614 -0.0326001
      endloop
   endfacet
   facet normal -0.707107 0.480121 0.519119
      outer loop
         vertex -0.0996 -0.0594552 -0.0372865
         vertex -0.0996 -0.0603842 -0.0364065
         vertex -0.0974 -0.0589599 -0.0347297
      endloop
   endfacet
   facet normal 3.21778e-17 0.525503 0.850792
      outer loop
         vertex -0.0996 -0.0640773 -0.033721
         vertex -0.0996 -0.062996 -0.034421
         vertex -0.113 -0.062996 -0.034421
      endloop
   endfacet
   facet normal 5.72516e-17 0.605072 0.796171
      outer loop
         vertex -0.113 -0.0616932 -0.0354114
         vertex -0.113 -0.062996 -0.034421
         vertex -0.0996 -0.062996 -0.034421
      endloop
   endfacet
   facet normal 2.86258e-17 0.561187 0.827689
      outer loop
         vertex -0.0996 -0.062996 -0.034421
         vertex -0.0996 -0.0616932 -0.0354114
         vertex -0.113 -0.0616932 -0.0354114
      endloop
   endfacet
   facet normal 5.72516e-17 0.678993 0.734145
      outer loop
         vertex -0.113 -0.0594552 -0.0372865
         vertex -0.113 -0.0603842 -0.0364065
         vertex -0.0996 -0.0603842 -0.0364065
      endloop
   endfacet
   facet normal 5.72516e-17 0.647386 0.762162
      outer loop
         vertex -0.0996 -0.0603842 -0.0364065
         vertex -0.113 -0.0603842 -0.0364065
         vertex -0.113 -0.0616932 -0.0354114
      endloop
   endfacet
   facet normal 5.72516e-17 0.605072 0.796171
      outer loop
         vertex -0.113 -0.0616932 -0.0354114
         vertex -0.0996 -0.0616932 -0.0354114
         vertex -0.0996 -0.0603842 -0.0364065
      endloop
   endfacet
   facet normal 5.72516e-17 0.678993 0.734145
      outer loop
         vertex -0.0996 -0.0594552 -0.0372865
         vertex -0.0996 -0.0580023 -0.0386627
         vertex -0.113 -0.0580023 -0.0386627
      endloop
   endfacet
   facet normal 4.57169e-17 0.746614 0.665258
      outer loop
         vertex -0.0996 -0.0573776 -0.0393427
         vertex -0.113 -0.0573776 -0.0393427
         vertex -0.113 -0.0580023 -0.0386627
      endloop
   endfacet
   facet normal 4.29387e-17 0.725995 0.687699
      outer loop
         vertex -0.113 -0.0580023 -0.0386627
         vertex -0.0996 -0.0580023 -0.0386627
         vertex -0.0996 -0.0573776 -0.0393427
      endloop
   endfacet
   facet normal 4.29387e-17 0.725995 0.687699
      outer loop
         vertex -0.113 -0.0580023 -0.0386627
         vertex -0.113 -0.0594552 -0.0372865
         vertex -0.0996 -0.0594552 -0.0372865
      endloop
   endfacet
   facet normal 5.72516e-17 0.647386 0.762162
      outer loop
         vertex -0.0996 -0.0603842 -0.0364065
         vertex -0.0996 -0.0594552 -0.0372865
         vertex -0.113 -0.0594552 -0.0372865
      endloop
   endfacet
   facet normal 2.86258e-17 0.561187 0.827689
      outer loop
         vertex -0.113 -0.062996 -0.034421
         vertex -0.113 -0.0640773 -0.033721
         vertex -0.0996 -0.0640773 -0.033721
      endloop
   endfacet
   facet normal 5.30288e-17 0.866025 -0.5
      outer loop
         vertex -0.114438 -0.063358 -0.0324752
         vertex -0.0981621 -0.063358 -0.0324752
         vertex -0.0996 -0.0640773 -0.033721
      endloop
   endfacet
   facet normal 5.30288e-17 0.866025 -0.5
      outer loop
         vertex -0.0996 -0.0640773 -0.033721
         vertex -0.113 -0.0640773 -0.033721
         vertex -0.114438 -0.063358 -0.0324752
      endloop
   endfacet
   facet normal 5.93942e-17 0.969981 0.243179
      outer loop
         vertex -0.1152 -0.0636202 -0.0314295
         vertex -0.0974 -0.0636202 -0.0314295
         vertex -0.0981621 -0.063358 -0.0324752
      endloop
   endfacet
   facet normal 5.93942e-17 0.969981 0.243179
      outer loop
         vertex -0.0981621 -0.063358 -0.0324752
         vertex -0.114438 -0.063358 -0.0324752
         vertex -0.1152 -0.0636202 -0.0314295
      endloop
   endfacet
   facet normal 1.68016e-17 0.274391 -0.961618
      outer loop
         vertex -0.1152 -0.0961198 -0.0877206
         vertex -0.114438 -0.0950831 -0.0874248
         vertex -0.0981621 -0.0950831 -0.0874248
      endloop
   endfacet
   facet normal 1.68016e-17 0.274391 -0.961618
      outer loop
         vertex -0.0981621 -0.0950831 -0.0874248
         vertex -0.0974 -0.0961198 -0.0877206
         vertex -0.1152 -0.0961198 -0.0877206
      endloop
   endfacet
   facet normal 5.30288e-17 0.866025 -0.5
      outer loop
         vertex -0.0981621 -0.0950831 -0.0874248
         vertex -0.114438 -0.0950831 -0.0874248
         vertex -0.113 -0.0943639 -0.086179
      endloop
   endfacet
   facet normal 5.30288e-17 0.866025 -0.5
      outer loop
         vertex -0.113 -0.0943639 -0.086179
         vertex -0.0996 -0.0943639 -0.086179
         vertex -0.0981621 -0.0950831 -0.0874248
      endloop
   endfacet
   facet normal 0.707107 -0.261727 -0.656886
      outer loop
         vertex -0.1152 -0.0920295 -0.0896917
         vertex -0.1152 -0.0886947 -0.0908154
         vertex -0.113 -0.0889658 -0.0884059
      endloop
   endfacet
   facet normal 0.707107 -0.189171 -0.681333
      outer loop
         vertex -0.1152 -0.0886947 -0.0908154
         vertex -0.113 -0.0881061 -0.0886956
         vertex -0.113 -0.0889658 -0.0884059
      endloop
   endfacet
   facet normal 0.707107 -0.331215 -0.624737
      outer loop
         vertex -0.1152 -0.0952233 -0.0882141
         vertex -0.1152 -0.0920295 -0.0896917
         vertex -0.113 -0.0917147 -0.0874169
      endloop
   endfacet
   facet normal 0.707107 -0.261727 -0.656886
      outer loop
         vertex -0.1152 -0.0920295 -0.0896917
         vertex -0.113 -0.0912152 -0.087648
         vertex -0.113 -0.0917147 -0.0874169
      endloop
   endfacet
   facet normal 0.707107 -0.331215 -0.624737
      outer loop
         vertex -0.113 -0.0941928 -0.0862704
         vertex -0.113 -0.0943639 -0.086179
         vertex -0.114438 -0.0950831 -0.0874248
      endloop
   endfacet
   facet normal 0.707107 -0.336046 -0.622152
      outer loop
         vertex -0.114438 -0.0950831 -0.0874248
         vertex -0.1152 -0.0952233 -0.0882141
         vertex -0.113 -0.0941928 -0.0862704
      endloop
   endfacet
   facet normal 0.707107 -0.189171 -0.681333
      outer loop
         vertex -0.113 -0.0881061 -0.0886956
         vertex -0.1152 -0.0886947 -0.0908154
         vertex -0.114438 -0.0863953 -0.0905869
      endloop
   endfacet
   facet normal 0.707107 -0.189171 -0.681333
      outer loop
         vertex -0.1152 -0.0886947 -0.0908154
         vertex -0.1152 -0.0857913 -0.0914798
         vertex -0.114438 -0.0863953 -0.0905869
      endloop
   endfacet
   facet normal 0.707107 -0.142485 -0.692602
      outer loop
         vertex -0.114438 -0.0863953 -0.0905869
         vertex -0.113 -0.0861455 -0.0891702
         vertex -0.113 -0.0881061 -0.0886956
      endloop
   endfacet
   facet normal 0.707107 -0.336046 -0.622152
      outer loop
         vertex -0.114438 -0.0950831 -0.0874248
         vertex -0.1152 -0.0961198 -0.0877206
         vertex -0.1152 -0.0952233 -0.0882141
      endloop
   endfacet
   facet normal 0.707107 -0.273608 -0.652026
      outer loop
         vertex -0.113 -0.0917147 -0.0874169
         vertex -0.113 -0.0941928 -0.0862704
         vertex -0.1152 -0.0952233 -0.0882141
      endloop
   endfacet
   facet normal 0.707107 -0.209479 -0.675365
      outer loop
         vertex -0.113 -0.0889658 -0.0884059
         vertex -0.113 -0.0912152 -0.087648
         vertex -0.1152 -0.0920295 -0.0896917
      endloop
   endfacet
   facet normal -0.707107 -0.331215 -0.624737
      outer loop
         vertex -0.0974 -0.0952233 -0.0882141
         vertex -0.0996 -0.0941928 -0.0862704
         vertex -0.0996 -0.0917147 -0.0874169
      endloop
   endfacet
   facet normal -0.707107 -0.273608 -0.652026
      outer loop
         vertex -0.0996 -0.0917147 -0.0874169
         vertex -0.0974 -0.0920295 -0.0896917
         vertex -0.0974 -0.0952233 -0.0882141
      endloop
   endfacet
   facet normal -0.707107 -0.261727 -0.656886
      outer loop
         vertex -0.0974 -0.0920295 -0.0896917
         vertex -0.0996 -0.0912152 -0.087648
         vertex -0.0996 -0.0889658 -0.0884059
      endloop
   endfacet
   facet normal -0.707107 -0.209479 -0.675365
      outer loop
         vertex -0.0996 -0.0889658 -0.0884059
         vertex -0.0974 -0.0886947 -0.0908154
         vertex -0.0974 -0.0920295 -0.0896917
      endloop
   endfacet
   facet normal -0.707107 -0.189171 -0.681333
      outer loop
         vertex -0.0996 -0.0881061 -0.0886956
         vertex -0.0996 -0.0861455 -0.0891702
         vertex -0.0981621 -0.0863953 -0.0905869
      endloop
   endfacet
   facet normal -0.707107 -0.142485 -0.692602
      outer loop
         vertex -0.0981621 -0.0863953 -0.0905869
         vertex -0.0974 -0.0886947 -0.0908154
         vertex -0.0996 -0.0881061 -0.0886956
      endloop
   endfacet
   facet normal -0.707107 -0.331215 -0.624737
      outer loop
         vertex -0.0996 -0.0941928 -0.0862704
         vertex -0.0974 -0.0952233 -0.0882141
         vertex -0.0981621 -0.0950831 -0.0874248
      endloop
   endfacet
   facet normal -0.707107 -0.331215 -0.624737
      outer loop
         vertex -0.0974 -0.0952233 -0.0882141
         vertex -0.0974 -0.0961198 -0.0877206
         vertex -0.0981621 -0.0950831 -0.0874248
      endloop
   endfacet
   facet normal -0.707107 -0.336046 -0.622152
      outer loop
         vertex -0.0981621 -0.0950831 -0.0874248
         vertex -0.0996 -0.0943639 -0.086179
         vertex -0.0996 -0.0941928 -0.0862704
      endloop
   endfacet
   facet normal -0.707107 -0.142485 -0.692602
      outer loop
         vertex -0.0981621 -0.0863953 -0.0905869
         vertex -0.0974 -0.0857913 -0.0914798
         vertex -0.0974 -0.0886947 -0.0908154
      endloop
   endfacet
   facet normal -0.707107 -0.209479 -0.675365
      outer loop
         vertex -0.0996 -0.0889658 -0.0884059
         vertex -0.0996 -0.0881061 -0.0886956
         vertex -0.0974 -0.0886947 -0.0908154
      endloop
   endfacet
   facet normal -0.707107 -0.273608 -0.652026
      outer loop
         vertex -0.0996 -0.0917147 -0.0874169
         vertex -0.0996 -0.0912152 -0.087648
         vertex -0.0974 -0.0920295 -0.0896917
      endloop
   endfacet
   facet normal 0 -0.296248 -0.955111
      outer loop
         vertex -0.113 -0.0889658 -0.0884059
         vertex -0.113 -0.0881061 -0.0886956
         vertex -0.0996 -0.0881061 -0.0886956
      endloop
   endfacet
   facet normal 0 -0.267528 -0.96355
      outer loop
         vertex -0.0996 -0.0881061 -0.0886956
         vertex -0.113 -0.0881061 -0.0886956
         vertex -0.113 -0.0861455 -0.0891702
      endloop
   endfacet
   facet normal -1.24193e-17 -0.202823 -0.979215
      outer loop
         vertex -0.113 -0.0861455 -0.0891702
         vertex -0.0996 -0.0861455 -0.0891702
         vertex -0.0996 -0.0881061 -0.0886956
      endloop
   endfacet
   facet normal 0 -0.386941 -0.922105
      outer loop
         vertex -0.113 -0.0917147 -0.0874169
         vertex -0.113 -0.0912152 -0.087648
         vertex -0.0996 -0.0912152 -0.087648
      endloop
   endfacet
   facet normal 0 -0.370138 -0.928977
      outer loop
         vertex -0.0996 -0.0912152 -0.087648
         vertex -0.113 -0.0912152 -0.087648
         vertex -0.113 -0.0889658 -0.0884059
      endloop
   endfacet
   facet normal 0 -0.296248 -0.955111
      outer loop
         vertex -0.113 -0.0889658 -0.0884059
         vertex -0.0996 -0.0889658 -0.0884059
         vertex -0.0996 -0.0912152 -0.087648
      endloop
   endfacet
   facet normal -2.86258e-17 -0.468408 -0.883512
      outer loop
         vertex -0.0996 -0.0941928 -0.0862704
         vertex -0.0996 -0.0943639 -0.086179
         vertex -0.113 -0.0943639 -0.086179
      endloop
   endfacet
   facet normal -2.86258e-17 -0.386941 -0.922105
      outer loop
         vertex -0.0996 -0.0917147 -0.0874169
         vertex -0.0996 -0.0941928 -0.0862704
         vertex -0.113 -0.0941928 -0.0862704
      endloop
   endfacet
   facet normal -5.72516e-17 -0.468408 -0.883512
      outer loop
         vertex -0.113 -0.0941928 -0.0862704
         vertex -0.113 -0.0917147 -0.0874169
         vertex -0.0996 -0.0917147 -0.0874169
      endloop
   endfacet
   facet normal -2.90275e-17 -0.474056 -0.880495
      outer loop
         vertex -0.113 -0.0943639 -0.086179
         vertex -0.113 -0.0941928 -0.0862704
         vertex -0.0996 -0.0941928 -0.0862704
      endloop
   endfacet
   facet normal 0 -0.370138 -0.928977
      outer loop
         vertex -0.0996 -0.0912152 -0.087648
         vertex -0.0996 -0.0917147 -0.0874169
         vertex -0.113 -0.0917147 -0.0874169
      endloop
   endfacet
   facet normal 0 -0.267528 -0.96355
      outer loop
         vertex -0.0996 -0.0881061 -0.0886956
         vertex -0.0996 -0.0889658 -0.0884059
         vertex -0.113 -0.0889658 -0.0884059
      endloop
   endfacet
   facet normal -6.03021e-17 -0.984808 0.173648
      outer loop
         vertex -0.114438 -0.0863953 -0.0905869
         vertex -0.0981621 -0.0863953 -0.0905869
         vertex -0.0996 -0.0861455 -0.0891702
      endloop
   endfacet
   facet normal -6.03021e-17 -0.984808 0.173648
      outer loop
         vertex -0.0996 -0.0861455 -0.0891702
         vertex -0.113 -0.0861455 -0.0891702
         vertex -0.114438 -0.0863953 -0.0905869
      endloop
   endfacet
   facet normal -5.07195e-17 -0.828312 -0.560267
      outer loop
         vertex -0.1152 -0.0857913 -0.0914798
         vertex -0.0974 -0.0857913 -0.0914798
         vertex -0.0981621 -0.0863953 -0.0905869
      endloop
   endfacet
   facet normal -5.07195e-17 -0.828312 -0.560267
      outer loop
         vertex -0.0981621 -0.0863953 -0.0905869
         vertex -0.114438 -0.0863953 -0.0905869
         vertex -0.1152 -0.0857913 -0.0914798
      endloop
   endfacet
   facet normal -1.68016e-17 -0.274391 0.961618
      outer loop
         vertex -0.0974 -0.0638802 -0.0312794
         vertex -0.1152 -0.0638802 -0.0312794
         vertex -0.114438 -0.0649169 -0.0315752
      endloop
   endfacet
   facet normal -1.68016e-17 -0.274391 0.961618
      outer loop
         vertex -0.114438 -0.0649169 -0.0315752
         vertex -0.0981621 -0.0649169 -0.0315752
         vertex -0.0974 -0.0638802 -0.0312794
      endloop
   endfacet
   facet normal -5.30288e-17 -0.866025 0.5
      outer loop
         vertex -0.0981621 -0.0649169 -0.0315752
         vertex -0.114438 -0.0649169 -0.0315752
         vertex -0.113 -0.0656361 -0.032821
      endloop
   endfacet
   facet normal -5.30288e-17 -0.866025 0.5
      outer loop
         vertex -0.113 -0.0656361 -0.032821
         vertex -0.0996 -0.0656361 -0.032821
         vertex -0.0981621 -0.0649169 -0.0315752
      endloop
   endfacet
   facet normal 0.707107 0.261727 0.656886
      outer loop
         vertex -0.1152 -0.0679705 -0.0293083
         vertex -0.1152 -0.0713053 -0.0281846
         vertex -0.113 -0.0710342 -0.0305941
      endloop
   endfacet
   facet normal 0.707107 0.189171 0.681333
      outer loop
         vertex -0.1152 -0.0713053 -0.0281846
         vertex -0.113 -0.0718939 -0.0303044
         vertex -0.113 -0.0710342 -0.0305941
      endloop
   endfacet
   facet normal 0.707107 0.331215 0.624737
      outer loop
         vertex -0.1152 -0.0647767 -0.0307859
         vertex -0.1152 -0.0679705 -0.0293083
         vertex -0.113 -0.0682853 -0.0315831
      endloop
   endfacet
   facet normal 0.707107 0.261727 0.656886
      outer loop
         vertex -0.1152 -0.0679705 -0.0293083
         vertex -0.113 -0.0687848 -0.031352
         vertex -0.113 -0.0682853 -0.0315831
      endloop
   endfacet
   facet normal 0.707107 0.331215 0.624737
      outer loop
         vertex -0.113 -0.0658072 -0.0327296
         vertex -0.113 -0.0656361 -0.032821
         vertex -0.114438 -0.0649169 -0.0315752
      endloop
   endfacet
   facet normal 0.707107 0.336046 0.622152
      outer loop
         vertex -0.114438 -0.0649169 -0.0315752
         vertex -0.1152 -0.0647767 -0.0307859
         vertex -0.113 -0.0658072 -0.0327296
      endloop
   endfacet
   facet normal 0.707107 0.189171 0.681333
      outer loop
         vertex -0.113 -0.0718939 -0.0303044
         vertex -0.1152 -0.0713053 -0.0281846
         vertex -0.114438 -0.0736047 -0.0284131
      endloop
   endfacet
   facet normal 0.707107 0.189171 0.681333
      outer loop
         vertex -0.1152 -0.0713053 -0.0281846
         vertex -0.1152 -0.0742087 -0.0275202
         vertex -0.114438 -0.0736047 -0.0284131
      endloop
   endfacet
   facet normal 0.707107 0.142485 0.692602
      outer loop
         vertex -0.114438 -0.0736047 -0.0284131
         vertex -0.113 -0.0738545 -0.0298298
         vertex -0.113 -0.0718939 -0.0303044
      endloop
   endfacet
   facet normal 0.707107 0.336046 0.622152
      outer loop
         vertex -0.114438 -0.0649169 -0.0315752
         vertex -0.1152 -0.0638802 -0.0312794
         vertex -0.1152 -0.0647767 -0.0307859
      endloop
   endfacet
   facet normal 0.707107 0.273608 0.652026
      outer loop
         vertex -0.113 -0.0682853 -0.0315831
         vertex -0.113 -0.0658072 -0.0327296
         vertex -0.1152 -0.0647767 -0.0307859
      endloop
   endfacet
   facet normal 0.707107 0.209479 0.675365
      outer loop
         vertex -0.113 -0.0710342 -0.0305941
         vertex -0.113 -0.0687848 -0.031352
         vertex -0.1152 -0.0679705 -0.0293083
      endloop
   endfacet
   facet normal -0.707107 0.331215 0.624737
      outer loop
         vertex -0.0974 -0.0647767 -0.0307859
         vertex -0.0996 -0.0658072 -0.0327296
         vertex -0.0996 -0.0682853 -0.0315831
      endloop
   endfacet
   facet normal -0.707107 0.273608 0.652026
      outer loop
         vertex -0.0996 -0.0682853 -0.0315831
         vertex -0.0974 -0.0679705 -0.0293083
         vertex -0.0974 -0.0647767 -0.0307859
      endloop
   endfacet
   facet normal -0.707107 0.261727 0.656886
      outer loop
         vertex -0.0974 -0.0679705 -0.0293083
         vertex -0.0996 -0.0687848 -0.031352
         vertex -0.0996 -0.0710342 -0.0305941
      endloop
   endfacet
   facet normal -0.707107 0.209479 0.675365
      outer loop
         vertex -0.0996 -0.0710342 -0.0305941
         vertex -0.0974 -0.0713053 -0.0281846
         vertex -0.0974 -0.0679705 -0.0293083
      endloop
   endfacet
   facet normal -0.707107 0.189171 0.681333
      outer loop
         vertex -0.0996 -0.0718939 -0.0303044
         vertex -0.0996 -0.0738545 -0.0298298
         vertex -0.0981621 -0.0736047 -0.0284131
      endloop
   endfacet
   facet normal -0.707107 0.142485 0.692602
      outer loop
         vertex -0.0981621 -0.0736047 -0.0284131
         vertex -0.0974 -0.0713053 -0.0281846
         vertex -0.0996 -0.0718939 -0.0303044
      endloop
   endfacet
   facet normal -0.707107 0.331215 0.624737
      outer loop
         vertex -0.0996 -0.0658072 -0.0327296
         vertex -0.0974 -0.0647767 -0.0307859
         vertex -0.0981621 -0.0649169 -0.0315752
      endloop
   endfacet
   facet normal -0.707107 0.331215 0.624737
      outer loop
         vertex -0.0974 -0.0647767 -0.0307859
         vertex -0.0974 -0.0638802 -0.0312794
         vertex -0.0981621 -0.0649169 -0.0315752
      endloop
   endfacet
   facet normal -0.707107 0.336046 0.622152
      outer loop
         vertex -0.0981621 -0.0649169 -0.0315752
         vertex -0.0996 -0.0656361 -0.032821
         vertex -0.0996 -0.0658072 -0.0327296
      endloop
   endfacet
   facet normal -0.707107 0.142485 0.692602
      outer loop
         vertex -0.0981621 -0.0736047 -0.0284131
         vertex -0.0974 -0.0742087 -0.0275202
         vertex -0.0974 -0.0713053 -0.0281846
      endloop
   endfacet
   facet normal -0.707107 0.209479 0.675365
      outer loop
         vertex -0.0996 -0.0710342 -0.0305941
         vertex -0.0996 -0.0718939 -0.0303044
         vertex -0.0974 -0.0713053 -0.0281846
      endloop
   endfacet
   facet normal -0.707107 0.273608 0.652026
      outer loop
         vertex -0.0996 -0.0682853 -0.0315831
         vertex -0.0996 -0.0687848 -0.031352
         vertex -0.0974 -0.0679705 -0.0293083
      endloop
   endfacet
   facet normal 0 0.296248 0.955111
      outer loop
         vertex -0.113 -0.0710342 -0.0305941
         vertex -0.113 -0.0718939 -0.0303044
         vertex -0.0996 -0.0718939 -0.0303044
      endloop
   endfacet
   facet normal 1.24193e-17 0.202823 0.979215
      outer loop
         vertex -0.0996 -0.0738545 -0.0298298
         vertex -0.0996 -0.0718939 -0.0303044
         vertex -0.113 -0.0718939 -0.0303044
      endloop
   endfacet
   facet normal 0 0.267528 0.96355
      outer loop
         vertex -0.113 -0.0718939 -0.0303044
         vertex -0.113 -0.0738545 -0.0298298
         vertex -0.0996 -0.0738545 -0.0298298
      endloop
   endfacet
   facet normal 0 0.386941 0.922105
      outer loop
         vertex -0.113 -0.0682853 -0.0315831
         vertex -0.113 -0.0687848 -0.031352
         vertex -0.0996 -0.0687848 -0.031352
      endloop
   endfacet
   facet normal 1.43129e-17 0.296248 0.955111
      outer loop
         vertex -0.0996 -0.0710342 -0.0305941
         vertex -0.0996 -0.0687848 -0.031352
         vertex -0.113 -0.0687848 -0.031352
      endloop
   endfacet
   facet normal 0 0.370138 0.928977
      outer loop
         vertex -0.113 -0.0687848 -0.031352
         vertex -0.113 -0.0710342 -0.0305941
         vertex -0.0996 -0.0710342 -0.0305941
      endloop
   endfacet
   facet normal 2.90275e-17 0.474056 0.880495
      outer loop
         vertex -0.113 -0.0656361 -0.032821
         vertex -0.113 -0.0658072 -0.0327296
         vertex -0.0996 -0.0658072 -0.0327296
      endloop
   endfacet
   facet normal 2.86258e-17 0.386941 0.922105
      outer loop
         vertex -0.0996 -0.0682853 -0.0315831
         vertex -0.0996 -0.0658072 -0.0327296
         vertex -0.113 -0.0658072 -0.0327296
      endloop
   endfacet
   facet normal 5.72516e-17 0.468408 0.883512
      outer loop
         vertex -0.113 -0.0658072 -0.0327296
         vertex -0.113 -0.0682853 -0.0315831
         vertex -0.0996 -0.0682853 -0.0315831
      endloop
   endfacet
   facet normal 5.72516e-17 0.468408 0.883512
      outer loop
         vertex -0.0996 -0.0658072 -0.0327296
         vertex -0.0996 -0.0656361 -0.032821
         vertex -0.113 -0.0656361 -0.032821
      endloop
   endfacet
   facet normal 0 0.370138 0.928977
      outer loop
         vertex -0.0996 -0.0687848 -0.031352
         vertex -0.0996 -0.0682853 -0.0315831
         vertex -0.113 -0.0682853 -0.0315831
      endloop
   endfacet
   facet normal 0 0.267528 0.96355
      outer loop
         vertex -0.0996 -0.0718939 -0.0303044
         vertex -0.0996 -0.0710342 -0.0305941
         vertex -0.113 -0.0710342 -0.0305941
      endloop
   endfacet
   facet normal 6.03021e-17 0.984808 -0.173648
      outer loop
         vertex -0.114438 -0.0736047 -0.0284131
         vertex -0.0981621 -0.0736047 -0.0284131
         vertex -0.0996 -0.0738545 -0.0298298
      endloop
   endfacet
   facet normal 6.03021e-17 0.984808 -0.173648
      outer loop
         vertex -0.0996 -0.0738545 -0.0298298
         vertex -0.113 -0.0738545 -0.0298298
         vertex -0.114438 -0.0736047 -0.0284131
      endloop
   endfacet
   facet normal 5.07195e-17 0.828312 0.560267
      outer loop
         vertex -0.1152 -0.0742087 -0.0275202
         vertex -0.0974 -0.0742087 -0.0275202
         vertex -0.0981621 -0.0736047 -0.0284131
      endloop
   endfacet
   facet normal 5.07195e-17 0.828312 0.560267
      outer loop
         vertex -0.0981621 -0.0736047 -0.0284131
         vertex -0.114438 -0.0736047 -0.0284131
         vertex -0.1152 -0.0742087 -0.0275202
      endloop
   endfacet
   facet normal 3.59272e-17 0.586736 -0.809778
      outer loop
         vertex -0.114961 -0.0852222 -0.0913338
         vertex -0.114438 -0.0846227 -0.0908994
         vertex -0.0981621 -0.0846227 -0.0908994
      endloop
   endfacet
   facet normal 3.59272e-17 0.586736 -0.809778
      outer loop
         vertex -0.0981621 -0.0846227 -0.0908994
         vertex -0.0976388 -0.0852222 -0.0913338
         vertex -0.114961 -0.0852222 -0.0913338
      endloop
   endfacet
   facet normal 3.59272e-17 0.586736 -0.809778
      outer loop
         vertex -0.0974 -0.0854957 -0.091532
         vertex -0.1152 -0.0854957 -0.091532
         vertex -0.114961 -0.0852222 -0.0913338
      endloop
   endfacet
   facet normal 3.59272e-17 0.586736 -0.809778
      outer loop
         vertex -0.0976388 -0.0852222 -0.0913338
         vertex -0.0974 -0.0854957 -0.091532
         vertex -0.114961 -0.0852222 -0.0913338
      endloop
   endfacet
   facet normal 6.03021e-17 0.984808 -0.173648
      outer loop
         vertex -0.114438 -0.0846227 -0.0908994
         vertex -0.113 -0.0843729 -0.0894828
         vertex -0.0996 -0.0843729 -0.0894828
      endloop
   endfacet
   facet normal 6.03021e-17 0.984808 -0.173648
      outer loop
         vertex -0.0996 -0.0843729 -0.0894828
         vertex -0.0981621 -0.0846227 -0.0908994
         vertex -0.114438 -0.0846227 -0.0908994
      endloop
   endfacet
   facet normal 0.707107 -0.038282 -0.70607
      outer loop
         vertex -0.1152 -0.0817595 -0.0919523
         vertex -0.1152 -0.0782405 -0.0919523
         vertex -0.113 -0.0785378 -0.0897556
      endloop
   endfacet
   facet normal 0.707107 0.0341327 -0.706282
      outer loop
         vertex -0.113 -0.0785378 -0.0897556
         vertex -0.113 -0.0814622 -0.0897556
         vertex -0.1152 -0.0817595 -0.0919523
      endloop
   endfacet
   facet normal 0.707107 0.038282 -0.70607
      outer loop
         vertex -0.1152 -0.0782405 -0.0919523
         vertex -0.113 -0.0783596 -0.0897556
         vertex -0.113 -0.0785378 -0.0897556
      endloop
   endfacet
   facet normal 0.707107 -0.038282 -0.70607
      outer loop
         vertex -0.1152 -0.0817595 -0.0919523
         vertex -0.114438 -0.0846227 -0.0908994
         vertex -0.114961 -0.0852222 -0.0913338
      endloop
   endfacet
   facet normal 0.707107 -0.038282 -0.70607
      outer loop
         vertex -0.113 -0.0816404 -0.0897556
         vertex -0.113 -0.0843729 -0.0894828
         vertex -0.114438 -0.0846227 -0.0908994
      endloop
   endfacet
   facet normal 0.707107 -0.102991 -0.699566
      outer loop
         vertex -0.114438 -0.0846227 -0.0908994
         vertex -0.1152 -0.0817595 -0.0919523
         vertex -0.113 -0.0816404 -0.0897556
      endloop
   endfacet
   facet normal 0.707107 0.038282 -0.70607
      outer loop
         vertex -0.113 -0.0783596 -0.0897556
         vertex -0.1152 -0.0782405 -0.0919523
         vertex -0.114438 -0.0753773 -0.0908994
      endloop
   endfacet
   facet normal 0.707107 0.038282 -0.70607
      outer loop
         vertex -0.1152 -0.0782405 -0.0919523
         vertex -0.1152 -0.0747421 -0.0915719
         vertex -0.114961 -0.0747778 -0.0913338
      endloop
   endfacet
   facet normal 0.707107 0.114467 -0.69778
      outer loop
         vertex -0.114961 -0.0747778 -0.0913338
         vertex -0.114438 -0.0753773 -0.0908994
         vertex -0.1152 -0.0782405 -0.0919523
      endloop
   endfacet
   facet normal 0.707107 0.102991 -0.699566
      outer loop
         vertex -0.114438 -0.0753773 -0.0908994
         vertex -0.113 -0.0756271 -0.0894828
         vertex -0.113 -0.0783596 -0.0897556
      endloop
   endfacet
   facet normal 0.707107 0.114467 -0.69778
      outer loop
         vertex -0.114961 -0.0747778 -0.0913338
         vertex -0.1152 -0.0747421 -0.0915719
         vertex -0.1152 -0.0745043 -0.091532
      endloop
   endfacet
   facet normal 0.707107 -0.11957 -0.696924
      outer loop
         vertex -0.1152 -0.0854957 -0.091532
         vertex -0.1152 -0.0852579 -0.0915719
         vertex -0.114961 -0.0852222 -0.0913338
      endloop
   endfacet
   facet normal 0.707107 -0.114467 -0.69778
      outer loop
         vertex -0.114961 -0.0852222 -0.0913338
         vertex -0.1152 -0.0852579 -0.0915719
         vertex -0.1152 -0.0817595 -0.0919523
      endloop
   endfacet
   facet normal 0.707107 -0.0341327 -0.706282
      outer loop
         vertex -0.113 -0.0814622 -0.0897556
         vertex -0.113 -0.0816404 -0.0897556
         vertex -0.1152 -0.0817595 -0.0919523
      endloop
   endfacet
   facet normal -0.707107 -0.038282 -0.70607
      outer loop
         vertex -0.0974 -0.0817595 -0.0919523
         vertex -0.0996 -0.0814622 -0.0897556
         vertex -0.0996 -0.0785378 -0.0897556
      endloop
   endfacet
   facet normal -0.707107 0.0341327 -0.706282
      outer loop
         vertex -0.0996 -0.0785378 -0.0897556
         vertex -0.0974 -0.0782405 -0.0919523
         vertex -0.0974 -0.0817595 -0.0919523
      endloop
   endfacet
   facet normal -0.707107 -0.038282 -0.70607
      outer loop
         vertex -0.0974 -0.0817595 -0.0919523
         vertex -0.0996 -0.0816404 -0.0897556
         vertex -0.0996 -0.0814622 -0.0897556
      endloop
   endfacet
   facet normal -0.707107 0.038282 -0.70607
      outer loop
         vertex -0.0974 -0.0782405 -0.0919523
         vertex -0.0981621 -0.0753773 -0.0908994
         vertex -0.0976388 -0.0747778 -0.0913338
      endloop
   endfacet
   facet normal -0.707107 0.038282 -0.70607
      outer loop
         vertex -0.0996 -0.0783596 -0.0897556
         vertex -0.0996 -0.0756271 -0.0894828
         vertex -0.0981621 -0.0753773 -0.0908994
      endloop
   endfacet
   facet normal -0.707107 0.102991 -0.699566
      outer loop
         vertex -0.0981621 -0.0753773 -0.0908994
         vertex -0.0974 -0.0782405 -0.0919523
         vertex -0.0996 -0.0783596 -0.0897556
      endloop
   endfacet
   facet normal -0.707107 -0.038282 -0.70607
      outer loop
         vertex -0.0996 -0.0816404 -0.0897556
         vertex -0.0974 -0.0817595 -0.0919523
         vertex -0.0981621 -0.0846227 -0.0908994
      endloop
   endfacet
   facet normal -0.707107 -0.038282 -0.70607
      outer loop
         vertex -0.0974 -0.0817595 -0.0919523
         vertex -0.0974 -0.0852579 -0.0915719
         vertex -0.0976388 -0.0852222 -0.0913338
      endloop
   endfacet
   facet normal -0.707107 -0.114467 -0.69778
      outer loop
         vertex -0.0976388 -0.0852222 -0.0913338
         vertex -0.0981621 -0.0846227 -0.0908994
         vertex -0.0974 -0.0817595 -0.0919523
      endloop
   endfacet
   facet normal -0.707107 -0.102991 -0.699566
      outer loop
         vertex -0.0981621 -0.0846227 -0.0908994
         vertex -0.0996 -0.0843729 -0.0894828
         vertex -0.0996 -0.0816404 -0.0897556
      endloop
   endfacet
   facet normal -0.707107 -0.114467 -0.69778
      outer loop
         vertex -0.0976388 -0.0852222 -0.0913338
         vertex -0.0974 -0.0852579 -0.0915719
         vertex -0.0974 -0.0854957 -0.091532
      endloop
   endfacet
   facet normal -0.707107 0.11957 -0.696924
      outer loop
         vertex -0.0974 -0.0745043 -0.091532
         vertex -0.0974 -0.0747421 -0.0915719
         vertex -0.0976388 -0.0747778 -0.0913338
      endloop
   endfacet
   facet normal -0.707107 0.114467 -0.69778
      outer loop
         vertex -0.0976388 -0.0747778 -0.0913338
         vertex -0.0974 -0.0747421 -0.0915719
         vertex -0.0974 -0.0782405 -0.0919523
      endloop
   endfacet
   facet normal -0.707107 0.0341327 -0.706282
      outer loop
         vertex -0.0996 -0.0785378 -0.0897556
         vertex -0.0996 -0.0783596 -0.0897556
         vertex -0.0974 -0.0782405 -0.0919523
      endloop
   endfacet
   facet normal 0 0.048271 -0.998834
      outer loop
         vertex -0.113 -0.0785378 -0.0897556
         vertex -0.113 -0.0783596 -0.0897556
         vertex -0.0996 -0.0783596 -0.0897556
      endloop
   endfacet
   facet normal 0 0.0541389 -0.998533
      outer loop
         vertex -0.0996 -0.0783596 -0.0897556
         vertex -0.113 -0.0783596 -0.0897556
         vertex -0.113 -0.0756271 -0.0894828
      endloop
   endfacet
   facet normal 8.83704e-18 0.14432 -0.989531
      outer loop
         vertex -0.113 -0.0756271 -0.0894828
         vertex -0.0996 -0.0756271 -0.0894828
         vertex -0.0996 -0.0783596 -0.0897556
      endloop
   endfacet
   facet normal 0 0.048271 -0.998834
      outer loop
         vertex -0.113 -0.0785378 -0.0897556
         vertex -0.0996 -0.0785378 -0.0897556
         vertex -0.0996 -0.0814622 -0.0897556
      endloop
   endfacet
   facet normal 0 -0.0541389 -0.998533
      outer loop
         vertex -0.0996 -0.0816404 -0.0897556
         vertex -0.0996 -0.0843729 -0.0894828
         vertex -0.113 -0.0843729 -0.0894828
      endloop
   endfacet
   facet normal 0 -0.048271 -0.998834
      outer loop
         vertex -0.0996 -0.0814622 -0.0897556
         vertex -0.0996 -0.0816404 -0.0897556
         vertex -0.113 -0.0816404 -0.0897556
      endloop
   endfacet
   facet normal 0 -0.0541389 -0.998533
      outer loop
         vertex -0.113 -0.0816404 -0.0897556
         vertex -0.113 -0.0814622 -0.0897556
         vertex -0.0996 -0.0814622 -0.0897556
      endloop
   endfacet
   facet normal -8.83704e-18 -0.14432 -0.989531
      outer loop
         vertex -0.113 -0.0843729 -0.0894828
         vertex -0.113 -0.0816404 -0.0897556
         vertex -0.0996 -0.0816404 -0.0897556
      endloop
   endfacet
   facet normal 0 -0.048271 -0.998834
      outer loop
         vertex -0.0996 -0.0814622 -0.0897556
         vertex -0.113 -0.0814622 -0.0897556
         vertex -0.113 -0.0785378 -0.0897556
      endloop
   endfacet
   facet normal 0 0.0541389 -0.998533
      outer loop
         vertex -0.0996 -0.0783596 -0.0897556
         vertex -0.0996 -0.0785378 -0.0897556
         vertex -0.113 -0.0785378 -0.0897556
      endloop
   endfacet
   facet normal -6.03021e-17 -0.984808 -0.173648
      outer loop
         vertex -0.0981621 -0.0753773 -0.0908994
         vertex -0.0996 -0.0756271 -0.0894828
         vertex -0.113 -0.0756271 -0.0894828
      endloop
   endfacet
   facet normal -6.03021e-17 -0.984808 -0.173648
      outer loop
         vertex -0.113 -0.0756271 -0.0894828
         vertex -0.114438 -0.0753773 -0.0908994
         vertex -0.0981621 -0.0753773 -0.0908994
      endloop
   endfacet
   facet normal -3.59272e-17 -0.586736 -0.809778
      outer loop
         vertex -0.114961 -0.0747778 -0.0913338
         vertex -0.0976388 -0.0747778 -0.0913338
         vertex -0.0981621 -0.0753773 -0.0908994
      endloop
   endfacet
   facet normal -3.59272e-17 -0.586736 -0.809778
      outer loop
         vertex -0.0981621 -0.0753773 -0.0908994
         vertex -0.114438 -0.0753773 -0.0908994
         vertex -0.114961 -0.0747778 -0.0913338
      endloop
   endfacet
   facet normal -3.59272e-17 -0.586736 -0.809778
      outer loop
         vertex -0.1152 -0.0745043 -0.091532
         vertex -0.0974 -0.0745043 -0.091532
         vertex -0.0976388 -0.0747778 -0.0913338
      endloop
   endfacet
   facet normal -3.59272e-17 -0.586736 -0.809778
      outer loop
         vertex -0.114961 -0.0747778 -0.0913338
         vertex -0.1152 -0.0745043 -0.091532
         vertex -0.0976388 -0.0747778 -0.0913338
      endloop
   endfacet
   facet normal -3.59272e-17 -0.586736 0.809778
      outer loop
         vertex -0.0976388 -0.0747778 -0.0276662
         vertex -0.114961 -0.0747778 -0.0276662
         vertex -0.114438 -0.0753773 -0.0281006
      endloop
   endfacet
   facet normal -3.59272e-17 -0.586736 0.809778
      outer loop
         vertex -0.0976388 -0.0747778 -0.0276662
         vertex -0.1152 -0.0745043 -0.027468
         vertex -0.114961 -0.0747778 -0.0276662
      endloop
   endfacet
   facet normal -3.59272e-17 -0.586736 0.809778
      outer loop
         vertex -0.114438 -0.0753773 -0.0281006
         vertex -0.0981621 -0.0753773 -0.0281006
         vertex -0.0976388 -0.0747778 -0.0276662
      endloop
   endfacet
   facet normal -3.59272e-17 -0.586736 0.809778
      outer loop
         vertex -0.0976388 -0.0747778 -0.0276662
         vertex -0.0974 -0.0745043 -0.027468
         vertex -0.1152 -0.0745043 -0.027468
      endloop
   endfacet
   facet normal -6.03021e-17 -0.984808 0.173648
      outer loop
         vertex -0.0981621 -0.0753773 -0.0281006
         vertex -0.114438 -0.0753773 -0.0281006
         vertex -0.113 -0.0756271 -0.0295172
      endloop
   endfacet
   facet normal -6.03021e-17 -0.984808 0.173648
      outer loop
         vertex -0.113 -0.0756271 -0.0295172
         vertex -0.0996 -0.0756271 -0.0295172
         vertex -0.0981621 -0.0753773 -0.0281006
      endloop
   endfacet
   facet normal 0.707107 -0.038282 0.70607
      outer loop
         vertex -0.1152 -0.0817595 -0.0270477
         vertex -0.113 -0.0814622 -0.0292444
         vertex -0.113 -0.0785378 -0.0292444
      endloop
   endfacet
   facet normal 0.707107 -0.038282 0.70607
      outer loop
         vertex -0.1152 -0.0817595 -0.0270477
         vertex -0.113 -0.0816404 -0.0292444
         vertex -0.113 -0.0814622 -0.0292444
      endloop
   endfacet
   facet normal 0.707107 0.0341327 0.706282
      outer loop
         vertex -0.113 -0.0785378 -0.0292444
         vertex -0.1152 -0.0782405 -0.0270477
         vertex -0.1152 -0.0817595 -0.0270477
      endloop
   endfacet
   facet normal 0.707107 0.038282 0.70607
      outer loop
         vertex -0.1152 -0.0782405 -0.0270477
         vertex -0.114438 -0.0753773 -0.0281006
         vertex -0.114961 -0.0747778 -0.0276662
      endloop
   endfacet
   facet normal 0.707107 0.038282 0.70607
      outer loop
         vertex -0.113 -0.0783596 -0.0292444
         vertex -0.113 -0.0756271 -0.0295172
         vertex -0.114438 -0.0753773 -0.0281006
      endloop
   endfacet
   facet normal 0.707107 0.102991 0.699566
      outer loop
         vertex -0.114438 -0.0753773 -0.0281006
         vertex -0.1152 -0.0782405 -0.0270477
         vertex -0.113 -0.0783596 -0.0292444
      endloop
   endfacet
   facet normal 0.707107 -0.038282 0.70607
      outer loop
         vertex -0.113 -0.0816404 -0.0292444
         vertex -0.1152 -0.0817595 -0.0270477
         vertex -0.114438 -0.0846227 -0.0281006
      endloop
   endfacet
   facet normal 0.707107 -0.038282 0.70607
      outer loop
         vertex -0.1152 -0.0817595 -0.0270477
         vertex -0.1152 -0.0852579 -0.0274281
         vertex -0.114961 -0.0852222 -0.0276662
      endloop
   endfacet
   facet normal 0.707107 -0.114467 0.69778
      outer loop
         vertex -0.114961 -0.0852222 -0.0276662
         vertex -0.114438 -0.0846227 -0.0281006
         vertex -0.1152 -0.0817595 -0.0270477
      endloop
   endfacet
   facet normal 0.707107 -0.102991 0.699566
      outer loop
         vertex -0.114438 -0.0846227 -0.0281006
         vertex -0.113 -0.0843729 -0.0295172
         vertex -0.113 -0.0816404 -0.0292444
      endloop
   endfacet
   facet normal 0.707107 -0.114467 0.69778
      outer loop
         vertex -0.114961 -0.0852222 -0.0276662
         vertex -0.1152 -0.0852579 -0.0274281
         vertex -0.1152 -0.0854957 -0.027468
      endloop
   endfacet
   facet normal 0.707107 0.11957 0.696924
      outer loop
         vertex -0.1152 -0.0745043 -0.027468
         vertex -0.1152 -0.0747421 -0.0274281
         vertex -0.114961 -0.0747778 -0.0276662
      endloop
   endfacet
   facet normal 0.707107 0.114467 0.69778
      outer loop
         vertex -0.114961 -0.0747778 -0.0276662
         vertex -0.1152 -0.0747421 -0.0274281
         vertex -0.1152 -0.0782405 -0.0270477
      endloop
   endfacet
   facet normal 0.707107 0.0341327 0.706282
      outer loop
         vertex -0.113 -0.0785378 -0.0292444
         vertex -0.113 -0.0783596 -0.0292444
         vertex -0.1152 -0.0782405 -0.0270477
      endloop
   endfacet
   facet normal -0.707107 -0.038282 0.70607
      outer loop
         vertex -0.0974 -0.0817595 -0.0270477
         vertex -0.0974 -0.0782405 -0.0270477
         vertex -0.0996 -0.0785378 -0.0292444
      endloop
   endfacet
   facet normal -0.707107 0.0341327 0.706282
      outer loop
         vertex -0.0996 -0.0785378 -0.0292444
         vertex -0.0996 -0.0814622 -0.0292444
         vertex -0.0974 -0.0817595 -0.0270477
      endloop
   endfacet
   facet normal -0.707107 0.038282 0.70607
      outer loop
         vertex -0.0974 -0.0782405 -0.0270477
         vertex -0.0996 -0.0783596 -0.0292444
         vertex -0.0996 -0.0785378 -0.0292444
      endloop
   endfacet
   facet normal -0.707107 -0.038282 0.70607
      outer loop
         vertex -0.0974 -0.0817595 -0.0270477
         vertex -0.0981621 -0.0846227 -0.0281006
         vertex -0.0976388 -0.0852222 -0.0276662
      endloop
   endfacet
   facet normal -0.707107 -0.038282 0.70607
      outer loop
         vertex -0.0996 -0.0816404 -0.0292444
         vertex -0.0996 -0.0843729 -0.0295172
         vertex -0.0981621 -0.0846227 -0.0281006
      endloop
   endfacet
   facet normal -0.707107 -0.102991 0.699566
      outer loop
         vertex -0.0981621 -0.0846227 -0.0281006
         vertex -0.0974 -0.0817595 -0.0270477
         vertex -0.0996 -0.0816404 -0.0292444
      endloop
   endfacet
   facet normal -0.707107 0.038282 0.70607
      outer loop
         vertex -0.0996 -0.0783596 -0.0292444
         vertex -0.0974 -0.0782405 -0.0270477
         vertex -0.0981621 -0.0753773 -0.0281006
      endloop
   endfacet
   facet normal -0.707107 0.038282 0.70607
      outer loop
         vertex -0.0974 -0.0782405 -0.0270477
         vertex -0.0974 -0.0747421 -0.0274281
         vertex -0.0976388 -0.0747778 -0.0276662
      endloop
   endfacet
   facet normal -0.707107 0.114467 0.69778
      outer loop
         vertex -0.0976388 -0.0747778 -0.0276662
         vertex -0.0981621 -0.0753773 -0.0281006
         vertex -0.0974 -0.0782405 -0.0270477
      endloop
   endfacet
   facet normal -0.707107 0.102991 0.699566
      outer loop
         vertex -0.0981621 -0.0753773 -0.0281006
         vertex -0.0996 -0.0756271 -0.0295172
         vertex -0.0996 -0.0783596 -0.0292444
      endloop
   endfacet
   facet normal -0.707107 0.114467 0.69778
      outer loop
         vertex -0.0976388 -0.0747778 -0.0276662
         vertex -0.0974 -0.0747421 -0.0274281
         vertex -0.0974 -0.0745043 -0.027468
      endloop
   endfacet
   facet normal -0.707107 -0.11957 0.696924
      outer loop
         vertex -0.0974 -0.0854957 -0.027468
         vertex -0.0974 -0.0852579 -0.0274281
         vertex -0.0976388 -0.0852222 -0.0276662
      endloop
   endfacet
   facet normal -0.707107 -0.114467 0.69778
      outer loop
         vertex -0.0976388 -0.0852222 -0.0276662
         vertex -0.0974 -0.0852579 -0.0274281
         vertex -0.0974 -0.0817595 -0.0270477
      endloop
   endfacet
   facet normal -0.707107 -0.0341327 0.706282
      outer loop
         vertex -0.0996 -0.0814622 -0.0292444
         vertex -0.0996 -0.0816404 -0.0292444
         vertex -0.0974 -0.0817595 -0.0270477
      endloop
   endfacet
   facet normal 0 -0.0541389 0.998533
      outer loop
         vertex -0.113 -0.0816404 -0.0292444
         vertex -0.113 -0.0843729 -0.0295172
         vertex -0.0996 -0.0843729 -0.0295172
      endloop
   endfacet
   facet normal 0 -0.048271 0.998834
      outer loop
         vertex -0.113 -0.0814622 -0.0292444
         vertex -0.113 -0.0816404 -0.0292444
         vertex -0.0996 -0.0816404 -0.0292444
      endloop
   endfacet
   facet normal 0 -0.0541389 0.998533
      outer loop
         vertex -0.0996 -0.0816404 -0.0292444
         vertex -0.0996 -0.0814622 -0.0292444
         vertex -0.113 -0.0814622 -0.0292444
      endloop
   endfacet
   facet normal 0 -0.048271 0.998834
      outer loop
         vertex -0.113 -0.0814622 -0.0292444
         vertex -0.0996 -0.0814622 -0.0292444
         vertex -0.0996 -0.0785378 -0.0292444
      endloop
   endfacet
   facet normal 0 0.048271 0.998834
      outer loop
         vertex -0.0996 -0.0785378 -0.0292444
         vertex -0.0996 -0.0783596 -0.0292444
         vertex -0.113 -0.0783596 -0.0292444
      endloop
   endfacet
   facet normal 0 0.0541389 0.998533
      outer loop
         vertex -0.113 -0.0783596 -0.0292444
         vertex -0.0996 -0.0783596 -0.0292444
         vertex -0.0996 -0.0756271 -0.0295172
      endloop
   endfacet
   facet normal 8.83704e-18 0.14432 0.989531
      outer loop
         vertex -0.0996 -0.0756271 -0.0295172
         vertex -0.113 -0.0756271 -0.0295172
         vertex -0.113 -0.0783596 -0.0292444
      endloop
   endfacet
   facet normal 0 0.0541389 0.998533
      outer loop
         vertex -0.113 -0.0783596 -0.0292444
         vertex -0.113 -0.0785378 -0.0292444
         vertex -0.0996 -0.0785378 -0.0292444
      endloop
   endfacet
   facet normal 0 0.048271 0.998834
      outer loop
         vertex -0.0996 -0.0785378 -0.0292444
         vertex -0.113 -0.0785378 -0.0292444
         vertex -0.113 -0.0814622 -0.0292444
      endloop
   endfacet
   facet normal -8.83704e-18 -0.14432 0.989531
      outer loop
         vertex -0.0996 -0.0843729 -0.0295172
         vertex -0.0996 -0.0816404 -0.0292444
         vertex -0.113 -0.0816404 -0.0292444
      endloop
   endfacet
   facet normal 6.03021e-17 0.984808 0.173648
      outer loop
         vertex -0.114438 -0.0846227 -0.0281006
         vertex -0.0981621 -0.0846227 -0.0281006
         vertex -0.0996 -0.0843729 -0.0295172
      endloop
   endfacet
   facet normal 6.03021e-17 0.984808 0.173648
      outer loop
         vertex -0.0996 -0.0843729 -0.0295172
         vertex -0.113 -0.0843729 -0.0295172
         vertex -0.114438 -0.0846227 -0.0281006
      endloop
   endfacet
   facet normal 3.59272e-17 0.586736 0.809778
      outer loop
         vertex -0.114961 -0.0852222 -0.0276662
         vertex -0.0976388 -0.0852222 -0.0276662
         vertex -0.0981621 -0.0846227 -0.0281006
      endloop
   endfacet
   facet normal 3.59272e-17 0.586736 0.809778
      outer loop
         vertex -0.114961 -0.0852222 -0.0276662
         vertex -0.0974 -0.0854957 -0.027468
         vertex -0.0976388 -0.0852222 -0.0276662
      endloop
   endfacet
   facet normal 3.59272e-17 0.586736 0.809778
      outer loop
         vertex -0.0981621 -0.0846227 -0.0281006
         vertex -0.114438 -0.0846227 -0.0281006
         vertex -0.114961 -0.0852222 -0.0276662
      endloop
   endfacet
   facet normal 3.59272e-17 0.586736 0.809778
      outer loop
         vertex -0.114961 -0.0852222 -0.0276662
         vertex -0.1152 -0.0854957 -0.027468
         vertex -0.0974 -0.0854957 -0.027468
      endloop
   endfacet
   facet normal 5.07195e-17 0.828312 -0.560267
      outer loop
         vertex -0.0974 -0.0742087 -0.0914798
         vertex -0.1152 -0.0742087 -0.0914798
         vertex -0.114438 -0.0736047 -0.0905869
      endloop
   endfacet
   facet normal 5.07195e-17 0.828312 -0.560267
      outer loop
         vertex -0.114438 -0.0736047 -0.0905869
         vertex -0.0981621 -0.0736047 -0.0905869
         vertex -0.0974 -0.0742087 -0.0914798
      endloop
   endfacet
   facet normal 6.03021e-17 0.984808 0.173648
      outer loop
         vertex -0.0981621 -0.0736047 -0.0905869
         vertex -0.114438 -0.0736047 -0.0905869
         vertex -0.113 -0.0738545 -0.0891702
      endloop
   endfacet
   facet normal 6.03021e-17 0.984808 0.173648
      outer loop
         vertex -0.113 -0.0738545 -0.0891702
         vertex -0.0996 -0.0738545 -0.0891702
         vertex -0.0981621 -0.0736047 -0.0905869
      endloop
   endfacet
   facet normal 0.707107 0.331215 -0.624737
      outer loop
         vertex -0.1152 -0.0647767 -0.0882141
         vertex -0.113 -0.0658072 -0.0862704
         vertex -0.113 -0.0682853 -0.0874169
      endloop
   endfacet
   facet normal 0.707107 0.273608 -0.652026
      outer loop
         vertex -0.113 -0.0682853 -0.0874169
         vertex -0.1152 -0.0679705 -0.0896917
         vertex -0.1152 -0.0647767 -0.0882141
      endloop
   endfacet
   facet normal 0.707107 0.261727 -0.656886
      outer loop
         vertex -0.1152 -0.0679705 -0.0896917
         vertex -0.113 -0.0687848 -0.087648
         vertex -0.113 -0.0710342 -0.0884059
      endloop
   endfacet
   facet normal 0.707107 0.209479 -0.675365
      outer loop
         vertex -0.113 -0.0710342 -0.0884059
         vertex -0.1152 -0.0713053 -0.0908154
         vertex -0.1152 -0.0679705 -0.0896917
      endloop
   endfacet
   facet normal 0.707107 0.189171 -0.681333
      outer loop
         vertex -0.113 -0.0718939 -0.0886956
         vertex -0.113 -0.0738545 -0.0891702
         vertex -0.114438 -0.0736047 -0.0905869
      endloop
   endfacet
   facet normal 0.707107 0.142485 -0.692602
      outer loop
         vertex -0.114438 -0.0736047 -0.0905869
         vertex -0.1152 -0.0713053 -0.0908154
         vertex -0.113 -0.0718939 -0.0886956
      endloop
   endfacet
   facet normal 0.707107 0.331215 -0.624737
      outer loop
         vertex -0.113 -0.0658072 -0.0862704
         vertex -0.1152 -0.0647767 -0.0882141
         vertex -0.114438 -0.0649169 -0.0874248
      endloop
   endfacet
   facet normal 0.707107 0.331215 -0.624737
      outer loop
         vertex -0.1152 -0.0647767 -0.0882141
         vertex -0.1152 -0.0638802 -0.0877206
         vertex -0.114438 -0.0649169 -0.0874248
      endloop
   endfacet
   facet normal 0.707107 0.336046 -0.622152
      outer loop
         vertex -0.114438 -0.0649169 -0.0874248
         vertex -0.113 -0.0656361 -0.086179
         vertex -0.113 -0.0658072 -0.0862704
      endloop
   endfacet
   facet normal 0.707107 0.142485 -0.692602
      outer loop
         vertex -0.114438 -0.0736047 -0.0905869
         vertex -0.1152 -0.0742087 -0.0914798
         vertex -0.1152 -0.0713053 -0.0908154
      endloop
   endfacet
   facet normal 0.707107 0.209479 -0.675365
      outer loop
         vertex -0.113 -0.0710342 -0.0884059
         vertex -0.113 -0.0718939 -0.0886956
         vertex -0.1152 -0.0713053 -0.0908154
      endloop
   endfacet
   facet normal 0.707107 0.273608 -0.652026
      outer loop
         vertex -0.113 -0.0682853 -0.0874169
         vertex -0.113 -0.0687848 -0.087648
         vertex -0.1152 -0.0679705 -0.0896917
      endloop
   endfacet
   facet normal -0.707107 0.261727 -0.656886
      outer loop
         vertex -0.0974 -0.0679705 -0.0896917
         vertex -0.0974 -0.0713053 -0.0908154
         vertex -0.0996 -0.0710342 -0.0884059
      endloop
   endfacet
   facet normal -0.707107 0.189171 -0.681333
      outer loop
         vertex -0.0974 -0.0713053 -0.0908154
         vertex -0.0996 -0.0718939 -0.0886956
         vertex -0.0996 -0.0710342 -0.0884059
      endloop
   endfacet
   facet normal -0.707107 0.331215 -0.624737
      outer loop
         vertex -0.0974 -0.0647767 -0.0882141
         vertex -0.0974 -0.0679705 -0.0896917
         vertex -0.0996 -0.0682853 -0.0874169
      endloop
   endfacet
   facet normal -0.707107 0.261727 -0.656886
      outer loop
         vertex -0.0974 -0.0679705 -0.0896917
         vertex -0.0996 -0.0687848 -0.087648
         vertex -0.0996 -0.0682853 -0.0874169
      endloop
   endfacet
   facet normal -0.707107 0.331215 -0.624737
      outer loop
         vertex -0.0996 -0.0658072 -0.0862704
         vertex -0.0996 -0.0656361 -0.086179
         vertex -0.0981621 -0.0649169 -0.0874248
      endloop
   endfacet
   facet normal -0.707107 0.336046 -0.622152
      outer loop
         vertex -0.0981621 -0.0649169 -0.0874248
         vertex -0.0974 -0.0647767 -0.0882141
         vertex -0.0996 -0.0658072 -0.0862704
      endloop
   endfacet
   facet normal -0.707107 0.189171 -0.681333
      outer loop
         vertex -0.0996 -0.0718939 -0.0886956
         vertex -0.0974 -0.0713053 -0.0908154
         vertex -0.0981621 -0.0736047 -0.0905869
      endloop
   endfacet
   facet normal -0.707107 0.189171 -0.681333
      outer loop
         vertex -0.0974 -0.0713053 -0.0908154
         vertex -0.0974 -0.0742087 -0.0914798
         vertex -0.0981621 -0.0736047 -0.0905869
      endloop
   endfacet
   facet normal -0.707107 0.142485 -0.692602
      outer loop
         vertex -0.0981621 -0.0736047 -0.0905869
         vertex -0.0996 -0.0738545 -0.0891702
         vertex -0.0996 -0.0718939 -0.0886956
      endloop
   endfacet
   facet normal -0.707107 0.336046 -0.622152
      outer loop
         vertex -0.0981621 -0.0649169 -0.0874248
         vertex -0.0974 -0.0638802 -0.0877206
         vertex -0.0974 -0.0647767 -0.0882141
      endloop
   endfacet
   facet normal -0.707107 0.273608 -0.652026
      outer loop
         vertex -0.0996 -0.0682853 -0.0874169
         vertex -0.0996 -0.0658072 -0.0862704
         vertex -0.0974 -0.0647767 -0.0882141
      endloop
   endfacet
   facet normal -0.707107 0.209479 -0.675365
      outer loop
         vertex -0.0996 -0.0710342 -0.0884059
         vertex -0.0996 -0.0687848 -0.087648
         vertex -0.0974 -0.0679705 -0.0896917
      endloop
   endfacet
   facet normal 2.90275e-17 0.474056 -0.880495
      outer loop
         vertex -0.0996 -0.0656361 -0.086179
         vertex -0.0996 -0.0658072 -0.0862704
         vertex -0.113 -0.0658072 -0.0862704
      endloop
   endfacet
   facet normal 0 0.386941 -0.922105
      outer loop
         vertex -0.113 -0.0682853 -0.0874169
         vertex -0.113 -0.0658072 -0.0862704
         vertex -0.0996 -0.0658072 -0.0862704
      endloop
   endfacet
   facet normal 2.86258e-17 0.468408 -0.883512
      outer loop
         vertex -0.0996 -0.0658072 -0.0862704
         vertex -0.0996 -0.0682853 -0.0874169
         vertex -0.113 -0.0682853 -0.0874169
      endloop
   endfacet
   facet normal 0 0.296248 -0.955111
      outer loop
         vertex -0.113 -0.0710342 -0.0884059
         vertex -0.113 -0.0687848 -0.087648
         vertex -0.0996 -0.0687848 -0.087648
      endloop
   endfacet
   facet normal 0 0.386941 -0.922105
      outer loop
         vertex -0.0996 -0.0682853 -0.0874169
         vertex -0.0996 -0.0687848 -0.087648
         vertex -0.113 -0.0687848 -0.087648
      endloop
   endfacet
   facet normal 0 0.370138 -0.928977
      outer loop
         vertex -0.113 -0.0687848 -0.087648
         vertex -0.113 -0.0682853 -0.0874169
         vertex -0.0996 -0.0682853 -0.0874169
      endloop
   endfacet
   facet normal 0 0.296248 -0.955111
      outer loop
         vertex -0.0996 -0.0710342 -0.0884059
         vertex -0.0996 -0.0718939 -0.0886956
         vertex -0.113 -0.0718939 -0.0886956
      endloop
   endfacet
   facet normal 1.24193e-17 0.202823 -0.979215
      outer loop
         vertex -0.0996 -0.0738545 -0.0891702
         vertex -0.113 -0.0738545 -0.0891702
         vertex -0.113 -0.0718939 -0.0886956
      endloop
   endfacet
   facet normal 1.43129e-17 0.267528 -0.96355
      outer loop
         vertex -0.113 -0.0718939 -0.0886956
         vertex -0.0996 -0.0718939 -0.0886956
         vertex -0.0996 -0.0738545 -0.0891702
      endloop
   endfacet
   facet normal 1.43129e-17 0.267528 -0.96355
      outer loop
         vertex -0.113 -0.0718939 -0.0886956
         vertex -0.113 -0.0710342 -0.0884059
         vertex -0.0996 -0.0710342 -0.0884059
      endloop
   endfacet
   facet normal 0 0.370138 -0.928977
      outer loop
         vertex -0.0996 -0.0687848 -0.087648
         vertex -0.0996 -0.0710342 -0.0884059
         vertex -0.113 -0.0710342 -0.0884059
      endloop
   endfacet
   facet normal 2.86258e-17 0.468408 -0.883512
      outer loop
         vertex -0.113 -0.0658072 -0.0862704
         vertex -0.113 -0.0656361 -0.086179
         vertex -0.0996 -0.0656361 -0.086179
      endloop
   endfacet
   facet normal -5.30288e-17 -0.866025 -0.5
      outer loop
         vertex -0.114438 -0.0649169 -0.0874248
         vertex -0.0981621 -0.0649169 -0.0874248
         vertex -0.0996 -0.0656361 -0.086179
      endloop
   endfacet
   facet normal -5.30288e-17 -0.866025 -0.5
      outer loop
         vertex -0.0996 -0.0656361 -0.086179
         vertex -0.113 -0.0656361 -0.086179
         vertex -0.114438 -0.0649169 -0.0874248
      endloop
   endfacet
   facet normal -1.68016e-17 -0.274391 -0.961618
      outer loop
         vertex -0.0974 -0.0638802 -0.0877206
         vertex -0.0981621 -0.0649169 -0.0874248
         vertex -0.114438 -0.0649169 -0.0874248
      endloop
   endfacet
   facet normal -1.68016e-17 -0.274391 -0.961618
      outer loop
         vertex -0.114438 -0.0649169 -0.0874248
         vertex -0.1152 -0.0638802 -0.0877206
         vertex -0.0974 -0.0638802 -0.0877206
      endloop
   endfacet
   facet normal -5.07195e-17 -0.828312 0.560267
      outer loop
         vertex -0.1152 -0.0857913 -0.0275202
         vertex -0.114438 -0.0863953 -0.0284131
         vertex -0.0981621 -0.0863953 -0.0284131
      endloop
   endfacet
   facet normal -5.07195e-17 -0.828312 0.560267
      outer loop
         vertex -0.0981621 -0.0863953 -0.0284131
         vertex -0.0974 -0.0857913 -0.0275202
         vertex -0.1152 -0.0857913 -0.0275202
      endloop
   endfacet
   facet normal -6.03021e-17 -0.984808 -0.173648
      outer loop
         vertex -0.0981621 -0.0863953 -0.0284131
         vertex -0.114438 -0.0863953 -0.0284131
         vertex -0.113 -0.0861455 -0.0298298
      endloop
   endfacet
   facet normal -6.03021e-17 -0.984808 -0.173648
      outer loop
         vertex -0.113 -0.0861455 -0.0298298
         vertex -0.0996 -0.0861455 -0.0298298
         vertex -0.0981621 -0.0863953 -0.0284131
      endloop
   endfacet
   facet normal 0.707107 -0.331215 0.624737
      outer loop
         vertex -0.1152 -0.0952233 -0.0307859
         vertex -0.113 -0.0941928 -0.0327296
         vertex -0.113 -0.0917147 -0.0315831
      endloop
   endfacet
   facet normal 0.707107 -0.273608 0.652026
      outer loop
         vertex -0.113 -0.0917147 -0.0315831
         vertex -0.1152 -0.0920295 -0.0293083
         vertex -0.1152 -0.0952233 -0.0307859
      endloop
   endfacet
   facet normal 0.707107 -0.261727 0.656886
      outer loop
         vertex -0.1152 -0.0920295 -0.0293083
         vertex -0.113 -0.0912152 -0.031352
         vertex -0.113 -0.0889658 -0.0305941
      endloop
   endfacet
   facet normal 0.707107 -0.209479 0.675365
      outer loop
         vertex -0.113 -0.0889658 -0.0305941
         vertex -0.1152 -0.0886947 -0.0281846
         vertex -0.1152 -0.0920295 -0.0293083
      endloop
   endfacet
   facet normal 0.707107 -0.189171 0.681333
      outer loop
         vertex -0.113 -0.0881061 -0.0303044
         vertex -0.113 -0.0861455 -0.0298298
         vertex -0.114438 -0.0863953 -0.0284131
      endloop
   endfacet
   facet normal 0.707107 -0.142485 0.692602
      outer loop
         vertex -0.114438 -0.0863953 -0.0284131
         vertex -0.1152 -0.0886947 -0.0281846
         vertex -0.113 -0.0881061 -0.0303044
      endloop
   endfacet
   facet normal 0.707107 -0.331215 0.624737
      outer loop
         vertex -0.113 -0.0941928 -0.0327296
         vertex -0.1152 -0.0952233 -0.0307859
         vertex -0.114438 -0.0950831 -0.0315752
      endloop
   endfacet
   facet normal 0.707107 -0.331215 0.624737
      outer loop
         vertex -0.1152 -0.0952233 -0.0307859
         vertex -0.1152 -0.0961198 -0.0312794
         vertex -0.114438 -0.0950831 -0.0315752
      endloop
   endfacet
   facet normal 0.707107 -0.336046 0.622152
      outer loop
         vertex -0.114438 -0.0950831 -0.0315752
         vertex -0.113 -0.0943639 -0.032821
         vertex -0.113 -0.0941928 -0.0327296
      endloop
   endfacet
   facet normal 0.707107 -0.142485 0.692602
      outer loop
         vertex -0.114438 -0.0863953 -0.0284131
         vertex -0.1152 -0.0857913 -0.0275202
         vertex -0.1152 -0.0886947 -0.0281846
      endloop
   endfacet
   facet normal 0.707107 -0.209479 0.675365
      outer loop
         vertex -0.113 -0.0889658 -0.0305941
         vertex -0.113 -0.0881061 -0.0303044
         vertex -0.1152 -0.0886947 -0.0281846
      endloop
   endfacet
   facet normal 0.707107 -0.273608 0.652026
      outer loop
         vertex -0.113 -0.0917147 -0.0315831
         vertex -0.113 -0.0912152 -0.031352
         vertex -0.1152 -0.0920295 -0.0293083
      endloop
   endfacet
   facet normal -0.707107 -0.261727 0.656886
      outer loop
         vertex -0.0974 -0.0920295 -0.0293083
         vertex -0.0974 -0.0886947 -0.0281846
         vertex -0.0996 -0.0889658 -0.0305941
      endloop
   endfacet
   facet normal -0.707107 -0.189171 0.681333
      outer loop
         vertex -0.0974 -0.0886947 -0.0281846
         vertex -0.0996 -0.0881061 -0.0303044
         vertex -0.0996 -0.0889658 -0.0305941
      endloop
   endfacet
   facet normal -0.707107 -0.331215 0.624737
      outer loop
         vertex -0.0974 -0.0952233 -0.0307859
         vertex -0.0974 -0.0920295 -0.0293083
         vertex -0.0996 -0.0917147 -0.0315831
      endloop
   endfacet
   facet normal -0.707107 -0.261727 0.656886
      outer loop
         vertex -0.0974 -0.0920295 -0.0293083
         vertex -0.0996 -0.0912152 -0.031352
         vertex -0.0996 -0.0917147 -0.0315831
      endloop
   endfacet
   facet normal -0.707107 -0.331215 0.624737
      outer loop
         vertex -0.0996 -0.0941928 -0.0327296
         vertex -0.0996 -0.0943639 -0.032821
         vertex -0.0981621 -0.0950831 -0.0315752
      endloop
   endfacet
   facet normal -0.707107 -0.336046 0.622152
      outer loop
         vertex -0.0981621 -0.0950831 -0.0315752
         vertex -0.0974 -0.0952233 -0.0307859
         vertex -0.0996 -0.0941928 -0.0327296
      endloop
   endfacet
   facet normal -0.707107 -0.189171 0.681333
      outer loop
         vertex -0.0996 -0.0881061 -0.0303044
         vertex -0.0974 -0.0886947 -0.0281846
         vertex -0.0981621 -0.0863953 -0.0284131
      endloop
   endfacet
   facet normal -0.707107 -0.189171 0.681333
      outer loop
         vertex -0.0974 -0.0886947 -0.0281846
         vertex -0.0974 -0.0857913 -0.0275202
         vertex -0.0981621 -0.0863953 -0.0284131
      endloop
   endfacet
   facet normal -0.707107 -0.142485 0.692602
      outer loop
         vertex -0.0981621 -0.0863953 -0.0284131
         vertex -0.0996 -0.0861455 -0.0298298
         vertex -0.0996 -0.0881061 -0.0303044
      endloop
   endfacet
   facet normal -0.707107 -0.336046 0.622152
      outer loop
         vertex -0.0981621 -0.0950831 -0.0315752
         vertex -0.0974 -0.0961198 -0.0312794
         vertex -0.0974 -0.0952233 -0.0307859
      endloop
   endfacet
   facet normal -0.707107 -0.273608 0.652026
      outer loop
         vertex -0.0996 -0.0917147 -0.0315831
         vertex -0.0996 -0.0941928 -0.0327296
         vertex -0.0974 -0.0952233 -0.0307859
      endloop
   endfacet
   facet normal -0.707107 -0.209479 0.675365
      outer loop
         vertex -0.0996 -0.0889658 -0.0305941
         vertex -0.0996 -0.0912152 -0.031352
         vertex -0.0974 -0.0920295 -0.0293083
      endloop
   endfacet
   facet normal -5.72516e-17 -0.468408 0.883512
      outer loop
         vertex -0.113 -0.0941928 -0.0327296
         vertex -0.113 -0.0943639 -0.032821
         vertex -0.0996 -0.0943639 -0.032821
      endloop
   endfacet
   facet normal 0 -0.386941 0.922105
      outer loop
         vertex -0.113 -0.0917147 -0.0315831
         vertex -0.113 -0.0941928 -0.0327296
         vertex -0.0996 -0.0941928 -0.0327296
      endloop
   endfacet
   facet normal -2.86258e-17 -0.468408 0.883512
      outer loop
         vertex -0.0996 -0.0941928 -0.0327296
         vertex -0.0996 -0.0917147 -0.0315831
         vertex -0.113 -0.0917147 -0.0315831
      endloop
   endfacet
   facet normal 0 -0.296248 0.955111
      outer loop
         vertex -0.113 -0.0889658 -0.0305941
         vertex -0.113 -0.0912152 -0.031352
         vertex -0.0996 -0.0912152 -0.031352
      endloop
   endfacet
   facet normal 0 -0.386941 0.922105
      outer loop
         vertex -0.0996 -0.0917147 -0.0315831
         vertex -0.0996 -0.0912152 -0.031352
         vertex -0.113 -0.0912152 -0.031352
      endloop
   endfacet
   facet normal 0 -0.370138 0.928977
      outer loop
         vertex -0.113 -0.0912152 -0.031352
         vertex -0.113 -0.0917147 -0.0315831
         vertex -0.0996 -0.0917147 -0.0315831
      endloop
   endfacet
   facet normal 0 -0.296248 0.955111
      outer loop
         vertex -0.0996 -0.0889658 -0.0305941
         vertex -0.0996 -0.0881061 -0.0303044
         vertex -0.113 -0.0881061 -0.0303044
      endloop
   endfacet
   facet normal -1.43129e-17 -0.267528 0.96355
      outer loop
         vertex -0.113 -0.0881061 -0.0303044
         vertex -0.0996 -0.0881061 -0.0303044
         vertex -0.0996 -0.0861455 -0.0298298
      endloop
   endfacet
   facet normal -1.24193e-17 -0.202823 0.979215
      outer loop
         vertex -0.0996 -0.0861455 -0.0298298
         vertex -0.113 -0.0861455 -0.0298298
         vertex -0.113 -0.0881061 -0.0303044
      endloop
   endfacet
   facet normal -1.43129e-17 -0.267528 0.96355
      outer loop
         vertex -0.113 -0.0881061 -0.0303044
         vertex -0.113 -0.0889658 -0.0305941
         vertex -0.0996 -0.0889658 -0.0305941
      endloop
   endfacet
   facet normal 0 -0.370138 0.928977
      outer loop
         vertex -0.0996 -0.0912152 -0.031352
         vertex -0.0996 -0.0889658 -0.0305941
         vertex -0.113 -0.0889658 -0.0305941
      endloop
   endfacet
   facet normal -2.90275e-17 -0.474056 0.880495
      outer loop
         vertex -0.0996 -0.0943639 -0.032821
         vertex -0.0996 -0.0941928 -0.0327296
         vertex -0.113 -0.0941928 -0.0327296
      endloop
   endfacet
   facet normal 5.30288e-17 0.866025 0.5
      outer loop
         vertex -0.114438 -0.0950831 -0.0315752
         vertex -0.0981621 -0.0950831 -0.0315752
         vertex -0.0996 -0.0943639 -0.032821
      endloop
   endfacet
   facet normal 5.30288e-17 0.866025 0.5
      outer loop
         vertex -0.0996 -0.0943639 -0.032821
         vertex -0.113 -0.0943639 -0.032821
         vertex -0.114438 -0.0950831 -0.0315752
      endloop
   endfacet
   facet normal 1.68016e-17 0.274391 0.961618
      outer loop
         vertex -0.0974 -0.0961198 -0.0312794
         vertex -0.0981621 -0.0950831 -0.0315752
         vertex -0.114438 -0.0950831 -0.0315752
      endloop
   endfacet
   facet normal 1.68016e-17 0.274391 0.961618
      outer loop
         vertex -0.114438 -0.0950831 -0.0315752
         vertex -0.1152 -0.0961198 -0.0312794
         vertex -0.0974 -0.0961198 -0.0312794
      endloop
   endfacet
   facet normal 5.93942e-17 0.969981 -0.243179
      outer loop
         vertex -0.0974 -0.0636202 -0.0875705
         vertex -0.1152 -0.0636202 -0.0875705
         vertex -0.114438 -0.063358 -0.0865248
      endloop
   endfacet
   facet normal 5.93942e-17 0.969981 -0.243179
      outer loop
         vertex -0.114438 -0.063358 -0.0865248
         vertex -0.0981621 -0.063358 -0.0865248
         vertex -0.0974 -0.0636202 -0.0875705
      endloop
   endfacet
   facet normal 5.30288e-17 0.866025 0.5
      outer loop
         vertex -0.0981621 -0.063358 -0.0865248
         vertex -0.114438 -0.063358 -0.0865248
         vertex -0.113 -0.0640773 -0.085279
      endloop
   endfacet
   facet normal 5.30288e-17 0.866025 0.5
      outer loop
         vertex -0.113 -0.0640773 -0.085279
         vertex -0.0996 -0.0640773 -0.085279
         vertex -0.0981621 -0.063358 -0.0865248
      endloop
   endfacet
   facet normal 0.707107 0.513356 -0.486277
      outer loop
         vertex -0.1152 -0.0564051 -0.0818502
         vertex -0.113 -0.0580023 -0.0803373
         vertex -0.113 -0.0594552 -0.0817135
      endloop
   endfacet
   facet normal 0.707107 0.480121 -0.519119
      outer loop
         vertex -0.113 -0.0594552 -0.0817135
         vertex -0.1152 -0.0589599 -0.0842703
         vertex -0.1152 -0.0564051 -0.0818502
      endloop
   endfacet
   facet normal 0.707107 0.457771 -0.53893
      outer loop
         vertex -0.1152 -0.0589599 -0.0842703
         vertex -0.113 -0.0603842 -0.0825935
         vertex -0.113 -0.0616932 -0.0835886
      endloop
   endfacet
   facet normal 0.707107 0.427851 -0.562978
      outer loop
         vertex -0.113 -0.0616932 -0.0835886
         vertex -0.1152 -0.0617614 -0.0863999
         vertex -0.1152 -0.0589599 -0.0842703
      endloop
   endfacet
   facet normal 0.707107 0.396819 -0.585265
      outer loop
         vertex -0.113 -0.062996 -0.084579
         vertex -0.113 -0.0640773 -0.085279
         vertex -0.114438 -0.063358 -0.0865248
      endloop
   endfacet
   facet normal 0.707107 0.370776 -0.6021
      outer loop
         vertex -0.114438 -0.063358 -0.0865248
         vertex -0.1152 -0.0617614 -0.0863999
         vertex -0.113 -0.062996 -0.084579
      endloop
   endfacet
   facet normal 0.707107 0.513356 -0.486277
      outer loop
         vertex -0.113 -0.0580023 -0.0803373
         vertex -0.1152 -0.0564051 -0.0818502
         vertex -0.114438 -0.0562757 -0.080582
      endloop
   endfacet
   facet normal 0.707107 0.513356 -0.486277
      outer loop
         vertex -0.1152 -0.0564051 -0.0818502
         vertex -0.1152 -0.0552003 -0.0805054
         vertex -0.114438 -0.0562757 -0.080582
      endloop
   endfacet
   facet normal 0.707107 0.528568 -0.469697
      outer loop
         vertex -0.114438 -0.0562757 -0.080582
         vertex -0.113 -0.0573776 -0.0796573
         vertex -0.113 -0.0580023 -0.0803373
      endloop
   endfacet
   facet normal 0.707107 0.370776 -0.6021
      outer loop
         vertex -0.114438 -0.063358 -0.0865248
         vertex -0.1152 -0.0636202 -0.0875705
         vertex -0.1152 -0.0617614 -0.0863999
      endloop
   endfacet
   facet normal 0.707107 0.427851 -0.562978
      outer loop
         vertex -0.113 -0.0616932 -0.0835886
         vertex -0.113 -0.062996 -0.084579
         vertex -0.1152 -0.0617614 -0.0863999
      endloop
   endfacet
   facet normal 0.707107 0.480121 -0.519119
      outer loop
         vertex -0.113 -0.0594552 -0.0817135
         vertex -0.113 -0.0603842 -0.0825935
         vertex -0.1152 -0.0589599 -0.0842703
      endloop
   endfacet
   facet normal -0.707107 0.457771 -0.53893
      outer loop
         vertex -0.0974 -0.0589599 -0.0842703
         vertex -0.0974 -0.0617614 -0.0863999
         vertex -0.0996 -0.0616932 -0.0835886
      endloop
   endfacet
   facet normal -0.707107 0.396819 -0.585265
      outer loop
         vertex -0.0974 -0.0617614 -0.0863999
         vertex -0.0996 -0.062996 -0.084579
         vertex -0.0996 -0.0616932 -0.0835886
      endloop
   endfacet
   facet normal -0.707107 0.513356 -0.486277
      outer loop
         vertex -0.0974 -0.0564051 -0.0818502
         vertex -0.0974 -0.0589599 -0.0842703
         vertex -0.0996 -0.0594552 -0.0817135
      endloop
   endfacet
   facet normal -0.707107 0.457771 -0.53893
      outer loop
         vertex -0.0974 -0.0589599 -0.0842703
         vertex -0.0996 -0.0603842 -0.0825935
         vertex -0.0996 -0.0594552 -0.0817135
      endloop
   endfacet
   facet normal -0.707107 0.513356 -0.486277
      outer loop
         vertex -0.0996 -0.0580023 -0.0803373
         vertex -0.0996 -0.0573776 -0.0796573
         vertex -0.0981621 -0.0562757 -0.080582
      endloop
   endfacet
   facet normal -0.707107 0.528568 -0.469697
      outer loop
         vertex -0.0981621 -0.0562757 -0.080582
         vertex -0.0974 -0.0564051 -0.0818502
         vertex -0.0996 -0.0580023 -0.0803373
      endloop
   endfacet
   facet normal -0.707107 0.396819 -0.585265
      outer loop
         vertex -0.0996 -0.062996 -0.084579
         vertex -0.0974 -0.0617614 -0.0863999
         vertex -0.0981621 -0.063358 -0.0865248
      endloop
   endfacet
   facet normal -0.707107 0.396819 -0.585265
      outer loop
         vertex -0.0974 -0.0617614 -0.0863999
         vertex -0.0974 -0.0636202 -0.0875705
         vertex -0.0981621 -0.063358 -0.0865248
      endloop
   endfacet
   facet normal -0.707107 0.370776 -0.6021
      outer loop
         vertex -0.0981621 -0.063358 -0.0865248
         vertex -0.0996 -0.0640773 -0.085279
         vertex -0.0996 -0.062996 -0.084579
      endloop
   endfacet
   facet normal -0.707107 0.528568 -0.469697
      outer loop
         vertex -0.0981621 -0.0562757 -0.080582
         vertex -0.0974 -0.0552003 -0.0805054
         vertex -0.0974 -0.0564051 -0.0818502
      endloop
   endfacet
   facet normal -0.707107 0.480121 -0.519119
      outer loop
         vertex -0.0996 -0.0594552 -0.0817135
         vertex -0.0996 -0.0580023 -0.0803373
         vertex -0.0974 -0.0564051 -0.0818502
      endloop
   endfacet
   facet normal -0.707107 0.427851 -0.562978
      outer loop
         vertex -0.0996 -0.0616932 -0.0835886
         vertex -0.0996 -0.0603842 -0.0825935
         vertex -0.0974 -0.0589599 -0.0842703
      endloop
   endfacet
   facet normal 5.72516e-17 0.678993 -0.734145
      outer loop
         vertex -0.113 -0.0594552 -0.0817135
         vertex -0.113 -0.0580023 -0.0803373
         vertex -0.0996 -0.0580023 -0.0803373
      endloop
   endfacet
   facet normal 4.57169e-17 0.746614 -0.665258
      outer loop
         vertex -0.113 -0.0573776 -0.0796573
         vertex -0.0996 -0.0573776 -0.0796573
         vertex -0.0996 -0.0580023 -0.0803373
      endloop
   endfacet
   facet normal 5.72516e-17 0.725995 -0.687699
      outer loop
         vertex -0.0996 -0.0580023 -0.0803373
         vertex -0.113 -0.0580023 -0.0803373
         vertex -0.113 -0.0573776 -0.0796573
      endloop
   endfacet
   facet normal 5.72516e-17 0.605072 -0.796171
      outer loop
         vertex -0.113 -0.0616932 -0.0835886
         vertex -0.113 -0.0603842 -0.0825935
         vertex -0.0996 -0.0603842 -0.0825935
      endloop
   endfacet
   facet normal 4.29387e-17 0.678993 -0.734145
      outer loop
         vertex -0.0996 -0.0594552 -0.0817135
         vertex -0.0996 -0.0603842 -0.0825935
         vertex -0.113 -0.0603842 -0.0825935
      endloop
   endfacet
   facet normal 5.72516e-17 0.647386 -0.762162
      outer loop
         vertex -0.113 -0.0603842 -0.0825935
         vertex -0.113 -0.0594552 -0.0817135
         vertex -0.0996 -0.0594552 -0.0817135
      endloop
   endfacet
   facet normal 3.21778e-17 0.525503 -0.850792
      outer loop
         vertex -0.113 -0.0640773 -0.085279
         vertex -0.113 -0.062996 -0.084579
         vertex -0.0996 -0.062996 -0.084579
      endloop
   endfacet
   facet normal 5.72516e-17 0.561187 -0.827689
      outer loop
         vertex -0.113 -0.062996 -0.084579
         vertex -0.113 -0.0616932 -0.0835886
         vertex -0.0996 -0.0616932 -0.0835886
      endloop
   endfacet
   facet normal 4.29387e-17 0.605072 -0.796171
      outer loop
         vertex -0.0996 -0.0616932 -0.0835886
         vertex -0.0996 -0.062996 -0.084579
         vertex -0.113 -0.062996 -0.084579
      endloop
   endfacet
   facet normal 5.72516e-17 0.561187 -0.827689
      outer loop
         vertex -0.0996 -0.062996 -0.084579
         vertex -0.0996 -0.0640773 -0.085279
         vertex -0.113 -0.0640773 -0.085279
      endloop
   endfacet
   facet normal 5.72516e-17 0.647386 -0.762162
      outer loop
         vertex -0.0996 -0.0603842 -0.0825935
         vertex -0.0996 -0.0616932 -0.0835886
         vertex -0.113 -0.0616932 -0.0835886
      endloop
   endfacet
   facet normal 5.72516e-17 0.725995 -0.687699
      outer loop
         vertex -0.0996 -0.0580023 -0.0803373
         vertex -0.0996 -0.0594552 -0.0817135
         vertex -0.113 -0.0594552 -0.0817135
      endloop
   endfacet
   facet normal -3.93594e-17 -0.642788 -0.766044
      outer loop
         vertex -0.0981621 -0.0562757 -0.080582
         vertex -0.0996 -0.0573776 -0.0796573
         vertex -0.113 -0.0573776 -0.0796573
      endloop
   endfacet
   facet normal -3.93594e-17 -0.642788 -0.766044
      outer loop
         vertex -0.113 -0.0573776 -0.0796573
         vertex -0.114438 -0.0562757 -0.080582
         vertex -0.0981621 -0.0562757 -0.080582
      endloop
   endfacet
   facet normal 4.35052e-18 0.0710494 -0.997473
      outer loop
         vertex -0.1152 -0.0552003 -0.0805054
         vertex -0.0974 -0.0552003 -0.0805054
         vertex -0.0981621 -0.0562757 -0.080582
      endloop
   endfacet
   facet normal 4.35052e-18 0.0710494 -0.997473
      outer loop
         vertex -0.0981621 -0.0562757 -0.080582
         vertex -0.114438 -0.0562757 -0.080582
         vertex -0.1152 -0.0552003 -0.0805054
      endloop
   endfacet
   facet normal -5.93942e-17 -0.969981 0.243179
      outer loop
         vertex -0.1152 -0.0963798 -0.0314295
         vertex -0.114438 -0.096642 -0.0324752
         vertex -0.0981621 -0.096642 -0.0324752
      endloop
   endfacet
   facet normal -5.93942e-17 -0.969981 0.243179
      outer loop
         vertex -0.0981621 -0.096642 -0.0324752
         vertex -0.0974 -0.0963798 -0.0314295
         vertex -0.1152 -0.0963798 -0.0314295
      endloop
   endfacet
   facet normal -5.30288e-17 -0.866025 -0.5
      outer loop
         vertex -0.0981621 -0.096642 -0.0324752
         vertex -0.114438 -0.096642 -0.0324752
         vertex -0.113 -0.0959227 -0.033721
      endloop
   endfacet
   facet normal -5.30288e-17 -0.866025 -0.5
      outer loop
         vertex -0.113 -0.0959227 -0.033721
         vertex -0.0996 -0.0959227 -0.033721
         vertex -0.0981621 -0.096642 -0.0324752
      endloop
   endfacet
   facet normal 0.707107 -0.513356 0.486277
      outer loop
         vertex -0.1152 -0.103595 -0.0371498
         vertex -0.113 -0.101998 -0.0386627
         vertex -0.113 -0.100545 -0.0372865
      endloop
   endfacet
   facet normal 0.707107 -0.480121 0.519119
      outer loop
         vertex -0.113 -0.100545 -0.0372865
         vertex -0.1152 -0.10104 -0.0347297
         vertex -0.1152 -0.103595 -0.0371498
      endloop
   endfacet
   facet normal 0.707107 -0.457771 0.53893
      outer loop
         vertex -0.1152 -0.10104 -0.0347297
         vertex -0.113 -0.0996158 -0.0364065
         vertex -0.113 -0.0983068 -0.0354114
      endloop
   endfacet
   facet normal 0.707107 -0.427851 0.562978
      outer loop
         vertex -0.113 -0.0983068 -0.0354114
         vertex -0.1152 -0.0982386 -0.0326001
         vertex -0.1152 -0.10104 -0.0347297
      endloop
   endfacet
   facet normal 0.707107 -0.396819 0.585265
      outer loop
         vertex -0.113 -0.097004 -0.034421
         vertex -0.113 -0.0959227 -0.033721
         vertex -0.114438 -0.096642 -0.0324752
      endloop
   endfacet
   facet normal 0.707107 -0.370776 0.6021
      outer loop
         vertex -0.114438 -0.096642 -0.0324752
         vertex -0.1152 -0.0982386 -0.0326001
         vertex -0.113 -0.097004 -0.034421
      endloop
   endfacet
   facet normal 0.707107 -0.513356 0.486277
      outer loop
         vertex -0.113 -0.101998 -0.0386627
         vertex -0.1152 -0.103595 -0.0371498
         vertex -0.114438 -0.103724 -0.038418
      endloop
   endfacet
   facet normal 0.707107 -0.513356 0.486277
      outer loop
         vertex -0.1152 -0.103595 -0.0371498
         vertex -0.1152 -0.1048 -0.0384946
         vertex -0.114438 -0.103724 -0.038418
      endloop
   endfacet
   facet normal 0.707107 -0.528568 0.469697
      outer loop
         vertex -0.114438 -0.103724 -0.038418
         vertex -0.113 -0.102622 -0.0393427
         vertex -0.113 -0.101998 -0.0386627
      endloop
   endfacet
   facet normal 0.707107 -0.370776 0.6021
      outer loop
         vertex -0.114438 -0.096642 -0.0324752
         vertex -0.1152 -0.0963798 -0.0314295
         vertex -0.1152 -0.0982386 -0.0326001
      endloop
   endfacet
   facet normal 0.707107 -0.427851 0.562978
      outer loop
         vertex -0.113 -0.0983068 -0.0354114
         vertex -0.113 -0.097004 -0.034421
         vertex -0.1152 -0.0982386 -0.0326001
      endloop
   endfacet
   facet normal 0.707107 -0.480121 0.519119
      outer loop
         vertex -0.113 -0.100545 -0.0372865
         vertex -0.113 -0.0996158 -0.0364065
         vertex -0.1152 -0.10104 -0.0347297
      endloop
   endfacet
   facet normal -0.707107 -0.457771 0.53893
      outer loop
         vertex -0.0974 -0.10104 -0.0347297
         vertex -0.0974 -0.0982386 -0.0326001
         vertex -0.0996 -0.0983068 -0.0354114
      endloop
   endfacet
   facet normal -0.707107 -0.396819 0.585265
      outer loop
         vertex -0.0974 -0.0982386 -0.0326001
         vertex -0.0996 -0.097004 -0.034421
         vertex -0.0996 -0.0983068 -0.0354114
      endloop
   endfacet
   facet normal -0.707107 -0.513356 0.486277
      outer loop
         vertex -0.0974 -0.103595 -0.0371498
         vertex -0.0974 -0.10104 -0.0347297
         vertex -0.0996 -0.100545 -0.0372865
      endloop
   endfacet
   facet normal -0.707107 -0.457771 0.53893
      outer loop
         vertex -0.0974 -0.10104 -0.0347297
         vertex -0.0996 -0.0996158 -0.0364065
         vertex -0.0996 -0.100545 -0.0372865
      endloop
   endfacet
   facet normal -0.707107 -0.513356 0.486277
      outer loop
         vertex -0.0996 -0.101998 -0.0386627
         vertex -0.0996 -0.102622 -0.0393427
         vertex -0.0981621 -0.103724 -0.038418
      endloop
   endfacet
   facet normal -0.707107 -0.528568 0.469697
      outer loop
         vertex -0.0981621 -0.103724 -0.038418
         vertex -0.0974 -0.103595 -0.0371498
         vertex -0.0996 -0.101998 -0.0386627
      endloop
   endfacet
   facet normal -0.707107 -0.396819 0.585265
      outer loop
         vertex -0.0996 -0.097004 -0.034421
         vertex -0.0974 -0.0982386 -0.0326001
         vertex -0.0981621 -0.096642 -0.0324752
      endloop
   endfacet
   facet normal -0.707107 -0.396819 0.585265
      outer loop
         vertex -0.0974 -0.0982386 -0.0326001
         vertex -0.0974 -0.0963798 -0.0314295
         vertex -0.0981621 -0.096642 -0.0324752
      endloop
   endfacet
   facet normal -0.707107 -0.370776 0.6021
      outer loop
         vertex -0.0981621 -0.096642 -0.0324752
         vertex -0.0996 -0.0959227 -0.033721
         vertex -0.0996 -0.097004 -0.034421
      endloop
   endfacet
   facet normal -0.707107 -0.528568 0.469697
      outer loop
         vertex -0.0981621 -0.103724 -0.038418
         vertex -0.0974 -0.1048 -0.0384946
         vertex -0.0974 -0.103595 -0.0371498
      endloop
   endfacet
   facet normal -0.707107 -0.480121 0.519119
      outer loop
         vertex -0.0996 -0.100545 -0.0372865
         vertex -0.0996 -0.101998 -0.0386627
         vertex -0.0974 -0.103595 -0.0371498
      endloop
   endfacet
   facet normal -0.707107 -0.427851 0.562978
      outer loop
         vertex -0.0996 -0.0983068 -0.0354114
         vertex -0.0996 -0.0996158 -0.0364065
         vertex -0.0974 -0.10104 -0.0347297
      endloop
   endfacet
   facet normal -5.72516e-17 -0.725995 0.687699
      outer loop
         vertex -0.113 -0.101998 -0.0386627
         vertex -0.113 -0.102622 -0.0393427
         vertex -0.0996 -0.102622 -0.0393427
      endloop
   endfacet
   facet normal -5.72516e-17 -0.678993 0.734145
      outer loop
         vertex -0.113 -0.100545 -0.0372865
         vertex -0.113 -0.101998 -0.0386627
         vertex -0.0996 -0.101998 -0.0386627
      endloop
   endfacet
   facet normal -4.29387e-17 -0.725995 0.687699
      outer loop
         vertex -0.0996 -0.101998 -0.0386627
         vertex -0.0996 -0.100545 -0.0372865
         vertex -0.113 -0.100545 -0.0372865
      endloop
   endfacet
   facet normal -5.72516e-17 -0.605072 0.796171
      outer loop
         vertex -0.113 -0.0983068 -0.0354114
         vertex -0.113 -0.0996158 -0.0364065
         vertex -0.0996 -0.0996158 -0.0364065
      endloop
   endfacet
   facet normal -5.72516e-17 -0.678993 0.734145
      outer loop
         vertex -0.0996 -0.100545 -0.0372865
         vertex -0.0996 -0.0996158 -0.0364065
         vertex -0.113 -0.0996158 -0.0364065
      endloop
   endfacet
   facet normal -5.72516e-17 -0.647386 0.762162
      outer loop
         vertex -0.113 -0.0996158 -0.0364065
         vertex -0.113 -0.100545 -0.0372865
         vertex -0.0996 -0.100545 -0.0372865
      endloop
   endfacet
   facet normal -5.72516e-17 -0.605072 0.796171
      outer loop
         vertex -0.0996 -0.0983068 -0.0354114
         vertex -0.0996 -0.097004 -0.034421
         vertex -0.113 -0.097004 -0.034421
      endloop
   endfacet
   facet normal -2.86258e-17 -0.561187 0.827689
      outer loop
         vertex -0.113 -0.097004 -0.034421
         vertex -0.0996 -0.097004 -0.034421
         vertex -0.0996 -0.0959227 -0.033721
      endloop
   endfacet
   facet normal -3.21778e-17 -0.525503 0.850792
      outer loop
         vertex -0.0996 -0.0959227 -0.033721
         vertex -0.113 -0.0959227 -0.033721
         vertex -0.113 -0.097004 -0.034421
      endloop
   endfacet
   facet normal -2.86258e-17 -0.561187 0.827689
      outer loop
         vertex -0.113 -0.097004 -0.034421
         vertex -0.113 -0.0983068 -0.0354114
         vertex -0.0996 -0.0983068 -0.0354114
      endloop
   endfacet
   facet normal -5.72516e-17 -0.647386 0.762162
      outer loop
         vertex -0.0996 -0.0996158 -0.0364065
         vertex -0.0996 -0.0983068 -0.0354114
         vertex -0.113 -0.0983068 -0.0354114
      endloop
   endfacet
   facet normal -4.57169e-17 -0.746614 0.665258
      outer loop
         vertex -0.0996 -0.102622 -0.0393427
         vertex -0.0996 -0.101998 -0.0386627
         vertex -0.113 -0.101998 -0.0386627
      endloop
   endfacet
   facet normal 3.93594e-17 0.642788 0.766044
      outer loop
         vertex -0.0981621 -0.103724 -0.038418
         vertex -0.0996 -0.102622 -0.0393427
         vertex -0.113 -0.102622 -0.0393427
      endloop
   endfacet
   facet normal 3.93594e-17 0.642788 0.766044
      outer loop
         vertex -0.113 -0.102622 -0.0393427
         vertex -0.114438 -0.103724 -0.038418
         vertex -0.0981621 -0.103724 -0.038418
      endloop
   endfacet
   facet normal -4.35052e-18 -0.0710494 0.997473
      outer loop
         vertex -0.1152 -0.1048 -0.0384946
         vertex -0.0974 -0.1048 -0.0384946
         vertex -0.0981621 -0.103724 -0.038418
      endloop
   endfacet
   facet normal -4.35052e-18 -0.0710494 0.997473
      outer loop
         vertex -0.0981621 -0.103724 -0.038418
         vertex -0.114438 -0.103724 -0.038418
         vertex -0.1152 -0.1048 -0.0384946
      endloop
   endfacet
   facet normal 6.09051e-17 0.994657 0.103239
      outer loop
         vertex -0.0974 -0.0550073 -0.0802754
         vertex -0.1152 -0.0550073 -0.0802754
         vertex -0.114438 -0.0551186 -0.0792031
      endloop
   endfacet
   facet normal 6.09051e-17 0.994657 0.103239
      outer loop
         vertex -0.114438 -0.0551186 -0.0792031
         vertex -0.0981621 -0.0551186 -0.0792031
         vertex -0.0974 -0.0550073 -0.0802754
      endloop
   endfacet
   facet normal 3.93594e-17 0.642788 0.766044
      outer loop
         vertex -0.114438 -0.0551186 -0.0792031
         vertex -0.113 -0.0562206 -0.0782784
         vertex -0.0996 -0.0562206 -0.0782784
      endloop
   endfacet
   facet normal 3.93594e-17 0.642788 0.766044
      outer loop
         vertex -0.0996 -0.0562206 -0.0782784
         vertex -0.0981621 -0.0551186 -0.0792031
         vertex -0.114438 -0.0551186 -0.0792031
      endloop
   endfacet
   facet normal 0.707107 0.60589 -0.364552
      outer loop
         vertex -0.1152 -0.0521521 -0.0762555
         vertex -0.1152 -0.0505038 -0.0731464
         vertex -0.113 -0.0530962 -0.0733463
      endloop
   endfacet
   facet normal 0.707107 0.641753 -0.296906
      outer loop
         vertex -0.1152 -0.0505038 -0.0731464
         vertex -0.113 -0.0525005 -0.0722226
         vertex -0.113 -0.0530962 -0.0733463
      endloop
   endfacet
   facet normal 0.707107 0.562923 -0.427923
      outer loop
         vertex -0.1152 -0.054127 -0.0791682
         vertex -0.1152 -0.0521521 -0.0762555
         vertex -0.113 -0.0545507 -0.0758786
      endloop
   endfacet
   facet normal 0.707107 0.60589 -0.364552
      outer loop
         vertex -0.1152 -0.0521521 -0.0762555
         vertex -0.113 -0.0540372 -0.0751213
         vertex -0.113 -0.0545507 -0.0758786
      endloop
   endfacet
   facet normal 0.707107 0.562923 -0.427923
      outer loop
         vertex -0.113 -0.0558784 -0.0778368
         vertex -0.113 -0.0562206 -0.0782784
         vertex -0.114438 -0.0551186 -0.0792031
      endloop
   endfacet
   facet normal 0.707107 0.554346 -0.438976
      outer loop
         vertex -0.114438 -0.0551186 -0.0792031
         vertex -0.1152 -0.054127 -0.0791682
         vertex -0.113 -0.0558784 -0.0778368
      endloop
   endfacet
   facet normal 0.707107 0.641753 -0.296906
      outer loop
         vertex -0.113 -0.0525005 -0.0722226
         vertex -0.1152 -0.0505038 -0.0731464
         vertex -0.114438 -0.050496 -0.0711964
      endloop
   endfacet
   facet normal 0.707107 0.641753 -0.296906
      outer loop
         vertex -0.1152 -0.0505038 -0.0731464
         vertex -0.1152 -0.0495117 -0.0707566
         vertex -0.114438 -0.050496 -0.0711964
      endloop
   endfacet
   facet normal 0.707107 0.657338 -0.26059
      outer loop
         vertex -0.114438 -0.050496 -0.0711964
         vertex -0.113 -0.0518477 -0.0707044
         vertex -0.113 -0.0525005 -0.0722226
      endloop
   endfacet
   facet normal 0.707107 0.554346 -0.438976
      outer loop
         vertex -0.114438 -0.0551186 -0.0792031
         vertex -0.1152 -0.0550073 -0.0802754
         vertex -0.1152 -0.054127 -0.0791682
      endloop
   endfacet
   facet normal 0.707107 0.594609 -0.382676
      outer loop
         vertex -0.113 -0.0545507 -0.0758786
         vertex -0.113 -0.0558784 -0.0778368
         vertex -0.1152 -0.054127 -0.0791682
      endloop
   endfacet
   facet normal 0.707107 0.628726 -0.32358
      outer loop
         vertex -0.113 -0.0530962 -0.0733463
         vertex -0.113 -0.0540372 -0.0751213
         vertex -0.1152 -0.0521521 -0.0762555
      endloop
   endfacet
   facet normal -0.707107 0.562923 -0.427923
      outer loop
         vertex -0.0974 -0.054127 -0.0791682
         vertex -0.0996 -0.0558784 -0.0778368
         vertex -0.0996 -0.0545507 -0.0758786
      endloop
   endfacet
   facet normal -0.707107 0.594609 -0.382676
      outer loop
         vertex -0.0996 -0.0545507 -0.0758786
         vertex -0.0974 -0.0521521 -0.0762555
         vertex -0.0974 -0.054127 -0.0791682
      endloop
   endfacet
   facet normal -0.707107 0.60589 -0.364552
      outer loop
         vertex -0.0974 -0.0521521 -0.0762555
         vertex -0.0996 -0.0540372 -0.0751213
         vertex -0.0996 -0.0530962 -0.0733463
      endloop
   endfacet
   facet normal -0.707107 0.628726 -0.32358
      outer loop
         vertex -0.0996 -0.0530962 -0.0733463
         vertex -0.0974 -0.0505038 -0.0731464
         vertex -0.0974 -0.0521521 -0.0762555
      endloop
   endfacet
   facet normal -0.707107 0.641753 -0.296906
      outer loop
         vertex -0.0996 -0.0525005 -0.0722226
         vertex -0.0996 -0.0518477 -0.0707044
         vertex -0.0981621 -0.050496 -0.0711964
      endloop
   endfacet
   facet normal -0.707107 0.657338 -0.26059
      outer loop
         vertex -0.0981621 -0.050496 -0.0711964
         vertex -0.0974 -0.0505038 -0.0731464
         vertex -0.0996 -0.0525005 -0.0722226
      endloop
   endfacet
   facet normal -0.707107 0.562923 -0.427923
      outer loop
         vertex -0.0996 -0.0558784 -0.0778368
         vertex -0.0974 -0.054127 -0.0791682
         vertex -0.0981621 -0.0551186 -0.0792031
      endloop
   endfacet
   facet normal -0.707107 0.562923 -0.427923
      outer loop
         vertex -0.0974 -0.054127 -0.0791682
         vertex -0.0974 -0.0550073 -0.0802754
         vertex -0.0981621 -0.0551186 -0.0792031
      endloop
   endfacet
   facet normal -0.707107 0.554346 -0.438976
      outer loop
         vertex -0.0981621 -0.0551186 -0.0792031
         vertex -0.0996 -0.0562206 -0.0782784
         vertex -0.0996 -0.0558784 -0.0778368
      endloop
   endfacet
   facet normal -0.707107 0.657338 -0.26059
      outer loop
         vertex -0.0981621 -0.050496 -0.0711964
         vertex -0.0974 -0.0495117 -0.0707566
         vertex -0.0974 -0.0505038 -0.0731464
      endloop
   endfacet
   facet normal -0.707107 0.628726 -0.32358
      outer loop
         vertex -0.0996 -0.0530962 -0.0733463
         vertex -0.0996 -0.0525005 -0.0722226
         vertex -0.0974 -0.0505038 -0.0731464
      endloop
   endfacet
   facet normal -0.707107 0.594609 -0.382676
      outer loop
         vertex -0.0996 -0.0545507 -0.0758786
         vertex -0.0996 -0.0540372 -0.0751213
         vertex -0.0974 -0.0521521 -0.0762555
      endloop
   endfacet
   facet normal 5.72516e-17 0.889152 -0.457611
      outer loop
         vertex -0.113 -0.0530962 -0.0733463
         vertex -0.113 -0.0525005 -0.0722226
         vertex -0.0996 -0.0525005 -0.0722226
      endloop
   endfacet
   facet normal 5.68921e-17 0.929119 -0.369781
      outer loop
         vertex -0.113 -0.0518477 -0.0707044
         vertex -0.0996 -0.0518477 -0.0707044
         vertex -0.0996 -0.0525005 -0.0722226
      endloop
   endfacet
   facet normal 5.72516e-17 0.907575 -0.419889
      outer loop
         vertex -0.0996 -0.0525005 -0.0722226
         vertex -0.113 -0.0525005 -0.0722226
         vertex -0.113 -0.0518477 -0.0707044
      endloop
   endfacet
   facet normal 5.72516e-17 0.856857 -0.515554
      outer loop
         vertex -0.0996 -0.0540372 -0.0751213
         vertex -0.0996 -0.0545507 -0.0758786
         vertex -0.113 -0.0545507 -0.0758786
      endloop
   endfacet
   facet normal 5.72516e-17 0.889152 -0.457611
      outer loop
         vertex -0.113 -0.0530962 -0.0733463
         vertex -0.0996 -0.0530962 -0.0733463
         vertex -0.0996 -0.0540372 -0.0751213
      endloop
   endfacet
   facet normal 5.72516e-17 0.856857 -0.515554
      outer loop
         vertex -0.0996 -0.0540372 -0.0751213
         vertex -0.113 -0.0540372 -0.0751213
         vertex -0.113 -0.0530962 -0.0733463
      endloop
   endfacet
   facet normal 4.80551e-17 0.784799 -0.61975
      outer loop
         vertex -0.113 -0.0562206 -0.0782784
         vertex -0.113 -0.0558784 -0.0778368
         vertex -0.0996 -0.0558784 -0.0778368
      endloop
   endfacet
   facet normal 5.72516e-17 0.840904 -0.541185
      outer loop
         vertex -0.113 -0.0545507 -0.0758786
         vertex -0.0996 -0.0545507 -0.0758786
         vertex -0.0996 -0.0558784 -0.0778368
      endloop
   endfacet
   facet normal 5.72516e-17 0.796093 -0.605174
      outer loop
         vertex -0.0996 -0.0558784 -0.0778368
         vertex -0.113 -0.0558784 -0.0778368
         vertex -0.113 -0.0545507 -0.0758786
      endloop
   endfacet
   facet normal 5.72516e-17 0.796093 -0.605174
      outer loop
         vertex -0.0996 -0.0558784 -0.0778368
         vertex -0.0996 -0.0562206 -0.0782784
         vertex -0.113 -0.0562206 -0.0782784
      endloop
   endfacet
   facet normal 5.72516e-17 0.840904 -0.541185
      outer loop
         vertex -0.113 -0.0545507 -0.0758786
         vertex -0.113 -0.0540372 -0.0751213
         vertex -0.0996 -0.0540372 -0.0751213
      endloop
   endfacet
   facet normal 5.72516e-17 0.907575 -0.419889
      outer loop
         vertex -0.0996 -0.0525005 -0.0722226
         vertex -0.0996 -0.0530962 -0.0733463
         vertex -0.113 -0.0530962 -0.0733463
      endloop
   endfacet
   facet normal -2.09427e-17 -0.34202 -0.939693
      outer loop
         vertex -0.114438 -0.050496 -0.0711964
         vertex -0.0981621 -0.050496 -0.0711964
         vertex -0.0996 -0.0518477 -0.0707044
      endloop
   endfacet
   facet normal -2.09427e-17 -0.34202 -0.939693
      outer loop
         vertex -0.0996 -0.0518477 -0.0707044
         vertex -0.113 -0.0518477 -0.0707044
         vertex -0.114438 -0.050496 -0.0711964
      endloop
   endfacet
   facet normal 2.49779e-17 0.40792 -0.913017
      outer loop
         vertex -0.1152 -0.0495117 -0.0707566
         vertex -0.0974 -0.0495117 -0.0707566
         vertex -0.0981621 -0.050496 -0.0711964
      endloop
   endfacet
   facet normal 2.49779e-17 0.40792 -0.913017
      outer loop
         vertex -0.0981621 -0.050496 -0.0711964
         vertex -0.114438 -0.050496 -0.0711964
         vertex -0.1152 -0.0495117 -0.0707566
      endloop
   endfacet
   facet normal -6.09051e-17 -0.994657 -0.103239
      outer loop
         vertex -0.0974 -0.104993 -0.0387246
         vertex -0.1152 -0.104993 -0.0387246
         vertex -0.114438 -0.104881 -0.0397969
      endloop
   endfacet
   facet normal -6.09051e-17 -0.994657 -0.103239
      outer loop
         vertex -0.114438 -0.104881 -0.0397969
         vertex -0.0981621 -0.104881 -0.0397969
         vertex -0.0974 -0.104993 -0.0387246
      endloop
   endfacet
   facet normal -3.93594e-17 -0.642788 -0.766044
      outer loop
         vertex -0.0981621 -0.104881 -0.0397969
         vertex -0.114438 -0.104881 -0.0397969
         vertex -0.113 -0.103779 -0.0407216
      endloop
   endfacet
   facet normal -3.93594e-17 -0.642788 -0.766044
      outer loop
         vertex -0.113 -0.103779 -0.0407216
         vertex -0.0996 -0.103779 -0.0407216
         vertex -0.0981621 -0.104881 -0.0397969
      endloop
   endfacet
   facet normal 0.707107 -0.60589 0.364552
      outer loop
         vertex -0.1152 -0.107848 -0.0427445
         vertex -0.1152 -0.109496 -0.0458536
         vertex -0.113 -0.106904 -0.0456537
      endloop
   endfacet
   facet normal 0.707107 -0.641753 0.296906
      outer loop
         vertex -0.1152 -0.109496 -0.0458536
         vertex -0.113 -0.1075 -0.0467774
         vertex -0.113 -0.106904 -0.0456537
      endloop
   endfacet
   facet normal 0.707107 -0.562923 0.427923
      outer loop
         vertex -0.1152 -0.105873 -0.0398318
         vertex -0.1152 -0.107848 -0.0427445
         vertex -0.113 -0.105449 -0.0431214
      endloop
   endfacet
   facet normal 0.707107 -0.60589 0.364552
      outer loop
         vertex -0.1152 -0.107848 -0.0427445
         vertex -0.113 -0.105963 -0.0438787
         vertex -0.113 -0.105449 -0.0431214
      endloop
   endfacet
   facet normal 0.707107 -0.562923 0.427923
      outer loop
         vertex -0.113 -0.104122 -0.0411632
         vertex -0.113 -0.103779 -0.0407216
         vertex -0.114438 -0.104881 -0.0397969
      endloop
   endfacet
   facet normal 0.707107 -0.554346 0.438976
      outer loop
         vertex -0.114438 -0.104881 -0.0397969
         vertex -0.1152 -0.105873 -0.0398318
         vertex -0.113 -0.104122 -0.0411632
      endloop
   endfacet
   facet normal 0.707107 -0.641753 0.296906
      outer loop
         vertex -0.113 -0.1075 -0.0467774
         vertex -0.1152 -0.109496 -0.0458536
         vertex -0.114438 -0.109504 -0.0478036
      endloop
   endfacet
   facet normal 0.707107 -0.641753 0.296906
      outer loop
         vertex -0.1152 -0.109496 -0.0458536
         vertex -0.1152 -0.110488 -0.0482434
         vertex -0.114438 -0.109504 -0.0478036
      endloop
   endfacet
   facet normal 0.707107 -0.657338 0.26059
      outer loop
         vertex -0.114438 -0.109504 -0.0478036
         vertex -0.113 -0.108152 -0.0482956
         vertex -0.113 -0.1075 -0.0467774
      endloop
   endfacet
   facet normal 0.707107 -0.554346 0.438976
      outer loop
         vertex -0.114438 -0.104881 -0.0397969
         vertex -0.1152 -0.104993 -0.0387246
         vertex -0.1152 -0.105873 -0.0398318
      endloop
   endfacet
   facet normal 0.707107 -0.594609 0.382676
      outer loop
         vertex -0.113 -0.105449 -0.0431214
         vertex -0.113 -0.104122 -0.0411632
         vertex -0.1152 -0.105873 -0.0398318
      endloop
   endfacet
   facet normal 0.707107 -0.628726 0.32358
      outer loop
         vertex -0.113 -0.106904 -0.0456537
         vertex -0.113 -0.105963 -0.0438787
         vertex -0.1152 -0.107848 -0.0427445
      endloop
   endfacet
   facet normal -0.707107 -0.562923 0.427923
      outer loop
         vertex -0.0974 -0.105873 -0.0398318
         vertex -0.0996 -0.104122 -0.0411632
         vertex -0.0996 -0.105449 -0.0431214
      endloop
   endfacet
   facet normal -0.707107 -0.594609 0.382676
      outer loop
         vertex -0.0996 -0.105449 -0.0431214
         vertex -0.0974 -0.107848 -0.0427445
         vertex -0.0974 -0.105873 -0.0398318
      endloop
   endfacet
   facet normal -0.707107 -0.60589 0.364552
      outer loop
         vertex -0.0974 -0.107848 -0.0427445
         vertex -0.0996 -0.105963 -0.0438787
         vertex -0.0996 -0.106904 -0.0456537
      endloop
   endfacet
   facet normal -0.707107 -0.628726 0.32358
      outer loop
         vertex -0.0996 -0.106904 -0.0456537
         vertex -0.0974 -0.109496 -0.0458536
         vertex -0.0974 -0.107848 -0.0427445
      endloop
   endfacet
   facet normal -0.707107 -0.641753 0.296906
      outer loop
         vertex -0.0996 -0.1075 -0.0467774
         vertex -0.0996 -0.108152 -0.0482956
         vertex -0.0981621 -0.109504 -0.0478036
      endloop
   endfacet
   facet normal -0.707107 -0.657338 0.26059
      outer loop
         vertex -0.0981621 -0.109504 -0.0478036
         vertex -0.0974 -0.109496 -0.0458536
         vertex -0.0996 -0.1075 -0.0467774
      endloop
   endfacet
   facet normal -0.707107 -0.562923 0.427923
      outer loop
         vertex -0.0996 -0.104122 -0.0411632
         vertex -0.0974 -0.105873 -0.0398318
         vertex -0.0981621 -0.104881 -0.0397969
      endloop
   endfacet
   facet normal -0.707107 -0.562923 0.427923
      outer loop
         vertex -0.0974 -0.105873 -0.0398318
         vertex -0.0974 -0.104993 -0.0387246
         vertex -0.0981621 -0.104881 -0.0397969
      endloop
   endfacet
   facet normal -0.707107 -0.554346 0.438976
      outer loop
         vertex -0.0981621 -0.104881 -0.0397969
         vertex -0.0996 -0.103779 -0.0407216
         vertex -0.0996 -0.104122 -0.0411632
      endloop
   endfacet
   facet normal -0.707107 -0.657338 0.26059
      outer loop
         vertex -0.0981621 -0.109504 -0.0478036
         vertex -0.0974 -0.110488 -0.0482434
         vertex -0.0974 -0.109496 -0.0458536
      endloop
   endfacet
   facet normal -0.707107 -0.628726 0.32358
      outer loop
         vertex -0.0996 -0.106904 -0.0456537
         vertex -0.0996 -0.1075 -0.0467774
         vertex -0.0974 -0.109496 -0.0458536
      endloop
   endfacet
   facet normal -0.707107 -0.594609 0.382676
      outer loop
         vertex -0.0996 -0.105449 -0.0431214
         vertex -0.0996 -0.105963 -0.0438787
         vertex -0.0974 -0.107848 -0.0427445
      endloop
   endfacet
   facet normal -5.72516e-17 -0.889152 0.457611
      outer loop
         vertex -0.113 -0.106904 -0.0456537
         vertex -0.113 -0.1075 -0.0467774
         vertex -0.0996 -0.1075 -0.0467774
      endloop
   endfacet
   facet normal -5.68921e-17 -0.929119 0.369781
      outer loop
         vertex -0.0996 -0.108152 -0.0482956
         vertex -0.0996 -0.1075 -0.0467774
         vertex -0.113 -0.1075 -0.0467774
      endloop
   endfacet
   facet normal -5.72516e-17 -0.907575 0.419889
      outer loop
         vertex -0.113 -0.1075 -0.0467774
         vertex -0.113 -0.108152 -0.0482956
         vertex -0.0996 -0.108152 -0.0482956
      endloop
   endfacet
   facet normal -5.72516e-17 -0.840904 0.541185
      outer loop
         vertex -0.113 -0.105449 -0.0431214
         vertex -0.113 -0.105963 -0.0438787
         vertex -0.0996 -0.105963 -0.0438787
      endloop
   endfacet
   facet normal -5.72516e-17 -0.889152 0.457611
      outer loop
         vertex -0.0996 -0.106904 -0.0456537
         vertex -0.0996 -0.105963 -0.0438787
         vertex -0.113 -0.105963 -0.0438787
      endloop
   endfacet
   facet normal -5.72516e-17 -0.856857 0.515554
      outer loop
         vertex -0.113 -0.105963 -0.0438787
         vertex -0.113 -0.106904 -0.0456537
         vertex -0.0996 -0.106904 -0.0456537
      endloop
   endfacet
   facet normal -4.80551e-17 -0.784799 0.61975
      outer loop
         vertex -0.113 -0.103779 -0.0407216
         vertex -0.113 -0.104122 -0.0411632
         vertex -0.0996 -0.104122 -0.0411632
      endloop
   endfacet
   facet normal -5.72516e-17 -0.840904 0.541185
      outer loop
         vertex -0.0996 -0.105449 -0.0431214
         vertex -0.0996 -0.104122 -0.0411632
         vertex -0.113 -0.104122 -0.0411632
      endloop
   endfacet
   facet normal -5.72516e-17 -0.796093 0.605174
      outer loop
         vertex -0.113 -0.104122 -0.0411632
         vertex -0.113 -0.105449 -0.0431214
         vertex -0.0996 -0.105449 -0.0431214
      endloop
   endfacet
   facet normal -5.72516e-17 -0.796093 0.605174
      outer loop
         vertex -0.0996 -0.104122 -0.0411632
         vertex -0.0996 -0.103779 -0.0407216
         vertex -0.113 -0.103779 -0.0407216
      endloop
   endfacet
   facet normal -5.72516e-17 -0.856857 0.515554
      outer loop
         vertex -0.0996 -0.105963 -0.0438787
         vertex -0.0996 -0.105449 -0.0431214
         vertex -0.113 -0.105449 -0.0431214
      endloop
   endfacet
   facet normal -5.72516e-17 -0.907575 0.419889
      outer loop
         vertex -0.0996 -0.1075 -0.0467774
         vertex -0.0996 -0.106904 -0.0456537
         vertex -0.113 -0.106904 -0.0456537
      endloop
   endfacet
   facet normal 2.09427e-17 0.34202 0.939693
      outer loop
         vertex -0.0981621 -0.109504 -0.0478036
         vertex -0.0996 -0.108152 -0.0482956
         vertex -0.113 -0.108152 -0.0482956
      endloop
   endfacet
   facet normal 2.09427e-17 0.34202 0.939693
      outer loop
         vertex -0.113 -0.108152 -0.0482956
         vertex -0.114438 -0.109504 -0.0478036
         vertex -0.0981621 -0.109504 -0.0478036
      endloop
   endfacet
   facet normal -2.49779e-17 -0.40792 0.913017
      outer loop
         vertex -0.0974 -0.110488 -0.0482434
         vertex -0.0981621 -0.109504 -0.0478036
         vertex -0.114438 -0.109504 -0.0478036
      endloop
   endfacet
   facet normal -2.49779e-17 -0.40792 0.913017
      outer loop
         vertex -0.114438 -0.109504 -0.0478036
         vertex -0.1152 -0.110488 -0.0482434
         vertex -0.0974 -0.110488 -0.0482434
      endloop
   endfacet
   facet normal 5.507e-17 0.899361 0.437206
      outer loop
         vertex -0.0980249 -0.0497955 -0.0696794
         vertex -0.114575 -0.0497955 -0.0696794
         vertex -0.114438 -0.0498803 -0.0695049
      endloop
   endfacet
   facet normal 5.507e-17 0.899361 0.437206
      outer loop
         vertex -0.0980249 -0.0497955 -0.0696794
         vertex -0.1152 -0.049409 -0.0704745
         vertex -0.114575 -0.0497955 -0.0696794
      endloop
   endfacet
   facet normal 5.507e-17 0.899361 0.437206
      outer loop
         vertex -0.114438 -0.0498803 -0.0695049
         vertex -0.0981621 -0.0498803 -0.0695049
         vertex -0.0980249 -0.0497955 -0.0696794
      endloop
   endfacet
   facet normal 5.507e-17 0.899361 0.437206
      outer loop
         vertex -0.0980249 -0.0497955 -0.0696794
         vertex -0.0974 -0.049409 -0.0704745
         vertex -0.1152 -0.049409 -0.0704745
      endloop
   endfacet
   facet normal 2.09427e-17 0.34202 0.939693
      outer loop
         vertex -0.114438 -0.0498803 -0.0695049
         vertex -0.113 -0.0512321 -0.0690129
         vertex -0.0996 -0.0512321 -0.0690129
      endloop
   endfacet
   facet normal 2.09427e-17 0.34202 0.939693
      outer loop
         vertex -0.0996 -0.0512321 -0.0690129
         vertex -0.0981621 -0.0498803 -0.0695049
         vertex -0.114438 -0.0498803 -0.0695049
      endloop
   endfacet
   facet normal 0.707107 0.690575 -0.152007
      outer loop
         vertex -0.1152 -0.0482598 -0.0664865
         vertex -0.1152 -0.0476905 -0.0630139
         vertex -0.113 -0.0499654 -0.0633115
      endloop
   endfacet
   facet normal 0.707107 0.702962 -0.0764517
      outer loop
         vertex -0.1152 -0.0476905 -0.0630139
         vertex -0.113 -0.0498776 -0.062776
         vertex -0.113 -0.0499654 -0.0633115
      endloop
   endfacet
   facet normal 0.707107 0.690575 -0.152007
      outer loop
         vertex -0.1152 -0.0482598 -0.0664865
         vertex -0.114438 -0.0498803 -0.0695049
         vertex -0.114575 -0.0497955 -0.0696794
      endloop
   endfacet
   facet normal 0.707107 0.68963 -0.15624
      outer loop
         vertex -0.113 -0.0504577 -0.066193
         vertex -0.113 -0.0512321 -0.0690129
         vertex -0.114438 -0.0498803 -0.0695049
      endloop
   endfacet
   facet normal 0.707107 0.690575 -0.152007
      outer loop
         vertex -0.1152 -0.0482598 -0.0664865
         vertex -0.113 -0.0504084 -0.0660136
         vertex -0.113 -0.0504577 -0.066193
      endloop
   endfacet
   facet normal 0.707107 0.671054 -0.222905
      outer loop
         vertex -0.114438 -0.0498803 -0.0695049
         vertex -0.1152 -0.0482598 -0.0664865
         vertex -0.113 -0.0504577 -0.066193
      endloop
   endfacet
   facet normal 0.707107 0.702962 -0.0764517
      outer loop
         vertex -0.113 -0.0498776 -0.062776
         vertex -0.1152 -0.0476905 -0.0630139
         vertex -0.114438 -0.0482749 -0.0604
      endloop
   endfacet
   facet normal 0.707107 0.702962 -0.0764517
      outer loop
         vertex -0.1152 -0.0476905 -0.0630139
         vertex -0.1152 -0.0475003 -0.0596501
         vertex -0.114438 -0.0482749 -0.0604
      endloop
   endfacet
   facet normal 0.707107 0.706822 -0.0200516
      outer loop
         vertex -0.114438 -0.0482749 -0.0604
         vertex -0.113 -0.0497134 -0.0604
         vertex -0.113 -0.0498776 -0.062776
      endloop
   endfacet
   facet normal 0.707107 0.665573 -0.238773
      outer loop
         vertex -0.1152 -0.049409 -0.0704745
         vertex -0.1152 -0.0492013 -0.0698773
         vertex -0.114575 -0.0497955 -0.0696794
      endloop
   endfacet
   facet normal 0.707107 0.670076 -0.225827
      outer loop
         vertex -0.114575 -0.0497955 -0.0696794
         vertex -0.1152 -0.0492013 -0.0698773
         vertex -0.1152 -0.0482598 -0.0664865
      endloop
   endfacet
   facet normal 0.707107 0.701481 -0.0890201
      outer loop
         vertex -0.113 -0.0499654 -0.0633115
         vertex -0.113 -0.0504084 -0.0660136
         vertex -0.1152 -0.0482598 -0.0664865
      endloop
   endfacet
   facet normal -0.707107 0.690575 -0.152007
      outer loop
         vertex -0.0974 -0.0482598 -0.0664865
         vertex -0.0996 -0.0504084 -0.0660136
         vertex -0.0996 -0.0499654 -0.0633115
      endloop
   endfacet
   facet normal -0.707107 0.701481 -0.0890201
      outer loop
         vertex -0.0996 -0.0499654 -0.0633115
         vertex -0.0974 -0.0476905 -0.0630139
         vertex -0.0974 -0.0482598 -0.0664865
      endloop
   endfacet
   facet normal -0.707107 0.702962 -0.0764517
      outer loop
         vertex -0.0996 -0.0498776 -0.062776
         vertex -0.0996 -0.0497134 -0.0604
         vertex -0.0981621 -0.0482749 -0.0604
      endloop
   endfacet
   facet normal -0.707107 0.706822 -0.0200516
      outer loop
         vertex -0.0981621 -0.0482749 -0.0604
         vertex -0.0974 -0.0476905 -0.0630139
         vertex -0.0996 -0.0498776 -0.062776
      endloop
   endfacet
   facet normal -0.707107 0.68963 -0.15624
      outer loop
         vertex -0.0996 -0.0504577 -0.066193
         vertex -0.0974 -0.0482598 -0.0664865
         vertex -0.0981621 -0.0498803 -0.0695049
      endloop
   endfacet
   facet normal -0.707107 0.671054 -0.222905
      outer loop
         vertex -0.0981621 -0.0498803 -0.0695049
         vertex -0.0996 -0.0512321 -0.0690129
         vertex -0.0996 -0.0504577 -0.066193
      endloop
   endfacet
   facet normal -0.707107 0.690575 -0.152007
      outer loop
         vertex -0.0974 -0.0482598 -0.0664865
         vertex -0.0974 -0.0492013 -0.0698773
         vertex -0.0980249 -0.0497955 -0.0696794
      endloop
   endfacet
   facet normal -0.707107 0.670076 -0.225827
      outer loop
         vertex -0.0980249 -0.0497955 -0.0696794
         vertex -0.0981621 -0.0498803 -0.0695049
         vertex -0.0974 -0.0482598 -0.0664865
      endloop
   endfacet
   facet normal -0.707107 0.68963 -0.15624
      outer loop
         vertex -0.0996 -0.0504577 -0.066193
         vertex -0.0996 -0.0504084 -0.0660136
         vertex -0.0974 -0.0482598 -0.0664865
      endloop
   endfacet
   facet normal -0.707107 0.670076 -0.225827
      outer loop
         vertex -0.0980249 -0.0497955 -0.0696794
         vertex -0.0974 -0.0492013 -0.0698773
         vertex -0.0974 -0.049409 -0.0704745
      endloop
   endfacet
   facet normal -0.707107 0.706822 -0.0200516
      outer loop
         vertex -0.0981621 -0.0482749 -0.0604
         vertex -0.0974 -0.0475003 -0.0596501
         vertex -0.0974 -0.0476905 -0.0630139
      endloop
   endfacet
   facet normal -0.707107 0.701481 -0.0890201
      outer loop
         vertex -0.0996 -0.0499654 -0.0633115
         vertex -0.0996 -0.0498776 -0.062776
         vertex -0.0974 -0.0476905 -0.0630139
      endloop
   endfacet
   facet normal 6.12053e-17 0.999559 -0.029703
      outer loop
         vertex -0.0996 -0.0497134 -0.0604
         vertex -0.0996 -0.0498776 -0.062776
         vertex -0.113 -0.0498776 -0.062776
      endloop
   endfacet
   facet normal 5.72516e-17 0.994138 -0.108119
      outer loop
         vertex -0.0996 -0.0498776 -0.062776
         vertex -0.0996 -0.0499654 -0.0633115
         vertex -0.113 -0.0499654 -0.0633115
      endloop
   endfacet
   facet normal 5.72516e-17 0.992044 -0.125893
      outer loop
         vertex -0.113 -0.0499654 -0.0633115
         vertex -0.113 -0.0498776 -0.062776
         vertex -0.0996 -0.0498776 -0.062776
      endloop
   endfacet
   facet normal 5.72516e-17 0.975284 -0.220956
      outer loop
         vertex -0.113 -0.0504577 -0.066193
         vertex -0.113 -0.0504084 -0.0660136
         vertex -0.0996 -0.0504084 -0.0660136
      endloop
   endfacet
   facet normal 5.72516e-17 0.976621 -0.21497
      outer loop
         vertex -0.113 -0.0504084 -0.0660136
         vertex -0.113 -0.0499654 -0.0633115
         vertex -0.0996 -0.0499654 -0.0633115
      endloop
   endfacet
   facet normal 5.72516e-17 0.992044 -0.125893
      outer loop
         vertex -0.0996 -0.0499654 -0.0633115
         vertex -0.0996 -0.0504084 -0.0660136
         vertex -0.113 -0.0504084 -0.0660136
      endloop
   endfacet
   facet normal 5.72516e-17 0.975284 -0.220956
      outer loop
         vertex -0.113 -0.0504577 -0.066193
         vertex -0.0996 -0.0504577 -0.066193
         vertex -0.0996 -0.0512321 -0.0690129
      endloop
   endfacet
   facet normal 5.81362e-17 0.949437 -0.313958
      outer loop
         vertex -0.0996 -0.0512321 -0.0690129
         vertex -0.113 -0.0512321 -0.0690129
         vertex -0.113 -0.0504577 -0.066193
      endloop
   endfacet
   facet normal 5.72516e-17 0.976621 -0.21497
      outer loop
         vertex -0.0996 -0.0504084 -0.0660136
         vertex -0.0996 -0.0504577 -0.066193
         vertex -0.113 -0.0504577 -0.066193
      endloop
   endfacet
   facet normal 5.72516e-17 0.994138 -0.108119
      outer loop
         vertex -0.113 -0.0498776 -0.062776
         vertex -0.113 -0.0497134 -0.0604
         vertex -0.0996 -0.0497134 -0.0604
      endloop
   endfacet
   facet normal 0 0 -1
      outer loop
         vertex -0.0981621 -0.0482749 -0.0604
         vertex -0.0996 -0.0497134 -0.0604
         vertex -0.113 -0.0497134 -0.0604
      endloop
   endfacet
   facet normal 0 0 -1
      outer loop
         vertex -0.113 -0.0497134 -0.0604
         vertex -0.114438 -0.0482749 -0.0604
         vertex -0.0981621 -0.0482749 -0.0604
      endloop
   endfacet
   facet normal 4.25926e-17 0.69559 -0.718439
      outer loop
         vertex -0.1152 -0.0475003 -0.0596501
         vertex -0.0974 -0.0475003 -0.0596501
         vertex -0.0981621 -0.0482749 -0.0604
      endloop
   endfacet
   facet normal 4.25926e-17 0.69559 -0.718439
      outer loop
         vertex -0.0981621 -0.0482749 -0.0604
         vertex -0.114438 -0.0482749 -0.0604
         vertex -0.1152 -0.0475003 -0.0596501
      endloop
   endfacet
endsolid idler_1. Units = meters