solid Part 1. STL generated by ONSHAPE BY PTC INC, 1.218. Units = meters
   facet normal -6.12323e-17 1 0
      outer loop
         vertex 2.16298e-17 0.115711 -0.029214
         vertex 0.000929824 0.115711 -0.0206644
         vertex 0.00184875 0.115711 -0.0208151
      endloop
   endfacet
   facet normal -6.12323e-17 1 0
      outer loop
         vertex 0.00184875 0.115711 -0.0208151
         vertex 0.00274599 0.115711 -0.0210642
         vertex 2.16298e-17 0.115711 -0.029214
      endloop
   endfacet
   facet normal -6.12323e-17 1 0
      outer loop
         vertex 0.00274599 0.115711 -0.0210642
         vertex 0.00361105 0.115711 -0.0214089
         vertex 2.16298e-17 0.115711 -0.029214
      endloop
   endfacet
   facet normal -6.12323e-17 1 0
      outer loop
         vertex 0.00361105 0.115711 -0.0214089
         vertex 0.00443376 0.115711 -0.021845
         vertex 2.16298e-17 0.115711 -0.029214
      endloop
   endfacet
   facet normal -6.12323e-17 1 0
      outer loop
         vertex 0.00443376 0.115711 -0.021845
         vertex 0.0052045 0.115711 -0.0223676
         vertex 2.16298e-17 0.115711 -0.029214
      endloop
   endfacet
   facet normal -6.12323e-17 1 0
      outer loop
         vertex 0.0052045 0.115711 -0.0223676
         vertex 0.00591422 0.115711 -0.0229705
         vertex 2.16298e-17 0.115711 -0.029214
      endloop
   endfacet
   facet normal -6.12323e-17 1 0
      outer loop
         vertex 0.00591422 0.115711 -0.0229705
         vertex 0.00655459 0.115711 -0.0236465
         vertex 2.16298e-17 0.115711 -0.029214
      endloop
   endfacet
   facet normal -6.12323e-17 1 0
      outer loop
         vertex 0.00655459 0.115711 -0.0236465
         vertex 0.00711813 0.115711 -0.0243878
         vertex 2.16298e-17 0.115711 -0.029214
      endloop
   endfacet
   facet normal -6.12323e-17 1 0
      outer loop
         vertex 0.00711813 0.115711 -0.0243878
         vertex 0.0075982 0.115711 -0.0251857
         vertex 2.16298e-17 0.115711 -0.029214
      endloop
   endfacet
   facet normal -6.12323e-17 1 0
      outer loop
         vertex 0.0075982 0.115711 -0.0251857
         vertex 0.0079892 0.115711 -0.0260308
         vertex 2.16298e-17 0.115711 -0.029214
      endloop
   endfacet
   facet normal -6.12323e-17 1 0
      outer loop
         vertex 0.0079892 0.115711 -0.0260308
         vertex 0.00828653 0.115711 -0.0269133
         vertex 2.16298e-17 0.115711 -0.029214
      endloop
   endfacet
   facet normal -6.12323e-17 1 0
      outer loop
         vertex 0.00828653 0.115711 -0.0269133
         vertex 0.00848671 0.115711 -0.0278227
         vertex 2.16298e-17 0.115711 -0.029214
      endloop
   endfacet
   facet normal -6.12323e-17 1 0
      outer loop
         vertex 0.00848671 0.115711 -0.0278227
         vertex 0.00858739 0.115711 -0.0287484
         vertex 2.16298e-17 0.115711 -0.029214
      endloop
   endfacet
   facet normal -6.12323e-17 1 0
      outer loop
         vertex 0.00858739 0.115711 -0.0287484
         vertex 0.00858739 0.115711 -0.0296796
         vertex 2.16298e-17 0.115711 -0.029214
      endloop
   endfacet
   facet normal -6.12323e-17 1 0
      outer loop
         vertex 0.00858739 0.115711 -0.0296796
         vertex 0.00848671 0.115711 -0.0306053
         vertex 2.16298e-17 0.115711 -0.029214
      endloop
   endfacet
   facet normal -6.12323e-17 1 0
      outer loop
         vertex 0.00848671 0.115711 -0.0306053
         vertex 0.00828653 0.115711 -0.0315148
         vertex 2.16298e-17 0.115711 -0.029214
      endloop
   endfacet
   facet normal -6.12323e-17 1 0
      outer loop
         vertex 0.00828653 0.115711 -0.0315148
         vertex 0.0079892 0.115711 -0.0323972
         vertex 2.16298e-17 0.115711 -0.029214
      endloop
   endfacet
   facet normal -6.12323e-17 1 0
      outer loop
         vertex 0.0079892 0.115711 -0.0323972
         vertex 0.0075982 0.115711 -0.0332423
         vertex 2.16298e-17 0.115711 -0.029214
      endloop
   endfacet
   facet normal -6.12323e-17 1 0
      outer loop
         vertex 0.0075982 0.115711 -0.0332423
         vertex 0.00711813 0.115711 -0.0340402
         vertex 2.16298e-17 0.115711 -0.029214
      endloop
   endfacet
   facet normal -6.12323e-17 1 0
      outer loop
         vertex 0.00711813 0.115711 -0.0340402
         vertex 0.00655459 0.115711 -0.0347815
         vertex 2.16298e-17 0.115711 -0.029214
      endloop
   endfacet
   facet normal -6.12323e-17 1 0
      outer loop
         vertex 0.00655459 0.115711 -0.0347815
         vertex 0.00591422 0.115711 -0.0354576
         vertex 2.16298e-17 0.115711 -0.029214
      endloop
   endfacet
   facet normal -6.12323e-17 1 0
      outer loop
         vertex 0.00591422 0.115711 -0.0354576
         vertex 0.0052045 0.115711 -0.0360604
         vertex 2.16298e-17 0.115711 -0.029214
      endloop
   endfacet
   facet normal -6.12323e-17 1 0
      outer loop
         vertex 0.0052045 0.115711 -0.0360604
         vertex 0.00443376 0.115711 -0.036583
         vertex 2.16298e-17 0.115711 -0.029214
      endloop
   endfacet
   facet normal -6.12323e-17 1 0
      outer loop
         vertex 0.00443376 0.115711 -0.036583
         vertex 0.00361105 0.115711 -0.0370192
         vertex 2.16298e-17 0.115711 -0.029214
      endloop
   endfacet
   facet normal -6.12323e-17 1 0
      outer loop
         vertex 0.00361105 0.115711 -0.0370192
         vertex 0.00274599 0.115711 -0.0373638
         vertex 2.16298e-17 0.115711 -0.029214
      endloop
   endfacet
   facet normal -6.12323e-17 1 0
      outer loop
         vertex 0.00274599 0.115711 -0.0373638
         vertex 0.00184875 0.115711 -0.037613
         vertex 2.16298e-17 0.115711 -0.029214
      endloop
   endfacet
   facet normal -6.12323e-17 1 0
      outer loop
         vertex 0.00184875 0.115711 -0.037613
         vertex 0.000929824 0.115711 -0.0377636
         vertex 2.16298e-17 0.115711 -0.029214
      endloop
   endfacet
   facet normal -6.12323e-17 1 0
      outer loop
         vertex 0.000929824 0.115711 -0.0377636
         vertex 2.16298e-17 0.115711 -0.037814
         vertex 2.16298e-17 0.115711 -0.029214
      endloop
   endfacet
   facet normal -6.12323e-17 1 0
      outer loop
         vertex 2.16298e-17 0.115711 -0.037814
         vertex -0.000929824 0.115711 -0.0377636
         vertex 2.16298e-17 0.115711 -0.029214
      endloop
   endfacet
   facet normal -6.12323e-17 1 0
      outer loop
         vertex -0.000929824 0.115711 -0.0377636
         vertex -0.00184875 0.115711 -0.037613
         vertex 2.16298e-17 0.115711 -0.029214
      endloop
   endfacet
   facet normal -6.12323e-17 1 0
      outer loop
         vertex -0.00184875 0.115711 -0.037613
         vertex -0.00274599 0.115711 -0.0373638
         vertex 2.16298e-17 0.115711 -0.029214
      endloop
   endfacet
   facet normal -6.12323e-17 1 0
      outer loop
         vertex -0.00274599 0.115711 -0.0373638
         vertex -0.00361105 0.115711 -0.0370192
         vertex 2.16298e-17 0.115711 -0.029214
      endloop
   endfacet
   facet normal -6.12323e-17 1 0
      outer loop
         vertex -0.00361105 0.115711 -0.0370192
         vertex -0.00443376 0.115711 -0.036583
         vertex 2.16298e-17 0.115711 -0.029214
      endloop
   endfacet
   facet normal -6.12323e-17 1 0
      outer loop
         vertex -0.00443376 0.115711 -0.036583
         vertex -0.0052045 0.115711 -0.0360604
         vertex 2.16298e-17 0.115711 -0.029214
      endloop
   endfacet
   facet normal -6.12323e-17 1 0
      outer loop
         vertex -0.0052045 0.115711 -0.0360604
         vertex -0.00591422 0.115711 -0.0354576
         vertex 2.16298e-17 0.115711 -0.029214
      endloop
   endfacet
   facet normal -6.12323e-17 1 0
      outer loop
         vertex -0.00591422 0.115711 -0.0354576
         vertex -0.00655459 0.115711 -0.0347815
         vertex 2.16298e-17 0.115711 -0.029214
      endloop
   endfacet
   facet normal -6.12323e-17 1 0
      outer loop
         vertex -0.00655459 0.115711 -0.0347815
         vertex -0.00711813 0.115711 -0.0340402
         vertex 2.16298e-17 0.115711 -0.029214
      endloop
   endfacet
   facet normal -6.12323e-17 1 0
      outer loop
         vertex -0.00711813 0.115711 -0.0340402
         vertex -0.0075982 0.115711 -0.0332423
         vertex 2.16298e-17 0.115711 -0.029214
      endloop
   endfacet
   facet normal -6.12323e-17 1 0
      outer loop
         vertex -0.0075982 0.115711 -0.0332423
         vertex -0.0079892 0.115711 -0.0323972
         vertex 2.16298e-17 0.115711 -0.029214
      endloop
   endfacet
   facet normal -6.12323e-17 1 0
      outer loop
         vertex -0.0079892 0.115711 -0.0323972
         vertex -0.00828653 0.115711 -0.0315148
         vertex 2.16298e-17 0.115711 -0.029214
      endloop
   endfacet
   facet normal -6.12323e-17 1 0
      outer loop
         vertex -0.00828653 0.115711 -0.0315148
         vertex -0.00848671 0.115711 -0.0306053
         vertex 2.16298e-17 0.115711 -0.029214
      endloop
   endfacet
   facet normal -6.12323e-17 1 0
      outer loop
         vertex -0.00848671 0.115711 -0.0306053
         vertex -0.00858739 0.115711 -0.0296796
         vertex 2.16298e-17 0.115711 -0.029214
      endloop
   endfacet
   facet normal -6.12323e-17 1 0
      outer loop
         vertex -0.00858739 0.115711 -0.0296796
         vertex -0.00858739 0.115711 -0.0287484
         vertex 2.16298e-17 0.115711 -0.029214
      endloop
   endfacet
   facet normal -6.12323e-17 1 0
      outer loop
         vertex -0.00858739 0.115711 -0.0287484
         vertex -0.00848671 0.115711 -0.0278227
         vertex 2.16298e-17 0.115711 -0.029214
      endloop
   endfacet
   facet normal -6.12323e-17 1 0
      outer loop
         vertex -0.00848671 0.115711 -0.0278227
         vertex -0.00828653 0.115711 -0.0269133
         vertex 2.16298e-17 0.115711 -0.029214
      endloop
   endfacet
   facet normal -6.12323e-17 1 0
      outer loop
         vertex -0.00828653 0.115711 -0.0269133
         vertex -0.0079892 0.115711 -0.0260308
         vertex 2.16298e-17 0.115711 -0.029214
      endloop
   endfacet
   facet normal -6.12323e-17 1 0
      outer loop
         vertex -0.0079892 0.115711 -0.0260308
         vertex -0.0075982 0.115711 -0.0251857
         vertex 2.16298e-17 0.115711 -0.029214
      endloop
   endfacet
   facet normal -6.12323e-17 1 0
      outer loop
         vertex -0.0075982 0.115711 -0.0251857
         vertex -0.00711813 0.115711 -0.0243878
         vertex 2.16298e-17 0.115711 -0.029214
      endloop
   endfacet
   facet normal -6.12323e-17 1 0
      outer loop
         vertex -0.00711813 0.115711 -0.0243878
         vertex -0.00655459 0.115711 -0.0236465
         vertex 2.16298e-17 0.115711 -0.029214
      endloop
   endfacet
   facet normal -6.12323e-17 1 0
      outer loop
         vertex -0.00655459 0.115711 -0.0236465
         vertex -0.00591422 0.115711 -0.0229705
         vertex 2.16298e-17 0.115711 -0.029214
      endloop
   endfacet
   facet normal -6.12323e-17 1 0
      outer loop
         vertex -0.00591422 0.115711 -0.0229705
         vertex -0.0052045 0.115711 -0.0223676
         vertex 2.16298e-17 0.115711 -0.029214
      endloop
   endfacet
   facet normal -6.12323e-17 1 0
      outer loop
         vertex -0.0052045 0.115711 -0.0223676
         vertex -0.00443376 0.115711 -0.021845
         vertex 2.16298e-17 0.115711 -0.029214
      endloop
   endfacet
   facet normal -6.12323e-17 1 0
      outer loop
         vertex -0.00443376 0.115711 -0.021845
         vertex -0.00361105 0.115711 -0.0214089
         vertex 2.16298e-17 0.115711 -0.029214
      endloop
   endfacet
   facet normal -6.12323e-17 1 0
      outer loop
         vertex -0.00361105 0.115711 -0.0214089
         vertex -0.00274599 0.115711 -0.0210642
         vertex 2.16298e-17 0.115711 -0.029214
      endloop
   endfacet
   facet normal -6.12323e-17 1 0
      outer loop
         vertex -0.00274599 0.115711 -0.0210642
         vertex -0.00184875 0.115711 -0.0208151
         vertex 2.16298e-17 0.115711 -0.029214
      endloop
   endfacet
   facet normal -6.12323e-17 1 0
      outer loop
         vertex -0.00184875 0.115711 -0.0208151
         vertex -0.000929824 0.115711 -0.0206644
         vertex 2.16298e-17 0.115711 -0.029214
      endloop
   endfacet
   facet normal -6.12323e-17 1 0
      outer loop
         vertex -0.000929824 0.115711 -0.0206644
         vertex 2.47894e-17 0.115711 -0.020614
         vertex 2.16298e-17 0.115711 -0.029214
      endloop
   endfacet
   facet normal -6.12323e-17 1 0
      outer loop
         vertex 2.47894e-17 0.115711 -0.020614
         vertex 0.000929824 0.115711 -0.0206644
         vertex 2.16298e-17 0.115711 -0.029214
      endloop
   endfacet
   facet normal 0 0 -1
      outer loop
         vertex 2.20646e-17 0.108611 -0.037814
         vertex 2.16298e-17 0.115711 -0.037814
         vertex 0.000929824 0.115711 -0.0377636
      endloop
   endfacet
   facet normal 0.108119 6.62038e-18 -0.994138
      outer loop
         vertex 0.000929824 0.108611 -0.0377636
         vertex 0.000929824 0.115711 -0.0377636
         vertex 0.00184875 0.115711 -0.037613
      endloop
   endfacet
   facet normal 0.21497 1.31631e-17 -0.976621
      outer loop
         vertex 0.00184875 0.108611 -0.037613
         vertex 0.00184875 0.115711 -0.037613
         vertex 0.00274599 0.115711 -0.0373638
      endloop
   endfacet
   facet normal 0.319302 1.95516e-17 -0.947653
      outer loop
         vertex 0.00274599 0.108611 -0.0373638
         vertex 0.00274599 0.115711 -0.0373638
         vertex 0.00361105 0.115711 -0.0370192
      endloop
   endfacet
   facet normal 0.419889 2.57108e-17 -0.907575
      outer loop
         vertex 0.00361105 0.108611 -0.0370192
         vertex 0.00361105 0.115711 -0.0370192
         vertex 0.00443376 0.115711 -0.036583
      endloop
   endfacet
   facet normal 0.515554 3.15686e-17 -0.856857
      outer loop
         vertex 0.00443376 0.108611 -0.036583
         vertex 0.00443376 0.115711 -0.036583
         vertex 0.0052045 0.115711 -0.0360604
      endloop
   endfacet
   facet normal 0.605174 3.70562e-17 -0.796093
      outer loop
         vertex 0.0052045 0.108611 -0.0360604
         vertex 0.0052045 0.115711 -0.0360604
         vertex 0.00591422 0.115711 -0.0354576
      endloop
   endfacet
   facet normal 0.687699 4.21094e-17 -0.725995
      outer loop
         vertex 0.00591422 0.108611 -0.0354576
         vertex 0.00591422 0.115711 -0.0354576
         vertex 0.00655459 0.115711 -0.0347815
      endloop
   endfacet
   facet normal 0.762162 4.6669e-17 -0.647386
      outer loop
         vertex 0.00655459 0.108611 -0.0347815
         vertex 0.00655459 0.115711 -0.0347815
         vertex 0.00711813 0.115711 -0.0340402
      endloop
   endfacet
   facet normal 0.827689 5.06813e-17 -0.561187
      outer loop
         vertex 0.00711813 0.108611 -0.0340402
         vertex 0.00711813 0.115711 -0.0340402
         vertex 0.0075982 0.115711 -0.0332423
      endloop
   endfacet
   facet normal 0.883512 5.40995e-17 -0.468408
      outer loop
         vertex 0.0075982 0.108611 -0.0332423
         vertex 0.0075982 0.115711 -0.0332423
         vertex 0.0079892 0.115711 -0.0323972
      endloop
   endfacet
   facet normal 0.928977 5.68834e-17 -0.370138
      outer loop
         vertex 0.0079892 0.108611 -0.0323972
         vertex 0.0079892 0.115711 -0.0323972
         vertex 0.00828653 0.115711 -0.0315148
      endloop
   endfacet
   facet normal 0.96355 5.90004e-17 -0.267528
      outer loop
         vertex 0.00828653 0.108611 -0.0315148
         vertex 0.00828653 0.115711 -0.0315148
         vertex 0.00848671 0.115711 -0.0306053
      endloop
   endfacet
   facet normal 0.986827 6.04257e-17 -0.161782
      outer loop
         vertex 0.00848671 0.108611 -0.0306053
         vertex 0.00848671 0.115711 -0.0306053
         vertex 0.00858739 0.115711 -0.0296796
      endloop
   endfacet
   facet normal 0.998533 6.11425e-17 -0.0541389
      outer loop
         vertex 0.00858739 0.108611 -0.0296796
         vertex 0.00858739 0.115711 -0.0296796
         vertex 0.00858739 0.115711 -0.0287484
      endloop
   endfacet
   facet normal 0.998533 6.11425e-17 0.0541389
      outer loop
         vertex 0.00858739 0.108611 -0.0287484
         vertex 0.00858739 0.115711 -0.0287484
         vertex 0.00848671 0.115711 -0.0278227
      endloop
   endfacet
   facet normal 0.986827 6.04257e-17 0.161782
      outer loop
         vertex 0.00848671 0.108611 -0.0278227
         vertex 0.00848671 0.115711 -0.0278227
         vertex 0.00828653 0.115711 -0.0269133
      endloop
   endfacet
   facet normal 0.96355 5.90004e-17 0.267528
      outer loop
         vertex 0.00828653 0.108611 -0.0269133
         vertex 0.00828653 0.115711 -0.0269133
         vertex 0.0079892 0.115711 -0.0260308
      endloop
   endfacet
   facet normal 0.928977 5.68834e-17 0.370138
      outer loop
         vertex 0.0079892 0.108611 -0.0260308
         vertex 0.0079892 0.115711 -0.0260308
         vertex 0.0075982 0.115711 -0.0251857
      endloop
   endfacet
   facet normal 0.883512 5.40995e-17 0.468408
      outer loop
         vertex 0.0075982 0.108611 -0.0251857
         vertex 0.0075982 0.115711 -0.0251857
         vertex 0.00711813 0.115711 -0.0243878
      endloop
   endfacet
   facet normal 0.827689 5.06813e-17 0.561187
      outer loop
         vertex 0.00711813 0.108611 -0.0243878
         vertex 0.00711813 0.115711 -0.0243878
         vertex 0.00655459 0.115711 -0.0236465
      endloop
   endfacet
   facet normal 0.762162 4.6669e-17 0.647386
      outer loop
         vertex 0.00655459 0.108611 -0.0236465
         vertex 0.00655459 0.115711 -0.0236465
         vertex 0.00591422 0.115711 -0.0229705
      endloop
   endfacet
   facet normal 0.687699 4.21094e-17 0.725995
      outer loop
         vertex 0.00591422 0.108611 -0.0229705
         vertex 0.00591422 0.115711 -0.0229705
         vertex 0.0052045 0.115711 -0.0223676
      endloop
   endfacet
   facet normal 0.605174 3.70562e-17 0.796093
      outer loop
         vertex 0.0052045 0.108611 -0.0223676
         vertex 0.0052045 0.115711 -0.0223676
         vertex 0.00443376 0.115711 -0.021845
      endloop
   endfacet
   facet normal 0.515554 3.15686e-17 0.856857
      outer loop
         vertex 0.00443376 0.108611 -0.021845
         vertex 0.00443376 0.115711 -0.021845
         vertex 0.00361105 0.115711 -0.0214089
      endloop
   endfacet
   facet normal 0.419889 2.57108e-17 0.907575
      outer loop
         vertex 0.00361105 0.108611 -0.0214089
         vertex 0.00361105 0.115711 -0.0214089
         vertex 0.00274599 0.115711 -0.0210642
      endloop
   endfacet
   facet normal 0.319302 1.95516e-17 0.947653
      outer loop
         vertex 0.00274599 0.108611 -0.0210642
         vertex 0.00274599 0.115711 -0.0210642
         vertex 0.00184875 0.115711 -0.0208151
      endloop
   endfacet
   facet normal 0.21497 1.31631e-17 0.976621
      outer loop
         vertex 0.00184875 0.108611 -0.0208151
         vertex 0.00184875 0.115711 -0.0208151
         vertex 0.000929824 0.115711 -0.0206644
      endloop
   endfacet
   facet normal 0.108119 6.62038e-18 0.994138
      outer loop
         vertex 0.000929824 0.108611 -0.0206644
         vertex 0.000929824 0.115711 -0.0206644
         vertex 2.47894e-17 0.115711 -0.020614
      endloop
   endfacet
   facet normal 1.22465e-16 7.4988e-33 1
      outer loop
         vertex 2.31178e-17 0.108611 -0.020614
         vertex 2.47894e-17 0.115711 -0.020614
         vertex -0.000929824 0.115711 -0.0206644
      endloop
   endfacet
   facet normal -0.108119 -6.62038e-18 0.994138
      outer loop
         vertex -0.000929824 0.108611 -0.0206644
         vertex -0.000929824 0.115711 -0.0206644
         vertex -0.00184875 0.115711 -0.0208151
      endloop
   endfacet
   facet normal -0.21497 -1.31631e-17 0.976621
      outer loop
         vertex -0.00184875 0.108611 -0.0208151
         vertex -0.00184875 0.115711 -0.0208151
         vertex -0.00274599 0.115711 -0.0210642
      endloop
   endfacet
   facet normal -0.319302 -1.95516e-17 0.947653
      outer loop
         vertex -0.00274599 0.108611 -0.0210642
         vertex -0.00274599 0.115711 -0.0210642
         vertex -0.00361105 0.115711 -0.0214089
      endloop
   endfacet
   facet normal -0.419889 -2.57108e-17 0.907575
      outer loop
         vertex -0.00361105 0.108611 -0.0214089
         vertex -0.00361105 0.115711 -0.0214089
         vertex -0.00443376 0.115711 -0.021845
      endloop
   endfacet
   facet normal -0.515554 -3.15686e-17 0.856857
      outer loop
         vertex -0.00443376 0.108611 -0.021845
         vertex -0.00443376 0.115711 -0.021845
         vertex -0.0052045 0.115711 -0.0223676
      endloop
   endfacet
   facet normal -0.605174 -3.70562e-17 0.796093
      outer loop
         vertex -0.0052045 0.108611 -0.0223676
         vertex -0.0052045 0.115711 -0.0223676
         vertex -0.00591422 0.115711 -0.0229705
      endloop
   endfacet
   facet normal -0.687699 -4.21094e-17 0.725995
      outer loop
         vertex -0.00591422 0.108611 -0.0229705
         vertex -0.00591422 0.115711 -0.0229705
         vertex -0.00655459 0.115711 -0.0236465
      endloop
   endfacet
   facet normal -0.762162 -4.6669e-17 0.647386
      outer loop
         vertex -0.00655459 0.108611 -0.0236465
         vertex -0.00655459 0.115711 -0.0236465
         vertex -0.00711813 0.115711 -0.0243878
      endloop
   endfacet
   facet normal -0.827689 -5.06813e-17 0.561187
      outer loop
         vertex -0.00711813 0.108611 -0.0243878
         vertex -0.00711813 0.115711 -0.0243878
         vertex -0.0075982 0.115711 -0.0251857
      endloop
   endfacet
   facet normal -0.883512 -5.40995e-17 0.468408
      outer loop
         vertex -0.0075982 0.108611 -0.0251857
         vertex -0.0075982 0.115711 -0.0251857
         vertex -0.0079892 0.115711 -0.0260308
      endloop
   endfacet
   facet normal -0.928977 -5.68834e-17 0.370138
      outer loop
         vertex -0.0079892 0.108611 -0.0260308
         vertex -0.0079892 0.115711 -0.0260308
         vertex -0.00828653 0.115711 -0.0269133
      endloop
   endfacet
   facet normal -0.96355 -5.90004e-17 0.267528
      outer loop
         vertex -0.00828653 0.108611 -0.0269133
         vertex -0.00828653 0.115711 -0.0269133
         vertex -0.00848671 0.115711 -0.0278227
      endloop
   endfacet
   facet normal -0.986827 -6.04257e-17 0.161782
      outer loop
         vertex -0.00848671 0.108611 -0.0278227
         vertex -0.00848671 0.115711 -0.0278227
         vertex -0.00858739 0.115711 -0.0287484
      endloop
   endfacet
   facet normal -0.998533 -6.11425e-17 0.0541389
      outer loop
         vertex -0.00858739 0.108611 -0.0287484
         vertex -0.00858739 0.115711 -0.0287484
         vertex -0.00858739 0.115711 -0.0296796
      endloop
   endfacet
   facet normal -0.998533 -6.11425e-17 -0.0541389
      outer loop
         vertex -0.00858739 0.108611 -0.0296796
         vertex -0.00858739 0.115711 -0.0296796
         vertex -0.00848671 0.115711 -0.0306053
      endloop
   endfacet
   facet normal -0.986827 -6.04257e-17 -0.161782
      outer loop
         vertex -0.00848671 0.108611 -0.0306053
         vertex -0.00848671 0.115711 -0.0306053
         vertex -0.00828653 0.115711 -0.0315148
      endloop
   endfacet
   facet normal -0.96355 -5.90004e-17 -0.267528
      outer loop
         vertex -0.00828653 0.108611 -0.0315148
         vertex -0.00828653 0.115711 -0.0315148
         vertex -0.0079892 0.115711 -0.0323972
      endloop
   endfacet
   facet normal -0.928977 -5.68834e-17 -0.370138
      outer loop
         vertex -0.0079892 0.108611 -0.0323972
         vertex -0.0079892 0.115711 -0.0323972
         vertex -0.0075982 0.115711 -0.0332423
      endloop
   endfacet
   facet normal -0.883512 -5.40995e-17 -0.468408
      outer loop
         vertex -0.0075982 0.108611 -0.0332423
         vertex -0.0075982 0.115711 -0.0332423
         vertex -0.00711813 0.115711 -0.0340402
      endloop
   endfacet
   facet normal -0.827689 -5.06813e-17 -0.561187
      outer loop
         vertex -0.00711813 0.108611 -0.0340402
         vertex -0.00711813 0.115711 -0.0340402
         vertex -0.00655459 0.115711 -0.0347815
      endloop
   endfacet
   facet normal -0.762162 -4.6669e-17 -0.647386
      outer loop
         vertex -0.00655459 0.108611 -0.0347815
         vertex -0.00655459 0.115711 -0.0347815
         vertex -0.00591422 0.115711 -0.0354576
      endloop
   endfacet
   facet normal -0.687699 -4.21094e-17 -0.725995
      outer loop
         vertex -0.00591422 0.108611 -0.0354576
         vertex -0.00591422 0.115711 -0.0354576
         vertex -0.0052045 0.115711 -0.0360604
      endloop
   endfacet
   facet normal -0.605174 -3.70562e-17 -0.796093
      outer loop
         vertex -0.0052045 0.108611 -0.0360604
         vertex -0.0052045 0.115711 -0.0360604
         vertex -0.00443376 0.115711 -0.036583
      endloop
   endfacet
   facet normal -0.515554 -3.15686e-17 -0.856857
      outer loop
         vertex -0.00443376 0.108611 -0.036583
         vertex -0.00443376 0.115711 -0.036583
         vertex -0.00361105 0.115711 -0.0370192
      endloop
   endfacet
   facet normal -0.419889 -2.57108e-17 -0.907575
      outer loop
         vertex -0.00361105 0.108611 -0.0370192
         vertex -0.00361105 0.115711 -0.0370192
         vertex -0.00274599 0.115711 -0.0373638
      endloop
   endfacet
   facet normal -0.319302 -1.95516e-17 -0.947653
      outer loop
         vertex -0.00274599 0.108611 -0.0373638
         vertex -0.00274599 0.115711 -0.0373638
         vertex -0.00184875 0.115711 -0.037613
      endloop
   endfacet
   facet normal -0.21497 -1.31631e-17 -0.976621
      outer loop
         vertex -0.00184875 0.108611 -0.037613
         vertex -0.00184875 0.115711 -0.037613
         vertex -0.000929824 0.115711 -0.0377636
      endloop
   endfacet
   facet normal -0.108119 -6.62038e-18 -0.994138
      outer loop
         vertex -0.000929824 0.108611 -0.0377636
         vertex -0.000929824 0.115711 -0.0377636
         vertex 2.16298e-17 0.115711 -0.037814
      endloop
   endfacet
   facet normal 0 0 -1
      outer loop
         vertex 2.16298e-17 0.115711 -0.037814
         vertex 2.20646e-17 0.108611 -0.037814
         vertex -0.000929824 0.108611 -0.0377636
      endloop
   endfacet
   facet normal -0.108119 -6.62038e-18 -0.994138
      outer loop
         vertex -0.000929824 0.115711 -0.0377636
         vertex -0.000929824 0.108611 -0.0377636
         vertex -0.00184875 0.108611 -0.037613
      endloop
   endfacet
   facet normal -0.21497 -1.31631e-17 -0.976621
      outer loop
         vertex -0.00184875 0.115711 -0.037613
         vertex -0.00184875 0.108611 -0.037613
         vertex -0.00274599 0.108611 -0.0373638
      endloop
   endfacet
   facet normal -0.319302 -1.95516e-17 -0.947653
      outer loop
         vertex -0.00274599 0.115711 -0.0373638
         vertex -0.00274599 0.108611 -0.0373638
         vertex -0.00361105 0.108611 -0.0370192
      endloop
   endfacet
   facet normal -0.419889 -2.57108e-17 -0.907575
      outer loop
         vertex -0.00361105 0.115711 -0.0370192
         vertex -0.00361105 0.108611 -0.0370192
         vertex -0.00443376 0.108611 -0.036583
      endloop
   endfacet
   facet normal -0.515554 -3.15686e-17 -0.856857
      outer loop
         vertex -0.00443376 0.115711 -0.036583
         vertex -0.00443376 0.108611 -0.036583
         vertex -0.0052045 0.108611 -0.0360604
      endloop
   endfacet
   facet normal -0.605174 -3.70562e-17 -0.796093
      outer loop
         vertex -0.0052045 0.115711 -0.0360604
         vertex -0.0052045 0.108611 -0.0360604
         vertex -0.00591422 0.108611 -0.0354576
      endloop
   endfacet
   facet normal -0.687699 -4.21094e-17 -0.725995
      outer loop
         vertex -0.00591422 0.115711 -0.0354576
         vertex -0.00591422 0.108611 -0.0354576
         vertex -0.00655459 0.108611 -0.0347815
      endloop
   endfacet
   facet normal -0.762162 -4.6669e-17 -0.647386
      outer loop
         vertex -0.00655459 0.115711 -0.0347815
         vertex -0.00655459 0.108611 -0.0347815
         vertex -0.00711813 0.108611 -0.0340402
      endloop
   endfacet
   facet normal -0.827689 -5.06813e-17 -0.561187
      outer loop
         vertex -0.00711813 0.115711 -0.0340402
         vertex -0.00711813 0.108611 -0.0340402
         vertex -0.0075982 0.108611 -0.0332423
      endloop
   endfacet
   facet normal -0.883512 -5.40995e-17 -0.468408
      outer loop
         vertex -0.0075982 0.115711 -0.0332423
         vertex -0.0075982 0.108611 -0.0332423
         vertex -0.0079892 0.108611 -0.0323972
      endloop
   endfacet
   facet normal -0.928977 -5.68834e-17 -0.370138
      outer loop
         vertex -0.0079892 0.115711 -0.0323972
         vertex -0.0079892 0.108611 -0.0323972
         vertex -0.00828653 0.108611 -0.0315148
      endloop
   endfacet
   facet normal -0.96355 -5.90004e-17 -0.267528
      outer loop
         vertex -0.00828653 0.115711 -0.0315148
         vertex -0.00828653 0.108611 -0.0315148
         vertex -0.00848671 0.108611 -0.0306053
      endloop
   endfacet
   facet normal -0.986827 -6.04257e-17 -0.161782
      outer loop
         vertex -0.00848671 0.115711 -0.0306053
         vertex -0.00848671 0.108611 -0.0306053
         vertex -0.00858739 0.108611 -0.0296796
      endloop
   endfacet
   facet normal -0.998533 -6.11425e-17 -0.0541389
      outer loop
         vertex -0.00858739 0.115711 -0.0296796
         vertex -0.00858739 0.108611 -0.0296796
         vertex -0.00858739 0.108611 -0.0287484
      endloop
   endfacet
   facet normal -0.998533 -6.11425e-17 0.0541389
      outer loop
         vertex -0.00858739 0.115711 -0.0287484
         vertex -0.00858739 0.108611 -0.0287484
         vertex -0.00848671 0.108611 -0.0278227
      endloop
   endfacet
   facet normal -0.986827 -6.04257e-17 0.161782
      outer loop
         vertex -0.00848671 0.115711 -0.0278227
         vertex -0.00848671 0.108611 -0.0278227
         vertex -0.00828653 0.108611 -0.0269133
      endloop
   endfacet
   facet normal -0.96355 -5.90004e-17 0.267528
      outer loop
         vertex -0.00828653 0.115711 -0.0269133
         vertex -0.00828653 0.108611 -0.0269133
         vertex -0.0079892 0.108611 -0.0260308
      endloop
   endfacet
   facet normal -0.928977 -5.68834e-17 0.370138
      outer loop
         vertex -0.0079892 0.115711 -0.0260308
         vertex -0.0079892 0.108611 -0.0260308
         vertex -0.0075982 0.108611 -0.0251857
      endloop
   endfacet
   facet normal -0.883512 -5.40995e-17 0.468408
      outer loop
         vertex -0.0075982 0.115711 -0.0251857
         vertex -0.0075982 0.108611 -0.0251857
         vertex -0.00711813 0.108611 -0.0243878
      endloop
   endfacet
   facet normal -0.827689 -5.06813e-17 0.561187
      outer loop
         vertex -0.00711813 0.115711 -0.0243878
         vertex -0.00711813 0.108611 -0.0243878
         vertex -0.00655459 0.108611 -0.0236465
      endloop
   endfacet
   facet normal -0.762162 -4.6669e-17 0.647386
      outer loop
         vertex -0.00655459 0.115711 -0.0236465
         vertex -0.00655459 0.108611 -0.0236465
         vertex -0.00591422 0.108611 -0.0229705
      endloop
   endfacet
   facet normal -0.687699 -4.21094e-17 0.725995
      outer loop
         vertex -0.00591422 0.115711 -0.0229705
         vertex -0.00591422 0.108611 -0.0229705
         vertex -0.0052045 0.108611 -0.0223676
      endloop
   endfacet
   facet normal -0.605174 -3.70562e-17 0.796093
      outer loop
         vertex -0.0052045 0.115711 -0.0223676
         vertex -0.0052045 0.108611 -0.0223676
         vertex -0.00443376 0.108611 -0.021845
      endloop
   endfacet
   facet normal -0.515554 -3.15686e-17 0.856857
      outer loop
         vertex -0.00443376 0.115711 -0.021845
         vertex -0.00443376 0.108611 -0.021845
         vertex -0.00361105 0.108611 -0.0214089
      endloop
   endfacet
   facet normal -0.419889 -2.57108e-17 0.907575
      outer loop
         vertex -0.00361105 0.115711 -0.0214089
         vertex -0.00361105 0.108611 -0.0214089
         vertex -0.00274599 0.108611 -0.0210642
      endloop
   endfacet
   facet normal -0.319302 -1.95516e-17 0.947653
      outer loop
         vertex -0.00274599 0.115711 -0.0210642
         vertex -0.00274599 0.108611 -0.0210642
         vertex -0.00184875 0.108611 -0.0208151
      endloop
   endfacet
   facet normal -0.21497 -1.31631e-17 0.976621
      outer loop
         vertex -0.00184875 0.115711 -0.0208151
         vertex -0.00184875 0.108611 -0.0208151
         vertex -0.000929824 0.108611 -0.0206644
      endloop
   endfacet
   facet normal -0.108119 -6.62038e-18 0.994138
      outer loop
         vertex -0.000929824 0.115711 -0.0206644
         vertex -0.000929824 0.108611 -0.0206644
         vertex 2.31178e-17 0.108611 -0.020614
      endloop
   endfacet
   facet normal 1.22465e-16 7.4988e-33 1
      outer loop
         vertex 2.47894e-17 0.115711 -0.020614
         vertex 2.31178e-17 0.108611 -0.020614
         vertex 0.000929824 0.108611 -0.0206644
      endloop
   endfacet
   facet normal 0.108119 6.62038e-18 0.994138
      outer loop
         vertex 0.000929824 0.115711 -0.0206644
         vertex 0.000929824 0.108611 -0.0206644
         vertex 0.00184875 0.108611 -0.0208151
      endloop
   endfacet
   facet normal 0.21497 1.31631e-17 0.976621
      outer loop
         vertex 0.00184875 0.115711 -0.0208151
         vertex 0.00184875 0.108611 -0.0208151
         vertex 0.00274599 0.108611 -0.0210642
      endloop
   endfacet
   facet normal 0.319302 1.95516e-17 0.947653
      outer loop
         vertex 0.00274599 0.115711 -0.0210642
         vertex 0.00274599 0.108611 -0.0210642
         vertex 0.00361105 0.108611 -0.0214089
      endloop
   endfacet
   facet normal 0.419889 2.57108e-17 0.907575
      outer loop
         vertex 0.00361105 0.115711 -0.0214089
         vertex 0.00361105 0.108611 -0.0214089
         vertex 0.00443376 0.108611 -0.021845
      endloop
   endfacet
   facet normal 0.515554 3.15686e-17 0.856857
      outer loop
         vertex 0.00443376 0.115711 -0.021845
         vertex 0.00443376 0.108611 -0.021845
         vertex 0.0052045 0.108611 -0.0223676
      endloop
   endfacet
   facet normal 0.605174 3.70562e-17 0.796093
      outer loop
         vertex 0.0052045 0.115711 -0.0223676
         vertex 0.0052045 0.108611 -0.0223676
         vertex 0.00591422 0.108611 -0.0229705
      endloop
   endfacet
   facet normal 0.687699 4.21094e-17 0.725995
      outer loop
         vertex 0.00591422 0.115711 -0.0229705
         vertex 0.00591422 0.108611 -0.0229705
         vertex 0.00655459 0.108611 -0.0236465
      endloop
   endfacet
   facet normal 0.762162 4.6669e-17 0.647386
      outer loop
         vertex 0.00655459 0.115711 -0.0236465
         vertex 0.00655459 0.108611 -0.0236465
         vertex 0.00711813 0.108611 -0.0243878
      endloop
   endfacet
   facet normal 0.827689 5.06813e-17 0.561187
      outer loop
         vertex 0.00711813 0.115711 -0.0243878
         vertex 0.00711813 0.108611 -0.0243878
         vertex 0.0075982 0.108611 -0.0251857
      endloop
   endfacet
   facet normal 0.883512 5.40995e-17 0.468408
      outer loop
         vertex 0.0075982 0.115711 -0.0251857
         vertex 0.0075982 0.108611 -0.0251857
         vertex 0.0079892 0.108611 -0.0260308
      endloop
   endfacet
   facet normal 0.928977 5.68834e-17 0.370138
      outer loop
         vertex 0.0079892 0.115711 -0.0260308
         vertex 0.0079892 0.108611 -0.0260308
         vertex 0.00828653 0.108611 -0.0269133
      endloop
   endfacet
   facet normal 0.96355 5.90004e-17 0.267528
      outer loop
         vertex 0.00828653 0.115711 -0.0269133
         vertex 0.00828653 0.108611 -0.0269133
         vertex 0.00848671 0.108611 -0.0278227
      endloop
   endfacet
   facet normal 0.986827 6.04257e-17 0.161782
      outer loop
         vertex 0.00848671 0.115711 -0.0278227
         vertex 0.00848671 0.108611 -0.0278227
         vertex 0.00858739 0.108611 -0.0287484
      endloop
   endfacet
   facet normal 0.998533 6.11425e-17 0.0541389
      outer loop
         vertex 0.00858739 0.115711 -0.0287484
         vertex 0.00858739 0.108611 -0.0287484
         vertex 0.00858739 0.108611 -0.0296796
      endloop
   endfacet
   facet normal 0.998533 6.11425e-17 -0.0541389
      outer loop
         vertex 0.00858739 0.115711 -0.0296796
         vertex 0.00858739 0.108611 -0.0296796
         vertex 0.00848671 0.108611 -0.0306053
      endloop
   endfacet
   facet normal 0.986827 6.04257e-17 -0.161782
      outer loop
         vertex 0.00848671 0.115711 -0.0306053
         vertex 0.00848671 0.108611 -0.0306053
         vertex 0.00828653 0.108611 -0.0315148
      endloop
   endfacet
   facet normal 0.96355 5.90004e-17 -0.267528
      outer loop
         vertex 0.00828653 0.115711 -0.0315148
         vertex 0.00828653 0.108611 -0.0315148
         vertex 0.0079892 0.108611 -0.0323972
      endloop
   endfacet
   facet normal 0.928977 5.68834e-17 -0.370138
      outer loop
         vertex 0.0079892 0.115711 -0.0323972
         vertex 0.0079892 0.108611 -0.0323972
         vertex 0.0075982 0.108611 -0.0332423
      endloop
   endfacet
   facet normal 0.883512 5.40995e-17 -0.468408
      outer loop
         vertex 0.0075982 0.115711 -0.0332423
         vertex 0.0075982 0.108611 -0.0332423
         vertex 0.00711813 0.108611 -0.0340402
      endloop
   endfacet
   facet normal 0.827689 5.06813e-17 -0.561187
      outer loop
         vertex 0.00711813 0.115711 -0.0340402
         vertex 0.00711813 0.108611 -0.0340402
         vertex 0.00655459 0.108611 -0.0347815
      endloop
   endfacet
   facet normal 0.762162 4.6669e-17 -0.647386
      outer loop
         vertex 0.00655459 0.115711 -0.0347815
         vertex 0.00655459 0.108611 -0.0347815
         vertex 0.00591422 0.108611 -0.0354576
      endloop
   endfacet
   facet normal 0.687699 4.21094e-17 -0.725995
      outer loop
         vertex 0.00591422 0.115711 -0.0354576
         vertex 0.00591422 0.108611 -0.0354576
         vertex 0.0052045 0.108611 -0.0360604
      endloop
   endfacet
   facet normal 0.605174 3.70562e-17 -0.796093
      outer loop
         vertex 0.0052045 0.115711 -0.0360604
         vertex 0.0052045 0.108611 -0.0360604
         vertex 0.00443376 0.108611 -0.036583
      endloop
   endfacet
   facet normal 0.515554 3.15686e-17 -0.856857
      outer loop
         vertex 0.00443376 0.115711 -0.036583
         vertex 0.00443376 0.108611 -0.036583
         vertex 0.00361105 0.108611 -0.0370192
      endloop
   endfacet
   facet normal 0.419889 2.57108e-17 -0.907575
      outer loop
         vertex 0.00361105 0.115711 -0.0370192
         vertex 0.00361105 0.108611 -0.0370192
         vertex 0.00274599 0.108611 -0.0373638
      endloop
   endfacet
   facet normal 0.319302 1.95516e-17 -0.947653
      outer loop
         vertex 0.00274599 0.115711 -0.0373638
         vertex 0.00274599 0.108611 -0.0373638
         vertex 0.00184875 0.108611 -0.037613
      endloop
   endfacet
   facet normal 0.21497 1.31631e-17 -0.976621
      outer loop
         vertex 0.00184875 0.115711 -0.037613
         vertex 0.00184875 0.108611 -0.037613
         vertex 0.000929824 0.108611 -0.0377636
      endloop
   endfacet
   facet normal 0.108119 6.62038e-18 -0.994138
      outer loop
         vertex 0.000929824 0.115711 -0.0377636
         vertex 0.000929824 0.108611 -0.0377636
         vertex 2.20646e-17 0.108611 -0.037814
      endloop
   endfacet
   facet normal 6.12323e-17 -1 0
      outer loop
         vertex 0.00274599 0.108611 -0.0210642
         vertex 0.00239476 0.108611 -0.0221066
         vertex 0.00314917 0.108611 -0.0224072
      endloop
   endfacet
   facet normal 6.12323e-17 -1 0
      outer loop
         vertex 0.00184875 0.108611 -0.0208151
         vertex 0.00161228 0.108611 -0.0218894
         vertex 0.00239476 0.108611 -0.0221066
      endloop
   endfacet
   facet normal 6.12323e-17 -1 0
      outer loop
         vertex -0.00184875 0.108611 -0.0208151
         vertex -0.00161228 0.108611 -0.0218894
         vertex -0.000810893 0.108611 -0.021758
      endloop
   endfacet
   facet normal 6.12323e-17 -1 0
      outer loop
         vertex -0.00274599 0.108611 -0.0210642
         vertex -0.00239476 0.108611 -0.0221066
         vertex -0.00161228 0.108611 -0.0218894
      endloop
   endfacet
   facet normal 6.12323e-17 -1 0
      outer loop
         vertex 0.00239476 0.108611 -0.0221066
         vertex 0.00274599 0.108611 -0.0210642
         vertex 0.00184875 0.108611 -0.0208151
      endloop
   endfacet
   facet normal 6.12323e-17 -1 0
      outer loop
         vertex 0.00184875 0.108611 -0.0208151
         vertex 0.000929824 0.108611 -0.0206644
         vertex 0.000810893 0.108611 -0.021758
      endloop
   endfacet
   facet normal 6.12323e-17 -1 0
      outer loop
         vertex -0.00161228 0.108611 -0.0218894
         vertex -0.00184875 0.108611 -0.0208151
         vertex -0.00274599 0.108611 -0.0210642
      endloop
   endfacet
   facet normal 6.12323e-17 -1 0
      outer loop
         vertex -0.00274599 0.108611 -0.0210642
         vertex -0.00361105 0.108611 -0.0214089
         vertex -0.00314917 0.108611 -0.0224072
      endloop
   endfacet
   facet normal 6.12323e-17 -1 0
      outer loop
         vertex 0.0075982 0.108611 -0.0251857
         vertex 0.00662634 0.108611 -0.025701
         vertex 0.00696733 0.108611 -0.026438
      endloop
   endfacet
   facet normal 6.12323e-17 -1 0
      outer loop
         vertex 0.00711813 0.108611 -0.0243878
         vertex 0.00620767 0.108611 -0.0250051
         vertex 0.00662634 0.108611 -0.025701
      endloop
   endfacet
   facet normal 6.12323e-17 -1 0
      outer loop
         vertex 0.000810893 0.108611 -0.021758
         vertex 0.00161228 0.108611 -0.0218894
         vertex 0.00184875 0.108611 -0.0208151
      endloop
   endfacet
   facet normal 6.12323e-17 -1 0
      outer loop
         vertex 2.31178e-17 0.108611 -0.020614
         vertex 2.43853e-17 0.108611 -0.021714
         vertex 0.000810893 0.108611 -0.021758
      endloop
   endfacet
   facet normal 6.12323e-17 -1 0
      outer loop
         vertex -0.000929824 0.108611 -0.0206644
         vertex -0.000810893 0.108611 -0.021758
         vertex 2.43853e-17 0.108611 -0.021714
      endloop
   endfacet
   facet normal 6.12323e-17 -1 0
      outer loop
         vertex -0.00314917 0.108611 -0.0224072
         vertex -0.00239476 0.108611 -0.0221066
         vertex -0.00274599 0.108611 -0.0210642
      endloop
   endfacet
   facet normal 6.12323e-17 -1 0
      outer loop
         vertex 0.0079892 0.108611 -0.0260308
         vertex 0.00696733 0.108611 -0.026438
         vertex 0.00722662 0.108611 -0.0272076
      endloop
   endfacet
   facet normal 6.12323e-17 -1 0
      outer loop
         vertex 0.00662634 0.108611 -0.025701
         vertex 0.0075982 0.108611 -0.0251857
         vertex 0.00711813 0.108611 -0.0243878
      endloop
   endfacet
   facet normal 6.12323e-17 -1 0
      outer loop
         vertex 0.00443376 0.108611 -0.021845
         vertex 0.00386665 0.108611 -0.0227876
         vertex 0.00453881 0.108611 -0.0232433
      endloop
   endfacet
   facet normal 6.12323e-17 -1 0
      outer loop
         vertex 0.00443376 0.108611 -0.021845
         vertex 0.00361105 0.108611 -0.0214089
         vertex 0.00314917 0.108611 -0.0224072
      endloop
   endfacet
   facet normal 6.12323e-17 -1 0
      outer loop
         vertex 0.000810893 0.108611 -0.021758
         vertex 0.000929824 0.108611 -0.0206644
         vertex 2.31178e-17 0.108611 -0.020614
      endloop
   endfacet
   facet normal 6.12323e-17 -1 0
      outer loop
         vertex -0.000810893 0.108611 -0.021758
         vertex -0.000929824 0.108611 -0.0206644
         vertex -0.00184875 0.108611 -0.0208151
      endloop
   endfacet
   facet normal 6.12323e-17 -1 0
      outer loop
         vertex 0.00848671 0.108611 -0.0278227
         vertex 0.00828653 0.108611 -0.0269133
         vertex 0.00722662 0.108611 -0.0272076
      endloop
   endfacet
   facet normal 6.12323e-17 -1 0
      outer loop
         vertex 0.00696733 0.108611 -0.026438
         vertex 0.0079892 0.108611 -0.0260308
         vertex 0.0075982 0.108611 -0.0251857
      endloop
   endfacet
   facet normal 6.12323e-17 -1 0
      outer loop
         vertex 0.00314917 0.108611 -0.0224072
         vertex 0.00386665 0.108611 -0.0227876
         vertex 0.00443376 0.108611 -0.021845
      endloop
   endfacet
   facet normal 6.12323e-17 -1 0
      outer loop
         vertex 2.43853e-17 0.108611 -0.021714
         vertex 2.31178e-17 0.108611 -0.020614
         vertex -0.000929824 0.108611 -0.0206644
      endloop
   endfacet
   facet normal 6.12323e-17 -1 0
      outer loop
         vertex -0.00443376 0.108611 -0.021845
         vertex -0.00386665 0.108611 -0.0227876
         vertex -0.00314917 0.108611 -0.0224072
      endloop
   endfacet
   facet normal 6.12323e-17 -1 0
      outer loop
         vertex -0.00443376 0.108611 -0.021845
         vertex -0.0052045 0.108611 -0.0223676
         vertex -0.00453881 0.108611 -0.0232433
      endloop
   endfacet
   facet normal 6.12323e-17 -1 0
      outer loop
         vertex -0.00848671 0.108611 -0.0278227
         vertex -0.00858739 0.108611 -0.0287484
         vertex -0.007489 0.108611 -0.028808
      endloop
   endfacet
   facet normal 6.12323e-17 -1 0
      outer loop
         vertex -0.00858739 0.108611 -0.0287484
         vertex -0.00858739 0.108611 -0.0296796
         vertex -0.007489 0.108611 -0.0296201
      endloop
   endfacet
   facet normal 6.12323e-17 -1 0
      outer loop
         vertex 0.00722662 0.108611 -0.0272076
         vertex 0.00828653 0.108611 -0.0269133
         vertex 0.0079892 0.108611 -0.0260308
      endloop
   endfacet
   facet normal 6.12323e-17 -1 0
      outer loop
         vertex 0.00655459 0.108611 -0.0236465
         vertex 0.00571622 0.108611 -0.0243586
         vertex 0.00620767 0.108611 -0.0250051
      endloop
   endfacet
   facet normal 6.12323e-17 -1 0
      outer loop
         vertex 0.00314917 0.108611 -0.0224072
         vertex 0.00361105 0.108611 -0.0214089
         vertex 0.00274599 0.108611 -0.0210642
      endloop
   endfacet
   facet normal 6.12323e-17 -1 0
      outer loop
         vertex -0.00453881 0.108611 -0.0232433
         vertex -0.00386665 0.108611 -0.0227876
         vertex -0.00443376 0.108611 -0.021845
      endloop
   endfacet
   facet normal 6.12323e-17 -1 0
      outer loop
         vertex -0.00591422 0.108611 -0.0229705
         vertex -0.00515775 0.108611 -0.0237691
         vertex -0.00453881 0.108611 -0.0232433
      endloop
   endfacet
   facet normal 6.12323e-17 -1 0
      outer loop
         vertex -0.00591422 0.108611 -0.0229705
         vertex -0.00655459 0.108611 -0.0236465
         vertex -0.00571622 0.108611 -0.0243586
      endloop
   endfacet
   facet normal 6.12323e-17 -1 0
      outer loop
         vertex -0.0079892 0.108611 -0.0260308
         vertex -0.00828653 0.108611 -0.0269133
         vertex -0.00722662 0.108611 -0.0272076
      endloop
   endfacet
   facet normal 6.12323e-17 -1 0
      outer loop
         vertex -0.00828653 0.108611 -0.0269133
         vertex -0.00848671 0.108611 -0.0278227
         vertex -0.0074012 0.108611 -0.0280007
      endloop
   endfacet
   facet normal 6.12323e-17 -1 0
      outer loop
         vertex -0.007489 0.108611 -0.0296201
         vertex -0.007489 0.108611 -0.028808
         vertex -0.00858739 0.108611 -0.0287484
      endloop
   endfacet
   facet normal 6.12323e-17 -1 0
      outer loop
         vertex -0.00848671 0.108611 -0.0306053
         vertex -0.0074012 0.108611 -0.0304274
         vertex -0.007489 0.108611 -0.0296201
      endloop
   endfacet
   facet normal 6.12323e-17 -1 0
      outer loop
         vertex -0.00828653 0.108611 -0.0315148
         vertex -0.00722662 0.108611 -0.0312205
         vertex -0.0074012 0.108611 -0.0304274
      endloop
   endfacet
   facet normal 6.12323e-17 -1 0
      outer loop
         vertex -0.0079892 0.108611 -0.0323972
         vertex -0.00696733 0.108611 -0.0319901
         vertex -0.00722662 0.108611 -0.0312205
      endloop
   endfacet
   facet normal 6.12323e-17 -1 0
      outer loop
         vertex 0.00655459 0.108611 -0.0347815
         vertex 0.00711813 0.108611 -0.0340402
         vertex 0.00620767 0.108611 -0.0334229
      endloop
   endfacet
   facet normal 6.12323e-17 -1 0
      outer loop
         vertex 0.00711813 0.108611 -0.0340402
         vertex 0.0075982 0.108611 -0.0332423
         vertex 0.00662634 0.108611 -0.0327271
      endloop
   endfacet
   facet normal 6.12323e-17 -1 0
      outer loop
         vertex 0.00858739 0.108611 -0.0287484
         vertex 0.00848671 0.108611 -0.0278227
         vertex 0.0074012 0.108611 -0.0280007
      endloop
   endfacet
   facet normal 6.12323e-17 -1 0
      outer loop
         vertex 0.00620767 0.108611 -0.0250051
         vertex 0.00711813 0.108611 -0.0243878
         vertex 0.00655459 0.108611 -0.0236465
      endloop
   endfacet
   facet normal 6.12323e-17 -1 0
      outer loop
         vertex 0.00591422 0.108611 -0.0229705
         vertex 0.00515775 0.108611 -0.0237691
         vertex 0.00571622 0.108611 -0.0243586
      endloop
   endfacet
   facet normal 6.12323e-17 -1 0
      outer loop
         vertex 0.00591422 0.108611 -0.0229705
         vertex 0.0052045 0.108611 -0.0223676
         vertex 0.00453881 0.108611 -0.0232433
      endloop
   endfacet
   facet normal 6.12323e-17 -1 0
      outer loop
         vertex -0.00314917 0.108611 -0.0224072
         vertex -0.00361105 0.108611 -0.0214089
         vertex -0.00443376 0.108611 -0.021845
      endloop
   endfacet
   facet normal 6.12323e-17 -1 0
      outer loop
         vertex -0.00571622 0.108611 -0.0243586
         vertex -0.00515775 0.108611 -0.0237691
         vertex -0.00591422 0.108611 -0.0229705
      endloop
   endfacet
   facet normal 6.12323e-17 -1 0
      outer loop
         vertex -0.00711813 0.108611 -0.0243878
         vertex -0.00620767 0.108611 -0.0250051
         vertex -0.00571622 0.108611 -0.0243586
      endloop
   endfacet
   facet normal 6.12323e-17 -1 0
      outer loop
         vertex -0.00711813 0.108611 -0.0243878
         vertex -0.0075982 0.108611 -0.0251857
         vertex -0.00662634 0.108611 -0.025701
      endloop
   endfacet
   facet normal 6.12323e-17 -1 0
      outer loop
         vertex -0.0079892 0.108611 -0.0260308
         vertex -0.00696733 0.108611 -0.026438
         vertex -0.00662634 0.108611 -0.025701
      endloop
   endfacet
   facet normal 6.12323e-17 -1 0
      outer loop
         vertex -0.0074012 0.108611 -0.0280007
         vertex -0.00722662 0.108611 -0.0272076
         vertex -0.00828653 0.108611 -0.0269133
      endloop
   endfacet
   facet normal 6.12323e-17 -1 0
      outer loop
         vertex -0.007489 0.108611 -0.0296201
         vertex -0.00858739 0.108611 -0.0296796
         vertex -0.00848671 0.108611 -0.0306053
      endloop
   endfacet
   facet normal 6.12323e-17 -1 0
      outer loop
         vertex -0.00722662 0.108611 -0.0312205
         vertex -0.00828653 0.108611 -0.0315148
         vertex -0.0079892 0.108611 -0.0323972
      endloop
   endfacet
   facet normal 6.12323e-17 -1 0
      outer loop
         vertex -0.0075982 0.108611 -0.0332423
         vertex -0.00662634 0.108611 -0.0327271
         vertex -0.00696733 0.108611 -0.0319901
      endloop
   endfacet
   facet normal 6.12323e-17 -1 0
      outer loop
         vertex -0.0075982 0.108611 -0.0332423
         vertex -0.00711813 0.108611 -0.0340402
         vertex -0.00620767 0.108611 -0.0334229
      endloop
   endfacet
   facet normal 6.12323e-17 -1 0
      outer loop
         vertex 0.00662634 0.108611 -0.0327271
         vertex 0.00620767 0.108611 -0.0334229
         vertex 0.00711813 0.108611 -0.0340402
      endloop
   endfacet
   facet normal 6.12323e-17 -1 0
      outer loop
         vertex 0.0075982 0.108611 -0.0332423
         vertex 0.0079892 0.108611 -0.0323972
         vertex 0.00696733 0.108611 -0.0319901
      endloop
   endfacet
   facet normal 6.12323e-17 -1 0
      outer loop
         vertex 0.0079892 0.108611 -0.0323972
         vertex 0.00828653 0.108611 -0.0315148
         vertex 0.00722662 0.108611 -0.0312205
      endloop
   endfacet
   facet normal 6.12323e-17 -1 0
      outer loop
         vertex 0.00828653 0.108611 -0.0315148
         vertex 0.00848671 0.108611 -0.0306053
         vertex 0.0074012 0.108611 -0.0304274
      endloop
   endfacet
   facet normal 6.12323e-17 -1 0
      outer loop
         vertex 0.00722662 0.108611 -0.0272076
         vertex 0.0074012 0.108611 -0.0280007
         vertex 0.00848671 0.108611 -0.0278227
      endloop
   endfacet
   facet normal 6.12323e-17 -1 0
      outer loop
         vertex 0.00453881 0.108611 -0.0232433
         vertex 0.00515775 0.108611 -0.0237691
         vertex 0.00591422 0.108611 -0.0229705
      endloop
   endfacet
   facet normal 6.12323e-17 -1 0
      outer loop
         vertex -0.00453881 0.108611 -0.0232433
         vertex -0.0052045 0.108611 -0.0223676
         vertex -0.00591422 0.108611 -0.0229705
      endloop
   endfacet
   facet normal 6.12323e-17 -1 0
      outer loop
         vertex -0.00662634 0.108611 -0.025701
         vertex -0.00620767 0.108611 -0.0250051
         vertex -0.00711813 0.108611 -0.0243878
      endloop
   endfacet
   facet normal 6.12323e-17 -1 0
      outer loop
         vertex -0.00722662 0.108611 -0.0272076
         vertex -0.00696733 0.108611 -0.026438
         vertex -0.0079892 0.108611 -0.0260308
      endloop
   endfacet
   facet normal 6.12323e-17 -1 0
      outer loop
         vertex -0.0074012 0.108611 -0.0304274
         vertex -0.00848671 0.108611 -0.0306053
         vertex -0.00828653 0.108611 -0.0315148
      endloop
   endfacet
   facet normal 6.12323e-17 -1 0
      outer loop
         vertex -0.00620767 0.108611 -0.0334229
         vertex -0.00662634 0.108611 -0.0327271
         vertex -0.0075982 0.108611 -0.0332423
      endloop
   endfacet
   facet normal 6.12323e-17 -1 0
      outer loop
         vertex -0.00711813 0.108611 -0.0340402
         vertex -0.00655459 0.108611 -0.0347815
         vertex -0.00571622 0.108611 -0.0340694
      endloop
   endfacet
   facet normal 6.12323e-17 -1 0
      outer loop
         vertex -0.00591422 0.108611 -0.0354576
         vertex -0.00515775 0.108611 -0.034659
         vertex -0.00571622 0.108611 -0.0340694
      endloop
   endfacet
   facet normal 6.12323e-17 -1 0
      outer loop
         vertex -0.00591422 0.108611 -0.0354576
         vertex -0.0052045 0.108611 -0.0360604
         vertex -0.00453881 0.108611 -0.0351847
      endloop
   endfacet
   facet normal 6.12323e-17 -1 0
      outer loop
         vertex -0.00443376 0.108611 -0.036583
         vertex -0.00386665 0.108611 -0.0356404
         vertex -0.00453881 0.108611 -0.0351847
      endloop
   endfacet
   facet normal 6.12323e-17 -1 0
      outer loop
         vertex -0.00361105 0.108611 -0.0370192
         vertex -0.00314917 0.108611 -0.0360208
         vertex -0.00386665 0.108611 -0.0356404
      endloop
   endfacet
   facet normal 6.12323e-17 -1 0
      outer loop
         vertex -0.00274599 0.108611 -0.0373638
         vertex -0.00239476 0.108611 -0.0363214
         vertex -0.00314917 0.108611 -0.0360208
      endloop
   endfacet
   facet normal 6.12323e-17 -1 0
      outer loop
         vertex -0.00274599 0.108611 -0.0373638
         vertex -0.00184875 0.108611 -0.037613
         vertex -0.00161228 0.108611 -0.0365387
      endloop
   endfacet
   facet normal 6.12323e-17 -1 0
      outer loop
         vertex 0.00591422 0.108611 -0.0354576
         vertex 0.00515775 0.108611 -0.034659
         vertex 0.00453881 0.108611 -0.0351847
      endloop
   endfacet
   facet normal 6.12323e-17 -1 0
      outer loop
         vertex 0.00655459 0.108611 -0.0347815
         vertex 0.00571622 0.108611 -0.0340694
         vertex 0.00515775 0.108611 -0.034659
      endloop
   endfacet
   facet normal 6.12323e-17 -1 0
      outer loop
         vertex 0.00696733 0.108611 -0.0319901
         vertex 0.00662634 0.108611 -0.0327271
         vertex 0.0075982 0.108611 -0.0332423
      endloop
   endfacet
   facet normal 6.12323e-17 -1 0
      outer loop
         vertex 0.0074012 0.108611 -0.0304274
         vertex 0.00722662 0.108611 -0.0312205
         vertex 0.00828653 0.108611 -0.0315148
      endloop
   endfacet
   facet normal 6.12323e-17 -1 0
      outer loop
         vertex 0.00571622 0.108611 -0.0243586
         vertex 0.00655459 0.108611 -0.0236465
         vertex 0.00591422 0.108611 -0.0229705
      endloop
   endfacet
   facet normal 6.12323e-17 -1 0
      outer loop
         vertex -0.00571622 0.108611 -0.0243586
         vertex -0.00655459 0.108611 -0.0236465
         vertex -0.00711813 0.108611 -0.0243878
      endloop
   endfacet
   facet normal 6.12323e-17 -1 0
      outer loop
         vertex -0.007489 0.108611 -0.028808
         vertex -0.0074012 0.108611 -0.0280007
         vertex -0.00848671 0.108611 -0.0278227
      endloop
   endfacet
   facet normal 6.12323e-17 -1 0
      outer loop
         vertex -0.00571622 0.108611 -0.0340694
         vertex -0.00620767 0.108611 -0.0334229
         vertex -0.00711813 0.108611 -0.0340402
      endloop
   endfacet
   facet normal 6.12323e-17 -1 0
      outer loop
         vertex -0.00453881 0.108611 -0.0351847
         vertex -0.00515775 0.108611 -0.034659
         vertex -0.00591422 0.108611 -0.0354576
      endloop
   endfacet
   facet normal 6.12323e-17 -1 0
      outer loop
         vertex -0.00386665 0.108611 -0.0356404
         vertex -0.00443376 0.108611 -0.036583
         vertex -0.00361105 0.108611 -0.0370192
      endloop
   endfacet
   facet normal 6.12323e-17 -1 0
      outer loop
         vertex -0.00161228 0.108611 -0.0365387
         vertex -0.00239476 0.108611 -0.0363214
         vertex -0.00274599 0.108611 -0.0373638
      endloop
   endfacet
   facet normal 6.12323e-17 -1 0
      outer loop
         vertex -0.00184875 0.108611 -0.037613
         vertex -0.000929824 0.108611 -0.0377636
         vertex -0.000810893 0.108611 -0.0366701
      endloop
   endfacet
   facet normal 6.12323e-17 -1 0
      outer loop
         vertex 0.00515775 0.108611 -0.034659
         vertex 0.00591422 0.108611 -0.0354576
         vertex 0.00655459 0.108611 -0.0347815
      endloop
   endfacet
   facet normal 6.12323e-17 -1 0
      outer loop
         vertex 0.00722662 0.108611 -0.0312205
         vertex 0.00696733 0.108611 -0.0319901
         vertex 0.0079892 0.108611 -0.0323972
      endloop
   endfacet
   facet normal 6.12323e-17 -1 0
      outer loop
         vertex 0.00858739 0.108611 -0.0296796
         vertex 0.007489 0.108611 -0.0296201
         vertex 0.0074012 0.108611 -0.0304274
      endloop
   endfacet
   facet normal 6.12323e-17 -1 0
      outer loop
         vertex 0.00858739 0.108611 -0.0296796
         vertex 0.00858739 0.108611 -0.0287484
         vertex 0.007489 0.108611 -0.028808
      endloop
   endfacet
   facet normal 6.12323e-17 -1 0
      outer loop
         vertex 0.00453881 0.108611 -0.0232433
         vertex 0.0052045 0.108611 -0.0223676
         vertex 0.00443376 0.108611 -0.021845
      endloop
   endfacet
   facet normal 6.12323e-17 -1 0
      outer loop
         vertex -0.00696733 0.108611 -0.0319901
         vertex -0.0079892 0.108611 -0.0323972
         vertex -0.0075982 0.108611 -0.0332423
      endloop
   endfacet
   facet normal 6.12323e-17 -1 0
      outer loop
         vertex -0.00453881 0.108611 -0.0351847
         vertex -0.0052045 0.108611 -0.0360604
         vertex -0.00443376 0.108611 -0.036583
      endloop
   endfacet
   facet normal 6.12323e-17 -1 0
      outer loop
         vertex -0.000810893 0.108611 -0.0366701
         vertex -0.00161228 0.108611 -0.0365387
         vertex -0.00184875 0.108611 -0.037613
      endloop
   endfacet
   facet normal 6.12323e-17 -1 0
      outer loop
         vertex 0.00184875 0.108611 -0.037613
         vertex 0.00161228 0.108611 -0.0365387
         vertex 0.000810893 0.108611 -0.0366701
      endloop
   endfacet
   facet normal 6.12323e-17 -1 0
      outer loop
         vertex 0.00184875 0.108611 -0.037613
         vertex 0.00274599 0.108611 -0.0373638
         vertex 0.00239476 0.108611 -0.0363214
      endloop
   endfacet
   facet normal 6.12323e-17 -1 0
      outer loop
         vertex 0.00361105 0.108611 -0.0370192
         vertex 0.00314917 0.108611 -0.0360208
         vertex 0.00239476 0.108611 -0.0363214
      endloop
   endfacet
   facet normal 6.12323e-17 -1 0
      outer loop
         vertex 0.00361105 0.108611 -0.0370192
         vertex 0.00443376 0.108611 -0.036583
         vertex 0.00386665 0.108611 -0.0356404
      endloop
   endfacet
   facet normal 6.12323e-17 -1 0
      outer loop
         vertex 0.00620767 0.108611 -0.0334229
         vertex 0.00571622 0.108611 -0.0340694
         vertex 0.00655459 0.108611 -0.0347815
      endloop
   endfacet
   facet normal 6.12323e-17 -1 0
      outer loop
         vertex 0.007489 0.108611 -0.028808
         vertex 0.007489 0.108611 -0.0296201
         vertex 0.00858739 0.108611 -0.0296796
      endloop
   endfacet
   facet normal 6.12323e-17 -1 0
      outer loop
         vertex -0.00662634 0.108611 -0.025701
         vertex -0.0075982 0.108611 -0.0251857
         vertex -0.0079892 0.108611 -0.0260308
      endloop
   endfacet
   facet normal 6.12323e-17 -1 0
      outer loop
         vertex -0.00314917 0.108611 -0.0360208
         vertex -0.00361105 0.108611 -0.0370192
         vertex -0.00274599 0.108611 -0.0373638
      endloop
   endfacet
   facet normal 6.12323e-17 -1 0
      outer loop
         vertex 2.20646e-17 0.108611 -0.037814
         vertex 2.16298e-17 0.108611 -0.036714
         vertex -0.000810893 0.108611 -0.0366701
      endloop
   endfacet
   facet normal 6.12323e-17 -1 0
      outer loop
         vertex 2.20646e-17 0.108611 -0.037814
         vertex 0.000929824 0.108611 -0.0377636
         vertex 0.000810893 0.108611 -0.0366701
      endloop
   endfacet
   facet normal 6.12323e-17 -1 0
      outer loop
         vertex 0.00239476 0.108611 -0.0363214
         vertex 0.00161228 0.108611 -0.0365387
         vertex 0.00184875 0.108611 -0.037613
      endloop
   endfacet
   facet normal 6.12323e-17 -1 0
      outer loop
         vertex 0.00386665 0.108611 -0.0356404
         vertex 0.00314917 0.108611 -0.0360208
         vertex 0.00361105 0.108611 -0.0370192
      endloop
   endfacet
   facet normal 6.12323e-17 -1 0
      outer loop
         vertex 0.00443376 0.108611 -0.036583
         vertex 0.0052045 0.108611 -0.0360604
         vertex 0.00453881 0.108611 -0.0351847
      endloop
   endfacet
   facet normal 6.12323e-17 -1 0
      outer loop
         vertex 0.0074012 0.108611 -0.0304274
         vertex 0.00848671 0.108611 -0.0306053
         vertex 0.00858739 0.108611 -0.0296796
      endloop
   endfacet
   facet normal 6.12323e-17 -1 0
      outer loop
         vertex -0.00571622 0.108611 -0.0340694
         vertex -0.00655459 0.108611 -0.0347815
         vertex -0.00591422 0.108611 -0.0354576
      endloop
   endfacet
   facet normal 6.12323e-17 -1 0
      outer loop
         vertex 0.000810893 0.108611 -0.0366701
         vertex 2.16298e-17 0.108611 -0.036714
         vertex 2.20646e-17 0.108611 -0.037814
      endloop
   endfacet
   facet normal 6.12323e-17 -1 0
      outer loop
         vertex 0.00239476 0.108611 -0.0363214
         vertex 0.00274599 0.108611 -0.0373638
         vertex 0.00361105 0.108611 -0.0370192
      endloop
   endfacet
   facet normal 6.12323e-17 -1 0
      outer loop
         vertex 0.00453881 0.108611 -0.0351847
         vertex 0.0052045 0.108611 -0.0360604
         vertex 0.00591422 0.108611 -0.0354576
      endloop
   endfacet
   facet normal 6.12323e-17 -1 0
      outer loop
         vertex -0.000810893 0.108611 -0.0366701
         vertex -0.000929824 0.108611 -0.0377636
         vertex 2.20646e-17 0.108611 -0.037814
      endloop
   endfacet
   facet normal 6.12323e-17 -1 0
      outer loop
         vertex 0.00453881 0.108611 -0.0351847
         vertex 0.00386665 0.108611 -0.0356404
         vertex 0.00443376 0.108611 -0.036583
      endloop
   endfacet
   facet normal 6.12323e-17 -1 0
      outer loop
         vertex 0.000810893 0.108611 -0.0366701
         vertex 0.000929824 0.108611 -0.0377636
         vertex 0.00184875 0.108611 -0.037613
      endloop
   endfacet
   facet normal 6.12323e-17 -1 0
      outer loop
         vertex 0.0074012 0.108611 -0.0280007
         vertex 0.007489 0.108611 -0.028808
         vertex 0.00858739 0.108611 -0.0287484
      endloop
   endfacet
   facet normal 0 0 -1
      outer loop
         vertex 2.16298e-17 0.0978612 -0.036714
         vertex 2.16298e-17 0.108611 -0.036714
         vertex 0.000810893 0.108611 -0.0366701
      endloop
   endfacet
   facet normal 0.108119 6.62038e-18 -0.994138
      outer loop
         vertex 0.000810893 0.0978612 -0.0366701
         vertex 0.000810893 0.108611 -0.0366701
         vertex 0.00161228 0.108611 -0.0365387
      endloop
   endfacet
   facet normal 0.21497 1.31631e-17 -0.976621
      outer loop
         vertex 0.00161228 0.0978612 -0.0365387
         vertex 0.00161228 0.108611 -0.0365387
         vertex 0.00239476 0.108611 -0.0363214
      endloop
   endfacet
   facet normal 0.319302 1.95516e-17 -0.947653
      outer loop
         vertex 0.00239476 0.0978612 -0.0363214
         vertex 0.00239476 0.108611 -0.0363214
         vertex 0.00314917 0.108611 -0.0360208
      endloop
   endfacet
   facet normal 0.419889 2.57108e-17 -0.907575
      outer loop
         vertex 0.00314917 0.0978612 -0.0360208
         vertex 0.00314917 0.108611 -0.0360208
         vertex 0.00386665 0.108611 -0.0356404
      endloop
   endfacet
   facet normal 0.515554 3.15686e-17 -0.856857
      outer loop
         vertex 0.00386665 0.0978612 -0.0356404
         vertex 0.00386665 0.108611 -0.0356404
         vertex 0.00453881 0.108611 -0.0351847
      endloop
   endfacet
   facet normal 0.605174 3.70562e-17 -0.796093
      outer loop
         vertex 0.00453881 0.0978612 -0.0351847
         vertex 0.00453881 0.108611 -0.0351847
         vertex 0.00515775 0.108611 -0.034659
      endloop
   endfacet
   facet normal 0.687699 4.21094e-17 -0.725995
      outer loop
         vertex 0.00515775 0.0978612 -0.034659
         vertex 0.00515775 0.108611 -0.034659
         vertex 0.00571622 0.108611 -0.0340694
      endloop
   endfacet
   facet normal 0.762162 4.6669e-17 -0.647386
      outer loop
         vertex 0.00571622 0.0978612 -0.0340694
         vertex 0.00571622 0.108611 -0.0340694
         vertex 0.00620767 0.108611 -0.0334229
      endloop
   endfacet
   facet normal 0.827689 5.06813e-17 -0.561187
      outer loop
         vertex 0.00620767 0.0978612 -0.0334229
         vertex 0.00620767 0.108611 -0.0334229
         vertex 0.00662634 0.108611 -0.0327271
      endloop
   endfacet
   facet normal 0.883512 5.40995e-17 -0.468408
      outer loop
         vertex 0.00662634 0.0978612 -0.0327271
         vertex 0.00662634 0.108611 -0.0327271
         vertex 0.00696733 0.108611 -0.0319901
      endloop
   endfacet
   facet normal 0.928977 5.68834e-17 -0.370138
      outer loop
         vertex 0.00696733 0.0978612 -0.0319901
         vertex 0.00696733 0.108611 -0.0319901
         vertex 0.00722662 0.108611 -0.0312205
      endloop
   endfacet
   facet normal 0.96355 5.90004e-17 -0.267528
      outer loop
         vertex 0.00722662 0.0978612 -0.0312205
         vertex 0.00722662 0.108611 -0.0312205
         vertex 0.0074012 0.108611 -0.0304274
      endloop
   endfacet
   facet normal 0.986827 6.04257e-17 -0.161782
      outer loop
         vertex 0.0074012 0.0978612 -0.0304274
         vertex 0.0074012 0.108611 -0.0304274
         vertex 0.007489 0.108611 -0.0296201
      endloop
   endfacet
   facet normal 0.998533 6.11425e-17 -0.0541389
      outer loop
         vertex 0.007489 0.0978612 -0.0296201
         vertex 0.007489 0.108611 -0.0296201
         vertex 0.007489 0.108611 -0.028808
      endloop
   endfacet
   facet normal 0.998533 6.11425e-17 0.0541389
      outer loop
         vertex 0.007489 0.0978612 -0.028808
         vertex 0.007489 0.108611 -0.028808
         vertex 0.0074012 0.108611 -0.0280007
      endloop
   endfacet
   facet normal 0.986827 6.04257e-17 0.161782
      outer loop
         vertex 0.0074012 0.0978612 -0.0280007
         vertex 0.0074012 0.108611 -0.0280007
         vertex 0.00722662 0.108611 -0.0272076
      endloop
   endfacet
   facet normal 0.96355 5.90004e-17 0.267528
      outer loop
         vertex 0.00722662 0.0978612 -0.0272076
         vertex 0.00722662 0.108611 -0.0272076
         vertex 0.00696733 0.108611 -0.026438
      endloop
   endfacet
   facet normal 0.928977 5.68834e-17 0.370138
      outer loop
         vertex 0.00696733 0.0978612 -0.026438
         vertex 0.00696733 0.108611 -0.026438
         vertex 0.00662634 0.108611 -0.025701
      endloop
   endfacet
   facet normal 0.883512 5.40995e-17 0.468408
      outer loop
         vertex 0.00662634 0.0978612 -0.025701
         vertex 0.00662634 0.108611 -0.025701
         vertex 0.00620767 0.108611 -0.0250051
      endloop
   endfacet
   facet normal 0.827689 5.06813e-17 0.561187
      outer loop
         vertex 0.00620767 0.0978612 -0.0250051
         vertex 0.00620767 0.108611 -0.0250051
         vertex 0.00571622 0.108611 -0.0243586
      endloop
   endfacet
   facet normal 0.762162 4.6669e-17 0.647386
      outer loop
         vertex 0.00571622 0.0978612 -0.0243586
         vertex 0.00571622 0.108611 -0.0243586
         vertex 0.00515775 0.108611 -0.0237691
      endloop
   endfacet
   facet normal 0.687699 4.21094e-17 0.725995
      outer loop
         vertex 0.00515775 0.0978612 -0.0237691
         vertex 0.00515775 0.108611 -0.0237691
         vertex 0.00453881 0.108611 -0.0232433
      endloop
   endfacet
   facet normal 0.605174 3.70562e-17 0.796093
      outer loop
         vertex 0.00453881 0.0978612 -0.0232433
         vertex 0.00453881 0.108611 -0.0232433
         vertex 0.00386665 0.108611 -0.0227876
      endloop
   endfacet
   facet normal 0.515554 3.15686e-17 0.856857
      outer loop
         vertex 0.00386665 0.0978612 -0.0227876
         vertex 0.00386665 0.108611 -0.0227876
         vertex 0.00314917 0.108611 -0.0224072
      endloop
   endfacet
   facet normal 0.419889 2.57108e-17 0.907575
      outer loop
         vertex 0.00314917 0.0978612 -0.0224072
         vertex 0.00314917 0.108611 -0.0224072
         vertex 0.00239476 0.108611 -0.0221066
      endloop
   endfacet
   facet normal 0.319302 1.95516e-17 0.947653
      outer loop
         vertex 0.00239476 0.0978612 -0.0221066
         vertex 0.00239476 0.108611 -0.0221066
         vertex 0.00161228 0.108611 -0.0218894
      endloop
   endfacet
   facet normal 0.21497 1.31631e-17 0.976621
      outer loop
         vertex 0.00161228 0.0978612 -0.0218894
         vertex 0.00161228 0.108611 -0.0218894
         vertex 0.000810893 0.108611 -0.021758
      endloop
   endfacet
   facet normal 0.108119 6.62038e-18 0.994138
      outer loop
         vertex 0.000810893 0.0978612 -0.021758
         vertex 0.000810893 0.108611 -0.021758
         vertex 2.43853e-17 0.108611 -0.021714
      endloop
   endfacet
   facet normal 1.22465e-16 7.4988e-33 1
      outer loop
         vertex 2.16298e-17 0.0978612 -0.021714
         vertex 2.43853e-17 0.108611 -0.021714
         vertex -0.000810893 0.108611 -0.021758
      endloop
   endfacet
   facet normal -0.108119 -6.62038e-18 0.994138
      outer loop
         vertex -0.000810893 0.0978612 -0.021758
         vertex -0.000810893 0.108611 -0.021758
         vertex -0.00161228 0.108611 -0.0218894
      endloop
   endfacet
   facet normal -0.21497 -1.31631e-17 0.976621
      outer loop
         vertex -0.00161228 0.0978612 -0.0218894
         vertex -0.00161228 0.108611 -0.0218894
         vertex -0.00239476 0.108611 -0.0221066
      endloop
   endfacet
   facet normal -0.319302 -1.95516e-17 0.947653
      outer loop
         vertex -0.00239476 0.0978612 -0.0221066
         vertex -0.00239476 0.108611 -0.0221066
         vertex -0.00314917 0.108611 -0.0224072
      endloop
   endfacet
   facet normal -0.419889 -2.57108e-17 0.907575
      outer loop
         vertex -0.00314917 0.0978612 -0.0224072
         vertex -0.00314917 0.108611 -0.0224072
         vertex -0.00386665 0.108611 -0.0227876
      endloop
   endfacet
   facet normal -0.515554 -3.15686e-17 0.856857
      outer loop
         vertex -0.00386665 0.0978612 -0.0227876
         vertex -0.00386665 0.108611 -0.0227876
         vertex -0.00453881 0.108611 -0.0232433
      endloop
   endfacet
   facet normal -0.605174 -3.70562e-17 0.796093
      outer loop
         vertex -0.00453881 0.0978612 -0.0232433
         vertex -0.00453881 0.108611 -0.0232433
         vertex -0.00515775 0.108611 -0.0237691
      endloop
   endfacet
   facet normal -0.687699 -4.21094e-17 0.725995
      outer loop
         vertex -0.00515775 0.0978612 -0.0237691
         vertex -0.00515775 0.108611 -0.0237691
         vertex -0.00571622 0.108611 -0.0243586
      endloop
   endfacet
   facet normal -0.762162 -4.6669e-17 0.647386
      outer loop
         vertex -0.00571622 0.0978612 -0.0243586
         vertex -0.00571622 0.108611 -0.0243586
         vertex -0.00620767 0.108611 -0.0250051
      endloop
   endfacet
   facet normal -0.827689 -5.06813e-17 0.561187
      outer loop
         vertex -0.00620767 0.0978612 -0.0250051
         vertex -0.00620767 0.108611 -0.0250051
         vertex -0.00662634 0.108611 -0.025701
      endloop
   endfacet
   facet normal -0.883512 -5.40995e-17 0.468408
      outer loop
         vertex -0.00662634 0.0978612 -0.025701
         vertex -0.00662634 0.108611 -0.025701
         vertex -0.00696733 0.108611 -0.026438
      endloop
   endfacet
   facet normal -0.928977 -5.68834e-17 0.370138
      outer loop
         vertex -0.00696733 0.0978612 -0.026438
         vertex -0.00696733 0.108611 -0.026438
         vertex -0.00722662 0.108611 -0.0272076
      endloop
   endfacet
   facet normal -0.96355 -5.90004e-17 0.267528
      outer loop
         vertex -0.00722662 0.0978612 -0.0272076
         vertex -0.00722662 0.108611 -0.0272076
         vertex -0.0074012 0.108611 -0.0280007
      endloop
   endfacet
   facet normal -0.986827 -6.04257e-17 0.161782
      outer loop
         vertex -0.0074012 0.0978612 -0.0280007
         vertex -0.0074012 0.108611 -0.0280007
         vertex -0.007489 0.108611 -0.028808
      endloop
   endfacet
   facet normal -0.998533 -6.11425e-17 0.0541389
      outer loop
         vertex -0.007489 0.0978612 -0.028808
         vertex -0.007489 0.108611 -0.028808
         vertex -0.007489 0.108611 -0.0296201
      endloop
   endfacet
   facet normal -0.998533 -6.11425e-17 -0.0541389
      outer loop
         vertex -0.007489 0.0978612 -0.0296201
         vertex -0.007489 0.108611 -0.0296201
         vertex -0.0074012 0.108611 -0.0304274
      endloop
   endfacet
   facet normal -0.986827 -6.04257e-17 -0.161782
      outer loop
         vertex -0.0074012 0.0978612 -0.0304274
         vertex -0.0074012 0.108611 -0.0304274
         vertex -0.00722662 0.108611 -0.0312205
      endloop
   endfacet
   facet normal -0.96355 -5.90004e-17 -0.267528
      outer loop
         vertex -0.00722662 0.0978612 -0.0312205
         vertex -0.00722662 0.108611 -0.0312205
         vertex -0.00696733 0.108611 -0.0319901
      endloop
   endfacet
   facet normal -0.928977 -5.68834e-17 -0.370138
      outer loop
         vertex -0.00696733 0.0978612 -0.0319901
         vertex -0.00696733 0.108611 -0.0319901
         vertex -0.00662634 0.108611 -0.0327271
      endloop
   endfacet
   facet normal -0.883512 -5.40995e-17 -0.468408
      outer loop
         vertex -0.00662634 0.0978612 -0.0327271
         vertex -0.00662634 0.108611 -0.0327271
         vertex -0.00620767 0.108611 -0.0334229
      endloop
   endfacet
   facet normal -0.827689 -5.06813e-17 -0.561187
      outer loop
         vertex -0.00620767 0.0978612 -0.0334229
         vertex -0.00620767 0.108611 -0.0334229
         vertex -0.00571622 0.108611 -0.0340694
      endloop
   endfacet
   facet normal -0.762162 -4.6669e-17 -0.647386
      outer loop
         vertex -0.00571622 0.0978612 -0.0340694
         vertex -0.00571622 0.108611 -0.0340694
         vertex -0.00515775 0.108611 -0.034659
      endloop
   endfacet
   facet normal -0.687699 -4.21094e-17 -0.725995
      outer loop
         vertex -0.00515775 0.0978612 -0.034659
         vertex -0.00515775 0.108611 -0.034659
         vertex -0.00453881 0.108611 -0.0351847
      endloop
   endfacet
   facet normal -0.605174 -3.70562e-17 -0.796093
      outer loop
         vertex -0.00453881 0.0978612 -0.0351847
         vertex -0.00453881 0.108611 -0.0351847
         vertex -0.00386665 0.108611 -0.0356404
      endloop
   endfacet
   facet normal -0.515554 -3.15686e-17 -0.856857
      outer loop
         vertex -0.00386665 0.0978612 -0.0356404
         vertex -0.00386665 0.108611 -0.0356404
         vertex -0.00314917 0.108611 -0.0360208
      endloop
   endfacet
   facet normal -0.419889 -2.57108e-17 -0.907575
      outer loop
         vertex -0.00314917 0.0978612 -0.0360208
         vertex -0.00314917 0.108611 -0.0360208
         vertex -0.00239476 0.108611 -0.0363214
      endloop
   endfacet
   facet normal -0.319302 -1.95516e-17 -0.947653
      outer loop
         vertex -0.00239476 0.0978612 -0.0363214
         vertex -0.00239476 0.108611 -0.0363214
         vertex -0.00161228 0.108611 -0.0365387
      endloop
   endfacet
   facet normal -0.21497 -1.31631e-17 -0.976621
      outer loop
         vertex -0.00161228 0.0978612 -0.0365387
         vertex -0.00161228 0.108611 -0.0365387
         vertex -0.000810893 0.108611 -0.0366701
      endloop
   endfacet
   facet normal -0.108119 -6.62038e-18 -0.994138
      outer loop
         vertex -0.000810893 0.0978612 -0.0366701
         vertex -0.000810893 0.108611 -0.0366701
         vertex 2.16298e-17 0.108611 -0.036714
      endloop
   endfacet
   facet normal 0 0 -1
      outer loop
         vertex 2.16298e-17 0.108611 -0.036714
         vertex 2.16298e-17 0.0978612 -0.036714
         vertex -0.000810893 0.0978612 -0.0366701
      endloop
   endfacet
   facet normal -0.108119 -6.62038e-18 -0.994138
      outer loop
         vertex -0.000810893 0.108611 -0.0366701
         vertex -0.000810893 0.0978612 -0.0366701
         vertex -0.00161228 0.0978612 -0.0365387
      endloop
   endfacet
   facet normal -0.21497 -1.31631e-17 -0.976621
      outer loop
         vertex -0.00161228 0.108611 -0.0365387
         vertex -0.00161228 0.0978612 -0.0365387
         vertex -0.00239476 0.0978612 -0.0363214
      endloop
   endfacet
   facet normal -0.319302 -1.95516e-17 -0.947653
      outer loop
         vertex -0.00239476 0.108611 -0.0363214
         vertex -0.00239476 0.0978612 -0.0363214
         vertex -0.00314917 0.0978612 -0.0360208
      endloop
   endfacet
   facet normal -0.419889 -2.57108e-17 -0.907575
      outer loop
         vertex -0.00314917 0.108611 -0.0360208
         vertex -0.00314917 0.0978612 -0.0360208
         vertex -0.00386665 0.0978612 -0.0356404
      endloop
   endfacet
   facet normal -0.515554 -3.15686e-17 -0.856857
      outer loop
         vertex -0.00386665 0.108611 -0.0356404
         vertex -0.00386665 0.0978612 -0.0356404
         vertex -0.00453881 0.0978612 -0.0351847
      endloop
   endfacet
   facet normal -0.605174 -3.70562e-17 -0.796093
      outer loop
         vertex -0.00453881 0.108611 -0.0351847
         vertex -0.00453881 0.0978612 -0.0351847
         vertex -0.00515775 0.0978612 -0.034659
      endloop
   endfacet
   facet normal -0.687699 -4.21094e-17 -0.725995
      outer loop
         vertex -0.00515775 0.108611 -0.034659
         vertex -0.00515775 0.0978612 -0.034659
         vertex -0.00571622 0.0978612 -0.0340694
      endloop
   endfacet
   facet normal -0.762162 -4.6669e-17 -0.647386
      outer loop
         vertex -0.00571622 0.108611 -0.0340694
         vertex -0.00571622 0.0978612 -0.0340694
         vertex -0.00620767 0.0978612 -0.0334229
      endloop
   endfacet
   facet normal -0.827689 -5.06813e-17 -0.561187
      outer loop
         vertex -0.00620767 0.108611 -0.0334229
         vertex -0.00620767 0.0978612 -0.0334229
         vertex -0.00662634 0.0978612 -0.0327271
      endloop
   endfacet
   facet normal -0.883512 -5.40995e-17 -0.468408
      outer loop
         vertex -0.00662634 0.108611 -0.0327271
         vertex -0.00662634 0.0978612 -0.0327271
         vertex -0.00696733 0.0978612 -0.0319901
      endloop
   endfacet
   facet normal -0.928977 -5.68834e-17 -0.370138
      outer loop
         vertex -0.00696733 0.108611 -0.0319901
         vertex -0.00696733 0.0978612 -0.0319901
         vertex -0.00722662 0.0978612 -0.0312205
      endloop
   endfacet
   facet normal -0.96355 -5.90004e-17 -0.267528
      outer loop
         vertex -0.00722662 0.108611 -0.0312205
         vertex -0.00722662 0.0978612 -0.0312205
         vertex -0.0074012 0.0978612 -0.0304274
      endloop
   endfacet
   facet normal -0.986827 -6.04257e-17 -0.161782
      outer loop
         vertex -0.0074012 0.108611 -0.0304274
         vertex -0.0074012 0.0978612 -0.0304274
         vertex -0.007489 0.0978612 -0.0296201
      endloop
   endfacet
   facet normal -0.998533 -6.11425e-17 -0.0541389
      outer loop
         vertex -0.007489 0.108611 -0.0296201
         vertex -0.007489 0.0978612 -0.0296201
         vertex -0.007489 0.0978612 -0.028808
      endloop
   endfacet
   facet normal -0.998533 -6.11425e-17 0.0541389
      outer loop
         vertex -0.007489 0.108611 -0.028808
         vertex -0.007489 0.0978612 -0.028808
         vertex -0.0074012 0.0978612 -0.0280007
      endloop
   endfacet
   facet normal -0.986827 -6.04257e-17 0.161782
      outer loop
         vertex -0.0074012 0.108611 -0.0280007
         vertex -0.0074012 0.0978612 -0.0280007
         vertex -0.00722662 0.0978612 -0.0272076
      endloop
   endfacet
   facet normal -0.96355 -5.90004e-17 0.267528
      outer loop
         vertex -0.00722662 0.108611 -0.0272076
         vertex -0.00722662 0.0978612 -0.0272076
         vertex -0.00696733 0.0978612 -0.026438
      endloop
   endfacet
   facet normal -0.928977 -5.68834e-17 0.370138
      outer loop
         vertex -0.00696733 0.108611 -0.026438
         vertex -0.00696733 0.0978612 -0.026438
         vertex -0.00662634 0.0978612 -0.025701
      endloop
   endfacet
   facet normal -0.883512 -5.40995e-17 0.468408
      outer loop
         vertex -0.00662634 0.108611 -0.025701
         vertex -0.00662634 0.0978612 -0.025701
         vertex -0.00620767 0.0978612 -0.0250051
      endloop
   endfacet
   facet normal -0.827689 -5.06813e-17 0.561187
      outer loop
         vertex -0.00620767 0.108611 -0.0250051
         vertex -0.00620767 0.0978612 -0.0250051
         vertex -0.00571622 0.0978612 -0.0243586
      endloop
   endfacet
   facet normal -0.762162 -4.6669e-17 0.647386
      outer loop
         vertex -0.00571622 0.108611 -0.0243586
         vertex -0.00571622 0.0978612 -0.0243586
         vertex -0.00515775 0.0978612 -0.0237691
      endloop
   endfacet
   facet normal -0.687699 -4.21094e-17 0.725995
      outer loop
         vertex -0.00515775 0.108611 -0.0237691
         vertex -0.00515775 0.0978612 -0.0237691
         vertex -0.00453881 0.0978612 -0.0232433
      endloop
   endfacet
   facet normal -0.605174 -3.70562e-17 0.796093
      outer loop
         vertex -0.00453881 0.108611 -0.0232433
         vertex -0.00453881 0.0978612 -0.0232433
         vertex -0.00386665 0.0978612 -0.0227876
      endloop
   endfacet
   facet normal -0.515554 -3.15686e-17 0.856857
      outer loop
         vertex -0.00386665 0.108611 -0.0227876
         vertex -0.00386665 0.0978612 -0.0227876
         vertex -0.00314917 0.0978612 -0.0224072
      endloop
   endfacet
   facet normal -0.419889 -2.57108e-17 0.907575
      outer loop
         vertex -0.00314917 0.108611 -0.0224072
         vertex -0.00314917 0.0978612 -0.0224072
         vertex -0.00239476 0.0978612 -0.0221066
      endloop
   endfacet
   facet normal -0.319302 -1.95516e-17 0.947653
      outer loop
         vertex -0.00239476 0.108611 -0.0221066
         vertex -0.00239476 0.0978612 -0.0221066
         vertex -0.00161228 0.0978612 -0.0218894
      endloop
   endfacet
   facet normal -0.21497 -1.31631e-17 0.976621
      outer loop
         vertex -0.00161228 0.108611 -0.0218894
         vertex -0.00161228 0.0978612 -0.0218894
         vertex -0.000810893 0.0978612 -0.021758
      endloop
   endfacet
   facet normal -0.108119 -6.62038e-18 0.994138
      outer loop
         vertex -0.000810893 0.108611 -0.021758
         vertex -0.000810893 0.0978612 -0.021758
         vertex 2.16298e-17 0.0978612 -0.021714
      endloop
   endfacet
   facet normal 1.22465e-16 7.4988e-33 1
      outer loop
         vertex 2.43853e-17 0.108611 -0.021714
         vertex 2.16298e-17 0.0978612 -0.021714
         vertex 0.000810893 0.0978612 -0.021758
      endloop
   endfacet
   facet normal 0.108119 6.62038e-18 0.994138
      outer loop
         vertex 0.000810893 0.108611 -0.021758
         vertex 0.000810893 0.0978612 -0.021758
         vertex 0.00161228 0.0978612 -0.0218894
      endloop
   endfacet
   facet normal 0.21497 1.31631e-17 0.976621
      outer loop
         vertex 0.00161228 0.108611 -0.0218894
         vertex 0.00161228 0.0978612 -0.0218894
         vertex 0.00239476 0.0978612 -0.0221066
      endloop
   endfacet
   facet normal 0.319302 1.95516e-17 0.947653
      outer loop
         vertex 0.00239476 0.108611 -0.0221066
         vertex 0.00239476 0.0978612 -0.0221066
         vertex 0.00314917 0.0978612 -0.0224072
      endloop
   endfacet
   facet normal 0.419889 2.57108e-17 0.907575
      outer loop
         vertex 0.00314917 0.108611 -0.0224072
         vertex 0.00314917 0.0978612 -0.0224072
         vertex 0.00386665 0.0978612 -0.0227876
      endloop
   endfacet
   facet normal 0.515554 3.15686e-17 0.856857
      outer loop
         vertex 0.00386665 0.108611 -0.0227876
         vertex 0.00386665 0.0978612 -0.0227876
         vertex 0.00453881 0.0978612 -0.0232433
      endloop
   endfacet
   facet normal 0.605174 3.70562e-17 0.796093
      outer loop
         vertex 0.00453881 0.108611 -0.0232433
         vertex 0.00453881 0.0978612 -0.0232433
         vertex 0.00515775 0.0978612 -0.0237691
      endloop
   endfacet
   facet normal 0.687699 4.21094e-17 0.725995
      outer loop
         vertex 0.00515775 0.108611 -0.0237691
         vertex 0.00515775 0.0978612 -0.0237691
         vertex 0.00571622 0.0978612 -0.0243586
      endloop
   endfacet
   facet normal 0.762162 4.6669e-17 0.647386
      outer loop
         vertex 0.00571622 0.108611 -0.0243586
         vertex 0.00571622 0.0978612 -0.0243586
         vertex 0.00620767 0.0978612 -0.0250051
      endloop
   endfacet
   facet normal 0.827689 5.06813e-17 0.561187
      outer loop
         vertex 0.00620767 0.108611 -0.0250051
         vertex 0.00620767 0.0978612 -0.0250051
         vertex 0.00662634 0.0978612 -0.025701
      endloop
   endfacet
   facet normal 0.883512 5.40995e-17 0.468408
      outer loop
         vertex 0.00662634 0.108611 -0.025701
         vertex 0.00662634 0.0978612 -0.025701
         vertex 0.00696733 0.0978612 -0.026438
      endloop
   endfacet
   facet normal 0.928977 5.68834e-17 0.370138
      outer loop
         vertex 0.00696733 0.108611 -0.026438
         vertex 0.00696733 0.0978612 -0.026438
         vertex 0.00722662 0.0978612 -0.0272076
      endloop
   endfacet
   facet normal 0.96355 5.90004e-17 0.267528
      outer loop
         vertex 0.00722662 0.108611 -0.0272076
         vertex 0.00722662 0.0978612 -0.0272076
         vertex 0.0074012 0.0978612 -0.0280007
      endloop
   endfacet
   facet normal 0.986827 6.04257e-17 0.161782
      outer loop
         vertex 0.0074012 0.108611 -0.0280007
         vertex 0.0074012 0.0978612 -0.0280007
         vertex 0.007489 0.0978612 -0.028808
      endloop
   endfacet
   facet normal 0.998533 6.11425e-17 0.0541389
      outer loop
         vertex 0.007489 0.108611 -0.028808
         vertex 0.007489 0.0978612 -0.028808
         vertex 0.007489 0.0978612 -0.0296201
      endloop
   endfacet
   facet normal 0.998533 6.11425e-17 -0.0541389
      outer loop
         vertex 0.007489 0.108611 -0.0296201
         vertex 0.007489 0.0978612 -0.0296201
         vertex 0.0074012 0.0978612 -0.0304274
      endloop
   endfacet
   facet normal 0.986827 6.04257e-17 -0.161782
      outer loop
         vertex 0.0074012 0.108611 -0.0304274
         vertex 0.0074012 0.0978612 -0.0304274
         vertex 0.00722662 0.0978612 -0.0312205
      endloop
   endfacet
   facet normal 0.96355 5.90004e-17 -0.267528
      outer loop
         vertex 0.00722662 0.108611 -0.0312205
         vertex 0.00722662 0.0978612 -0.0312205
         vertex 0.00696733 0.0978612 -0.0319901
      endloop
   endfacet
   facet normal 0.928977 5.68834e-17 -0.370138
      outer loop
         vertex 0.00696733 0.108611 -0.0319901
         vertex 0.00696733 0.0978612 -0.0319901
         vertex 0.00662634 0.0978612 -0.0327271
      endloop
   endfacet
   facet normal 0.883512 5.40995e-17 -0.468408
      outer loop
         vertex 0.00662634 0.108611 -0.0327271
         vertex 0.00662634 0.0978612 -0.0327271
         vertex 0.00620767 0.0978612 -0.0334229
      endloop
   endfacet
   facet normal 0.827689 5.06813e-17 -0.561187
      outer loop
         vertex 0.00620767 0.108611 -0.0334229
         vertex 0.00620767 0.0978612 -0.0334229
         vertex 0.00571622 0.0978612 -0.0340694
      endloop
   endfacet
   facet normal 0.762162 4.6669e-17 -0.647386
      outer loop
         vertex 0.00571622 0.108611 -0.0340694
         vertex 0.00571622 0.0978612 -0.0340694
         vertex 0.00515775 0.0978612 -0.034659
      endloop
   endfacet
   facet normal 0.687699 4.21094e-17 -0.725995
      outer loop
         vertex 0.00515775 0.108611 -0.034659
         vertex 0.00515775 0.0978612 -0.034659
         vertex 0.00453881 0.0978612 -0.0351847
      endloop
   endfacet
   facet normal 0.605174 3.70562e-17 -0.796093
      outer loop
         vertex 0.00453881 0.108611 -0.0351847
         vertex 0.00453881 0.0978612 -0.0351847
         vertex 0.00386665 0.0978612 -0.0356404
      endloop
   endfacet
   facet normal 0.515554 3.15686e-17 -0.856857
      outer loop
         vertex 0.00386665 0.108611 -0.0356404
         vertex 0.00386665 0.0978612 -0.0356404
         vertex 0.00314917 0.0978612 -0.0360208
      endloop
   endfacet
   facet normal 0.419889 2.57108e-17 -0.907575
      outer loop
         vertex 0.00314917 0.108611 -0.0360208
         vertex 0.00314917 0.0978612 -0.0360208
         vertex 0.00239476 0.0978612 -0.0363214
      endloop
   endfacet
   facet normal 0.319302 1.95516e-17 -0.947653
      outer loop
         vertex 0.00239476 0.108611 -0.0363214
         vertex 0.00239476 0.0978612 -0.0363214
         vertex 0.00161228 0.0978612 -0.0365387
      endloop
   endfacet
   facet normal 0.21497 1.31631e-17 -0.976621
      outer loop
         vertex 0.00161228 0.108611 -0.0365387
         vertex 0.00161228 0.0978612 -0.0365387
         vertex 0.000810893 0.0978612 -0.0366701
      endloop
   endfacet
   facet normal 0.108119 6.62038e-18 -0.994138
      outer loop
         vertex 0.000810893 0.108611 -0.0366701
         vertex 0.000810893 0.0978612 -0.0366701
         vertex 2.16298e-17 0.0978612 -0.036714
      endloop
   endfacet
   facet normal -6.12323e-17 1 0
      outer loop
         vertex 0.007489 0.0978612 -0.028808
         vertex 0.00986347 0.0978612 -0.0272369
         vertex 0.01005 0.0978612 -0.027332
      endloop
   endfacet
   facet normal -6.12323e-17 1 0
      outer loop
         vertex 0.007489 0.0978612 -0.028808
         vertex 0.0109521 0.0978612 -0.028446
         vertex 0.0110063 0.0978612 -0.0286482
      endloop
   endfacet
   facet normal -6.12323e-17 1 0
      outer loop
         vertex 0.007489 0.0978612 -0.028808
         vertex 0.0105363 0.0978612 -0.0277258
         vertex 0.010668 0.0978612 -0.0278885
      endloop
   endfacet
   facet normal -6.12323e-17 1 0
      outer loop
         vertex 0.007489 0.0978612 -0.028808
         vertex 0.0102256 0.0978612 -0.027446
         vertex 0.0103883 0.0978612 -0.0275777
      endloop
   endfacet
   facet normal -6.12323e-17 1 0
      outer loop
         vertex 0.007489 0.0978612 -0.028808
         vertex 0.00966803 0.0978612 -0.0271619
         vertex 0.00986347 0.0978612 -0.0272369
      endloop
   endfacet
   facet normal -6.12323e-17 1 0
      outer loop
         vertex 0.007489 0.0978612 -0.028808
         vertex 0.00925906 0.0978612 -0.027075
         vertex 0.00946582 0.0978612 -0.0271077
      endloop
   endfacet
   facet normal -6.12323e-17 1 0
      outer loop
         vertex 0.0075 0.0978612 -0.036714
         vertex 0.00571622 0.0978612 -0.0340694
         vertex 0.00620767 0.0978612 -0.0334229
      endloop
   endfacet
   facet normal -6.12323e-17 1 0
      outer loop
         vertex 0.007489 0.0978612 -0.028808
         vertex 0.0108771 0.0978612 -0.0282505
         vertex 0.0109521 0.0978612 -0.028446
      endloop
   endfacet
   facet normal -6.12323e-17 1 0
      outer loop
         vertex 0.010668 0.0978612 -0.0278885
         vertex 0.0107821 0.0978612 -0.028064
         vertex 0.007489 0.0978612 -0.028808
      endloop
   endfacet
   facet normal -6.12323e-17 1 0
      outer loop
         vertex 0.01005 0.0978612 -0.027332
         vertex 0.0102256 0.0978612 -0.027446
         vertex 0.007489 0.0978612 -0.028808
      endloop
   endfacet
   facet normal -6.12323e-17 1 0
      outer loop
         vertex 0.007489 0.0978612 -0.028808
         vertex 0.00905 0.0978612 -0.027064
         vertex 0.00925906 0.0978612 -0.027075
      endloop
   endfacet
   facet normal -6.12323e-17 1 0
      outer loop
         vertex 0.0075 0.0978612 -0.031364
         vertex 0.0075 0.0978612 -0.036714
         vertex 0.00696733 0.0978612 -0.0319901
      endloop
   endfacet
   facet normal -6.12323e-17 1 0
      outer loop
         vertex 0.00620767 0.0978612 -0.0334229
         vertex 0.00662634 0.0978612 -0.0327271
         vertex 0.0075 0.0978612 -0.036714
      endloop
   endfacet
   facet normal -6.12323e-17 1 0
      outer loop
         vertex 0.0107821 0.0978612 -0.028064
         vertex 0.0108771 0.0978612 -0.0282505
         vertex 0.007489 0.0978612 -0.028808
      endloop
   endfacet
   facet normal -6.12323e-17 1 0
      outer loop
         vertex 0.00946582 0.0978612 -0.0271077
         vertex 0.00966803 0.0978612 -0.0271619
         vertex 0.007489 0.0978612 -0.028808
      endloop
   endfacet
   facet normal -6.12323e-17 1 0
      outer loop
         vertex 0.007489 0.0978612 -0.0296201
         vertex 0.007489 0.0978612 -0.028808
         vertex 0.01105 0.0978612 -0.029064
      endloop
   endfacet
   facet normal -6.12323e-17 1 0
      outer loop
         vertex 0.007489 0.0978612 -0.0296201
         vertex 0.0105363 0.0978612 -0.0307023
         vertex 0.0103883 0.0978612 -0.0308503
      endloop
   endfacet
   facet normal -6.12323e-17 1 0
      outer loop
         vertex 0.0074012 0.0978612 -0.0304274
         vertex 0.00986347 0.0978612 -0.0311911
         vertex 0.00966803 0.0978612 -0.0312661
      endloop
   endfacet
   facet normal -6.12323e-17 1 0
      outer loop
         vertex 0.0075 0.0978612 -0.021714
         vertex 0.00696733 0.0978612 -0.026438
         vertex 0.00662634 0.0978612 -0.025701
      endloop
   endfacet
   facet normal -6.12323e-17 1 0
      outer loop
         vertex 0.0075 0.0978612 -0.027064
         vertex 0.00722662 0.0978612 -0.0272076
         vertex 0.00696733 0.0978612 -0.026438
      endloop
   endfacet
   facet normal -6.12323e-17 1 0
      outer loop
         vertex 0.00662634 0.0978612 -0.0327271
         vertex 0.00696733 0.0978612 -0.0319901
         vertex 0.0075 0.0978612 -0.036714
      endloop
   endfacet
   facet normal -6.12323e-17 1 0
      outer loop
         vertex 0.0075 0.0978612 -0.036714
         vertex 0.00453881 0.0978612 -0.0351847
         vertex 0.00515775 0.0978612 -0.034659
      endloop
   endfacet
   facet normal -6.12323e-17 1 0
      outer loop
         vertex 0.0103883 0.0978612 -0.0275777
         vertex 0.0105363 0.0978612 -0.0277258
         vertex 0.007489 0.0978612 -0.028808
      endloop
   endfacet
   facet normal -6.12323e-17 1 0
      outer loop
         vertex 0.007489 0.0978612 -0.0296201
         vertex 0.01105 0.0978612 -0.029364
         vertex 0.011039 0.0978612 -0.0295731
      endloop
   endfacet
   facet normal -6.12323e-17 1 0
      outer loop
         vertex 0.007489 0.0978612 -0.028808
         vertex 0.011039 0.0978612 -0.028855
         vertex 0.01105 0.0978612 -0.029064
      endloop
   endfacet
   facet normal -6.12323e-17 1 0
      outer loop
         vertex 0.007489 0.0978612 -0.0296201
         vertex 0.010668 0.0978612 -0.0305396
         vertex 0.0105363 0.0978612 -0.0307023
      endloop
   endfacet
   facet normal -6.12323e-17 1 0
      outer loop
         vertex 0.007489 0.0978612 -0.0296201
         vertex 0.0109521 0.0978612 -0.0299821
         vertex 0.0108771 0.0978612 -0.0301775
      endloop
   endfacet
   facet normal -6.12323e-17 1 0
      outer loop
         vertex 0.0074012 0.0978612 -0.0304274
         vertex 0.01005 0.0978612 -0.0310961
         vertex 0.00986347 0.0978612 -0.0311911
      endloop
   endfacet
   facet normal -6.12323e-17 1 0
      outer loop
         vertex 0.0074012 0.0978612 -0.0304274
         vertex 0.0103883 0.0978612 -0.0308503
         vertex 0.0102256 0.0978612 -0.0309821
      endloop
   endfacet
   facet normal -6.12323e-17 1 0
      outer loop
         vertex 0.00696733 0.0978612 -0.026438
         vertex 0.0075 0.0978612 -0.021714
         vertex 0.0075 0.0978612 -0.027064
      endloop
   endfacet
   facet normal -6.12323e-17 1 0
      outer loop
         vertex 0.00515775 0.0978612 -0.034659
         vertex 0.00571622 0.0978612 -0.0340694
         vertex 0.0075 0.0978612 -0.036714
      endloop
   endfacet
   facet normal -6.12323e-17 1 0
      outer loop
         vertex 0.0075 0.0978612 -0.036714
         vertex 0.00239476 0.0978612 -0.0363214
         vertex 0.00314917 0.0978612 -0.0360208
      endloop
   endfacet
   facet normal -6.12323e-17 1 0
      outer loop
         vertex 0.0075 0.0978612 -0.036714
         vertex 0.000810893 0.0978612 -0.0366701
         vertex 0.00161228 0.0978612 -0.0365387
      endloop
   endfacet
   facet normal -6.12323e-17 1 0
      outer loop
         vertex 0.007489 0.0978612 -0.028808
         vertex 0.0075 0.0978612 -0.027064
         vertex 0.00905 0.0978612 -0.027064
      endloop
   endfacet
   facet normal -6.12323e-17 1 0
      outer loop
         vertex 0.01105 0.0978612 -0.029064
         vertex 0.01105 0.0978612 -0.029364
         vertex 0.007489 0.0978612 -0.0296201
      endloop
   endfacet
   facet normal -6.12323e-17 1 0
      outer loop
         vertex 0.007489 0.0978612 -0.0296201
         vertex 0.0107821 0.0978612 -0.030364
         vertex 0.010668 0.0978612 -0.0305396
      endloop
   endfacet
   facet normal -6.12323e-17 1 0
      outer loop
         vertex 0.007489 0.0978612 -0.0296201
         vertex 0.0110063 0.0978612 -0.0297798
         vertex 0.0109521 0.0978612 -0.0299821
      endloop
   endfacet
   facet normal -6.12323e-17 1 0
      outer loop
         vertex 0.0074012 0.0978612 -0.0304274
         vertex 0.00946582 0.0978612 -0.0313203
         vertex 0.00925906 0.0978612 -0.0313531
      endloop
   endfacet
   facet normal -6.12323e-17 1 0
      outer loop
         vertex 0.0102256 0.0978612 -0.0309821
         vertex 0.01005 0.0978612 -0.0310961
         vertex 0.0074012 0.0978612 -0.0304274
      endloop
   endfacet
   facet normal -6.12323e-17 1 0
      outer loop
         vertex 0.0075 0.0978612 -0.021714
         vertex 0.00239476 0.0978612 -0.0221066
         vertex 0.00161228 0.0978612 -0.0218894
      endloop
   endfacet
   facet normal -6.12323e-17 1 0
      outer loop
         vertex 0.00662634 0.0978612 -0.025701
         vertex 0.00620767 0.0978612 -0.0250051
         vertex 0.0075 0.0978612 -0.021714
      endloop
   endfacet
   facet normal -6.12323e-17 1 0
      outer loop
         vertex 0.0075 0.0978612 -0.036714
         vertex 0.00386665 0.0978612 -0.0356404
         vertex 0.00453881 0.0978612 -0.0351847
      endloop
   endfacet
   facet normal -6.12323e-17 1 0
      outer loop
         vertex 0.00161228 0.0978612 -0.0365387
         vertex 0.00239476 0.0978612 -0.0363214
         vertex 0.0075 0.0978612 -0.036714
      endloop
   endfacet
   facet normal -6.12323e-17 1 0
      outer loop
         vertex 0.011039 0.0978612 -0.0295731
         vertex 0.0110063 0.0978612 -0.0297798
         vertex 0.007489 0.0978612 -0.0296201
      endloop
   endfacet
   facet normal -6.12323e-17 1 0
      outer loop
         vertex 0.0108771 0.0978612 -0.0301775
         vertex 0.0107821 0.0978612 -0.030364
         vertex 0.007489 0.0978612 -0.0296201
      endloop
   endfacet
   facet normal -6.12323e-17 1 0
      outer loop
         vertex 0.0074012 0.0978612 -0.0304274
         vertex 0.00905 0.0978612 -0.031364
         vertex 0.0075 0.0978612 -0.031364
      endloop
   endfacet
   facet normal -6.12323e-17 1 0
      outer loop
         vertex 0.00966803 0.0978612 -0.0312661
         vertex 0.00946582 0.0978612 -0.0313203
         vertex 0.0074012 0.0978612 -0.0304274
      endloop
   endfacet
   facet normal -6.12323e-17 1 0
      outer loop
         vertex 0.0075 0.0978612 -0.021714
         vertex 0.00314917 0.0978612 -0.0224072
         vertex 0.00239476 0.0978612 -0.0221066
      endloop
   endfacet
   facet normal -6.12323e-17 1 0
      outer loop
         vertex 0.0075 0.0978612 -0.021714
         vertex 0.00571622 0.0978612 -0.0243586
         vertex 0.00515775 0.0978612 -0.0237691
      endloop
   endfacet
   facet normal -6.12323e-17 1 0
      outer loop
         vertex 0.0075 0.0978612 -0.027064
         vertex 0.0074012 0.0978612 -0.0280007
         vertex 0.00722662 0.0978612 -0.0272076
      endloop
   endfacet
   facet normal -6.12323e-17 1 0
      outer loop
         vertex 0.00314917 0.0978612 -0.0360208
         vertex 0.00386665 0.0978612 -0.0356404
         vertex 0.0075 0.0978612 -0.036714
      endloop
   endfacet
   facet normal -6.12323e-17 1 0
      outer loop
         vertex 0.0103883 0.0978612 -0.0308503
         vertex 0.0074012 0.0978612 -0.0304274
         vertex 0.007489 0.0978612 -0.0296201
      endloop
   endfacet
   facet normal -6.12323e-17 1 0
      outer loop
         vertex 0.00925906 0.0978612 -0.0313531
         vertex 0.00905 0.0978612 -0.031364
         vertex 0.0074012 0.0978612 -0.0304274
      endloop
   endfacet
   facet normal -6.12323e-17 1 0
      outer loop
         vertex 0.00161228 0.0978612 -0.0218894
         vertex 0.000810893 0.0978612 -0.021758
         vertex 0.0075 0.0978612 -0.021714
      endloop
   endfacet
   facet normal -6.12323e-17 1 0
      outer loop
         vertex 0.0075 0.0978612 -0.021714
         vertex 0.00453881 0.0978612 -0.0232433
         vertex 0.00386665 0.0978612 -0.0227876
      endloop
   endfacet
   facet normal -6.12323e-17 1 0
      outer loop
         vertex 0.00620767 0.0978612 -0.0250051
         vertex 0.00571622 0.0978612 -0.0243586
         vertex 0.0075 0.0978612 -0.021714
      endloop
   endfacet
   facet normal -6.12323e-17 1 0
      outer loop
         vertex 0.0075 0.0978612 -0.036714
         vertex 2.16298e-17 0.0978612 -0.036714
         vertex 0.000810893 0.0978612 -0.0366701
      endloop
   endfacet
   facet normal -6.12323e-17 1 0
      outer loop
         vertex 0.0075 0.0978612 -0.031364
         vertex 0.00722662 0.0978612 -0.0312205
         vertex 0.0074012 0.0978612 -0.0304274
      endloop
   endfacet
   facet normal -6.12323e-17 1 0
      outer loop
         vertex 0.00386665 0.0978612 -0.0227876
         vertex 0.00314917 0.0978612 -0.0224072
         vertex 0.0075 0.0978612 -0.021714
      endloop
   endfacet
   facet normal -6.12323e-17 1 0
      outer loop
         vertex 0.0075 0.0978612 -0.027064
         vertex 0.007489 0.0978612 -0.028808
         vertex 0.0074012 0.0978612 -0.0280007
      endloop
   endfacet
   facet normal -6.12323e-17 1 0
      outer loop
         vertex 0.0110063 0.0978612 -0.0286482
         vertex 0.011039 0.0978612 -0.028855
         vertex 0.007489 0.0978612 -0.028808
      endloop
   endfacet
   facet normal -6.12323e-17 1 0
      outer loop
         vertex 0.00515775 0.0978612 -0.0237691
         vertex 0.00453881 0.0978612 -0.0232433
         vertex 0.0075 0.0978612 -0.021714
      endloop
   endfacet
   facet normal -6.12323e-17 1 0
      outer loop
         vertex 0.000810893 0.0978612 -0.021758
         vertex 2.16298e-17 0.0978612 -0.021714
         vertex 0.0075 0.0978612 -0.021714
      endloop
   endfacet
   facet normal -6.12323e-17 1 0
      outer loop
         vertex 0.00696733 0.0978612 -0.0319901
         vertex 0.00722662 0.0978612 -0.0312205
         vertex 0.0075 0.0978612 -0.031364
      endloop
   endfacet
   facet normal 1 6.12323e-17 0
      outer loop
         vertex 0.0075 0.0978612 -0.021714
         vertex 0.0075 0.0915612 -0.021714
         vertex 0.0075 0.0915612 -0.027064
      endloop
   endfacet
   facet normal 1 6.12323e-17 0
      outer loop
         vertex 0.0075 0.0915612 -0.027064
         vertex 0.0075 0.0978612 -0.027064
         vertex 0.0075 0.0978612 -0.021714
      endloop
   endfacet
   facet normal 0 0 1
      outer loop
         vertex 0.0075 0.0978612 -0.027064
         vertex 0.0075 0.0915612 -0.027064
         vertex 0.00905 0.0915612 -0.027064
      endloop
   endfacet
   facet normal 0 0 1
      outer loop
         vertex 0.00905 0.0915612 -0.027064
         vertex 0.00905 0.0978612 -0.027064
         vertex 0.0075 0.0978612 -0.027064
      endloop
   endfacet
   facet normal 1 6.12323e-17 0
      outer loop
         vertex 0.01105 0.0915612 -0.029064
         vertex 0.01105 0.0978612 -0.029064
         vertex 0.011039 0.0978612 -0.028855
      endloop
   endfacet
   facet normal 0.994522 6.08969e-17 0.104528
      outer loop
         vertex 0.011039 0.0915612 -0.028855
         vertex 0.011039 0.0978612 -0.028855
         vertex 0.0110063 0.0978612 -0.0286482
      endloop
   endfacet
   facet normal 0.978148 5.98943e-17 0.207912
      outer loop
         vertex 0.0110063 0.0915612 -0.0286482
         vertex 0.0110063 0.0978612 -0.0286482
         vertex 0.0109521 0.0978612 -0.028446
      endloop
   endfacet
   facet normal 0.951057 5.82354e-17 0.309017
      outer loop
         vertex 0.0109521 0.0915612 -0.028446
         vertex 0.0109521 0.0978612 -0.028446
         vertex 0.0108771 0.0978612 -0.0282505
      endloop
   endfacet
   facet normal 0.913545 5.59385e-17 0.406737
      outer loop
         vertex 0.0108771 0.0915612 -0.0282505
         vertex 0.0108771 0.0978612 -0.0282505
         vertex 0.0107821 0.0978612 -0.028064
      endloop
   endfacet
   facet normal 0.866025 5.30288e-17 0.5
      outer loop
         vertex 0.0107821 0.0915612 -0.028064
         vertex 0.0107821 0.0978612 -0.028064
         vertex 0.010668 0.0978612 -0.0278885
      endloop
   endfacet
   facet normal 0.809017 4.9538e-17 0.587785
      outer loop
         vertex 0.010668 0.0915612 -0.0278885
         vertex 0.010668 0.0978612 -0.0278885
         vertex 0.0105363 0.0978612 -0.0277258
      endloop
   endfacet
   facet normal 0.743145 4.55045e-17 0.669131
      outer loop
         vertex 0.0105363 0.0915612 -0.0277258
         vertex 0.0105363 0.0978612 -0.0277258
         vertex 0.0103883 0.0978612 -0.0275777
      endloop
   endfacet
   facet normal 0.669131 4.09724e-17 0.743145
      outer loop
         vertex 0.0103883 0.0915612 -0.0275777
         vertex 0.0103883 0.0978612 -0.0275777
         vertex 0.0102256 0.0978612 -0.027446
      endloop
   endfacet
   facet normal 0.587785 3.59915e-17 0.809017
      outer loop
         vertex 0.0102256 0.0915612 -0.027446
         vertex 0.0102256 0.0978612 -0.027446
         vertex 0.01005 0.0978612 -0.027332
      endloop
   endfacet
   facet normal 0.5 3.06162e-17 0.866025
      outer loop
         vertex 0.01005 0.0915612 -0.027332
         vertex 0.01005 0.0978612 -0.027332
         vertex 0.00986347 0.0978612 -0.0272369
      endloop
   endfacet
   facet normal 0.406737 2.49054e-17 0.913545
      outer loop
         vertex 0.00986347 0.0915612 -0.0272369
         vertex 0.00986347 0.0978612 -0.0272369
         vertex 0.00966803 0.0978612 -0.0271619
      endloop
   endfacet
   facet normal 0.309017 1.89218e-17 0.951057
      outer loop
         vertex 0.00966803 0.0915612 -0.0271619
         vertex 0.00966803 0.0978612 -0.0271619
         vertex 0.00946582 0.0978612 -0.0271077
      endloop
   endfacet
   facet normal 0.207912 1.27309e-17 0.978148
      outer loop
         vertex 0.00946582 0.0915612 -0.0271077
         vertex 0.00946582 0.0978612 -0.0271077
         vertex 0.00925906 0.0978612 -0.027075
      endloop
   endfacet
   facet normal 0.104528 6.40052e-18 0.994522
      outer loop
         vertex 0.00925906 0.0915612 -0.027075
         vertex 0.00925906 0.0978612 -0.027075
         vertex 0.00905 0.0978612 -0.027064
      endloop
   endfacet
   facet normal 1.22465e-16 7.4988e-33 1
      outer loop
         vertex 0.00905 0.0978612 -0.027064
         vertex 0.00905 0.0915612 -0.027064
         vertex 0.00925906 0.0915612 -0.027075
      endloop
   endfacet
   facet normal 0.104528 6.40052e-18 0.994522
      outer loop
         vertex 0.00925906 0.0978612 -0.027075
         vertex 0.00925906 0.0915612 -0.027075
         vertex 0.00946582 0.0915612 -0.0271077
      endloop
   endfacet
   facet normal 0.207912 1.27309e-17 0.978148
      outer loop
         vertex 0.00946582 0.0978612 -0.0271077
         vertex 0.00946582 0.0915612 -0.0271077
         vertex 0.00966803 0.0915612 -0.0271619
      endloop
   endfacet
   facet normal 0.309017 1.89218e-17 0.951057
      outer loop
         vertex 0.00966803 0.0978612 -0.0271619
         vertex 0.00966803 0.0915612 -0.0271619
         vertex 0.00986347 0.0915612 -0.0272369
      endloop
   endfacet
   facet normal 0.406737 2.49054e-17 0.913545
      outer loop
         vertex 0.00986347 0.0978612 -0.0272369
         vertex 0.00986347 0.0915612 -0.0272369
         vertex 0.01005 0.0915612 -0.027332
      endloop
   endfacet
   facet normal 0.5 3.06162e-17 0.866025
      outer loop
         vertex 0.01005 0.0978612 -0.027332
         vertex 0.01005 0.0915612 -0.027332
         vertex 0.0102256 0.0915612 -0.027446
      endloop
   endfacet
   facet normal 0.587785 3.59915e-17 0.809017
      outer loop
         vertex 0.0102256 0.0978612 -0.027446
         vertex 0.0102256 0.0915612 -0.027446
         vertex 0.0103883 0.0915612 -0.0275777
      endloop
   endfacet
   facet normal 0.669131 4.09724e-17 0.743145
      outer loop
         vertex 0.0103883 0.0978612 -0.0275777
         vertex 0.0103883 0.0915612 -0.0275777
         vertex 0.0105363 0.0915612 -0.0277258
      endloop
   endfacet
   facet normal 0.743145 4.55045e-17 0.669131
      outer loop
         vertex 0.0105363 0.0978612 -0.0277258
         vertex 0.0105363 0.0915612 -0.0277258
         vertex 0.010668 0.0915612 -0.0278885
      endloop
   endfacet
   facet normal 0.809017 4.9538e-17 0.587785
      outer loop
         vertex 0.010668 0.0978612 -0.0278885
         vertex 0.010668 0.0915612 -0.0278885
         vertex 0.0107821 0.0915612 -0.028064
      endloop
   endfacet
   facet normal 0.866025 5.30288e-17 0.5
      outer loop
         vertex 0.0107821 0.0978612 -0.028064
         vertex 0.0107821 0.0915612 -0.028064
         vertex 0.0108771 0.0915612 -0.0282505
      endloop
   endfacet
   facet normal 0.913545 5.59385e-17 0.406737
      outer loop
         vertex 0.0108771 0.0978612 -0.0282505
         vertex 0.0108771 0.0915612 -0.0282505
         vertex 0.0109521 0.0915612 -0.028446
      endloop
   endfacet
   facet normal 0.951057 5.82354e-17 0.309017
      outer loop
         vertex 0.0109521 0.0978612 -0.028446
         vertex 0.0109521 0.0915612 -0.028446
         vertex 0.0110063 0.0915612 -0.0286482
      endloop
   endfacet
   facet normal 0.978148 5.98943e-17 0.207912
      outer loop
         vertex 0.0110063 0.0978612 -0.0286482
         vertex 0.0110063 0.0915612 -0.0286482
         vertex 0.011039 0.0915612 -0.028855
      endloop
   endfacet
   facet normal 0.994522 6.08969e-17 0.104528
      outer loop
         vertex 0.011039 0.0978612 -0.028855
         vertex 0.011039 0.0915612 -0.028855
         vertex 0.01105 0.0915612 -0.029064
      endloop
   endfacet
   facet normal 1 6.12323e-17 0
      outer loop
         vertex 0.01105 0.0978612 -0.029064
         vertex 0.01105 0.0915612 -0.029064
         vertex 0.01105 0.0915612 -0.029364
      endloop
   endfacet
   facet normal 1 6.12323e-17 0
      outer loop
         vertex 0.01105 0.0915612 -0.029364
         vertex 0.01105 0.0978612 -0.029364
         vertex 0.01105 0.0978612 -0.029064
      endloop
   endfacet
   facet normal 0 0 -1
      outer loop
         vertex 0.00905 0.0915612 -0.031364
         vertex 0.00905 0.0978612 -0.031364
         vertex 0.00925906 0.0978612 -0.0313531
      endloop
   endfacet
   facet normal 0.104528 6.40052e-18 -0.994522
      outer loop
         vertex 0.00925906 0.0915612 -0.0313531
         vertex 0.00925906 0.0978612 -0.0313531
         vertex 0.00946582 0.0978612 -0.0313203
      endloop
   endfacet
   facet normal 0.207912 1.27309e-17 -0.978148
      outer loop
         vertex 0.00946582 0.0915612 -0.0313203
         vertex 0.00946582 0.0978612 -0.0313203
         vertex 0.00966803 0.0978612 -0.0312661
      endloop
   endfacet
   facet normal 0.309017 1.89218e-17 -0.951057
      outer loop
         vertex 0.00966803 0.0915612 -0.0312661
         vertex 0.00966803 0.0978612 -0.0312661
         vertex 0.00986347 0.0978612 -0.0311911
      endloop
   endfacet
   facet normal 0.406737 2.49054e-17 -0.913545
      outer loop
         vertex 0.00986347 0.0915612 -0.0311911
         vertex 0.00986347 0.0978612 -0.0311911
         vertex 0.01005 0.0978612 -0.0310961
      endloop
   endfacet
   facet normal 0.5 3.06162e-17 -0.866025
      outer loop
         vertex 0.01005 0.0915612 -0.0310961
         vertex 0.01005 0.0978612 -0.0310961
         vertex 0.0102256 0.0978612 -0.0309821
      endloop
   endfacet
   facet normal 0.587785 3.59915e-17 -0.809017
      outer loop
         vertex 0.0102256 0.0915612 -0.0309821
         vertex 0.0102256 0.0978612 -0.0309821
         vertex 0.0103883 0.0978612 -0.0308503
      endloop
   endfacet
   facet normal 0.669131 4.09724e-17 -0.743145
      outer loop
         vertex 0.0103883 0.0915612 -0.0308503
         vertex 0.0103883 0.0978612 -0.0308503
         vertex 0.0105363 0.0978612 -0.0307023
      endloop
   endfacet
   facet normal 0.743145 4.55045e-17 -0.669131
      outer loop
         vertex 0.0105363 0.0915612 -0.0307023
         vertex 0.0105363 0.0978612 -0.0307023
         vertex 0.010668 0.0978612 -0.0305396
      endloop
   endfacet
   facet normal 0.809017 4.9538e-17 -0.587785
      outer loop
         vertex 0.010668 0.0915612 -0.0305396
         vertex 0.010668 0.0978612 -0.0305396
         vertex 0.0107821 0.0978612 -0.030364
      endloop
   endfacet
   facet normal 0.866025 5.30288e-17 -0.5
      outer loop
         vertex 0.0107821 0.0915612 -0.030364
         vertex 0.0107821 0.0978612 -0.030364
         vertex 0.0108771 0.0978612 -0.0301775
      endloop
   endfacet
   facet normal 0.913545 5.59385e-17 -0.406737
      outer loop
         vertex 0.0108771 0.0915612 -0.0301775
         vertex 0.0108771 0.0978612 -0.0301775
         vertex 0.0109521 0.0978612 -0.0299821
      endloop
   endfacet
   facet normal 0.951057 5.82354e-17 -0.309017
      outer loop
         vertex 0.0109521 0.0915612 -0.0299821
         vertex 0.0109521 0.0978612 -0.0299821
         vertex 0.0110063 0.0978612 -0.0297798
      endloop
   endfacet
   facet normal 0.978148 5.98943e-17 -0.207912
      outer loop
         vertex 0.0110063 0.0915612 -0.0297798
         vertex 0.0110063 0.0978612 -0.0297798
         vertex 0.011039 0.0978612 -0.0295731
      endloop
   endfacet
   facet normal 0.994522 6.08969e-17 -0.104528
      outer loop
         vertex 0.011039 0.0915612 -0.0295731
         vertex 0.011039 0.0978612 -0.0295731
         vertex 0.01105 0.0978612 -0.029364
      endloop
   endfacet
   facet normal 1 6.12323e-17 2.43637e-14
      outer loop
         vertex 0.01105 0.0978612 -0.029364
         vertex 0.01105 0.0915612 -0.029364
         vertex 0.011039 0.0915612 -0.0295731
      endloop
   endfacet
   facet normal 0.994522 6.08969e-17 -0.104528
      outer loop
         vertex 0.011039 0.0978612 -0.0295731
         vertex 0.011039 0.0915612 -0.0295731
         vertex 0.0110063 0.0915612 -0.0297798
      endloop
   endfacet
   facet normal 0.978148 5.98943e-17 -0.207912
      outer loop
         vertex 0.0110063 0.0978612 -0.0297798
         vertex 0.0110063 0.0915612 -0.0297798
         vertex 0.0109521 0.0915612 -0.0299821
      endloop
   endfacet
   facet normal 0.951057 5.82354e-17 -0.309017
      outer loop
         vertex 0.0109521 0.0978612 -0.0299821
         vertex 0.0109521 0.0915612 -0.0299821
         vertex 0.0108771 0.0915612 -0.0301775
      endloop
   endfacet
   facet normal 0.913545 5.59385e-17 -0.406737
      outer loop
         vertex 0.0108771 0.0978612 -0.0301775
         vertex 0.0108771 0.0915612 -0.0301775
         vertex 0.0107821 0.0915612 -0.030364
      endloop
   endfacet
   facet normal 0.866025 5.30288e-17 -0.5
      outer loop
         vertex 0.0107821 0.0978612 -0.030364
         vertex 0.0107821 0.0915612 -0.030364
         vertex 0.010668 0.0915612 -0.0305396
      endloop
   endfacet
   facet normal 0.809017 4.9538e-17 -0.587785
      outer loop
         vertex 0.010668 0.0978612 -0.0305396
         vertex 0.010668 0.0915612 -0.0305396
         vertex 0.0105363 0.0915612 -0.0307023
      endloop
   endfacet
   facet normal 0.743145 4.55045e-17 -0.669131
      outer loop
         vertex 0.0105363 0.0978612 -0.0307023
         vertex 0.0105363 0.0915612 -0.0307023
         vertex 0.0103883 0.0915612 -0.0308503
      endloop
   endfacet
   facet normal 0.669131 4.09724e-17 -0.743145
      outer loop
         vertex 0.0103883 0.0978612 -0.0308503
         vertex 0.0103883 0.0915612 -0.0308503
         vertex 0.0102256 0.0915612 -0.0309821
      endloop
   endfacet
   facet normal 0.587785 3.59915e-17 -0.809017
      outer loop
         vertex 0.0102256 0.0978612 -0.0309821
         vertex 0.0102256 0.0915612 -0.0309821
         vertex 0.01005 0.0915612 -0.0310961
      endloop
   endfacet
   facet normal 0.5 3.06162e-17 -0.866025
      outer loop
         vertex 0.01005 0.0978612 -0.0310961
         vertex 0.01005 0.0915612 -0.0310961
         vertex 0.00986347 0.0915612 -0.0311911
      endloop
   endfacet
   facet normal 0.406737 2.49054e-17 -0.913545
      outer loop
         vertex 0.00986347 0.0978612 -0.0311911
         vertex 0.00986347 0.0915612 -0.0311911
         vertex 0.00966803 0.0915612 -0.0312661
      endloop
   endfacet
   facet normal 0.309017 1.89218e-17 -0.951057
      outer loop
         vertex 0.00966803 0.0978612 -0.0312661
         vertex 0.00966803 0.0915612 -0.0312661
         vertex 0.00946582 0.0915612 -0.0313203
      endloop
   endfacet
   facet normal 0.207912 1.27309e-17 -0.978148
      outer loop
         vertex 0.00946582 0.0978612 -0.0313203
         vertex 0.00946582 0.0915612 -0.0313203
         vertex 0.00925906 0.0915612 -0.0313531
      endloop
   endfacet
   facet normal 0.104528 6.40052e-18 -0.994522
      outer loop
         vertex 0.00925906 0.0978612 -0.0313531
         vertex 0.00925906 0.0915612 -0.0313531
         vertex 0.00905 0.0915612 -0.031364
      endloop
   endfacet
   facet normal 0 0 -1
      outer loop
         vertex 0.00905 0.0978612 -0.031364
         vertex 0.00905 0.0915612 -0.031364
         vertex 0.0075 0.0915612 -0.031364
      endloop
   endfacet
   facet normal 0 0 -1
      outer loop
         vertex 0.0075 0.0915612 -0.031364
         vertex 0.0075 0.0978612 -0.031364
         vertex 0.00905 0.0978612 -0.031364
      endloop
   endfacet
   facet normal 1 6.12323e-17 2.43637e-14
      outer loop
         vertex 0.0075 0.0978612 -0.031364
         vertex 0.0075 0.0915612 -0.031364
         vertex 0.0075 0.0915612 -0.036714
      endloop
   endfacet
   facet normal 1 6.12323e-17 2.43637e-14
      outer loop
         vertex 0.0075 0.0915612 -0.036714
         vertex 0.0075 0.0978612 -0.036714
         vertex 0.0075 0.0978612 -0.031364
      endloop
   endfacet
   facet normal 0 0 1
      outer loop
         vertex -0.0075 0.0915612 -0.021714
         vertex 0.0075 0.0915612 -0.021714
         vertex 2.16298e-17 0.0978612 -0.021714
      endloop
   endfacet
   facet normal 0 0 1
      outer loop
         vertex 0.0075 0.0915612 -0.021714
         vertex 0.0075 0.0978612 -0.021714
         vertex 2.16298e-17 0.0978612 -0.021714
      endloop
   endfacet
   facet normal 0 0 1
      outer loop
         vertex 2.16298e-17 0.0978612 -0.021714
         vertex -0.0075 0.0978612 -0.021714
         vertex -0.0075 0.0915612 -0.021714
      endloop
   endfacet
   facet normal 0 0 -1
      outer loop
         vertex -0.0075 0.0915612 -0.036714
         vertex -0.0075 0.0978612 -0.036714
         vertex 2.16298e-17 0.0978612 -0.036714
      endloop
   endfacet
   facet normal 0 0 -1
      outer loop
         vertex 2.16298e-17 0.0978612 -0.036714
         vertex 0.0075 0.0915612 -0.036714
         vertex -0.0075 0.0915612 -0.036714
      endloop
   endfacet
   facet normal 0 0 -1
      outer loop
         vertex 2.16298e-17 0.0978612 -0.036714
         vertex 0.0075 0.0978612 -0.036714
         vertex 0.0075 0.0915612 -0.036714
      endloop
   endfacet
   facet normal -1 -6.12323e-17 0
      outer loop
         vertex -0.0075 0.0978612 -0.036714
         vertex -0.0075 0.0915612 -0.036714
         vertex -0.0075 0.0915612 -0.031364
      endloop
   endfacet
   facet normal -1 -6.12323e-17 0
      outer loop
         vertex -0.0075 0.0915612 -0.031364
         vertex -0.0075 0.0978612 -0.031364
         vertex -0.0075 0.0978612 -0.036714
      endloop
   endfacet
   facet normal 0 0 -1
      outer loop
         vertex -0.0075 0.0978612 -0.031364
         vertex -0.0075 0.0915612 -0.031364
         vertex -0.00905 0.0915612 -0.031364
      endloop
   endfacet
   facet normal 0 0 -1
      outer loop
         vertex -0.00905 0.0915612 -0.031364
         vertex -0.00905 0.0978612 -0.031364
         vertex -0.0075 0.0978612 -0.031364
      endloop
   endfacet
   facet normal -1 -6.12323e-17 0
      outer loop
         vertex -0.01105 0.0915612 -0.029364
         vertex -0.01105 0.0978612 -0.029364
         vertex -0.011039 0.0978612 -0.0295731
      endloop
   endfacet
   facet normal -0.994522 -6.08969e-17 -0.104528
      outer loop
         vertex -0.011039 0.0915612 -0.0295731
         vertex -0.011039 0.0978612 -0.0295731
         vertex -0.0110063 0.0978612 -0.0297798
      endloop
   endfacet
   facet normal -0.978148 -5.98943e-17 -0.207912
      outer loop
         vertex -0.0110063 0.0915612 -0.0297798
         vertex -0.0110063 0.0978612 -0.0297798
         vertex -0.0109521 0.0978612 -0.0299821
      endloop
   endfacet
   facet normal -0.951057 -5.82354e-17 -0.309017
      outer loop
         vertex -0.0109521 0.0915612 -0.0299821
         vertex -0.0109521 0.0978612 -0.0299821
         vertex -0.0108771 0.0978612 -0.0301775
      endloop
   endfacet
   facet normal -0.913545 -5.59385e-17 -0.406737
      outer loop
         vertex -0.0108771 0.0915612 -0.0301775
         vertex -0.0108771 0.0978612 -0.0301775
         vertex -0.0107821 0.0978612 -0.030364
      endloop
   endfacet
   facet normal -0.866025 -5.30288e-17 -0.5
      outer loop
         vertex -0.0107821 0.0915612 -0.030364
         vertex -0.0107821 0.0978612 -0.030364
         vertex -0.010668 0.0978612 -0.0305396
      endloop
   endfacet
   facet normal -0.809017 -4.9538e-17 -0.587785
      outer loop
         vertex -0.010668 0.0915612 -0.0305396
         vertex -0.010668 0.0978612 -0.0305396
         vertex -0.0105363 0.0978612 -0.0307023
      endloop
   endfacet
   facet normal -0.743145 -4.55045e-17 -0.669131
      outer loop
         vertex -0.0105363 0.0915612 -0.0307023
         vertex -0.0105363 0.0978612 -0.0307023
         vertex -0.0103883 0.0978612 -0.0308503
      endloop
   endfacet
   facet normal -0.669131 -4.09724e-17 -0.743145
      outer loop
         vertex -0.0103883 0.0915612 -0.0308503
         vertex -0.0103883 0.0978612 -0.0308503
         vertex -0.0102256 0.0978612 -0.0309821
      endloop
   endfacet
   facet normal -0.587785 -3.59915e-17 -0.809017
      outer loop
         vertex -0.0102256 0.0915612 -0.0309821
         vertex -0.0102256 0.0978612 -0.0309821
         vertex -0.01005 0.0978612 -0.0310961
      endloop
   endfacet
   facet normal -0.5 -3.06162e-17 -0.866025
      outer loop
         vertex -0.01005 0.0915612 -0.0310961
         vertex -0.01005 0.0978612 -0.0310961
         vertex -0.00986347 0.0978612 -0.0311911
      endloop
   endfacet
   facet normal -0.406737 -2.49054e-17 -0.913545
      outer loop
         vertex -0.00986347 0.0915612 -0.0311911
         vertex -0.00986347 0.0978612 -0.0311911
         vertex -0.00966803 0.0978612 -0.0312661
      endloop
   endfacet
   facet normal -0.309017 -1.89218e-17 -0.951057
      outer loop
         vertex -0.00966803 0.0915612 -0.0312661
         vertex -0.00966803 0.0978612 -0.0312661
         vertex -0.00946582 0.0978612 -0.0313203
      endloop
   endfacet
   facet normal -0.207912 -1.27309e-17 -0.978148
      outer loop
         vertex -0.00946582 0.0915612 -0.0313203
         vertex -0.00946582 0.0978612 -0.0313203
         vertex -0.00925906 0.0978612 -0.0313531
      endloop
   endfacet
   facet normal -0.104528 -6.40052e-18 -0.994522
      outer loop
         vertex -0.00925906 0.0915612 -0.0313531
         vertex -0.00925906 0.0978612 -0.0313531
         vertex -0.00905 0.0978612 -0.031364
      endloop
   endfacet
   facet normal -2.44929e-16 -1.49976e-32 -1
      outer loop
         vertex -0.00905 0.0978612 -0.031364
         vertex -0.00905 0.0915612 -0.031364
         vertex -0.00925906 0.0915612 -0.0313531
      endloop
   endfacet
   facet normal -0.104528 -6.40052e-18 -0.994522
      outer loop
         vertex -0.00925906 0.0978612 -0.0313531
         vertex -0.00925906 0.0915612 -0.0313531
         vertex -0.00946582 0.0915612 -0.0313203
      endloop
   endfacet
   facet normal -0.207912 -1.27309e-17 -0.978148
      outer loop
         vertex -0.00946582 0.0978612 -0.0313203
         vertex -0.00946582 0.0915612 -0.0313203
         vertex -0.00966803 0.0915612 -0.0312661
      endloop
   endfacet
   facet normal -0.309017 -1.89218e-17 -0.951057
      outer loop
         vertex -0.00966803 0.0978612 -0.0312661
         vertex -0.00966803 0.0915612 -0.0312661
         vertex -0.00986347 0.0915612 -0.0311911
      endloop
   endfacet
   facet normal -0.406737 -2.49054e-17 -0.913545
      outer loop
         vertex -0.00986347 0.0978612 -0.0311911
         vertex -0.00986347 0.0915612 -0.0311911
         vertex -0.01005 0.0915612 -0.0310961
      endloop
   endfacet
   facet normal -0.5 -3.06162e-17 -0.866025
      outer loop
         vertex -0.01005 0.0978612 -0.0310961
         vertex -0.01005 0.0915612 -0.0310961
         vertex -0.0102256 0.0915612 -0.0309821
      endloop
   endfacet
   facet normal -0.587785 -3.59915e-17 -0.809017
      outer loop
         vertex -0.0102256 0.0978612 -0.0309821
         vertex -0.0102256 0.0915612 -0.0309821
         vertex -0.0103883 0.0915612 -0.0308503
      endloop
   endfacet
   facet normal -0.669131 -4.09724e-17 -0.743145
      outer loop
         vertex -0.0103883 0.0978612 -0.0308503
         vertex -0.0103883 0.0915612 -0.0308503
         vertex -0.0105363 0.0915612 -0.0307023
      endloop
   endfacet
   facet normal -0.743145 -4.55045e-17 -0.669131
      outer loop
         vertex -0.0105363 0.0978612 -0.0307023
         vertex -0.0105363 0.0915612 -0.0307023
         vertex -0.010668 0.0915612 -0.0305396
      endloop
   endfacet
   facet normal -0.809017 -4.9538e-17 -0.587785
      outer loop
         vertex -0.010668 0.0978612 -0.0305396
         vertex -0.010668 0.0915612 -0.0305396
         vertex -0.0107821 0.0915612 -0.030364
      endloop
   endfacet
   facet normal -0.866025 -5.30288e-17 -0.5
      outer loop
         vertex -0.0107821 0.0978612 -0.030364
         vertex -0.0107821 0.0915612 -0.030364
         vertex -0.0108771 0.0915612 -0.0301775
      endloop
   endfacet
   facet normal -0.913545 -5.59385e-17 -0.406737
      outer loop
         vertex -0.0108771 0.0978612 -0.0301775
         vertex -0.0108771 0.0915612 -0.0301775
         vertex -0.0109521 0.0915612 -0.0299821
      endloop
   endfacet
   facet normal -0.951057 -5.82354e-17 -0.309017
      outer loop
         vertex -0.0109521 0.0978612 -0.0299821
         vertex -0.0109521 0.0915612 -0.0299821
         vertex -0.0110063 0.0915612 -0.0297798
      endloop
   endfacet
   facet normal -0.978148 -5.98943e-17 -0.207912
      outer loop
         vertex -0.0110063 0.0978612 -0.0297798
         vertex -0.0110063 0.0915612 -0.0297798
         vertex -0.011039 0.0915612 -0.0295731
      endloop
   endfacet
   facet normal -0.994522 -6.08969e-17 -0.104528
      outer loop
         vertex -0.011039 0.0978612 -0.0295731
         vertex -0.011039 0.0915612 -0.0295731
         vertex -0.01105 0.0915612 -0.029364
      endloop
   endfacet
   facet normal -1 -6.12323e-17 0
      outer loop
         vertex -0.01105 0.0978612 -0.029364
         vertex -0.01105 0.0915612 -0.029364
         vertex -0.01105 0.0915612 -0.029064
      endloop
   endfacet
   facet normal -1 -6.12323e-17 0
      outer loop
         vertex -0.01105 0.0915612 -0.029064
         vertex -0.01105 0.0978612 -0.029064
         vertex -0.01105 0.0978612 -0.029364
      endloop
   endfacet
   facet normal -6.12323e-17 1 0
      outer loop
         vertex -0.007489 0.0978612 -0.0296201
         vertex -0.0108771 0.0978612 -0.0301775
         vertex -0.0109521 0.0978612 -0.0299821
      endloop
   endfacet
   facet normal -6.12323e-17 1 0
      outer loop
         vertex -0.007489 0.0978612 -0.0296201
         vertex -0.0103883 0.0978612 -0.0308503
         vertex -0.0105363 0.0978612 -0.0307023
      endloop
   endfacet
   facet normal -6.12323e-17 1 0
      outer loop
         vertex -0.007489 0.0978612 -0.0296201
         vertex -0.0107821 0.0978612 -0.030364
         vertex -0.0108771 0.0978612 -0.0301775
      endloop
   endfacet
   facet normal -6.12323e-17 1 0
      outer loop
         vertex -0.0105363 0.0978612 -0.0307023
         vertex -0.010668 0.0978612 -0.0305396
         vertex -0.007489 0.0978612 -0.0296201
      endloop
   endfacet
   facet normal -6.12323e-17 1 0
      outer loop
         vertex -0.010668 0.0978612 -0.0305396
         vertex -0.0107821 0.0978612 -0.030364
         vertex -0.007489 0.0978612 -0.0296201
      endloop
   endfacet
   facet normal -6.12323e-17 1 0
      outer loop
         vertex -0.007489 0.0978612 -0.0296201
         vertex -0.01005 0.0978612 -0.0310961
         vertex -0.0102256 0.0978612 -0.0309821
      endloop
   endfacet
   facet normal -6.12323e-17 1 0
      outer loop
         vertex -0.0102256 0.0978612 -0.0309821
         vertex -0.0103883 0.0978612 -0.0308503
         vertex -0.007489 0.0978612 -0.0296201
      endloop
   endfacet
   facet normal -6.12323e-17 1 0
      outer loop
         vertex -0.007489 0.0978612 -0.0296201
         vertex -0.00946582 0.0978612 -0.0313203
         vertex -0.00966803 0.0978612 -0.0312661
      endloop
   endfacet
   facet normal -6.12323e-17 1 0
      outer loop
         vertex -0.0109521 0.0978612 -0.0299821
         vertex -0.0110063 0.0978612 -0.0297798
         vertex -0.007489 0.0978612 -0.0296201
      endloop
   endfacet
   facet normal -6.12323e-17 1 0
      outer loop
         vertex -0.00966803 0.0978612 -0.0312661
         vertex -0.00986347 0.0978612 -0.0311911
         vertex -0.007489 0.0978612 -0.0296201
      endloop
   endfacet
   facet normal -6.12323e-17 1 0
      outer loop
         vertex -0.007489 0.0978612 -0.028808
         vertex -0.0108771 0.0978612 -0.0282505
         vertex -0.0107821 0.0978612 -0.028064
      endloop
   endfacet
   facet normal -6.12323e-17 1 0
      outer loop
         vertex -0.0075 0.0978612 -0.021714
         vertex -0.00161228 0.0978612 -0.0218894
         vertex -0.00239476 0.0978612 -0.0221066
      endloop
   endfacet
   facet normal -6.12323e-17 1 0
      outer loop
         vertex -0.00986347 0.0978612 -0.0311911
         vertex -0.01005 0.0978612 -0.0310961
         vertex -0.007489 0.0978612 -0.0296201
      endloop
   endfacet
   facet normal -6.12323e-17 1 0
      outer loop
         vertex -0.007489 0.0978612 -0.0296201
         vertex -0.00905 0.0978612 -0.031364
         vertex -0.00925906 0.0978612 -0.0313531
      endloop
   endfacet
   facet normal -6.12323e-17 1 0
      outer loop
         vertex -0.007489 0.0978612 -0.0296201
         vertex -0.01105 0.0978612 -0.029364
         vertex -0.01105 0.0978612 -0.029064
      endloop
   endfacet
   facet normal -6.12323e-17 1 0
      outer loop
         vertex -0.007489 0.0978612 -0.028808
         vertex -0.0105363 0.0978612 -0.0277258
         vertex -0.0103883 0.0978612 -0.0275777
      endloop
   endfacet
   facet normal -6.12323e-17 1 0
      outer loop
         vertex -0.0107821 0.0978612 -0.028064
         vertex -0.010668 0.0978612 -0.0278885
         vertex -0.007489 0.0978612 -0.028808
      endloop
   endfacet
   facet normal -6.12323e-17 1 0
      outer loop
         vertex -0.0074012 0.0978612 -0.0280007
         vertex -0.00946582 0.0978612 -0.0271077
         vertex -0.00925906 0.0978612 -0.027075
      endloop
   endfacet
   facet normal -6.12323e-17 1 0
      outer loop
         vertex -0.0075 0.0978612 -0.021714
         vertex -0.000810893 0.0978612 -0.021758
         vertex -0.00161228 0.0978612 -0.0218894
      endloop
   endfacet
   facet normal -6.12323e-17 1 0
      outer loop
         vertex -0.00925906 0.0978612 -0.0313531
         vertex -0.00946582 0.0978612 -0.0313203
         vertex -0.007489 0.0978612 -0.0296201
      endloop
   endfacet
   facet normal -6.12323e-17 1 0
      outer loop
         vertex -0.007489 0.0978612 -0.028808
         vertex -0.01105 0.0978612 -0.029064
         vertex -0.011039 0.0978612 -0.028855
      endloop
   endfacet
   facet normal -6.12323e-17 1 0
      outer loop
         vertex -0.007489 0.0978612 -0.0296201
         vertex -0.011039 0.0978612 -0.0295731
         vertex -0.01105 0.0978612 -0.029364
      endloop
   endfacet
   facet normal -6.12323e-17 1 0
      outer loop
         vertex -0.010668 0.0978612 -0.0278885
         vertex -0.0105363 0.0978612 -0.0277258
         vertex -0.007489 0.0978612 -0.028808
      endloop
   endfacet
   facet normal -6.12323e-17 1 0
      outer loop
         vertex -0.0074012 0.0978612 -0.0280007
         vertex -0.00966803 0.0978612 -0.0271619
         vertex -0.00946582 0.0978612 -0.0271077
      endloop
   endfacet
   facet normal -6.12323e-17 1 0
      outer loop
         vertex -0.0074012 0.0978612 -0.0280007
         vertex -0.01005 0.0978612 -0.027332
         vertex -0.00986347 0.0978612 -0.0272369
      endloop
   endfacet
   facet normal -6.12323e-17 1 0
      outer loop
         vertex -0.0075 0.0978612 -0.036714
         vertex -0.00314917 0.0978612 -0.0360208
         vertex -0.00239476 0.0978612 -0.0363214
      endloop
   endfacet
   facet normal -6.12323e-17 1 0
      outer loop
         vertex -0.0075 0.0978612 -0.031364
         vertex -0.00722662 0.0978612 -0.0312205
         vertex -0.00696733 0.0978612 -0.0319901
      endloop
   endfacet
   facet normal -6.12323e-17 1 0
      outer loop
         vertex -0.0075 0.0978612 -0.021714
         vertex -0.00571622 0.0978612 -0.0243586
         vertex -0.00620767 0.0978612 -0.0250051
      endloop
   endfacet
   facet normal -6.12323e-17 1 0
      outer loop
         vertex -0.0075 0.0978612 -0.021714
         vertex -0.00453881 0.0978612 -0.0232433
         vertex -0.00515775 0.0978612 -0.0237691
      endloop
   endfacet
   facet normal -6.12323e-17 1 0
      outer loop
         vertex -0.0075 0.0978612 -0.021714
         vertex -0.00314917 0.0978612 -0.0224072
         vertex -0.00386665 0.0978612 -0.0227876
      endloop
   endfacet
   facet normal -6.12323e-17 1 0
      outer loop
         vertex -0.0075 0.0978612 -0.021714
         vertex 2.16298e-17 0.0978612 -0.021714
         vertex -0.000810893 0.0978612 -0.021758
      endloop
   endfacet
   facet normal -6.12323e-17 1 0
      outer loop
         vertex -0.007489 0.0978612 -0.0296201
         vertex -0.0075 0.0978612 -0.031364
         vertex -0.00905 0.0978612 -0.031364
      endloop
   endfacet
   facet normal -6.12323e-17 1 0
      outer loop
         vertex -0.01105 0.0978612 -0.029064
         vertex -0.007489 0.0978612 -0.028808
         vertex -0.007489 0.0978612 -0.0296201
      endloop
   endfacet
   facet normal -6.12323e-17 1 0
      outer loop
         vertex -0.007489 0.0978612 -0.028808
         vertex -0.0109521 0.0978612 -0.028446
         vertex -0.0108771 0.0978612 -0.0282505
      endloop
   endfacet
   facet normal -6.12323e-17 1 0
      outer loop
         vertex -0.00986347 0.0978612 -0.0272369
         vertex -0.00966803 0.0978612 -0.0271619
         vertex -0.0074012 0.0978612 -0.0280007
      endloop
   endfacet
   facet normal -6.12323e-17 1 0
      outer loop
         vertex -0.0074012 0.0978612 -0.0280007
         vertex -0.0103883 0.0978612 -0.0275777
         vertex -0.0102256 0.0978612 -0.027446
      endloop
   endfacet
   facet normal -6.12323e-17 1 0
      outer loop
         vertex -0.00239476 0.0978612 -0.0363214
         vertex -0.00161228 0.0978612 -0.0365387
         vertex -0.0075 0.0978612 -0.036714
      endloop
   endfacet
   facet normal -6.12323e-17 1 0
      outer loop
         vertex -0.0075 0.0978612 -0.036714
         vertex -0.00453881 0.0978612 -0.0351847
         vertex -0.00386665 0.0978612 -0.0356404
      endloop
   endfacet
   facet normal -6.12323e-17 1 0
      outer loop
         vertex -0.0075 0.0978612 -0.036714
         vertex -0.00662634 0.0978612 -0.0327271
         vertex -0.00620767 0.0978612 -0.0334229
      endloop
   endfacet
   facet normal -6.12323e-17 1 0
      outer loop
         vertex -0.0075 0.0978612 -0.031364
         vertex -0.0074012 0.0978612 -0.0304274
         vertex -0.00722662 0.0978612 -0.0312205
      endloop
   endfacet
   facet normal -6.12323e-17 1 0
      outer loop
         vertex -0.0075 0.0978612 -0.027064
         vertex -0.0075 0.0978612 -0.021714
         vertex -0.00696733 0.0978612 -0.026438
      endloop
   endfacet
   facet normal -6.12323e-17 1 0
      outer loop
         vertex -0.00515775 0.0978612 -0.0237691
         vertex -0.00571622 0.0978612 -0.0243586
         vertex -0.0075 0.0978612 -0.021714
      endloop
   endfacet
   facet normal -6.12323e-17 1 0
      outer loop
         vertex -0.00239476 0.0978612 -0.0221066
         vertex -0.00314917 0.0978612 -0.0224072
         vertex -0.0075 0.0978612 -0.021714
      endloop
   endfacet
   facet normal -6.12323e-17 1 0
      outer loop
         vertex -0.011039 0.0978612 -0.028855
         vertex -0.0110063 0.0978612 -0.0286482
         vertex -0.007489 0.0978612 -0.028808
      endloop
   endfacet
   facet normal -6.12323e-17 1 0
      outer loop
         vertex -0.007489 0.0978612 -0.028808
         vertex -0.0110063 0.0978612 -0.0286482
         vertex -0.0109521 0.0978612 -0.028446
      endloop
   endfacet
   facet normal -6.12323e-17 1 0
      outer loop
         vertex -0.0074012 0.0978612 -0.0280007
         vertex -0.00905 0.0978612 -0.027064
         vertex -0.0075 0.0978612 -0.027064
      endloop
   endfacet
   facet normal -6.12323e-17 1 0
      outer loop
         vertex -0.0102256 0.0978612 -0.027446
         vertex -0.01005 0.0978612 -0.027332
         vertex -0.0074012 0.0978612 -0.0280007
      endloop
   endfacet
   facet normal -6.12323e-17 1 0
      outer loop
         vertex -0.00386665 0.0978612 -0.0356404
         vertex -0.00314917 0.0978612 -0.0360208
         vertex -0.0075 0.0978612 -0.036714
      endloop
   endfacet
   facet normal -6.12323e-17 1 0
      outer loop
         vertex -0.0075 0.0978612 -0.036714
         vertex -0.00571622 0.0978612 -0.0340694
         vertex -0.00515775 0.0978612 -0.034659
      endloop
   endfacet
   facet normal -6.12323e-17 1 0
      outer loop
         vertex -0.0075 0.0978612 -0.036714
         vertex -0.00696733 0.0978612 -0.0319901
         vertex -0.00662634 0.0978612 -0.0327271
      endloop
   endfacet
   facet normal -6.12323e-17 1 0
      outer loop
         vertex -0.0075 0.0978612 -0.031364
         vertex -0.007489 0.0978612 -0.0296201
         vertex -0.0074012 0.0978612 -0.0304274
      endloop
   endfacet
   facet normal -6.12323e-17 1 0
      outer loop
         vertex -0.0075 0.0978612 -0.021714
         vertex -0.00662634 0.0978612 -0.025701
         vertex -0.00696733 0.0978612 -0.026438
      endloop
   endfacet
   facet normal -6.12323e-17 1 0
      outer loop
         vertex -0.00386665 0.0978612 -0.0227876
         vertex -0.00453881 0.0978612 -0.0232433
         vertex -0.0075 0.0978612 -0.021714
      endloop
   endfacet
   facet normal -6.12323e-17 1 0
      outer loop
         vertex -0.0103883 0.0978612 -0.0275777
         vertex -0.0074012 0.0978612 -0.0280007
         vertex -0.007489 0.0978612 -0.028808
      endloop
   endfacet
   facet normal -6.12323e-17 1 0
      outer loop
         vertex -0.00925906 0.0978612 -0.027075
         vertex -0.00905 0.0978612 -0.027064
         vertex -0.0074012 0.0978612 -0.0280007
      endloop
   endfacet
   facet normal -6.12323e-17 1 0
      outer loop
         vertex -0.00515775 0.0978612 -0.034659
         vertex -0.00453881 0.0978612 -0.0351847
         vertex -0.0075 0.0978612 -0.036714
      endloop
   endfacet
   facet normal -6.12323e-17 1 0
      outer loop
         vertex -0.00696733 0.0978612 -0.0319901
         vertex -0.0075 0.0978612 -0.036714
         vertex -0.0075 0.0978612 -0.031364
      endloop
   endfacet
   facet normal -6.12323e-17 1 0
      outer loop
         vertex -0.00620767 0.0978612 -0.0250051
         vertex -0.00662634 0.0978612 -0.025701
         vertex -0.0075 0.0978612 -0.021714
      endloop
   endfacet
   facet normal -6.12323e-17 1 0
      outer loop
         vertex -0.0075 0.0978612 -0.027064
         vertex -0.00722662 0.0978612 -0.0272076
         vertex -0.0074012 0.0978612 -0.0280007
      endloop
   endfacet
   facet normal -6.12323e-17 1 0
      outer loop
         vertex -0.00620767 0.0978612 -0.0334229
         vertex -0.00571622 0.0978612 -0.0340694
         vertex -0.0075 0.0978612 -0.036714
      endloop
   endfacet
   facet normal -6.12323e-17 1 0
      outer loop
         vertex -0.0110063 0.0978612 -0.0297798
         vertex -0.011039 0.0978612 -0.0295731
         vertex -0.007489 0.0978612 -0.0296201
      endloop
   endfacet
   facet normal -6.12323e-17 1 0
      outer loop
         vertex -0.00161228 0.0978612 -0.0365387
         vertex -0.000810893 0.0978612 -0.0366701
         vertex -0.0075 0.0978612 -0.036714
      endloop
   endfacet
   facet normal -6.12323e-17 1 0
      outer loop
         vertex -0.000810893 0.0978612 -0.0366701
         vertex 2.16298e-17 0.0978612 -0.036714
         vertex -0.0075 0.0978612 -0.036714
      endloop
   endfacet
   facet normal -6.12323e-17 1 0
      outer loop
         vertex -0.00696733 0.0978612 -0.026438
         vertex -0.00722662 0.0978612 -0.0272076
         vertex -0.0075 0.0978612 -0.027064
      endloop
   endfacet
   facet normal 1.22465e-16 7.4988e-33 1
      outer loop
         vertex -0.00905 0.0915612 -0.027064
         vertex -0.00905 0.0978612 -0.027064
         vertex -0.00925906 0.0978612 -0.027075
      endloop
   endfacet
   facet normal -0.104528 -6.40052e-18 0.994522
      outer loop
         vertex -0.00925906 0.0915612 -0.027075
         vertex -0.00925906 0.0978612 -0.027075
         vertex -0.00946582 0.0978612 -0.0271077
      endloop
   endfacet
   facet normal -0.207912 -1.27309e-17 0.978148
      outer loop
         vertex -0.00946582 0.0915612 -0.0271077
         vertex -0.00946582 0.0978612 -0.0271077
         vertex -0.00966803 0.0978612 -0.0271619
      endloop
   endfacet
   facet normal -0.309017 -1.89218e-17 0.951057
      outer loop
         vertex -0.00966803 0.0915612 -0.0271619
         vertex -0.00966803 0.0978612 -0.0271619
         vertex -0.00986347 0.0978612 -0.0272369
      endloop
   endfacet
   facet normal -0.406737 -2.49054e-17 0.913545
      outer loop
         vertex -0.00986347 0.0915612 -0.0272369
         vertex -0.00986347 0.0978612 -0.0272369
         vertex -0.01005 0.0978612 -0.027332
      endloop
   endfacet
   facet normal -0.5 -3.06162e-17 0.866025
      outer loop
         vertex -0.01005 0.0915612 -0.027332
         vertex -0.01005 0.0978612 -0.027332
         vertex -0.0102256 0.0978612 -0.027446
      endloop
   endfacet
   facet normal -0.587785 -3.59915e-17 0.809017
      outer loop
         vertex -0.0102256 0.0915612 -0.027446
         vertex -0.0102256 0.0978612 -0.027446
         vertex -0.0103883 0.0978612 -0.0275777
      endloop
   endfacet
   facet normal -0.669131 -4.09724e-17 0.743145
      outer loop
         vertex -0.0103883 0.0915612 -0.0275777
         vertex -0.0103883 0.0978612 -0.0275777
         vertex -0.0105363 0.0978612 -0.0277258
      endloop
   endfacet
   facet normal -0.743145 -4.55045e-17 0.669131
      outer loop
         vertex -0.0105363 0.0915612 -0.0277258
         vertex -0.0105363 0.0978612 -0.0277258
         vertex -0.010668 0.0978612 -0.0278885
      endloop
   endfacet
   facet normal -0.809017 -4.9538e-17 0.587785
      outer loop
         vertex -0.010668 0.0915612 -0.0278885
         vertex -0.010668 0.0978612 -0.0278885
         vertex -0.0107821 0.0978612 -0.028064
      endloop
   endfacet
   facet normal -0.866025 -5.30288e-17 0.5
      outer loop
         vertex -0.0107821 0.0915612 -0.028064
         vertex -0.0107821 0.0978612 -0.028064
         vertex -0.0108771 0.0978612 -0.0282505
      endloop
   endfacet
   facet normal -0.913545 -5.59385e-17 0.406737
      outer loop
         vertex -0.0108771 0.0915612 -0.0282505
         vertex -0.0108771 0.0978612 -0.0282505
         vertex -0.0109521 0.0978612 -0.028446
      endloop
   endfacet
   facet normal -0.951057 -5.82354e-17 0.309017
      outer loop
         vertex -0.0109521 0.0915612 -0.028446
         vertex -0.0109521 0.0978612 -0.028446
         vertex -0.0110063 0.0978612 -0.0286482
      endloop
   endfacet
   facet normal -0.978148 -5.98943e-17 0.207912
      outer loop
         vertex -0.0110063 0.0915612 -0.0286482
         vertex -0.0110063 0.0978612 -0.0286482
         vertex -0.011039 0.0978612 -0.028855
      endloop
   endfacet
   facet normal -0.994522 -6.08969e-17 0.104528
      outer loop
         vertex -0.011039 0.0915612 -0.028855
         vertex -0.011039 0.0978612 -0.028855
         vertex -0.01105 0.0978612 -0.029064
      endloop
   endfacet
   facet normal -1 -6.12323e-17 -2.55735e-14
      outer loop
         vertex -0.01105 0.0978612 -0.029064
         vertex -0.01105 0.0915612 -0.029064
         vertex -0.011039 0.0915612 -0.028855
      endloop
   endfacet
   facet normal -0.994522 -6.08969e-17 0.104528
      outer loop
         vertex -0.011039 0.0978612 -0.028855
         vertex -0.011039 0.0915612 -0.028855
         vertex -0.0110063 0.0915612 -0.0286482
      endloop
   endfacet
   facet normal -0.978148 -5.98943e-17 0.207912
      outer loop
         vertex -0.0110063 0.0978612 -0.0286482
         vertex -0.0110063 0.0915612 -0.0286482
         vertex -0.0109521 0.0915612 -0.028446
      endloop
   endfacet
   facet normal -0.951057 -5.82354e-17 0.309017
      outer loop
         vertex -0.0109521 0.0978612 -0.028446
         vertex -0.0109521 0.0915612 -0.028446
         vertex -0.0108771 0.0915612 -0.0282505
      endloop
   endfacet
   facet normal -0.913545 -5.59385e-17 0.406737
      outer loop
         vertex -0.0108771 0.0978612 -0.0282505
         vertex -0.0108771 0.0915612 -0.0282505
         vertex -0.0107821 0.0915612 -0.028064
      endloop
   endfacet
   facet normal -0.866025 -5.30288e-17 0.5
      outer loop
         vertex -0.0107821 0.0978612 -0.028064
         vertex -0.0107821 0.0915612 -0.028064
         vertex -0.010668 0.0915612 -0.0278885
      endloop
   endfacet
   facet normal -0.809017 -4.9538e-17 0.587785
      outer loop
         vertex -0.010668 0.0978612 -0.0278885
         vertex -0.010668 0.0915612 -0.0278885
         vertex -0.0105363 0.0915612 -0.0277258
      endloop
   endfacet
   facet normal -0.743145 -4.55045e-17 0.669131
      outer loop
         vertex -0.0105363 0.0978612 -0.0277258
         vertex -0.0105363 0.0915612 -0.0277258
         vertex -0.0103883 0.0915612 -0.0275777
      endloop
   endfacet
   facet normal -0.669131 -4.09724e-17 0.743145
      outer loop
         vertex -0.0103883 0.0978612 -0.0275777
         vertex -0.0103883 0.0915612 -0.0275777
         vertex -0.0102256 0.0915612 -0.027446
      endloop
   endfacet
   facet normal -0.587785 -3.59915e-17 0.809017
      outer loop
         vertex -0.0102256 0.0978612 -0.027446
         vertex -0.0102256 0.0915612 -0.027446
         vertex -0.01005 0.0915612 -0.027332
      endloop
   endfacet
   facet normal -0.5 -3.06162e-17 0.866025
      outer loop
         vertex -0.01005 0.0978612 -0.027332
         vertex -0.01005 0.0915612 -0.027332
         vertex -0.00986347 0.0915612 -0.0272369
      endloop
   endfacet
   facet normal -0.406737 -2.49054e-17 0.913545
      outer loop
         vertex -0.00986347 0.0978612 -0.0272369
         vertex -0.00986347 0.0915612 -0.0272369
         vertex -0.00966803 0.0915612 -0.0271619
      endloop
   endfacet
   facet normal -0.309017 -1.89218e-17 0.951057
      outer loop
         vertex -0.00966803 0.0978612 -0.0271619
         vertex -0.00966803 0.0915612 -0.0271619
         vertex -0.00946582 0.0915612 -0.0271077
      endloop
   endfacet
   facet normal -0.207912 -1.27309e-17 0.978148
      outer loop
         vertex -0.00946582 0.0978612 -0.0271077
         vertex -0.00946582 0.0915612 -0.0271077
         vertex -0.00925906 0.0915612 -0.027075
      endloop
   endfacet
   facet normal -0.104528 -6.40052e-18 0.994522
      outer loop
         vertex -0.00925906 0.0978612 -0.027075
         vertex -0.00925906 0.0915612 -0.027075
         vertex -0.00905 0.0915612 -0.027064
      endloop
   endfacet
   facet normal 0 0 1
      outer loop
         vertex -0.00905 0.0978612 -0.027064
         vertex -0.00905 0.0915612 -0.027064
         vertex -0.0075 0.0915612 -0.027064
      endloop
   endfacet
   facet normal 0 0 1
      outer loop
         vertex -0.0075 0.0915612 -0.027064
         vertex -0.0075 0.0978612 -0.027064
         vertex -0.00905 0.0978612 -0.027064
      endloop
   endfacet
   facet normal -1 -6.12323e-17 -2.55735e-14
      outer loop
         vertex -0.0075 0.0978612 -0.027064
         vertex -0.0075 0.0915612 -0.027064
         vertex -0.0075 0.0915612 -0.021714
      endloop
   endfacet
   facet normal -1 -6.12323e-17 -2.55735e-14
      outer loop
         vertex -0.0075 0.0915612 -0.021714
         vertex -0.0075 0.0978612 -0.021714
         vertex -0.0075 0.0978612 -0.027064
      endloop
   endfacet
   facet normal -6.12323e-17 1 0
      outer loop
         vertex -0.01175 0.0915612 -0.010164
         vertex -0.0124522 0.0915612 -0.0153689
         vertex -0.0124522 0.0915612 -0.0152092
      endloop
   endfacet
   facet normal -6.12323e-17 1 0
      outer loop
         vertex -0.01175 0.0915612 -0.039189
         vertex -0.0125038 0.0915612 -0.0156836
         vertex -0.0124694 0.0915612 -0.0155276
      endloop
   endfacet
   facet normal -6.12323e-17 1 0
      outer loop
         vertex -0.01175 0.0915612 -0.039189
         vertex -0.013454 0.0915612 -0.0166868
         vertex -0.0133057 0.0915612 -0.0166277
      endloop
   endfacet
   facet normal -6.12323e-17 1 0
      outer loop
         vertex -0.01175 0.0915612 -0.039189
         vertex -0.0137655 0.0915612 -0.0167554
         vertex -0.0136079 0.0915612 -0.0167295
      endloop
   endfacet
   facet normal -6.12323e-17 1 0
      outer loop
         vertex -0.01905 0.0915612 -0.039189
         vertex -0.0146854 0.0915612 -0.0165529
         vertex -0.0145443 0.0915612 -0.0166277
      endloop
   endfacet
   facet normal -6.12323e-17 1 0
      outer loop
         vertex -0.01175 0.0915612 -0.010164
         vertex -0.0131646 0.0915612 -0.0140252
         vertex -0.0133057 0.0915612 -0.0139503
      endloop
   endfacet
   facet normal -6.12323e-17 1 0
      outer loop
         vertex -0.01175 0.0915612 -0.010164
         vertex -0.0124694 0.0915612 -0.0155276
         vertex -0.0124522 0.0915612 -0.0153689
      endloop
   endfacet
   facet normal -6.12323e-17 1 0
      outer loop
         vertex -0.01175 0.0915612 -0.039189
         vertex -0.0125548 0.0915612 -0.015835
         vertex -0.0125038 0.0915612 -0.0156836
      endloop
   endfacet
   facet normal -6.12323e-17 1 0
      outer loop
         vertex -0.0136079 0.0915612 -0.0167295
         vertex -0.013454 0.0915612 -0.0166868
         vertex -0.01175 0.0915612 -0.039189
      endloop
   endfacet
   facet normal -6.12323e-17 1 0
      outer loop
         vertex -0.01175 0.0915612 -0.039189
         vertex -0.01905 0.0915612 -0.039189
         vertex -0.0140845 0.0915612 -0.0167554
      endloop
   endfacet
   facet normal -6.12323e-17 1 0
      outer loop
         vertex -0.0145443 0.0915612 -0.0166277
         vertex -0.014396 0.0915612 -0.0166868
         vertex -0.01905 0.0915612 -0.039189
      endloop
   endfacet
   facet normal -6.12323e-17 1 0
      outer loop
         vertex -0.01905 0.0915612 -0.010164
         vertex -0.0152282 0.0915612 -0.0145981
         vertex -0.0152952 0.0915612 -0.0147431
      endloop
   endfacet
   facet normal -6.12323e-17 1 0
      outer loop
         vertex -0.01175 0.0915612 -0.010164
         vertex -0.0130324 0.0915612 -0.0141148
         vertex -0.0131646 0.0915612 -0.0140252
      endloop
   endfacet
   facet normal -6.12323e-17 1 0
      outer loop
         vertex -0.01175 0.0915612 -0.010164
         vertex -0.0126218 0.0915612 -0.0145981
         vertex -0.0127042 0.0915612 -0.0144613
      endloop
   endfacet
   facet normal -6.12323e-17 1 0
      outer loop
         vertex -0.01175 0.0915612 -0.010164
         vertex -0.0124694 0.0915612 -0.0150504
         vertex -0.0125038 0.0915612 -0.0148944
      endloop
   endfacet
   facet normal -6.12323e-17 1 0
      outer loop
         vertex -0.0124694 0.0915612 -0.0155276
         vertex -0.01175 0.0915612 -0.010164
         vertex -0.01175 0.0915612 -0.039189
      endloop
   endfacet
   facet normal -6.12323e-17 1 0
      outer loop
         vertex -0.0133057 0.0915612 -0.0166277
         vertex -0.0131646 0.0915612 -0.0165529
         vertex -0.01175 0.0915612 -0.039189
      endloop
   endfacet
   facet normal -6.12323e-17 1 0
      outer loop
         vertex -0.0140845 0.0915612 -0.0167554
         vertex -0.013925 0.0915612 -0.016764
         vertex -0.01175 0.0915612 -0.039189
      endloop
   endfacet
   facet normal -6.12323e-17 1 0
      outer loop
         vertex -0.014396 0.0915612 -0.0166868
         vertex -0.0142421 0.0915612 -0.0167295
         vertex -0.01905 0.0915612 -0.039189
      endloop
   endfacet
   facet normal -6.12323e-17 1 0
      outer loop
         vertex -0.0152952 0.0915612 -0.0147431
         vertex -0.0153462 0.0915612 -0.0148944
         vertex -0.01905 0.0915612 -0.010164
      endloop
   endfacet
   facet normal -6.12323e-17 1 0
      outer loop
         vertex -0.01905 0.0915612 -0.010164
         vertex -0.0150492 0.0915612 -0.0143341
         vertex -0.0151458 0.0915612 -0.0144613
      endloop
   endfacet
   facet normal -6.12323e-17 1 0
      outer loop
         vertex -0.0133057 0.0915612 -0.0139503
         vertex -0.013454 0.0915612 -0.0138912
         vertex -0.01175 0.0915612 -0.010164
      endloop
   endfacet
   facet normal -6.12323e-17 1 0
      outer loop
         vertex -0.01175 0.0915612 -0.010164
         vertex -0.0128008 0.0915612 -0.0143341
         vertex -0.0129106 0.0915612 -0.0142182
      endloop
   endfacet
   facet normal -6.12323e-17 1 0
      outer loop
         vertex -0.01175 0.0915612 -0.010164
         vertex -0.0125548 0.0915612 -0.0147431
         vertex -0.0126218 0.0915612 -0.0145981
      endloop
   endfacet
   facet normal -6.12323e-17 1 0
      outer loop
         vertex -0.0124522 0.0915612 -0.0152092
         vertex -0.0124694 0.0915612 -0.0150504
         vertex -0.01175 0.0915612 -0.010164
      endloop
   endfacet
   facet normal -6.12323e-17 1 0
      outer loop
         vertex -0.01175 0.0915612 -0.039189
         vertex -0.0128008 0.0915612 -0.0162439
         vertex -0.0127042 0.0915612 -0.0161168
      endloop
   endfacet
   facet normal -6.12323e-17 1 0
      outer loop
         vertex -0.013925 0.0915612 -0.016764
         vertex -0.0137655 0.0915612 -0.0167554
         vertex -0.01175 0.0915612 -0.039189
      endloop
   endfacet
   facet normal -6.12323e-17 1 0
      outer loop
         vertex -0.01905 0.0915612 -0.039189
         vertex -0.0148176 0.0915612 -0.0164633
         vertex -0.0146854 0.0915612 -0.0165529
      endloop
   endfacet
   facet normal -6.12323e-17 1 0
      outer loop
         vertex -0.0151458 0.0915612 -0.0144613
         vertex -0.0152282 0.0915612 -0.0145981
         vertex -0.01905 0.0915612 -0.010164
      endloop
   endfacet
   facet normal -6.12323e-17 1 0
      outer loop
         vertex -0.01905 0.0915612 -0.010164
         vertex -0.014396 0.0915612 -0.0138912
         vertex -0.0145443 0.0915612 -0.0139503
      endloop
   endfacet
   facet normal -6.12323e-17 1 0
      outer loop
         vertex -0.01175 0.0915612 -0.010164
         vertex -0.0136079 0.0915612 -0.0138485
         vertex -0.0137655 0.0915612 -0.0138227
      endloop
   endfacet
   facet normal -6.12323e-17 1 0
      outer loop
         vertex -0.0129106 0.0915612 -0.0142182
         vertex -0.0130324 0.0915612 -0.0141148
         vertex -0.01175 0.0915612 -0.010164
      endloop
   endfacet
   facet normal -6.12323e-17 1 0
      outer loop
         vertex -0.0125038 0.0915612 -0.0148944
         vertex -0.0125548 0.0915612 -0.0147431
         vertex -0.01175 0.0915612 -0.010164
      endloop
   endfacet
   facet normal -6.12323e-17 1 0
      outer loop
         vertex -0.0127042 0.0915612 -0.0161168
         vertex -0.0126218 0.0915612 -0.0159799
         vertex -0.01175 0.0915612 -0.039189
      endloop
   endfacet
   facet normal -6.12323e-17 1 0
      outer loop
         vertex -0.01175 0.0915612 -0.039189
         vertex -0.0130324 0.0915612 -0.0164633
         vertex -0.0129106 0.0915612 -0.0163599
      endloop
   endfacet
   facet normal -6.12323e-17 1 0
      outer loop
         vertex -0.0142421 0.0915612 -0.0167295
         vertex -0.0140845 0.0915612 -0.0167554
         vertex -0.01905 0.0915612 -0.039189
      endloop
   endfacet
   facet normal -6.12323e-17 1 0
      outer loop
         vertex -0.01905 0.0915612 -0.039189
         vertex -0.0153462 0.0915612 -0.0156836
         vertex -0.0152952 0.0915612 -0.015835
      endloop
   endfacet
   facet normal -6.12323e-17 1 0
      outer loop
         vertex -0.01905 0.0915612 -0.010164
         vertex -0.0153806 0.0915612 -0.0155276
         vertex -0.0153462 0.0915612 -0.0156836
      endloop
   endfacet
   facet normal -6.12323e-17 1 0
      outer loop
         vertex -0.0153462 0.0915612 -0.0148944
         vertex -0.0153806 0.0915612 -0.0150504
         vertex -0.01905 0.0915612 -0.010164
      endloop
   endfacet
   facet normal -6.12323e-17 1 0
      outer loop
         vertex -0.01905 0.0915612 -0.010164
         vertex -0.0148176 0.0915612 -0.0141148
         vertex -0.0149394 0.0915612 -0.0142182
      endloop
   endfacet
   facet normal -6.12323e-17 1 0
      outer loop
         vertex -0.01905 0.0915612 -0.010164
         vertex -0.0142421 0.0915612 -0.0138485
         vertex -0.014396 0.0915612 -0.0138912
      endloop
   endfacet
   facet normal -6.12323e-17 1 0
      outer loop
         vertex -0.013454 0.0915612 -0.0138912
         vertex -0.0136079 0.0915612 -0.0138485
         vertex -0.01175 0.0915612 -0.010164
      endloop
   endfacet
   facet normal -6.12323e-17 1 0
      outer loop
         vertex -0.0126218 0.0915612 -0.0159799
         vertex -0.0125548 0.0915612 -0.015835
         vertex -0.01175 0.0915612 -0.039189
      endloop
   endfacet
   facet normal -6.12323e-17 1 0
      outer loop
         vertex -0.0131646 0.0915612 -0.0165529
         vertex -0.0130324 0.0915612 -0.0164633
         vertex -0.01175 0.0915612 -0.039189
      endloop
   endfacet
   facet normal -6.12323e-17 1 0
      outer loop
         vertex -0.01905 0.0915612 -0.039189
         vertex -0.0150492 0.0915612 -0.0162439
         vertex -0.0149394 0.0915612 -0.0163599
      endloop
   endfacet
   facet normal -6.12323e-17 1 0
      outer loop
         vertex -0.0153462 0.0915612 -0.0156836
         vertex -0.01905 0.0915612 -0.039189
         vertex -0.01905 0.0915612 -0.010164
      endloop
   endfacet
   facet normal -6.12323e-17 1 0
      outer loop
         vertex -0.01905 0.0915612 -0.010164
         vertex -0.0153978 0.0915612 -0.0152092
         vertex -0.0153978 0.0915612 -0.0153689
      endloop
   endfacet
   facet normal -6.12323e-17 1 0
      outer loop
         vertex -0.0149394 0.0915612 -0.0142182
         vertex -0.0150492 0.0915612 -0.0143341
         vertex -0.01905 0.0915612 -0.010164
      endloop
   endfacet
   facet normal -6.12323e-17 1 0
      outer loop
         vertex -0.0145443 0.0915612 -0.0139503
         vertex -0.0146854 0.0915612 -0.0140252
         vertex -0.01905 0.0915612 -0.010164
      endloop
   endfacet
   facet normal -6.12323e-17 1 0
      outer loop
         vertex -0.01175 0.0915612 -0.010164
         vertex -0.0140845 0.0915612 -0.0138227
         vertex -0.0142421 0.0915612 -0.0138485
      endloop
   endfacet
   facet normal -6.12323e-17 1 0
      outer loop
         vertex -0.0127042 0.0915612 -0.0144613
         vertex -0.0128008 0.0915612 -0.0143341
         vertex -0.01175 0.0915612 -0.010164
      endloop
   endfacet
   facet normal -6.12323e-17 1 0
      outer loop
         vertex -0.0149394 0.0915612 -0.0163599
         vertex -0.0148176 0.0915612 -0.0164633
         vertex -0.01905 0.0915612 -0.039189
      endloop
   endfacet
   facet normal -6.12323e-17 1 0
      outer loop
         vertex -0.01905 0.0915612 -0.039189
         vertex -0.0152282 0.0915612 -0.0159799
         vertex -0.0151458 0.0915612 -0.0161168
      endloop
   endfacet
   facet normal -6.12323e-17 1 0
      outer loop
         vertex -0.0153978 0.0915612 -0.0153689
         vertex -0.0153806 0.0915612 -0.0155276
         vertex -0.01905 0.0915612 -0.010164
      endloop
   endfacet
   facet normal -6.12323e-17 1 0
      outer loop
         vertex -0.0146854 0.0915612 -0.0140252
         vertex -0.0148176 0.0915612 -0.0141148
         vertex -0.01905 0.0915612 -0.010164
      endloop
   endfacet
   facet normal -6.12323e-17 1 0
      outer loop
         vertex -0.01175 0.0915612 -0.010164
         vertex -0.013925 0.0915612 -0.013814
         vertex -0.0140845 0.0915612 -0.0138227
      endloop
   endfacet
   facet normal -6.12323e-17 1 0
      outer loop
         vertex -0.0129106 0.0915612 -0.0163599
         vertex -0.0128008 0.0915612 -0.0162439
         vertex -0.01175 0.0915612 -0.039189
      endloop
   endfacet
   facet normal -6.12323e-17 1 0
      outer loop
         vertex -0.0152952 0.0915612 -0.015835
         vertex -0.0152282 0.0915612 -0.0159799
         vertex -0.01905 0.0915612 -0.039189
      endloop
   endfacet
   facet normal -6.12323e-17 1 0
      outer loop
         vertex -0.0142421 0.0915612 -0.0138485
         vertex -0.01905 0.0915612 -0.010164
         vertex -0.01175 0.0915612 -0.010164
      endloop
   endfacet
   facet normal -6.12323e-17 1 0
      outer loop
         vertex -0.0151458 0.0915612 -0.0161168
         vertex -0.0150492 0.0915612 -0.0162439
         vertex -0.01905 0.0915612 -0.039189
      endloop
   endfacet
   facet normal -6.12323e-17 1 0
      outer loop
         vertex -0.0137655 0.0915612 -0.0138227
         vertex -0.013925 0.0915612 -0.013814
         vertex -0.01175 0.0915612 -0.010164
      endloop
   endfacet
   facet normal -6.12323e-17 1 0
      outer loop
         vertex 0.0140845 0.0915612 -0.0167554
         vertex 0.01905 0.0915612 -0.039189
         vertex 0.0110063 0.0915612 -0.0297798
      endloop
   endfacet
   facet normal -6.12323e-17 1 0
      outer loop
         vertex 0.01905 0.0915612 -0.039189
         vertex 0.010668 0.0915612 -0.0305396
         vertex 0.0107821 0.0915612 -0.030364
      endloop
   endfacet
   facet normal -6.12323e-17 1 0
      outer loop
         vertex 0.01905 0.0915612 -0.039189
         vertex 0.0109521 0.0915612 -0.0299821
         vertex 0.0110063 0.0915612 -0.0297798
      endloop
   endfacet
   facet normal -6.12323e-17 1 0
      outer loop
         vertex 0.01905 0.0915612 -0.039189
         vertex 0.0105363 0.0915612 -0.0307023
         vertex 0.010668 0.0915612 -0.0305396
      endloop
   endfacet
   facet normal -6.12323e-17 1 0
      outer loop
         vertex 0.01905 0.0915612 -0.039189
         vertex 0.0102256 0.0915612 -0.0309821
         vertex 0.0103883 0.0915612 -0.0308503
      endloop
   endfacet
   facet normal -6.12323e-17 1 0
      outer loop
         vertex 0.0136079 0.0915612 -0.0167295
         vertex 0.0109521 0.0915612 -0.028446
         vertex 0.0108771 0.0915612 -0.0282505
      endloop
   endfacet
   facet normal -6.12323e-17 1 0
      outer loop
         vertex 0.01905 0.0915612 -0.039189
         vertex 0.0108771 0.0915612 -0.0301775
         vertex 0.0109521 0.0915612 -0.0299821
      endloop
   endfacet
   facet normal -6.12323e-17 1 0
      outer loop
         vertex 0.0103883 0.0915612 -0.0308503
         vertex 0.0105363 0.0915612 -0.0307023
         vertex 0.01905 0.0915612 -0.039189
      endloop
   endfacet
   facet normal -6.12323e-17 1 0
      outer loop
         vertex 0.0108771 0.0915612 -0.0282505
         vertex 0.0107821 0.0915612 -0.028064
         vertex 0.0136079 0.0915612 -0.0167295
      endloop
   endfacet
   facet normal -6.12323e-17 1 0
      outer loop
         vertex 0.00966803 0.0915612 -0.0271619
         vertex 0.0133057 0.0915612 -0.0166277
         vertex 0.013454 0.0915612 -0.0166868
      endloop
   endfacet
   facet normal -6.12323e-17 1 0
      outer loop
         vertex 0.0107821 0.0915612 -0.030364
         vertex 0.0108771 0.0915612 -0.0301775
         vertex 0.01905 0.0915612 -0.039189
      endloop
   endfacet
   facet normal -6.12323e-17 1 0
      outer loop
         vertex 0.01905 0.0915612 -0.039189
         vertex 0.00986347 0.0915612 -0.0311911
         vertex 0.01005 0.0915612 -0.0310961
      endloop
   endfacet
   facet normal -6.12323e-17 1 0
      outer loop
         vertex 0.01905 0.0915612 -0.039189
         vertex 0.0075 0.0915612 -0.036714
         vertex 0.00946582 0.0915612 -0.0313203
      endloop
   endfacet
   facet normal -6.12323e-17 1 0
      outer loop
         vertex 0.0137655 0.0915612 -0.0167554
         vertex 0.011039 0.0915612 -0.0295731
         vertex 0.01105 0.0915612 -0.029364
      endloop
   endfacet
   facet normal -6.12323e-17 1 0
      outer loop
         vertex 0.0136079 0.0915612 -0.0167295
         vertex 0.01005 0.0915612 -0.027332
         vertex 0.00986347 0.0915612 -0.0272369
      endloop
   endfacet
   facet normal -6.12323e-17 1 0
      outer loop
         vertex 0.0136079 0.0915612 -0.0167295
         vertex 0.0103883 0.0915612 -0.0275777
         vertex 0.0102256 0.0915612 -0.027446
      endloop
   endfacet
   facet normal -6.12323e-17 1 0
      outer loop
         vertex 0.0136079 0.0915612 -0.0167295
         vertex 0.010668 0.0915612 -0.0278885
         vertex 0.0105363 0.0915612 -0.0277258
      endloop
   endfacet
   facet normal -6.12323e-17 1 0
      outer loop
         vertex 0.0136079 0.0915612 -0.0167295
         vertex 0.0110063 0.0915612 -0.0286482
         vertex 0.0109521 0.0915612 -0.028446
      endloop
   endfacet
   facet normal -6.12323e-17 1 0
      outer loop
         vertex 0.0133057 0.0915612 -0.0166277
         vertex 0.00946582 0.0915612 -0.0271077
         vertex 0.00925906 0.0915612 -0.027075
      endloop
   endfacet
   facet normal -6.12323e-17 1 0
      outer loop
         vertex 0.013454 0.0915612 -0.0166868
         vertex 0.00986347 0.0915612 -0.0272369
         vertex 0.00966803 0.0915612 -0.0271619
      endloop
   endfacet
   facet normal -6.12323e-17 1 0
      outer loop
         vertex 0.01005 0.0915612 -0.0310961
         vertex 0.0102256 0.0915612 -0.0309821
         vertex 0.01905 0.0915612 -0.039189
      endloop
   endfacet
   facet normal -6.12323e-17 1 0
      outer loop
         vertex 0.0075 0.0915612 -0.036714
         vertex 0.00925906 0.0915612 -0.0313531
         vertex 0.00946582 0.0915612 -0.0313203
      endloop
   endfacet
   facet normal -6.12323e-17 1 0
      outer loop
         vertex 0.0075 0.0915612 -0.036714
         vertex 0.0075 0.0915612 -0.031364
         vertex 0.00905 0.0915612 -0.031364
      endloop
   endfacet
   facet normal -6.12323e-17 1 0
      outer loop
         vertex 0.0137655 0.0915612 -0.0167554
         vertex 0.0110063 0.0915612 -0.0297798
         vertex 0.011039 0.0915612 -0.0295731
      endloop
   endfacet
   facet normal -6.12323e-17 1 0
      outer loop
         vertex 0.0102256 0.0915612 -0.027446
         vertex 0.01005 0.0915612 -0.027332
         vertex 0.0136079 0.0915612 -0.0167295
      endloop
   endfacet
   facet normal -6.12323e-17 1 0
      outer loop
         vertex 0.0107821 0.0915612 -0.028064
         vertex 0.010668 0.0915612 -0.0278885
         vertex 0.0136079 0.0915612 -0.0167295
      endloop
   endfacet
   facet normal -6.12323e-17 1 0
      outer loop
         vertex 0.00966803 0.0915612 -0.0271619
         vertex 0.00946582 0.0915612 -0.0271077
         vertex 0.0133057 0.0915612 -0.0166277
      endloop
   endfacet
   facet normal -6.12323e-17 1 0
      outer loop
         vertex 0.0131646 0.0915612 -0.0165529
         vertex 0.0133057 0.0915612 -0.0166277
         vertex 0.00905 0.0915612 -0.027064
      endloop
   endfacet
   facet normal -6.12323e-17 1 0
      outer loop
         vertex 0.01905 0.0915612 -0.010164
         vertex 0.0153978 0.0915612 -0.0153689
         vertex 0.0153978 0.0915612 -0.0152092
      endloop
   endfacet
   facet normal -6.12323e-17 1 0
      outer loop
         vertex 0.01905 0.0915612 -0.039189
         vertex 0.0152952 0.0915612 -0.015835
         vertex 0.0153462 0.0915612 -0.0156836
      endloop
   endfacet
   facet normal -6.12323e-17 1 0
      outer loop
         vertex 0.01905 0.0915612 -0.039189
         vertex 0.014396 0.0915612 -0.0166868
         vertex 0.0145443 0.0915612 -0.0166277
      endloop
   endfacet
   facet normal -6.12323e-17 1 0
      outer loop
         vertex 0.01905 0.0915612 -0.039189
         vertex 0.0140845 0.0915612 -0.0167554
         vertex 0.0142421 0.0915612 -0.0167295
      endloop
   endfacet
   facet normal -6.12323e-17 1 0
      outer loop
         vertex 0.01905 0.0915612 -0.039189
         vertex 0.00966803 0.0915612 -0.0312661
         vertex 0.00986347 0.0915612 -0.0311911
      endloop
   endfacet
   facet normal -6.12323e-17 1 0
      outer loop
         vertex 0.00905 0.0915612 -0.031364
         vertex 0.00925906 0.0915612 -0.0313531
         vertex 0.0075 0.0915612 -0.036714
      endloop
   endfacet
   facet normal -6.12323e-17 1 0
      outer loop
         vertex 0.0137655 0.0915612 -0.0167554
         vertex 0.011039 0.0915612 -0.028855
         vertex 0.0110063 0.0915612 -0.0286482
      endloop
   endfacet
   facet normal -6.12323e-17 1 0
      outer loop
         vertex 0.01105 0.0915612 -0.029364
         vertex 0.01105 0.0915612 -0.029064
         vertex 0.0137655 0.0915612 -0.0167554
      endloop
   endfacet
   facet normal -6.12323e-17 1 0
      outer loop
         vertex 0.0105363 0.0915612 -0.0277258
         vertex 0.0103883 0.0915612 -0.0275777
         vertex 0.0136079 0.0915612 -0.0167295
      endloop
   endfacet
   facet normal -6.12323e-17 1 0
      outer loop
         vertex 0.00905 0.0915612 -0.027064
         vertex 0.0075 0.0915612 -0.027064
         vertex 0.0131646 0.0915612 -0.0165529
      endloop
   endfacet
   facet normal -6.12323e-17 1 0
      outer loop
         vertex -0.01175 0.0915612 -0.010164
         vertex 0.0126218 0.0915612 -0.0145981
         vertex 0.0125548 0.0915612 -0.0147431
      endloop
   endfacet
   facet normal -6.12323e-17 1 0
      outer loop
         vertex 0.01905 0.0915612 -0.010164
         vertex 0.0146854 0.0915612 -0.0140252
         vertex 0.0145443 0.0915612 -0.0139503
      endloop
   endfacet
   facet normal -6.12323e-17 1 0
      outer loop
         vertex 0.01905 0.0915612 -0.010164
         vertex 0.0153806 0.0915612 -0.0155276
         vertex 0.0153978 0.0915612 -0.0153689
      endloop
   endfacet
   facet normal -6.12323e-17 1 0
      outer loop
         vertex 0.0153462 0.0915612 -0.0156836
         vertex 0.01905 0.0915612 -0.010164
         vertex 0.01905 0.0915612 -0.039189
      endloop
   endfacet
   facet normal -6.12323e-17 1 0
      outer loop
         vertex 0.0142421 0.0915612 -0.0167295
         vertex 0.014396 0.0915612 -0.0166868
         vertex 0.01905 0.0915612 -0.039189
      endloop
   endfacet
   facet normal -6.12323e-17 1 0
      outer loop
         vertex 0.00946582 0.0915612 -0.0313203
         vertex 0.00966803 0.0915612 -0.0312661
         vertex 0.01905 0.0915612 -0.039189
      endloop
   endfacet
   facet normal -6.12323e-17 1 0
      outer loop
         vertex 0.01105 0.0915612 -0.029064
         vertex 0.011039 0.0915612 -0.028855
         vertex 0.0137655 0.0915612 -0.0167554
      endloop
   endfacet
   facet normal -6.12323e-17 1 0
      outer loop
         vertex 0.00925906 0.0915612 -0.027075
         vertex 0.00905 0.0915612 -0.027064
         vertex 0.0133057 0.0915612 -0.0166277
      endloop
   endfacet
   facet normal -6.12323e-17 1 0
      outer loop
         vertex -0.01175 0.0915612 -0.039189
         vertex -0.0108771 0.0915612 -0.0301775
         vertex -0.0107821 0.0915612 -0.030364
      endloop
   endfacet
   facet normal -6.12323e-17 1 0
      outer loop
         vertex 0.0125548 0.0915612 -0.0147431
         vertex 0.0125038 0.0915612 -0.0148944
         vertex -0.01175 0.0915612 -0.010164
      endloop
   endfacet
   facet normal -6.12323e-17 1 0
      outer loop
         vertex -0.01175 0.0915612 -0.010164
         vertex 0.0128008 0.0915612 -0.0143341
         vertex 0.0127042 0.0915612 -0.0144613
      endloop
   endfacet
   facet normal -6.12323e-17 1 0
      outer loop
         vertex 0.01905 0.0915612 -0.010164
         vertex 0.0148176 0.0915612 -0.0141148
         vertex 0.0146854 0.0915612 -0.0140252
      endloop
   endfacet
   facet normal -6.12323e-17 1 0
      outer loop
         vertex 0.01905 0.0915612 -0.010164
         vertex 0.0152282 0.0915612 -0.0145981
         vertex 0.0151458 0.0915612 -0.0144613
      endloop
   endfacet
   facet normal -6.12323e-17 1 0
      outer loop
         vertex 0.01905 0.0915612 -0.010164
         vertex 0.0153806 0.0915612 -0.0150504
         vertex 0.0153462 0.0915612 -0.0148944
      endloop
   endfacet
   facet normal -6.12323e-17 1 0
      outer loop
         vertex 0.0153462 0.0915612 -0.0156836
         vertex 0.0153806 0.0915612 -0.0155276
         vertex 0.01905 0.0915612 -0.010164
      endloop
   endfacet
   facet normal -6.12323e-17 1 0
      outer loop
         vertex 0.0145443 0.0915612 -0.0166277
         vertex 0.0146854 0.0915612 -0.0165529
         vertex 0.01905 0.0915612 -0.039189
      endloop
   endfacet
   facet normal -6.12323e-17 1 0
      outer loop
         vertex 0.0110063 0.0915612 -0.0297798
         vertex 0.0137655 0.0915612 -0.0167554
         vertex 0.013925 0.0915612 -0.016764
      endloop
   endfacet
   facet normal -6.12323e-17 1 0
      outer loop
         vertex 0.00986347 0.0915612 -0.0272369
         vertex 0.013454 0.0915612 -0.0166868
         vertex 0.0136079 0.0915612 -0.0167295
      endloop
   endfacet
   facet normal -6.12323e-17 1 0
      outer loop
         vertex 0.0131646 0.0915612 -0.0165529
         vertex 0.0075 0.0915612 -0.027064
         vertex 0.0075 0.0915612 -0.021714
      endloop
   endfacet
   facet normal -6.12323e-17 1 0
      outer loop
         vertex -0.0107821 0.0915612 -0.030364
         vertex -0.010668 0.0915612 -0.0305396
         vertex -0.01175 0.0915612 -0.039189
      endloop
   endfacet
   facet normal -6.12323e-17 1 0
      outer loop
         vertex -0.01175 0.0915612 -0.010164
         vertex -0.0103883 0.0915612 -0.0275777
         vertex -0.0105363 0.0915612 -0.0277258
      endloop
   endfacet
   facet normal -6.12323e-17 1 0
      outer loop
         vertex 0.0127042 0.0915612 -0.0144613
         vertex 0.0126218 0.0915612 -0.0145981
         vertex -0.01175 0.0915612 -0.010164
      endloop
   endfacet
   facet normal -6.12323e-17 1 0
      outer loop
         vertex -0.01175 0.0915612 -0.010164
         vertex 0.013454 0.0915612 -0.0138912
         vertex 0.0133057 0.0915612 -0.0139503
      endloop
   endfacet
   facet normal -6.12323e-17 1 0
      outer loop
         vertex -0.01175 0.0915612 -0.010164
         vertex 0.01905 0.0915612 -0.010164
         vertex 0.0136079 0.0915612 -0.0138485
      endloop
   endfacet
   facet normal -6.12323e-17 1 0
      outer loop
         vertex 0.0145443 0.0915612 -0.0139503
         vertex 0.014396 0.0915612 -0.0138912
         vertex 0.01905 0.0915612 -0.010164
      endloop
   endfacet
   facet normal -6.12323e-17 1 0
      outer loop
         vertex 0.01905 0.0915612 -0.010164
         vertex 0.0150492 0.0915612 -0.0143341
         vertex 0.0149394 0.0915612 -0.0142182
      endloop
   endfacet
   facet normal -6.12323e-17 1 0
      outer loop
         vertex 0.01905 0.0915612 -0.010164
         vertex 0.0152952 0.0915612 -0.0147431
         vertex 0.0152282 0.0915612 -0.0145981
      endloop
   endfacet
   facet normal -6.12323e-17 1 0
      outer loop
         vertex 0.0153978 0.0915612 -0.0152092
         vertex 0.0153806 0.0915612 -0.0150504
         vertex 0.01905 0.0915612 -0.010164
      endloop
   endfacet
   facet normal -6.12323e-17 1 0
      outer loop
         vertex 0.01905 0.0915612 -0.039189
         vertex 0.0150492 0.0915612 -0.0162439
         vertex 0.0151458 0.0915612 -0.0161168
      endloop
   endfacet
   facet normal -6.12323e-17 1 0
      outer loop
         vertex 0.0110063 0.0915612 -0.0297798
         vertex 0.013925 0.0915612 -0.016764
         vertex 0.0140845 0.0915612 -0.0167554
      endloop
   endfacet
   facet normal -6.12323e-17 1 0
      outer loop
         vertex 0.0075 0.0915612 -0.021714
         vertex 0.0130324 0.0915612 -0.0164633
         vertex 0.0131646 0.0915612 -0.0165529
      endloop
   endfacet
   facet normal -6.12323e-17 1 0
      outer loop
         vertex -0.01175 0.0915612 -0.039189
         vertex -0.0105363 0.0915612 -0.0307023
         vertex -0.0103883 0.0915612 -0.0308503
      endloop
   endfacet
   facet normal -6.12323e-17 1 0
      outer loop
         vertex -0.01175 0.0915612 -0.039189
         vertex -0.0109521 0.0915612 -0.0299821
         vertex -0.0108771 0.0915612 -0.0301775
      endloop
   endfacet
   facet normal -6.12323e-17 1 0
      outer loop
         vertex -0.01175 0.0915612 -0.010164
         vertex -0.0102256 0.0915612 -0.027446
         vertex -0.0103883 0.0915612 -0.0275777
      endloop
   endfacet
   facet normal -6.12323e-17 1 0
      outer loop
         vertex -0.01175 0.0915612 -0.010164
         vertex -0.00986347 0.0915612 -0.0272369
         vertex -0.01005 0.0915612 -0.027332
      endloop
   endfacet
   facet normal -6.12323e-17 1 0
      outer loop
         vertex -0.01175 0.0915612 -0.010164
         vertex -0.00946582 0.0915612 -0.0271077
         vertex -0.00966803 0.0915612 -0.0271619
      endloop
   endfacet
   facet normal -6.12323e-17 1 0
      outer loop
         vertex -0.00905 0.0915612 -0.027064
         vertex -0.01175 0.0915612 -0.010164
         vertex -0.0075 0.0915612 -0.021714
      endloop
   endfacet
   facet normal -6.12323e-17 1 0
      outer loop
         vertex 0.0125038 0.0915612 -0.0148944
         vertex 0.0124694 0.0915612 -0.0150504
         vertex -0.01175 0.0915612 -0.010164
      endloop
   endfacet
   facet normal -6.12323e-17 1 0
      outer loop
         vertex -0.01175 0.0915612 -0.010164
         vertex 0.0130324 0.0915612 -0.0141148
         vertex 0.0129106 0.0915612 -0.0142182
      endloop
   endfacet
   facet normal -6.12323e-17 1 0
      outer loop
         vertex 0.0136079 0.0915612 -0.0138485
         vertex 0.013454 0.0915612 -0.0138912
         vertex -0.01175 0.0915612 -0.010164
      endloop
   endfacet
   facet normal -6.12323e-17 1 0
      outer loop
         vertex 0.01905 0.0915612 -0.010164
         vertex 0.0142421 0.0915612 -0.0138485
         vertex 0.0140845 0.0915612 -0.0138227
      endloop
   endfacet
   facet normal -6.12323e-17 1 0
      outer loop
         vertex 0.0149394 0.0915612 -0.0142182
         vertex 0.0148176 0.0915612 -0.0141148
         vertex 0.01905 0.0915612 -0.010164
      endloop
   endfacet
   facet normal -6.12323e-17 1 0
      outer loop
         vertex 0.0153462 0.0915612 -0.0148944
         vertex 0.0152952 0.0915612 -0.0147431
         vertex 0.01905 0.0915612 -0.010164
      endloop
   endfacet
   facet normal -6.12323e-17 1 0
      outer loop
         vertex 0.0151458 0.0915612 -0.0161168
         vertex 0.0152282 0.0915612 -0.0159799
         vertex 0.01905 0.0915612 -0.039189
      endloop
   endfacet
   facet normal -6.12323e-17 1 0
      outer loop
         vertex 0.01905 0.0915612 -0.039189
         vertex 0.0148176 0.0915612 -0.0164633
         vertex 0.0149394 0.0915612 -0.0163599
      endloop
   endfacet
   facet normal -6.12323e-17 1 0
      outer loop
         vertex 0.0110063 0.0915612 -0.0286482
         vertex 0.0136079 0.0915612 -0.0167295
         vertex 0.0137655 0.0915612 -0.0167554
      endloop
   endfacet
   facet normal -6.12323e-17 1 0
      outer loop
         vertex -0.010668 0.0915612 -0.0305396
         vertex -0.0105363 0.0915612 -0.0307023
         vertex -0.01175 0.0915612 -0.039189
      endloop
   endfacet
   facet normal -6.12323e-17 1 0
      outer loop
         vertex -0.01175 0.0915612 -0.039189
         vertex -0.011039 0.0915612 -0.0295731
         vertex -0.0110063 0.0915612 -0.0297798
      endloop
   endfacet
   facet normal -6.12323e-17 1 0
      outer loop
         vertex -0.01175 0.0915612 -0.039189
         vertex -0.01175 0.0915612 -0.010164
         vertex -0.01105 0.0915612 -0.029064
      endloop
   endfacet
   facet normal -6.12323e-17 1 0
      outer loop
         vertex -0.0105363 0.0915612 -0.0277258
         vertex -0.010668 0.0915612 -0.0278885
         vertex -0.01175 0.0915612 -0.010164
      endloop
   endfacet
   facet normal -6.12323e-17 1 0
      outer loop
         vertex -0.00966803 0.0915612 -0.0271619
         vertex -0.00986347 0.0915612 -0.0272369
         vertex -0.01175 0.0915612 -0.010164
      endloop
   endfacet
   facet normal -6.12323e-17 1 0
      outer loop
         vertex -0.0075 0.0915612 -0.021714
         vertex -0.0075 0.0915612 -0.027064
         vertex -0.00905 0.0915612 -0.027064
      endloop
   endfacet
   facet normal -6.12323e-17 1 0
      outer loop
         vertex -0.0075 0.0915612 -0.021714
         vertex 0.0125038 0.0915612 -0.0156836
         vertex 0.0125548 0.0915612 -0.015835
      endloop
   endfacet
   facet normal -6.12323e-17 1 0
      outer loop
         vertex -0.01175 0.0915612 -0.010164
         vertex 0.0124522 0.0915612 -0.0152092
         vertex 0.0124522 0.0915612 -0.0153689
      endloop
   endfacet
   facet normal -6.12323e-17 1 0
      outer loop
         vertex 0.0129106 0.0915612 -0.0142182
         vertex 0.0128008 0.0915612 -0.0143341
         vertex -0.01175 0.0915612 -0.010164
      endloop
   endfacet
   facet normal -6.12323e-17 1 0
      outer loop
         vertex 0.0133057 0.0915612 -0.0139503
         vertex 0.0131646 0.0915612 -0.0140252
         vertex -0.01175 0.0915612 -0.010164
      endloop
   endfacet
   facet normal -6.12323e-17 1 0
      outer loop
         vertex 0.014396 0.0915612 -0.0138912
         vertex 0.0142421 0.0915612 -0.0138485
         vertex 0.01905 0.0915612 -0.010164
      endloop
   endfacet
   facet normal -6.12323e-17 1 0
      outer loop
         vertex 0.0152282 0.0915612 -0.0159799
         vertex 0.0152952 0.0915612 -0.015835
         vertex 0.01905 0.0915612 -0.039189
      endloop
   endfacet
   facet normal -6.12323e-17 1 0
      outer loop
         vertex 0.0146854 0.0915612 -0.0165529
         vertex 0.0148176 0.0915612 -0.0164633
         vertex 0.01905 0.0915612 -0.039189
      endloop
   endfacet
   facet normal -6.12323e-17 1 0
      outer loop
         vertex -0.01175 0.0915612 -0.039189
         vertex -0.0102256 0.0915612 -0.0309821
         vertex -0.01005 0.0915612 -0.0310961
      endloop
   endfacet
   facet normal -6.12323e-17 1 0
      outer loop
         vertex -0.0110063 0.0915612 -0.0297798
         vertex -0.0109521 0.0915612 -0.0299821
         vertex -0.01175 0.0915612 -0.039189
      endloop
   endfacet
   facet normal -6.12323e-17 1 0
      outer loop
         vertex -0.01105 0.0915612 -0.029064
         vertex -0.01105 0.0915612 -0.029364
         vertex -0.01175 0.0915612 -0.039189
      endloop
   endfacet
   facet normal -6.12323e-17 1 0
      outer loop
         vertex -0.01175 0.0915612 -0.010164
         vertex -0.0108771 0.0915612 -0.0282505
         vertex -0.0109521 0.0915612 -0.028446
      endloop
   endfacet
   facet normal -6.12323e-17 1 0
      outer loop
         vertex -0.01005 0.0915612 -0.027332
         vertex -0.0102256 0.0915612 -0.027446
         vertex -0.01175 0.0915612 -0.010164
      endloop
   endfacet
   facet normal -6.12323e-17 1 0
      outer loop
         vertex -0.00905 0.0915612 -0.027064
         vertex -0.00925906 0.0915612 -0.027075
         vertex -0.01175 0.0915612 -0.010164
      endloop
   endfacet
   facet normal -6.12323e-17 1 0
      outer loop
         vertex 0.0126218 0.0915612 -0.0159799
         vertex 0.0127042 0.0915612 -0.0161168
         vertex 0.0075 0.0915612 -0.021714
      endloop
   endfacet
   facet normal -6.12323e-17 1 0
      outer loop
         vertex -0.0075 0.0915612 -0.021714
         vertex 0.0124694 0.0915612 -0.0155276
         vertex 0.0125038 0.0915612 -0.0156836
      endloop
   endfacet
   facet normal -6.12323e-17 1 0
      outer loop
         vertex 0.0124522 0.0915612 -0.0153689
         vertex -0.0075 0.0915612 -0.021714
         vertex -0.01175 0.0915612 -0.010164
      endloop
   endfacet
   facet normal -6.12323e-17 1 0
      outer loop
         vertex 0.0131646 0.0915612 -0.0140252
         vertex 0.0130324 0.0915612 -0.0141148
         vertex -0.01175 0.0915612 -0.010164
      endloop
   endfacet
   facet normal -6.12323e-17 1 0
      outer loop
         vertex 0.01905 0.0915612 -0.010164
         vertex 0.013925 0.0915612 -0.013814
         vertex 0.0137655 0.0915612 -0.0138227
      endloop
   endfacet
   facet normal -6.12323e-17 1 0
      outer loop
         vertex 0.0151458 0.0915612 -0.0144613
         vertex 0.0150492 0.0915612 -0.0143341
         vertex 0.01905 0.0915612 -0.010164
      endloop
   endfacet
   facet normal -6.12323e-17 1 0
      outer loop
         vertex 0.0075 0.0915612 -0.021714
         vertex 0.0129106 0.0915612 -0.0163599
         vertex 0.0130324 0.0915612 -0.0164633
      endloop
   endfacet
   facet normal -6.12323e-17 1 0
      outer loop
         vertex -0.01005 0.0915612 -0.0310961
         vertex -0.00986347 0.0915612 -0.0311911
         vertex -0.01175 0.0915612 -0.039189
      endloop
   endfacet
   facet normal -6.12323e-17 1 0
      outer loop
         vertex -0.01105 0.0915612 -0.029364
         vertex -0.011039 0.0915612 -0.0295731
         vertex -0.01175 0.0915612 -0.039189
      endloop
   endfacet
   facet normal -6.12323e-17 1 0
      outer loop
         vertex -0.01175 0.0915612 -0.010164
         vertex -0.0107821 0.0915612 -0.028064
         vertex -0.0108771 0.0915612 -0.0282505
      endloop
   endfacet
   facet normal -6.12323e-17 1 0
      outer loop
         vertex -0.00925906 0.0915612 -0.027075
         vertex -0.00946582 0.0915612 -0.0271077
         vertex -0.01175 0.0915612 -0.010164
      endloop
   endfacet
   facet normal -6.12323e-17 1 0
      outer loop
         vertex 0.0075 0.0915612 -0.021714
         vertex -0.0075 0.0915612 -0.021714
         vertex 0.0126218 0.0915612 -0.0159799
      endloop
   endfacet
   facet normal -6.12323e-17 1 0
      outer loop
         vertex 0.0124522 0.0915612 -0.0153689
         vertex 0.0124694 0.0915612 -0.0155276
         vertex -0.0075 0.0915612 -0.021714
      endloop
   endfacet
   facet normal -6.12323e-17 1 0
      outer loop
         vertex 0.0137655 0.0915612 -0.0138227
         vertex 0.0136079 0.0915612 -0.0138485
         vertex 0.01905 0.0915612 -0.010164
      endloop
   endfacet
   facet normal -6.12323e-17 1 0
      outer loop
         vertex 0.0149394 0.0915612 -0.0163599
         vertex 0.0150492 0.0915612 -0.0162439
         vertex 0.01905 0.0915612 -0.039189
      endloop
   endfacet
   facet normal -6.12323e-17 1 0
      outer loop
         vertex -0.00905 0.0915612 -0.031364
         vertex -0.0075 0.0915612 -0.031364
         vertex -0.0075 0.0915612 -0.036714
      endloop
   endfacet
   facet normal -6.12323e-17 1 0
      outer loop
         vertex -0.01175 0.0915612 -0.039189
         vertex -0.00966803 0.0915612 -0.0312661
         vertex -0.00946582 0.0915612 -0.0313203
      endloop
   endfacet
   facet normal -6.12323e-17 1 0
      outer loop
         vertex -0.0103883 0.0915612 -0.0308503
         vertex -0.0102256 0.0915612 -0.0309821
         vertex -0.01175 0.0915612 -0.039189
      endloop
   endfacet
   facet normal -6.12323e-17 1 0
      outer loop
         vertex -0.01175 0.0915612 -0.010164
         vertex -0.0110063 0.0915612 -0.0286482
         vertex -0.011039 0.0915612 -0.028855
      endloop
   endfacet
   facet normal -6.12323e-17 1 0
      outer loop
         vertex -0.010668 0.0915612 -0.0278885
         vertex -0.0107821 0.0915612 -0.028064
         vertex -0.01175 0.0915612 -0.010164
      endloop
   endfacet
   facet normal -6.12323e-17 1 0
      outer loop
         vertex 0.0125548 0.0915612 -0.015835
         vertex 0.0126218 0.0915612 -0.0159799
         vertex -0.0075 0.0915612 -0.021714
      endloop
   endfacet
   facet normal -6.12323e-17 1 0
      outer loop
         vertex 0.0140845 0.0915612 -0.0138227
         vertex 0.013925 0.0915612 -0.013814
         vertex 0.01905 0.0915612 -0.010164
      endloop
   endfacet
   facet normal -6.12323e-17 1 0
      outer loop
         vertex -0.01175 0.0915612 -0.039189
         vertex -0.0075 0.0915612 -0.036714
         vertex 0.0075 0.0915612 -0.036714
      endloop
   endfacet
   facet normal -6.12323e-17 1 0
      outer loop
         vertex -0.01175 0.0915612 -0.039189
         vertex -0.00925906 0.0915612 -0.0313531
         vertex -0.00905 0.0915612 -0.031364
      endloop
   endfacet
   facet normal -6.12323e-17 1 0
      outer loop
         vertex -0.00986347 0.0915612 -0.0311911
         vertex -0.00966803 0.0915612 -0.0312661
         vertex -0.01175 0.0915612 -0.039189
      endloop
   endfacet
   facet normal -6.12323e-17 1 0
      outer loop
         vertex -0.0109521 0.0915612 -0.028446
         vertex -0.0110063 0.0915612 -0.0286482
         vertex -0.01175 0.0915612 -0.010164
      endloop
   endfacet
   facet normal -6.12323e-17 1 0
      outer loop
         vertex 0.0127042 0.0915612 -0.0161168
         vertex 0.0128008 0.0915612 -0.0162439
         vertex 0.0075 0.0915612 -0.021714
      endloop
   endfacet
   facet normal -6.12323e-17 1 0
      outer loop
         vertex 0.0075 0.0915612 -0.036714
         vertex 0.01905 0.0915612 -0.039189
         vertex -0.01175 0.0915612 -0.039189
      endloop
   endfacet
   facet normal -6.12323e-17 1 0
      outer loop
         vertex -0.00946582 0.0915612 -0.0313203
         vertex -0.00925906 0.0915612 -0.0313531
         vertex -0.01175 0.0915612 -0.039189
      endloop
   endfacet
   facet normal -6.12323e-17 1 0
      outer loop
         vertex 0.0128008 0.0915612 -0.0162439
         vertex 0.0129106 0.0915612 -0.0163599
         vertex 0.0075 0.0915612 -0.021714
      endloop
   endfacet
   facet normal -6.12323e-17 1 0
      outer loop
         vertex -0.0075 0.0915612 -0.036714
         vertex -0.01175 0.0915612 -0.039189
         vertex -0.00905 0.0915612 -0.031364
      endloop
   endfacet
   facet normal -6.12323e-17 1 0
      outer loop
         vertex 0.0124694 0.0915612 -0.0150504
         vertex 0.0124522 0.0915612 -0.0152092
         vertex -0.01175 0.0915612 -0.010164
      endloop
   endfacet
   facet normal -6.12323e-17 1 0
      outer loop
         vertex -0.01175 0.0915612 -0.039189
         vertex -0.0126218 0.0915612 -0.0424481
         vertex -0.0127042 0.0915612 -0.0423113
      endloop
   endfacet
   facet normal -6.12323e-17 1 0
      outer loop
         vertex -0.01175 0.0915612 -0.039189
         vertex -0.0128008 0.0915612 -0.0421841
         vertex -0.0129106 0.0915612 -0.0420682
      endloop
   endfacet
   facet normal -6.12323e-17 1 0
      outer loop
         vertex -0.01175 0.0915612 -0.039189
         vertex -0.0125548 0.0915612 -0.0425931
         vertex -0.0126218 0.0915612 -0.0424481
      endloop
   endfacet
   facet normal -6.12323e-17 1 0
      outer loop
         vertex -0.0127042 0.0915612 -0.0423113
         vertex -0.0128008 0.0915612 -0.0421841
         vertex -0.01175 0.0915612 -0.039189
      endloop
   endfacet
   facet normal -6.12323e-17 1 0
      outer loop
         vertex -0.01175 0.0915612 -0.039189
         vertex -0.0124522 0.0915612 -0.0430592
         vertex -0.0124694 0.0915612 -0.0429004
      endloop
   endfacet
   facet normal -6.12323e-17 1 0
      outer loop
         vertex -0.01175 0.0915612 -0.039189
         vertex -0.0140845 0.0915612 -0.0416727
         vertex -0.0142421 0.0915612 -0.0416985
      endloop
   endfacet
   facet normal -6.12323e-17 1 0
      outer loop
         vertex -0.0129106 0.0915612 -0.0420682
         vertex -0.0130324 0.0915612 -0.0419648
         vertex -0.01175 0.0915612 -0.039189
      endloop
   endfacet
   facet normal -6.12323e-17 1 0
      outer loop
         vertex -0.0124694 0.0915612 -0.0429004
         vertex -0.0125038 0.0915612 -0.0427444
         vertex -0.01175 0.0915612 -0.039189
      endloop
   endfacet
   facet normal -6.12323e-17 1 0
      outer loop
         vertex -0.01175 0.0915612 -0.048264
         vertex -0.0128008 0.0915612 -0.0440939
         vertex -0.0127042 0.0915612 -0.0439668
      endloop
   endfacet
   facet normal -6.12323e-17 1 0
      outer loop
         vertex -0.01905 0.0915612 -0.039189
         vertex -0.014396 0.0915612 -0.0417412
         vertex -0.0145443 0.0915612 -0.0418003
      endloop
   endfacet
   facet normal -6.12323e-17 1 0
      outer loop
         vertex -0.0142421 0.0915612 -0.0416985
         vertex -0.01905 0.0915612 -0.039189
         vertex -0.01175 0.0915612 -0.039189
      endloop
   endfacet
   facet normal -6.12323e-17 1 0
      outer loop
         vertex -0.01175 0.0915612 -0.039189
         vertex -0.0137655 0.0915612 -0.0416727
         vertex -0.013925 0.0915612 -0.041664
      endloop
   endfacet
   facet normal -6.12323e-17 1 0
      outer loop
         vertex -0.0125038 0.0915612 -0.0427444
         vertex -0.0125548 0.0915612 -0.0425931
         vertex -0.01175 0.0915612 -0.039189
      endloop
   endfacet
   facet normal -6.12323e-17 1 0
      outer loop
         vertex -0.01175 0.0915612 -0.039189
         vertex -0.01175 0.0915612 -0.048264
         vertex -0.0124522 0.0915612 -0.0432189
      endloop
   endfacet
   facet normal -6.12323e-17 1 0
      outer loop
         vertex -0.01175 0.0915612 -0.048264
         vertex -0.0125038 0.0915612 -0.0435336
         vertex -0.0124694 0.0915612 -0.0433776
      endloop
   endfacet
   facet normal -6.12323e-17 1 0
      outer loop
         vertex -0.0127042 0.0915612 -0.0439668
         vertex -0.0126218 0.0915612 -0.0438299
         vertex -0.01175 0.0915612 -0.048264
      endloop
   endfacet
   facet normal -6.12323e-17 1 0
      outer loop
         vertex -0.01175 0.0915612 -0.048264
         vertex -0.0130324 0.0915612 -0.0443133
         vertex -0.0129106 0.0915612 -0.0442099
      endloop
   endfacet
   facet normal -6.12323e-17 1 0
      outer loop
         vertex -0.01175 0.0915612 -0.048264
         vertex -0.013454 0.0915612 -0.0445368
         vertex -0.0133057 0.0915612 -0.0444777
      endloop
   endfacet
   facet normal -6.12323e-17 1 0
      outer loop
         vertex -0.01905 0.0915612 -0.048264
         vertex -0.0152282 0.0915612 -0.0438299
         vertex -0.0151458 0.0915612 -0.0439668
      endloop
   endfacet
   facet normal -6.12323e-17 1 0
      outer loop
         vertex -0.01905 0.0915612 -0.039189
         vertex -0.0153462 0.0915612 -0.0427444
         vertex -0.0153806 0.0915612 -0.0429004
      endloop
   endfacet
   facet normal -6.12323e-17 1 0
      outer loop
         vertex -0.01905 0.0915612 -0.039189
         vertex -0.0152282 0.0915612 -0.0424481
         vertex -0.0152952 0.0915612 -0.0425931
      endloop
   endfacet
   facet normal -6.12323e-17 1 0
      outer loop
         vertex -0.01905 0.0915612 -0.039189
         vertex -0.0148176 0.0915612 -0.0419648
         vertex -0.0149394 0.0915612 -0.0420682
      endloop
   endfacet
   facet normal -6.12323e-17 1 0
      outer loop
         vertex -0.0145443 0.0915612 -0.0418003
         vertex -0.0146854 0.0915612 -0.0418752
         vertex -0.01905 0.0915612 -0.039189
      endloop
   endfacet
   facet normal -6.12323e-17 1 0
      outer loop
         vertex -0.013925 0.0915612 -0.041664
         vertex -0.0140845 0.0915612 -0.0416727
         vertex -0.01175 0.0915612 -0.039189
      endloop
   endfacet
   facet normal -6.12323e-17 1 0
      outer loop
         vertex -0.01175 0.0915612 -0.039189
         vertex -0.013454 0.0915612 -0.0417412
         vertex -0.0136079 0.0915612 -0.0416985
      endloop
   endfacet
   facet normal -6.12323e-17 1 0
      outer loop
         vertex -0.0124522 0.0915612 -0.0432189
         vertex -0.0124522 0.0915612 -0.0430592
         vertex -0.01175 0.0915612 -0.039189
      endloop
   endfacet
   facet normal -6.12323e-17 1 0
      outer loop
         vertex -0.01175 0.0915612 -0.048264
         vertex -0.0125548 0.0915612 -0.043685
         vertex -0.0125038 0.0915612 -0.0435336
      endloop
   endfacet
   facet normal -6.12323e-17 1 0
      outer loop
         vertex -0.0129106 0.0915612 -0.0442099
         vertex -0.0128008 0.0915612 -0.0440939
         vertex -0.01175 0.0915612 -0.048264
      endloop
   endfacet
   facet normal -6.12323e-17 1 0
      outer loop
         vertex -0.0133057 0.0915612 -0.0444777
         vertex -0.0131646 0.0915612 -0.0444029
         vertex -0.01175 0.0915612 -0.048264
      endloop
   endfacet
   facet normal -6.12323e-17 1 0
      outer loop
         vertex -0.01905 0.0915612 -0.048264
         vertex -0.0146854 0.0915612 -0.0444029
         vertex -0.0145443 0.0915612 -0.0444777
      endloop
   endfacet
   facet normal -6.12323e-17 1 0
      outer loop
         vertex -0.01905 0.0915612 -0.048264
         vertex -0.0150492 0.0915612 -0.0440939
         vertex -0.0149394 0.0915612 -0.0442099
      endloop
   endfacet
   facet normal -6.12323e-17 1 0
      outer loop
         vertex -0.01905 0.0915612 -0.048264
         vertex -0.0152952 0.0915612 -0.043685
         vertex -0.0152282 0.0915612 -0.0438299
      endloop
   endfacet
   facet normal -6.12323e-17 1 0
      outer loop
         vertex -0.01905 0.0915612 -0.048264
         vertex -0.0153806 0.0915612 -0.0433776
         vertex -0.0153462 0.0915612 -0.0435336
      endloop
   endfacet
   facet normal -6.12323e-17 1 0
      outer loop
         vertex -0.01905 0.0915612 -0.048264
         vertex -0.01905 0.0915612 -0.039189
         vertex -0.0153978 0.0915612 -0.0432189
      endloop
   endfacet
   facet normal -6.12323e-17 1 0
      outer loop
         vertex -0.0152952 0.0915612 -0.0425931
         vertex -0.0153462 0.0915612 -0.0427444
         vertex -0.01905 0.0915612 -0.039189
      endloop
   endfacet
   facet normal -6.12323e-17 1 0
      outer loop
         vertex -0.01905 0.0915612 -0.039189
         vertex -0.0150492 0.0915612 -0.0421841
         vertex -0.0151458 0.0915612 -0.0423113
      endloop
   endfacet
   facet normal -6.12323e-17 1 0
      outer loop
         vertex -0.0146854 0.0915612 -0.0418752
         vertex -0.0148176 0.0915612 -0.0419648
         vertex -0.01905 0.0915612 -0.039189
      endloop
   endfacet
   facet normal -6.12323e-17 1 0
      outer loop
         vertex -0.0136079 0.0915612 -0.0416985
         vertex -0.0137655 0.0915612 -0.0416727
         vertex -0.01175 0.0915612 -0.039189
      endloop
   endfacet
   facet normal -6.12323e-17 1 0
      outer loop
         vertex -0.0124694 0.0915612 -0.0433776
         vertex -0.0124522 0.0915612 -0.0432189
         vertex -0.01175 0.0915612 -0.048264
      endloop
   endfacet
   facet normal -6.12323e-17 1 0
      outer loop
         vertex -0.0131646 0.0915612 -0.0444029
         vertex -0.0130324 0.0915612 -0.0443133
         vertex -0.01175 0.0915612 -0.048264
      endloop
   endfacet
   facet normal -6.12323e-17 1 0
      outer loop
         vertex -0.01175 0.0915612 -0.048264
         vertex -0.0137655 0.0915612 -0.0446054
         vertex -0.0136079 0.0915612 -0.0445795
      endloop
   endfacet
   facet normal -6.12323e-17 1 0
      outer loop
         vertex -0.01175 0.0915612 -0.048264
         vertex -0.0140845 0.0915612 -0.0446054
         vertex -0.013925 0.0915612 -0.044614
      endloop
   endfacet
   facet normal -6.12323e-17 1 0
      outer loop
         vertex -0.01175 0.0915612 -0.048264
         vertex -0.01905 0.0915612 -0.048264
         vertex -0.0142421 0.0915612 -0.0445795
      endloop
   endfacet
   facet normal -6.12323e-17 1 0
      outer loop
         vertex -0.01905 0.0915612 -0.048264
         vertex -0.0148176 0.0915612 -0.0443133
         vertex -0.0146854 0.0915612 -0.0444029
      endloop
   endfacet
   facet normal -6.12323e-17 1 0
      outer loop
         vertex -0.0151458 0.0915612 -0.0439668
         vertex -0.0150492 0.0915612 -0.0440939
         vertex -0.01905 0.0915612 -0.048264
      endloop
   endfacet
   facet normal -6.12323e-17 1 0
      outer loop
         vertex -0.0153978 0.0915612 -0.0432189
         vertex -0.0153806 0.0915612 -0.0433776
         vertex -0.01905 0.0915612 -0.048264
      endloop
   endfacet
   facet normal -6.12323e-17 1 0
      outer loop
         vertex -0.0151458 0.0915612 -0.0423113
         vertex -0.0152282 0.0915612 -0.0424481
         vertex -0.01905 0.0915612 -0.039189
      endloop
   endfacet
   facet normal -6.12323e-17 1 0
      outer loop
         vertex -0.0142421 0.0915612 -0.0416985
         vertex -0.014396 0.0915612 -0.0417412
         vertex -0.01905 0.0915612 -0.039189
      endloop
   endfacet
   facet normal -6.12323e-17 1 0
      outer loop
         vertex -0.01175 0.0915612 -0.039189
         vertex -0.0131646 0.0915612 -0.0418752
         vertex -0.0133057 0.0915612 -0.0418003
      endloop
   endfacet
   facet normal -6.12323e-17 1 0
      outer loop
         vertex -0.0126218 0.0915612 -0.0438299
         vertex -0.0125548 0.0915612 -0.043685
         vertex -0.01175 0.0915612 -0.048264
      endloop
   endfacet
   facet normal -6.12323e-17 1 0
      outer loop
         vertex -0.013925 0.0915612 -0.044614
         vertex -0.0137655 0.0915612 -0.0446054
         vertex -0.01175 0.0915612 -0.048264
      endloop
   endfacet
   facet normal -6.12323e-17 1 0
      outer loop
         vertex -0.01905 0.0915612 -0.048264
         vertex -0.014396 0.0915612 -0.0445368
         vertex -0.0142421 0.0915612 -0.0445795
      endloop
   endfacet
   facet normal -6.12323e-17 1 0
      outer loop
         vertex -0.0149394 0.0915612 -0.0442099
         vertex -0.0148176 0.0915612 -0.0443133
         vertex -0.01905 0.0915612 -0.048264
      endloop
   endfacet
   facet normal -6.12323e-17 1 0
      outer loop
         vertex -0.01905 0.0915612 -0.039189
         vertex -0.0153978 0.0915612 -0.0430592
         vertex -0.0153978 0.0915612 -0.0432189
      endloop
   endfacet
   facet normal -6.12323e-17 1 0
      outer loop
         vertex -0.0149394 0.0915612 -0.0420682
         vertex -0.0150492 0.0915612 -0.0421841
         vertex -0.01905 0.0915612 -0.039189
      endloop
   endfacet
   facet normal -6.12323e-17 1 0
      outer loop
         vertex -0.0130324 0.0915612 -0.0419648
         vertex -0.0131646 0.0915612 -0.0418752
         vertex -0.01175 0.0915612 -0.039189
      endloop
   endfacet
   facet normal -6.12323e-17 1 0
      outer loop
         vertex -0.0142421 0.0915612 -0.0445795
         vertex -0.0140845 0.0915612 -0.0446054
         vertex -0.01175 0.0915612 -0.048264
      endloop
   endfacet
   facet normal -6.12323e-17 1 0
      outer loop
         vertex -0.0153462 0.0915612 -0.0435336
         vertex -0.0152952 0.0915612 -0.043685
         vertex -0.01905 0.0915612 -0.048264
      endloop
   endfacet
   facet normal -6.12323e-17 1 0
      outer loop
         vertex -0.0133057 0.0915612 -0.0418003
         vertex -0.013454 0.0915612 -0.0417412
         vertex -0.01175 0.0915612 -0.039189
      endloop
   endfacet
   facet normal -6.12323e-17 1 0
      outer loop
         vertex -0.0145443 0.0915612 -0.0444777
         vertex -0.014396 0.0915612 -0.0445368
         vertex -0.01905 0.0915612 -0.048264
      endloop
   endfacet
   facet normal -6.12323e-17 1 0
      outer loop
         vertex -0.0136079 0.0915612 -0.0445795
         vertex -0.013454 0.0915612 -0.0445368
         vertex -0.01175 0.0915612 -0.048264
      endloop
   endfacet
   facet normal -6.12323e-17 1 0
      outer loop
         vertex 0.01905 0.0915612 -0.039189
         vertex 0.0152282 0.0915612 -0.0424481
         vertex 0.0151458 0.0915612 -0.0423113
      endloop
   endfacet
   facet normal -6.12323e-17 1 0
      outer loop
         vertex 0.01905 0.0915612 -0.039189
         vertex 0.0150492 0.0915612 -0.0421841
         vertex 0.0149394 0.0915612 -0.0420682
      endloop
   endfacet
   facet normal -6.12323e-17 1 0
      outer loop
         vertex 0.01905 0.0915612 -0.039189
         vertex 0.0152952 0.0915612 -0.0425931
         vertex 0.0152282 0.0915612 -0.0424481
      endloop
   endfacet
   facet normal -6.12323e-17 1 0
      outer loop
         vertex 0.0151458 0.0915612 -0.0423113
         vertex 0.0150492 0.0915612 -0.0421841
         vertex 0.01905 0.0915612 -0.039189
      endloop
   endfacet
   facet normal -6.12323e-17 1 0
      outer loop
         vertex 0.01905 0.0915612 -0.039189
         vertex 0.0153978 0.0915612 -0.0430592
         vertex 0.0153806 0.0915612 -0.0429004
      endloop
   endfacet
   facet normal -6.12323e-17 1 0
      outer loop
         vertex 0.01905 0.0915612 -0.039189
         vertex 0.0137655 0.0915612 -0.0416727
         vertex 0.0136079 0.0915612 -0.0416985
      endloop
   endfacet
   facet normal -6.12323e-17 1 0
      outer loop
         vertex 0.0149394 0.0915612 -0.0420682
         vertex 0.0148176 0.0915612 -0.0419648
         vertex 0.01905 0.0915612 -0.039189
      endloop
   endfacet
   facet normal -6.12323e-17 1 0
      outer loop
         vertex 0.0153806 0.0915612 -0.0429004
         vertex 0.0153462 0.0915612 -0.0427444
         vertex 0.01905 0.0915612 -0.039189
      endloop
   endfacet
   facet normal -6.12323e-17 1 0
      outer loop
         vertex 0.01905 0.0915612 -0.048264
         vertex 0.0153806 0.0915612 -0.0433776
         vertex 0.0153978 0.0915612 -0.0432189
      endloop
   endfacet
   facet normal -6.12323e-17 1 0
      outer loop
         vertex 0.01905 0.0915612 -0.048264
         vertex 0.0150492 0.0915612 -0.0440939
         vertex 0.0151458 0.0915612 -0.0439668
      endloop
   endfacet
   facet normal -6.12323e-17 1 0
      outer loop
         vertex -0.01175 0.0915612 -0.039189
         vertex 0.013454 0.0915612 -0.0417412
         vertex 0.0133057 0.0915612 -0.0418003
      endloop
   endfacet
   facet normal -6.12323e-17 1 0
      outer loop
         vertex 0.0136079 0.0915612 -0.0416985
         vertex -0.01175 0.0915612 -0.039189
         vertex 0.01905 0.0915612 -0.039189
      endloop
   endfacet
   facet normal -6.12323e-17 1 0
      outer loop
         vertex 0.01905 0.0915612 -0.039189
         vertex 0.0140845 0.0915612 -0.0416727
         vertex 0.013925 0.0915612 -0.041664
      endloop
   endfacet
   facet normal -6.12323e-17 1 0
      outer loop
         vertex 0.0153462 0.0915612 -0.0427444
         vertex 0.0152952 0.0915612 -0.0425931
         vertex 0.01905 0.0915612 -0.039189
      endloop
   endfacet
   facet normal -6.12323e-17 1 0
      outer loop
         vertex 0.01905 0.0915612 -0.048264
         vertex 0.0153462 0.0915612 -0.0435336
         vertex 0.0153806 0.0915612 -0.0433776
      endloop
   endfacet
   facet normal -6.12323e-17 1 0
      outer loop
         vertex 0.0151458 0.0915612 -0.0439668
         vertex 0.0152282 0.0915612 -0.0438299
         vertex 0.01905 0.0915612 -0.048264
      endloop
   endfacet
   facet normal -6.12323e-17 1 0
      outer loop
         vertex 0.01905 0.0915612 -0.048264
         vertex 0.0148176 0.0915612 -0.0443133
         vertex 0.0149394 0.0915612 -0.0442099
      endloop
   endfacet
   facet normal -6.12323e-17 1 0
      outer loop
         vertex 0.01905 0.0915612 -0.048264
         vertex 0.014396 0.0915612 -0.0445368
         vertex 0.0145443 0.0915612 -0.0444777
      endloop
   endfacet
   facet normal -6.12323e-17 1 0
      outer loop
         vertex -0.01175 0.0915612 -0.048264
         vertex 0.0126218 0.0915612 -0.0438299
         vertex 0.0127042 0.0915612 -0.0439668
      endloop
   endfacet
   facet normal -6.12323e-17 1 0
      outer loop
         vertex -0.01175 0.0915612 -0.039189
         vertex 0.0125038 0.0915612 -0.0427444
         vertex 0.0124694 0.0915612 -0.0429004
      endloop
   endfacet
   facet normal -6.12323e-17 1 0
      outer loop
         vertex -0.01175 0.0915612 -0.039189
         vertex 0.0126218 0.0915612 -0.0424481
         vertex 0.0125548 0.0915612 -0.0425931
      endloop
   endfacet
   facet normal -6.12323e-17 1 0
      outer loop
         vertex -0.01175 0.0915612 -0.039189
         vertex 0.0130324 0.0915612 -0.0419648
         vertex 0.0129106 0.0915612 -0.0420682
      endloop
   endfacet
   facet normal -6.12323e-17 1 0
      outer loop
         vertex 0.0133057 0.0915612 -0.0418003
         vertex 0.0131646 0.0915612 -0.0418752
         vertex -0.01175 0.0915612 -0.039189
      endloop
   endfacet
   facet normal -6.12323e-17 1 0
      outer loop
         vertex 0.013925 0.0915612 -0.041664
         vertex 0.0137655 0.0915612 -0.0416727
         vertex 0.01905 0.0915612 -0.039189
      endloop
   endfacet
   facet normal -6.12323e-17 1 0
      outer loop
         vertex 0.01905 0.0915612 -0.039189
         vertex 0.014396 0.0915612 -0.0417412
         vertex 0.0142421 0.0915612 -0.0416985
      endloop
   endfacet
   facet normal -6.12323e-17 1 0
      outer loop
         vertex 0.01905 0.0915612 -0.039189
         vertex 0.0153978 0.0915612 -0.0432189
         vertex 0.0153978 0.0915612 -0.0430592
      endloop
   endfacet
   facet normal -6.12323e-17 1 0
      outer loop
         vertex 0.01905 0.0915612 -0.048264
         vertex 0.0152952 0.0915612 -0.043685
         vertex 0.0153462 0.0915612 -0.0435336
      endloop
   endfacet
   facet normal -6.12323e-17 1 0
      outer loop
         vertex 0.0149394 0.0915612 -0.0442099
         vertex 0.0150492 0.0915612 -0.0440939
         vertex 0.01905 0.0915612 -0.048264
      endloop
   endfacet
   facet normal -6.12323e-17 1 0
      outer loop
         vertex 0.0145443 0.0915612 -0.0444777
         vertex 0.0146854 0.0915612 -0.0444029
         vertex 0.01905 0.0915612 -0.048264
      endloop
   endfacet
   facet normal -6.12323e-17 1 0
      outer loop
         vertex -0.01175 0.0915612 -0.048264
         vertex 0.0130324 0.0915612 -0.0443133
         vertex 0.0131646 0.0915612 -0.0444029
      endloop
   endfacet
   facet normal -6.12323e-17 1 0
      outer loop
         vertex -0.01175 0.0915612 -0.048264
         vertex 0.0128008 0.0915612 -0.0440939
         vertex 0.0129106 0.0915612 -0.0442099
      endloop
   endfacet
   facet normal -6.12323e-17 1 0
      outer loop
         vertex -0.01175 0.0915612 -0.048264
         vertex 0.0125548 0.0915612 -0.043685
         vertex 0.0126218 0.0915612 -0.0438299
      endloop
   endfacet
   facet normal -6.12323e-17 1 0
      outer loop
         vertex -0.01175 0.0915612 -0.048264
         vertex 0.0124694 0.0915612 -0.0433776
         vertex 0.0125038 0.0915612 -0.0435336
      endloop
   endfacet
   facet normal -6.12323e-17 1 0
      outer loop
         vertex 0.0125548 0.0915612 -0.0425931
         vertex 0.0125038 0.0915612 -0.0427444
         vertex -0.01175 0.0915612 -0.039189
      endloop
   endfacet
   facet normal -6.12323e-17 1 0
      outer loop
         vertex -0.01175 0.0915612 -0.039189
         vertex 0.0128008 0.0915612 -0.0421841
         vertex 0.0127042 0.0915612 -0.0423113
      endloop
   endfacet
   facet normal -6.12323e-17 1 0
      outer loop
         vertex 0.0131646 0.0915612 -0.0418752
         vertex 0.0130324 0.0915612 -0.0419648
         vertex -0.01175 0.0915612 -0.039189
      endloop
   endfacet
   facet normal -6.12323e-17 1 0
      outer loop
         vertex 0.0142421 0.0915612 -0.0416985
         vertex 0.0140845 0.0915612 -0.0416727
         vertex 0.01905 0.0915612 -0.039189
      endloop
   endfacet
   facet normal -6.12323e-17 1 0
      outer loop
         vertex 0.0153978 0.0915612 -0.0432189
         vertex 0.01905 0.0915612 -0.039189
         vertex 0.01905 0.0915612 -0.048264
      endloop
   endfacet
   facet normal -6.12323e-17 1 0
      outer loop
         vertex 0.0146854 0.0915612 -0.0444029
         vertex 0.0148176 0.0915612 -0.0443133
         vertex 0.01905 0.0915612 -0.048264
      endloop
   endfacet
   facet normal -6.12323e-17 1 0
      outer loop
         vertex 0.01905 0.0915612 -0.048264
         vertex 0.0140845 0.0915612 -0.0446054
         vertex 0.0142421 0.0915612 -0.0445795
      endloop
   endfacet
   facet normal -6.12323e-17 1 0
      outer loop
         vertex 0.01905 0.0915612 -0.048264
         vertex 0.0137655 0.0915612 -0.0446054
         vertex 0.013925 0.0915612 -0.044614
      endloop
   endfacet
   facet normal -6.12323e-17 1 0
      outer loop
         vertex -0.01175 0.0915612 -0.048264
         vertex 0.013454 0.0915612 -0.0445368
         vertex 0.0136079 0.0915612 -0.0445795
      endloop
   endfacet
   facet normal -6.12323e-17 1 0
      outer loop
         vertex 0.0131646 0.0915612 -0.0444029
         vertex 0.0133057 0.0915612 -0.0444777
         vertex -0.01175 0.0915612 -0.048264
      endloop
   endfacet
   facet normal -6.12323e-17 1 0
      outer loop
         vertex 0.0127042 0.0915612 -0.0439668
         vertex 0.0128008 0.0915612 -0.0440939
         vertex -0.01175 0.0915612 -0.048264
      endloop
   endfacet
   facet normal -6.12323e-17 1 0
      outer loop
         vertex -0.01175 0.0915612 -0.048264
         vertex 0.0124522 0.0915612 -0.0432189
         vertex 0.0124694 0.0915612 -0.0433776
      endloop
   endfacet
   facet normal -6.12323e-17 1 0
      outer loop
         vertex -0.01175 0.0915612 -0.039189
         vertex 0.0124522 0.0915612 -0.0430592
         vertex 0.0124522 0.0915612 -0.0432189
      endloop
   endfacet
   facet normal -6.12323e-17 1 0
      outer loop
         vertex 0.0127042 0.0915612 -0.0423113
         vertex 0.0126218 0.0915612 -0.0424481
         vertex -0.01175 0.0915612 -0.039189
      endloop
   endfacet
   facet normal -6.12323e-17 1 0
      outer loop
         vertex 0.0136079 0.0915612 -0.0416985
         vertex 0.013454 0.0915612 -0.0417412
         vertex -0.01175 0.0915612 -0.039189
      endloop
   endfacet
   facet normal -6.12323e-17 1 0
      outer loop
         vertex 0.01905 0.0915612 -0.039189
         vertex 0.0146854 0.0915612 -0.0418752
         vertex 0.0145443 0.0915612 -0.0418003
      endloop
   endfacet
   facet normal -6.12323e-17 1 0
      outer loop
         vertex 0.0152282 0.0915612 -0.0438299
         vertex 0.0152952 0.0915612 -0.043685
         vertex 0.01905 0.0915612 -0.048264
      endloop
   endfacet
   facet normal -6.12323e-17 1 0
      outer loop
         vertex 0.013925 0.0915612 -0.044614
         vertex 0.0140845 0.0915612 -0.0446054
         vertex 0.01905 0.0915612 -0.048264
      endloop
   endfacet
   facet normal -6.12323e-17 1 0
      outer loop
         vertex 0.0136079 0.0915612 -0.0445795
         vertex 0.01905 0.0915612 -0.048264
         vertex -0.01175 0.0915612 -0.048264
      endloop
   endfacet
   facet normal -6.12323e-17 1 0
      outer loop
         vertex 0.0129106 0.0915612 -0.0442099
         vertex 0.0130324 0.0915612 -0.0443133
         vertex -0.01175 0.0915612 -0.048264
      endloop
   endfacet
   facet normal -6.12323e-17 1 0
      outer loop
         vertex 0.0124522 0.0915612 -0.0432189
         vertex -0.01175 0.0915612 -0.048264
         vertex -0.01175 0.0915612 -0.039189
      endloop
   endfacet
   facet normal -6.12323e-17 1 0
      outer loop
         vertex 0.0129106 0.0915612 -0.0420682
         vertex 0.0128008 0.0915612 -0.0421841
         vertex -0.01175 0.0915612 -0.039189
      endloop
   endfacet
   facet normal -6.12323e-17 1 0
      outer loop
         vertex 0.0148176 0.0915612 -0.0419648
         vertex 0.0146854 0.0915612 -0.0418752
         vertex 0.01905 0.0915612 -0.039189
      endloop
   endfacet
   facet normal -6.12323e-17 1 0
      outer loop
         vertex 0.0136079 0.0915612 -0.0445795
         vertex 0.0137655 0.0915612 -0.0446054
         vertex 0.01905 0.0915612 -0.048264
      endloop
   endfacet
   facet normal -6.12323e-17 1 0
      outer loop
         vertex 0.0125038 0.0915612 -0.0435336
         vertex 0.0125548 0.0915612 -0.043685
         vertex -0.01175 0.0915612 -0.048264
      endloop
   endfacet
   facet normal -6.12323e-17 1 0
      outer loop
         vertex 0.0145443 0.0915612 -0.0418003
         vertex 0.014396 0.0915612 -0.0417412
         vertex 0.01905 0.0915612 -0.039189
      endloop
   endfacet
   facet normal -6.12323e-17 1 0
      outer loop
         vertex 0.0133057 0.0915612 -0.0444777
         vertex 0.013454 0.0915612 -0.0445368
         vertex -0.01175 0.0915612 -0.048264
      endloop
   endfacet
   facet normal -6.12323e-17 1 0
      outer loop
         vertex 0.0142421 0.0915612 -0.0445795
         vertex 0.014396 0.0915612 -0.0445368
         vertex 0.01905 0.0915612 -0.048264
      endloop
   endfacet
   facet normal -6.12323e-17 1 0
      outer loop
         vertex 0.0124694 0.0915612 -0.0429004
         vertex 0.0124522 0.0915612 -0.0430592
         vertex -0.01175 0.0915612 -0.039189
      endloop
   endfacet
   facet normal -6.12323e-17 1 0
      outer loop
         vertex -0.0153806 0.0915612 -0.0429004
         vertex -0.0153978 0.0915612 -0.0430592
         vertex -0.01905 0.0915612 -0.039189
      endloop
   endfacet
   facet normal -6.12323e-17 1 0
      outer loop
         vertex -0.011039 0.0915612 -0.028855
         vertex -0.01105 0.0915612 -0.029064
         vertex -0.01175 0.0915612 -0.010164
      endloop
   endfacet
   facet normal -6.12323e-17 1 0
      outer loop
         vertex -0.0153806 0.0915612 -0.0150504
         vertex -0.0153978 0.0915612 -0.0152092
         vertex -0.01905 0.0915612 -0.010164
      endloop
   endfacet
   facet normal 1 6.12323e-17 0
      outer loop
         vertex 0.01905 0.0915612 -0.039189
         vertex 0.01905 0.0915612 -0.010164
         vertex 0.01905 0.0899612 -0.020139
      endloop
   endfacet
   facet normal 1 6.12323e-17 0
      outer loop
         vertex 0.01905 0.0899612 -0.020139
         vertex 0.01905 0.0899612 -0.032304
         vertex 0.01905 0.0915612 -0.039189
      endloop
   endfacet
   facet normal 1 6.12323e-17 0
      outer loop
         vertex 0.01905 0.0915612 -0.010164
         vertex 0.01905 0.0899612 -0.013664
         vertex 0.01905 0.0899612 -0.020139
      endloop
   endfacet
   facet normal 1 6.12323e-17 0
      outer loop
         vertex 0.01905 0.0915612 -0.010164
         vertex 0.01905 0.0899612 -0.010164
         vertex 0.01905 0.0899612 -0.013664
      endloop
   endfacet
   facet normal 1 6.12323e-17 0
      outer loop
         vertex 0.01905 0.0915612 -0.048264
         vertex 0.01905 0.0915612 -0.039189
         vertex 0.01905 0.0899612 -0.044754
      endloop
   endfacet
   facet normal 1 6.12323e-17 0
      outer loop
         vertex 0.01905 0.0899612 -0.044754
         vertex 0.01905 0.0899612 -0.048264
         vertex 0.01905 0.0915612 -0.048264
      endloop
   endfacet
   facet normal 1 6.12323e-17 0
      outer loop
         vertex 0.01905 0.0899612 -0.032304
         vertex 0.01905 0.0899612 -0.044754
         vertex 0.01905 0.0915612 -0.039189
      endloop
   endfacet
   facet normal 0 0 1
      outer loop
         vertex 0.01905 0.0915612 -0.010164
         vertex 0.00975 0.0899612 -0.010164
         vertex 0.0116 0.0899612 -0.010164
      endloop
   endfacet
   facet normal 0 0 1
      outer loop
         vertex 0.01905 0.0915612 -0.010164
         vertex -0.01175 0.0915612 -0.010164
         vertex -0.0011 0.0899612 -0.010164
      endloop
   endfacet
   facet normal 0 0 1
      outer loop
         vertex -0.017225 0.0899612 -0.010164
         vertex -0.00895 0.0899612 -0.010164
         vertex -0.01175 0.0915612 -0.010164
      endloop
   endfacet
   facet normal 0 0 1
      outer loop
         vertex -0.0011 0.0899612 -0.010164
         vertex 0.00975 0.0899612 -0.010164
         vertex 0.01905 0.0915612 -0.010164
      endloop
   endfacet
   facet normal 0 0 1
      outer loop
         vertex -0.01905 0.0915612 -0.010164
         vertex -0.01905 0.0899612 -0.010164
         vertex -0.017225 0.0899612 -0.010164
      endloop
   endfacet
   facet normal 0 0 1
      outer loop
         vertex -0.01175 0.0915612 -0.010164
         vertex -0.00895 0.0899612 -0.010164
         vertex -0.0011 0.0899612 -0.010164
      endloop
   endfacet
   facet normal 0 0 1
      outer loop
         vertex 0.0116 0.0899612 -0.010164
         vertex 0.01905 0.0899612 -0.010164
         vertex 0.01905 0.0915612 -0.010164
      endloop
   endfacet
   facet normal 0 0 1
      outer loop
         vertex -0.01175 0.0915612 -0.010164
         vertex -0.01905 0.0915612 -0.010164
         vertex -0.017225 0.0899612 -0.010164
      endloop
   endfacet
   facet normal -1 -6.12323e-17 0
      outer loop
         vertex -0.01905 0.0915612 -0.010164
         vertex -0.01905 0.0899612 -0.020139
         vertex -0.01905 0.0899612 -0.013664
      endloop
   endfacet
   facet normal -1 -6.12323e-17 0
      outer loop
         vertex -0.01905 0.0915612 -0.039189
         vertex -0.01905 0.0899612 -0.032304
         vertex -0.01905 0.0899612 -0.020139
      endloop
   endfacet
   facet normal -1 -6.12323e-17 0
      outer loop
         vertex -0.01905 0.0899612 -0.020139
         vertex -0.01905 0.0915612 -0.010164
         vertex -0.01905 0.0915612 -0.039189
      endloop
   endfacet
   facet normal -1 -6.12323e-17 0
      outer loop
         vertex -0.01905 0.0915612 -0.048264
         vertex -0.01905 0.0899612 -0.048264
         vertex -0.01905 0.0899612 -0.044754
      endloop
   endfacet
   facet normal -1 -6.12323e-17 0
      outer loop
         vertex -0.01905 0.0915612 -0.039189
         vertex -0.01905 0.0899612 -0.044754
         vertex -0.01905 0.0899612 -0.032304
      endloop
   endfacet
   facet normal -1 -6.12323e-17 0
      outer loop
         vertex -0.01905 0.0899612 -0.013664
         vertex -0.01905 0.0899612 -0.010164
         vertex -0.01905 0.0915612 -0.010164
      endloop
   endfacet
   facet normal -1 -6.12323e-17 0
      outer loop
         vertex -0.01905 0.0899612 -0.044754
         vertex -0.01905 0.0915612 -0.039189
         vertex -0.01905 0.0915612 -0.048264
      endloop
   endfacet
   facet normal 1.82123e-16 1.11518e-32 -1
      outer loop
         vertex 0.01905 0.0915612 -0.048264
         vertex 0.00975 0.0899612 -0.048264
         vertex -0.0011 0.0899612 -0.048264
      endloop
   endfacet
   facet normal 1.82123e-16 1.11518e-32 -1
      outer loop
         vertex -0.0011 0.0899612 -0.048264
         vertex -0.01175 0.0915612 -0.048264
         vertex 0.01905 0.0915612 -0.048264
      endloop
   endfacet
   facet normal 1.82123e-16 1.11518e-32 -1
      outer loop
         vertex 0.01905 0.0915612 -0.048264
         vertex 0.0116 0.0899612 -0.048264
         vertex 0.00975 0.0899612 -0.048264
      endloop
   endfacet
   facet normal 1.82123e-16 1.11518e-32 -1
      outer loop
         vertex -0.017225 0.0899612 -0.048264
         vertex -0.01905 0.0915612 -0.048264
         vertex -0.01175 0.0915612 -0.048264
      endloop
   endfacet
   facet normal 1.82123e-16 1.11518e-32 -1
      outer loop
         vertex 0.01905 0.0915612 -0.048264
         vertex 0.01905 0.0899612 -0.048264
         vertex 0.0116 0.0899612 -0.048264
      endloop
   endfacet
   facet normal 1.82123e-16 1.11518e-32 -1
      outer loop
         vertex -0.01175 0.0915612 -0.048264
         vertex -0.00895 0.0899612 -0.048264
         vertex -0.017225 0.0899612 -0.048264
      endloop
   endfacet
   facet normal 1.82123e-16 1.11518e-32 -1
      outer loop
         vertex -0.017225 0.0899612 -0.048264
         vertex -0.01905 0.0899612 -0.048264
         vertex -0.01905 0.0915612 -0.048264
      endloop
   endfacet
   facet normal 1.82123e-16 1.11518e-32 -1
      outer loop
         vertex -0.0011 0.0899612 -0.048264
         vertex -0.00895 0.0899612 -0.048264
         vertex -0.01175 0.0915612 -0.048264
      endloop
   endfacet
   facet normal 0.108119 6.62038e-18 -0.994138
      outer loop
         vertex -0.0140845 0.0915612 -0.0416727
         vertex -0.013925 0.0915612 -0.041664
         vertex -0.013925 0.0899612 -0.041664
      endloop
   endfacet
   facet normal 0.21497 1.31631e-17 -0.976621
      outer loop
         vertex -0.0142421 0.0915612 -0.0416985
         vertex -0.0140845 0.0915612 -0.0416727
         vertex -0.0140845 0.0899612 -0.0416727
      endloop
   endfacet
   facet normal 0.319302 1.95516e-17 -0.947653
      outer loop
         vertex -0.014396 0.0915612 -0.0417412
         vertex -0.0142421 0.0915612 -0.0416985
         vertex -0.0142421 0.0899612 -0.0416985
      endloop
   endfacet
   facet normal 0.419889 2.57108e-17 -0.907575
      outer loop
         vertex -0.0145443 0.0915612 -0.0418003
         vertex -0.014396 0.0915612 -0.0417412
         vertex -0.014396 0.0899612 -0.0417412
      endloop
   endfacet
   facet normal 0.515554 3.15686e-17 -0.856857
      outer loop
         vertex -0.0146854 0.0915612 -0.0418752
         vertex -0.0145443 0.0915612 -0.0418003
         vertex -0.0145443 0.0899612 -0.0418003
      endloop
   endfacet
   facet normal 0.605174 3.70562e-17 -0.796093
      outer loop
         vertex -0.0148176 0.0915612 -0.0419648
         vertex -0.0146854 0.0915612 -0.0418752
         vertex -0.0146854 0.0899612 -0.0418752
      endloop
   endfacet
   facet normal 0.687699 4.21094e-17 -0.725995
      outer loop
         vertex -0.0149394 0.0915612 -0.0420682
         vertex -0.0148176 0.0915612 -0.0419648
         vertex -0.0148176 0.0899612 -0.0419648
      endloop
   endfacet
   facet normal 0.762162 4.6669e-17 -0.647386
      outer loop
         vertex -0.0150492 0.0915612 -0.0421841
         vertex -0.0149394 0.0915612 -0.0420682
         vertex -0.0149394 0.0899612 -0.0420682
      endloop
   endfacet
   facet normal 0.827689 5.06813e-17 -0.561187
      outer loop
         vertex -0.0151458 0.0915612 -0.0423113
         vertex -0.0150492 0.0915612 -0.0421841
         vertex -0.0150492 0.0899612 -0.0421841
      endloop
   endfacet
   facet normal 0.883512 5.40995e-17 -0.468408
      outer loop
         vertex -0.0152282 0.0915612 -0.0424481
         vertex -0.0151458 0.0915612 -0.0423113
         vertex -0.0151458 0.0899612 -0.0423113
      endloop
   endfacet
   facet normal 0.928977 5.68834e-17 -0.370138
      outer loop
         vertex -0.0152952 0.0915612 -0.0425931
         vertex -0.0152282 0.0915612 -0.0424481
         vertex -0.0152282 0.0899612 -0.0424481
      endloop
   endfacet
   facet normal 0.96355 5.90004e-17 -0.267528
      outer loop
         vertex -0.0153462 0.0915612 -0.0427444
         vertex -0.0152952 0.0915612 -0.0425931
         vertex -0.0152952 0.0899612 -0.0425931
      endloop
   endfacet
   facet normal 0.986827 6.04257e-17 -0.161782
      outer loop
         vertex -0.0153806 0.0915612 -0.0429004
         vertex -0.0153462 0.0915612 -0.0427444
         vertex -0.0153462 0.0899612 -0.0427444
      endloop
   endfacet
   facet normal 0.998533 6.11425e-17 -0.0541389
      outer loop
         vertex -0.0153978 0.0915612 -0.0430592
         vertex -0.0153806 0.0915612 -0.0429004
         vertex -0.0153806 0.0899612 -0.0429004
      endloop
   endfacet
   facet normal 0.998533 6.11425e-17 0.0541389
      outer loop
         vertex -0.0153978 0.0915612 -0.0432189
         vertex -0.0153978 0.0915612 -0.0430592
         vertex -0.0153978 0.0899612 -0.0430592
      endloop
   endfacet
   facet normal 0.986827 6.04257e-17 0.161782
      outer loop
         vertex -0.0153806 0.0915612 -0.0433776
         vertex -0.0153978 0.0915612 -0.0432189
         vertex -0.0153978 0.0899612 -0.0432189
      endloop
   endfacet
   facet normal 0.96355 5.90004e-17 0.267528
      outer loop
         vertex -0.0153462 0.0915612 -0.0435336
         vertex -0.0153806 0.0915612 -0.0433776
         vertex -0.0153806 0.0899612 -0.0433776
      endloop
   endfacet
   facet normal 0.928977 5.68834e-17 0.370138
      outer loop
         vertex -0.0152952 0.0915612 -0.043685
         vertex -0.0153462 0.0915612 -0.0435336
         vertex -0.0153462 0.0899612 -0.0435336
      endloop
   endfacet
   facet normal 0.883512 5.40995e-17 0.468408
      outer loop
         vertex -0.0152282 0.0915612 -0.0438299
         vertex -0.0152952 0.0915612 -0.043685
         vertex -0.0152952 0.0899612 -0.043685
      endloop
   endfacet
   facet normal 0.827689 5.06813e-17 0.561187
      outer loop
         vertex -0.0151458 0.0915612 -0.0439668
         vertex -0.0152282 0.0915612 -0.0438299
         vertex -0.0152282 0.0899612 -0.0438299
      endloop
   endfacet
   facet normal 0.762162 4.6669e-17 0.647386
      outer loop
         vertex -0.0150492 0.0915612 -0.0440939
         vertex -0.0151458 0.0915612 -0.0439668
         vertex -0.0151458 0.0899612 -0.0439668
      endloop
   endfacet
   facet normal 0.687699 4.21094e-17 0.725995
      outer loop
         vertex -0.0149394 0.0915612 -0.0442099
         vertex -0.0150492 0.0915612 -0.0440939
         vertex -0.0150492 0.0899612 -0.0440939
      endloop
   endfacet
   facet normal 0.605174 3.70562e-17 0.796093
      outer loop
         vertex -0.0148176 0.0915612 -0.0443133
         vertex -0.0149394 0.0915612 -0.0442099
         vertex -0.0149394 0.0899612 -0.0442099
      endloop
   endfacet
   facet normal 0.515554 3.15686e-17 0.856857
      outer loop
         vertex -0.0146854 0.0915612 -0.0444029
         vertex -0.0148176 0.0915612 -0.0443133
         vertex -0.0148176 0.0899612 -0.0443133
      endloop
   endfacet
   facet normal 0.419889 2.57108e-17 0.907575
      outer loop
         vertex -0.0145443 0.0915612 -0.0444777
         vertex -0.0146854 0.0915612 -0.0444029
         vertex -0.0146854 0.0899612 -0.0444029
      endloop
   endfacet
   facet normal 0.319302 1.95516e-17 0.947653
      outer loop
         vertex -0.014396 0.0915612 -0.0445368
         vertex -0.0145443 0.0915612 -0.0444777
         vertex -0.0145443 0.0899612 -0.0444777
      endloop
   endfacet
   facet normal 0.21497 1.31631e-17 0.976621
      outer loop
         vertex -0.0142421 0.0915612 -0.0445795
         vertex -0.014396 0.0915612 -0.0445368
         vertex -0.014396 0.0899612 -0.0445368
      endloop
   endfacet
   facet normal 0.108119 6.62038e-18 0.994138
      outer loop
         vertex -0.0140845 0.0915612 -0.0446054
         vertex -0.0142421 0.0915612 -0.0445795
         vertex -0.0142421 0.0899612 -0.0445795
      endloop
   endfacet
   facet normal -1.22465e-16 -7.4988e-33 1
      outer loop
         vertex -0.013925 0.0915612 -0.044614
         vertex -0.0140845 0.0915612 -0.0446054
         vertex -0.0140845 0.0899612 -0.0446054
      endloop
   endfacet
   facet normal -0.108119 -6.62038e-18 0.994138
      outer loop
         vertex -0.0137655 0.0915612 -0.0446054
         vertex -0.013925 0.0915612 -0.044614
         vertex -0.013925 0.0899612 -0.044614
      endloop
   endfacet
   facet normal -0.21497 -1.31631e-17 0.976621
      outer loop
         vertex -0.0136079 0.0915612 -0.0445795
         vertex -0.0137655 0.0915612 -0.0446054
         vertex -0.0137655 0.0899612 -0.0446054
      endloop
   endfacet
   facet normal -0.319302 -1.95516e-17 0.947653
      outer loop
         vertex -0.013454 0.0915612 -0.0445368
         vertex -0.0136079 0.0915612 -0.0445795
         vertex -0.0136079 0.0899612 -0.0445795
      endloop
   endfacet
   facet normal -0.419889 -2.57108e-17 0.907575
      outer loop
         vertex -0.0133057 0.0915612 -0.0444777
         vertex -0.013454 0.0915612 -0.0445368
         vertex -0.013454 0.0899612 -0.0445368
      endloop
   endfacet
   facet normal -0.515554 -3.15686e-17 0.856857
      outer loop
         vertex -0.0131646 0.0915612 -0.0444029
         vertex -0.0133057 0.0915612 -0.0444777
         vertex -0.0133057 0.0899612 -0.0444777
      endloop
   endfacet
   facet normal -0.605174 -3.70562e-17 0.796093
      outer loop
         vertex -0.0130324 0.0915612 -0.0443133
         vertex -0.0131646 0.0915612 -0.0444029
         vertex -0.0131646 0.0899612 -0.0444029
      endloop
   endfacet
   facet normal -0.687699 -4.21094e-17 0.725995
      outer loop
         vertex -0.0129106 0.0915612 -0.0442099
         vertex -0.0130324 0.0915612 -0.0443133
         vertex -0.0130324 0.0899612 -0.0443133
      endloop
   endfacet
   facet normal -0.762162 -4.6669e-17 0.647386
      outer loop
         vertex -0.0128008 0.0915612 -0.0440939
         vertex -0.0129106 0.0915612 -0.0442099
         vertex -0.0129106 0.0899612 -0.0442099
      endloop
   endfacet
   facet normal -0.827689 -5.06813e-17 0.561187
      outer loop
         vertex -0.0127042 0.0915612 -0.0439668
         vertex -0.0128008 0.0915612 -0.0440939
         vertex -0.0128008 0.0899612 -0.0440939
      endloop
   endfacet
   facet normal -0.883512 -5.40995e-17 0.468408
      outer loop
         vertex -0.0126218 0.0915612 -0.0438299
         vertex -0.0127042 0.0915612 -0.0439668
         vertex -0.0127042 0.0899612 -0.0439668
      endloop
   endfacet
   facet normal -0.928977 -5.68834e-17 0.370138
      outer loop
         vertex -0.0125548 0.0915612 -0.043685
         vertex -0.0126218 0.0915612 -0.0438299
         vertex -0.0126218 0.0899612 -0.0438299
      endloop
   endfacet
   facet normal -0.96355 -5.90004e-17 0.267528
      outer loop
         vertex -0.0125038 0.0915612 -0.0435336
         vertex -0.0125548 0.0915612 -0.043685
         vertex -0.0125548 0.0899612 -0.043685
      endloop
   endfacet
   facet normal -0.986827 -6.04257e-17 0.161782
      outer loop
         vertex -0.0124694 0.0915612 -0.0433776
         vertex -0.0125038 0.0915612 -0.0435336
         vertex -0.0125038 0.0899612 -0.0435336
      endloop
   endfacet
   facet normal -0.998533 -6.11425e-17 0.0541389
      outer loop
         vertex -0.0124522 0.0915612 -0.0432189
         vertex -0.0124694 0.0915612 -0.0433776
         vertex -0.0124694 0.0899612 -0.0433776
      endloop
   endfacet
   facet normal -0.998533 -6.11425e-17 -0.0541389
      outer loop
         vertex -0.0124522 0.0915612 -0.0430592
         vertex -0.0124522 0.0915612 -0.0432189
         vertex -0.0124522 0.0899612 -0.0432189
      endloop
   endfacet
   facet normal -0.986827 -6.04257e-17 -0.161782
      outer loop
         vertex -0.0124694 0.0915612 -0.0429004
         vertex -0.0124522 0.0915612 -0.0430592
         vertex -0.0124522 0.0899612 -0.0430592
      endloop
   endfacet
   facet normal -0.96355 -5.90004e-17 -0.267528
      outer loop
         vertex -0.0125038 0.0915612 -0.0427444
         vertex -0.0124694 0.0915612 -0.0429004
         vertex -0.0124694 0.0899612 -0.0429004
      endloop
   endfacet
   facet normal -0.928977 -5.68834e-17 -0.370138
      outer loop
         vertex -0.0125548 0.0915612 -0.0425931
         vertex -0.0125038 0.0915612 -0.0427444
         vertex -0.0125038 0.0899612 -0.0427444
      endloop
   endfacet
   facet normal -0.883512 -5.40995e-17 -0.468408
      outer loop
         vertex -0.0126218 0.0915612 -0.0424481
         vertex -0.0125548 0.0915612 -0.0425931
         vertex -0.0125548 0.0899612 -0.0425931
      endloop
   endfacet
   facet normal -0.827689 -5.06813e-17 -0.561187
      outer loop
         vertex -0.0127042 0.0915612 -0.0423113
         vertex -0.0126218 0.0915612 -0.0424481
         vertex -0.0126218 0.0899612 -0.0424481
      endloop
   endfacet
   facet normal -0.762162 -4.6669e-17 -0.647386
      outer loop
         vertex -0.0128008 0.0915612 -0.0421841
         vertex -0.0127042 0.0915612 -0.0423113
         vertex -0.0127042 0.0899612 -0.0423113
      endloop
   endfacet
   facet normal -0.687699 -4.21094e-17 -0.725995
      outer loop
         vertex -0.0129106 0.0915612 -0.0420682
         vertex -0.0128008 0.0915612 -0.0421841
         vertex -0.0128008 0.0899612 -0.0421841
      endloop
   endfacet
   facet normal -0.605174 -3.70562e-17 -0.796093
      outer loop
         vertex -0.0130324 0.0915612 -0.0419648
         vertex -0.0129106 0.0915612 -0.0420682
         vertex -0.0129106 0.0899612 -0.0420682
      endloop
   endfacet
   facet normal -0.515554 -3.15686e-17 -0.856857
      outer loop
         vertex -0.0131646 0.0915612 -0.0418752
         vertex -0.0130324 0.0915612 -0.0419648
         vertex -0.0130324 0.0899612 -0.0419648
      endloop
   endfacet
   facet normal -0.419889 -2.57108e-17 -0.907575
      outer loop
         vertex -0.0133057 0.0915612 -0.0418003
         vertex -0.0131646 0.0915612 -0.0418752
         vertex -0.0131646 0.0899612 -0.0418752
      endloop
   endfacet
   facet normal -0.319302 -1.95516e-17 -0.947653
      outer loop
         vertex -0.013454 0.0915612 -0.0417412
         vertex -0.0133057 0.0915612 -0.0418003
         vertex -0.0133057 0.0899612 -0.0418003
      endloop
   endfacet
   facet normal -0.21497 -1.31631e-17 -0.976621
      outer loop
         vertex -0.0136079 0.0915612 -0.0416985
         vertex -0.013454 0.0915612 -0.0417412
         vertex -0.013454 0.0899612 -0.0417412
      endloop
   endfacet
   facet normal -0.108119 -6.62038e-18 -0.994138
      outer loop
         vertex -0.0137655 0.0915612 -0.0416727
         vertex -0.0136079 0.0915612 -0.0416985
         vertex -0.0136079 0.0899612 -0.0416985
      endloop
   endfacet
   facet normal 1.82123e-16 1.11518e-32 -1
      outer loop
         vertex -0.013925 0.0915612 -0.041664
         vertex -0.0137655 0.0915612 -0.0416727
         vertex -0.0137655 0.0899612 -0.0416727
      endloop
   endfacet
   facet normal -0.108119 -6.62038e-18 -0.994138
      outer loop
         vertex -0.0137655 0.0899612 -0.0416727
         vertex -0.013925 0.0899612 -0.041664
         vertex -0.013925 0.0915612 -0.041664
      endloop
   endfacet
   facet normal -0.21497 -1.31631e-17 -0.976621
      outer loop
         vertex -0.0136079 0.0899612 -0.0416985
         vertex -0.0137655 0.0899612 -0.0416727
         vertex -0.0137655 0.0915612 -0.0416727
      endloop
   endfacet
   facet normal -0.319302 -1.95516e-17 -0.947653
      outer loop
         vertex -0.013454 0.0899612 -0.0417412
         vertex -0.0136079 0.0899612 -0.0416985
         vertex -0.0136079 0.0915612 -0.0416985
      endloop
   endfacet
   facet normal -0.419889 -2.57108e-17 -0.907575
      outer loop
         vertex -0.0133057 0.0899612 -0.0418003
         vertex -0.013454 0.0899612 -0.0417412
         vertex -0.013454 0.0915612 -0.0417412
      endloop
   endfacet
   facet normal -0.515554 -3.15686e-17 -0.856857
      outer loop
         vertex -0.0131646 0.0899612 -0.0418752
         vertex -0.0133057 0.0899612 -0.0418003
         vertex -0.0133057 0.0915612 -0.0418003
      endloop
   endfacet
   facet normal -0.605174 -3.70562e-17 -0.796093
      outer loop
         vertex -0.0130324 0.0899612 -0.0419648
         vertex -0.0131646 0.0899612 -0.0418752
         vertex -0.0131646 0.0915612 -0.0418752
      endloop
   endfacet
   facet normal -0.687699 -4.21094e-17 -0.725995
      outer loop
         vertex -0.0129106 0.0899612 -0.0420682
         vertex -0.0130324 0.0899612 -0.0419648
         vertex -0.0130324 0.0915612 -0.0419648
      endloop
   endfacet
   facet normal -0.762162 -4.6669e-17 -0.647386
      outer loop
         vertex -0.0128008 0.0899612 -0.0421841
         vertex -0.0129106 0.0899612 -0.0420682
         vertex -0.0129106 0.0915612 -0.0420682
      endloop
   endfacet
   facet normal -0.827689 -5.06813e-17 -0.561187
      outer loop
         vertex -0.0127042 0.0899612 -0.0423113
         vertex -0.0128008 0.0899612 -0.0421841
         vertex -0.0128008 0.0915612 -0.0421841
      endloop
   endfacet
   facet normal -0.883512 -5.40995e-17 -0.468408
      outer loop
         vertex -0.0126218 0.0899612 -0.0424481
         vertex -0.0127042 0.0899612 -0.0423113
         vertex -0.0127042 0.0915612 -0.0423113
      endloop
   endfacet
   facet normal -0.928977 -5.68834e-17 -0.370138
      outer loop
         vertex -0.0125548 0.0899612 -0.0425931
         vertex -0.0126218 0.0899612 -0.0424481
         vertex -0.0126218 0.0915612 -0.0424481
      endloop
   endfacet
   facet normal -0.96355 -5.90004e-17 -0.267528
      outer loop
         vertex -0.0125038 0.0899612 -0.0427444
         vertex -0.0125548 0.0899612 -0.0425931
         vertex -0.0125548 0.0915612 -0.0425931
      endloop
   endfacet
   facet normal -0.986827 -6.04257e-17 -0.161782
      outer loop
         vertex -0.0124694 0.0899612 -0.0429004
         vertex -0.0125038 0.0899612 -0.0427444
         vertex -0.0125038 0.0915612 -0.0427444
      endloop
   endfacet
   facet normal -0.998533 -6.11425e-17 -0.0541389
      outer loop
         vertex -0.0124522 0.0899612 -0.0430592
         vertex -0.0124694 0.0899612 -0.0429004
         vertex -0.0124694 0.0915612 -0.0429004
      endloop
   endfacet
   facet normal -0.998533 -6.11425e-17 0.0541389
      outer loop
         vertex -0.0124522 0.0899612 -0.0432189
         vertex -0.0124522 0.0899612 -0.0430592
         vertex -0.0124522 0.0915612 -0.0430592
      endloop
   endfacet
   facet normal -0.986827 -6.04257e-17 0.161782
      outer loop
         vertex -0.0124694 0.0899612 -0.0433776
         vertex -0.0124522 0.0899612 -0.0432189
         vertex -0.0124522 0.0915612 -0.0432189
      endloop
   endfacet
   facet normal -0.96355 -5.90004e-17 0.267528
      outer loop
         vertex -0.0125038 0.0899612 -0.0435336
         vertex -0.0124694 0.0899612 -0.0433776
         vertex -0.0124694 0.0915612 -0.0433776
      endloop
   endfacet
   facet normal -0.928977 -5.68834e-17 0.370138
      outer loop
         vertex -0.0125548 0.0899612 -0.043685
         vertex -0.0125038 0.0899612 -0.0435336
         vertex -0.0125038 0.0915612 -0.0435336
      endloop
   endfacet
   facet normal -0.883512 -5.40995e-17 0.468408
      outer loop
         vertex -0.0126218 0.0899612 -0.0438299
         vertex -0.0125548 0.0899612 -0.043685
         vertex -0.0125548 0.0915612 -0.043685
      endloop
   endfacet
   facet normal -0.827689 -5.06813e-17 0.561187
      outer loop
         vertex -0.0127042 0.0899612 -0.0439668
         vertex -0.0126218 0.0899612 -0.0438299
         vertex -0.0126218 0.0915612 -0.0438299
      endloop
   endfacet
   facet normal -0.762162 -4.6669e-17 0.647386
      outer loop
         vertex -0.0128008 0.0899612 -0.0440939
         vertex -0.0127042 0.0899612 -0.0439668
         vertex -0.0127042 0.0915612 -0.0439668
      endloop
   endfacet
   facet normal -0.687699 -4.21094e-17 0.725995
      outer loop
         vertex -0.0129106 0.0899612 -0.0442099
         vertex -0.0128008 0.0899612 -0.0440939
         vertex -0.0128008 0.0915612 -0.0440939
      endloop
   endfacet
   facet normal -0.605174 -3.70562e-17 0.796093
      outer loop
         vertex -0.0130324 0.0899612 -0.0443133
         vertex -0.0129106 0.0899612 -0.0442099
         vertex -0.0129106 0.0915612 -0.0442099
      endloop
   endfacet
   facet normal -0.515554 -3.15686e-17 0.856857
      outer loop
         vertex -0.0131646 0.0899612 -0.0444029
         vertex -0.0130324 0.0899612 -0.0443133
         vertex -0.0130324 0.0915612 -0.0443133
      endloop
   endfacet
   facet normal -0.419889 -2.57108e-17 0.907575
      outer loop
         vertex -0.0133057 0.0899612 -0.0444777
         vertex -0.0131646 0.0899612 -0.0444029
         vertex -0.0131646 0.0915612 -0.0444029
      endloop
   endfacet
   facet normal -0.319302 -1.95516e-17 0.947653
      outer loop
         vertex -0.013454 0.0899612 -0.0445368
         vertex -0.0133057 0.0899612 -0.0444777
         vertex -0.0133057 0.0915612 -0.0444777
      endloop
   endfacet
   facet normal -0.21497 -1.31631e-17 0.976621
      outer loop
         vertex -0.0136079 0.0899612 -0.0445795
         vertex -0.013454 0.0899612 -0.0445368
         vertex -0.013454 0.0915612 -0.0445368
      endloop
   endfacet
   facet normal -0.108119 -6.62038e-18 0.994138
      outer loop
         vertex -0.0137655 0.0899612 -0.0446054
         vertex -0.0136079 0.0899612 -0.0445795
         vertex -0.0136079 0.0915612 -0.0445795
      endloop
   endfacet
   facet normal -1.22465e-16 -7.4988e-33 1
      outer loop
         vertex -0.013925 0.0899612 -0.044614
         vertex -0.0137655 0.0899612 -0.0446054
         vertex -0.0137655 0.0915612 -0.0446054
      endloop
   endfacet
   facet normal 0.108119 6.62038e-18 0.994138
      outer loop
         vertex -0.0140845 0.0899612 -0.0446054
         vertex -0.013925 0.0899612 -0.044614
         vertex -0.013925 0.0915612 -0.044614
      endloop
   endfacet
   facet normal 0.21497 1.31631e-17 0.976621
      outer loop
         vertex -0.0142421 0.0899612 -0.0445795
         vertex -0.0140845 0.0899612 -0.0446054
         vertex -0.0140845 0.0915612 -0.0446054
      endloop
   endfacet
   facet normal 0.319302 1.95516e-17 0.947653
      outer loop
         vertex -0.014396 0.0899612 -0.0445368
         vertex -0.0142421 0.0899612 -0.0445795
         vertex -0.0142421 0.0915612 -0.0445795
      endloop
   endfacet
   facet normal 0.419889 2.57108e-17 0.907575
      outer loop
         vertex -0.0145443 0.0899612 -0.0444777
         vertex -0.014396 0.0899612 -0.0445368
         vertex -0.014396 0.0915612 -0.0445368
      endloop
   endfacet
   facet normal 0.515554 3.15686e-17 0.856857
      outer loop
         vertex -0.0146854 0.0899612 -0.0444029
         vertex -0.0145443 0.0899612 -0.0444777
         vertex -0.0145443 0.0915612 -0.0444777
      endloop
   endfacet
   facet normal 0.605174 3.70562e-17 0.796093
      outer loop
         vertex -0.0148176 0.0899612 -0.0443133
         vertex -0.0146854 0.0899612 -0.0444029
         vertex -0.0146854 0.0915612 -0.0444029
      endloop
   endfacet
   facet normal 0.687699 4.21094e-17 0.725995
      outer loop
         vertex -0.0149394 0.0899612 -0.0442099
         vertex -0.0148176 0.0899612 -0.0443133
         vertex -0.0148176 0.0915612 -0.0443133
      endloop
   endfacet
   facet normal 0.762162 4.6669e-17 0.647386
      outer loop
         vertex -0.0150492 0.0899612 -0.0440939
         vertex -0.0149394 0.0899612 -0.0442099
         vertex -0.0149394 0.0915612 -0.0442099
      endloop
   endfacet
   facet normal 0.827689 5.06813e-17 0.561187
      outer loop
         vertex -0.0151458 0.0899612 -0.0439668
         vertex -0.0150492 0.0899612 -0.0440939
         vertex -0.0150492 0.0915612 -0.0440939
      endloop
   endfacet
   facet normal 0.883512 5.40995e-17 0.468408
      outer loop
         vertex -0.0152282 0.0899612 -0.0438299
         vertex -0.0151458 0.0899612 -0.0439668
         vertex -0.0151458 0.0915612 -0.0439668
      endloop
   endfacet
   facet normal 0.928977 5.68834e-17 0.370138
      outer loop
         vertex -0.0152952 0.0899612 -0.043685
         vertex -0.0152282 0.0899612 -0.0438299
         vertex -0.0152282 0.0915612 -0.0438299
      endloop
   endfacet
   facet normal 0.96355 5.90004e-17 0.267528
      outer loop
         vertex -0.0153462 0.0899612 -0.0435336
         vertex -0.0152952 0.0899612 -0.043685
         vertex -0.0152952 0.0915612 -0.043685
      endloop
   endfacet
   facet normal 0.986827 6.04257e-17 0.161782
      outer loop
         vertex -0.0153806 0.0899612 -0.0433776
         vertex -0.0153462 0.0899612 -0.0435336
         vertex -0.0153462 0.0915612 -0.0435336
      endloop
   endfacet
   facet normal 0.998533 6.11425e-17 0.0541389
      outer loop
         vertex -0.0153978 0.0899612 -0.0432189
         vertex -0.0153806 0.0899612 -0.0433776
         vertex -0.0153806 0.0915612 -0.0433776
      endloop
   endfacet
   facet normal 0.998533 6.11425e-17 -0.0541389
      outer loop
         vertex -0.0153978 0.0899612 -0.0430592
         vertex -0.0153978 0.0899612 -0.0432189
         vertex -0.0153978 0.0915612 -0.0432189
      endloop
   endfacet
   facet normal 0.986827 6.04257e-17 -0.161782
      outer loop
         vertex -0.0153806 0.0899612 -0.0429004
         vertex -0.0153978 0.0899612 -0.0430592
         vertex -0.0153978 0.0915612 -0.0430592
      endloop
   endfacet
   facet normal 0.96355 5.90004e-17 -0.267528
      outer loop
         vertex -0.0153462 0.0899612 -0.0427444
         vertex -0.0153806 0.0899612 -0.0429004
         vertex -0.0153806 0.0915612 -0.0429004
      endloop
   endfacet
   facet normal 0.928977 5.68834e-17 -0.370138
      outer loop
         vertex -0.0152952 0.0899612 -0.0425931
         vertex -0.0153462 0.0899612 -0.0427444
         vertex -0.0153462 0.0915612 -0.0427444
      endloop
   endfacet
   facet normal 0.883512 5.40995e-17 -0.468408
      outer loop
         vertex -0.0152282 0.0899612 -0.0424481
         vertex -0.0152952 0.0899612 -0.0425931
         vertex -0.0152952 0.0915612 -0.0425931
      endloop
   endfacet
   facet normal 0.827689 5.06813e-17 -0.561187
      outer loop
         vertex -0.0151458 0.0899612 -0.0423113
         vertex -0.0152282 0.0899612 -0.0424481
         vertex -0.0152282 0.0915612 -0.0424481
      endloop
   endfacet
   facet normal 0.762162 4.6669e-17 -0.647386
      outer loop
         vertex -0.0150492 0.0899612 -0.0421841
         vertex -0.0151458 0.0899612 -0.0423113
         vertex -0.0151458 0.0915612 -0.0423113
      endloop
   endfacet
   facet normal 0.687699 4.21094e-17 -0.725995
      outer loop
         vertex -0.0149394 0.0899612 -0.0420682
         vertex -0.0150492 0.0899612 -0.0421841
         vertex -0.0150492 0.0915612 -0.0421841
      endloop
   endfacet
   facet normal 0.605174 3.70562e-17 -0.796093
      outer loop
         vertex -0.0148176 0.0899612 -0.0419648
         vertex -0.0149394 0.0899612 -0.0420682
         vertex -0.0149394 0.0915612 -0.0420682
      endloop
   endfacet
   facet normal 0.515554 3.15686e-17 -0.856857
      outer loop
         vertex -0.0146854 0.0899612 -0.0418752
         vertex -0.0148176 0.0899612 -0.0419648
         vertex -0.0148176 0.0915612 -0.0419648
      endloop
   endfacet
   facet normal 0.419889 2.57108e-17 -0.907575
      outer loop
         vertex -0.0145443 0.0899612 -0.0418003
         vertex -0.0146854 0.0899612 -0.0418752
         vertex -0.0146854 0.0915612 -0.0418752
      endloop
   endfacet
   facet normal 0.319302 1.95516e-17 -0.947653
      outer loop
         vertex -0.014396 0.0899612 -0.0417412
         vertex -0.0145443 0.0899612 -0.0418003
         vertex -0.0145443 0.0915612 -0.0418003
      endloop
   endfacet
   facet normal 0.21497 1.31631e-17 -0.976621
      outer loop
         vertex -0.0142421 0.0899612 -0.0416985
         vertex -0.014396 0.0899612 -0.0417412
         vertex -0.014396 0.0915612 -0.0417412
      endloop
   endfacet
   facet normal 0.108119 6.62038e-18 -0.994138
      outer loop
         vertex -0.0140845 0.0899612 -0.0416727
         vertex -0.0142421 0.0899612 -0.0416985
         vertex -0.0142421 0.0915612 -0.0416985
      endloop
   endfacet
   facet normal 1.82123e-16 1.11518e-32 -1
      outer loop
         vertex -0.013925 0.0899612 -0.041664
         vertex -0.0140845 0.0899612 -0.0416727
         vertex -0.0140845 0.0915612 -0.0416727
      endloop
   endfacet
   facet normal 0.108119 6.62038e-18 -0.994138
      outer loop
         vertex 0.0137655 0.0915612 -0.0138227
         vertex 0.013925 0.0915612 -0.013814
         vertex 0.013925 0.0899612 -0.013814
      endloop
   endfacet
   facet normal 0.21497 1.31631e-17 -0.976621
      outer loop
         vertex 0.0136079 0.0915612 -0.0138485
         vertex 0.0137655 0.0915612 -0.0138227
         vertex 0.0137655 0.0899612 -0.0138227
      endloop
   endfacet
   facet normal 0.319302 1.95516e-17 -0.947653
      outer loop
         vertex 0.013454 0.0915612 -0.0138912
         vertex 0.0136079 0.0915612 -0.0138485
         vertex 0.0136079 0.0899612 -0.0138485
      endloop
   endfacet
   facet normal 0.419889 2.57108e-17 -0.907575
      outer loop
         vertex 0.0133057 0.0915612 -0.0139503
         vertex 0.013454 0.0915612 -0.0138912
         vertex 0.013454 0.0899612 -0.0138912
      endloop
   endfacet
   facet normal 0.515554 3.15686e-17 -0.856857
      outer loop
         vertex 0.0131646 0.0915612 -0.0140252
         vertex 0.0133057 0.0915612 -0.0139503
         vertex 0.0133057 0.0899612 -0.0139503
      endloop
   endfacet
   facet normal 0.605174 3.70562e-17 -0.796093
      outer loop
         vertex 0.0130324 0.0915612 -0.0141148
         vertex 0.0131646 0.0915612 -0.0140252
         vertex 0.0131646 0.0899612 -0.0140252
      endloop
   endfacet
   facet normal 0.687699 4.21094e-17 -0.725995
      outer loop
         vertex 0.0129106 0.0915612 -0.0142182
         vertex 0.0130324 0.0915612 -0.0141148
         vertex 0.0130324 0.0899612 -0.0141148
      endloop
   endfacet
   facet normal 0.762162 4.6669e-17 -0.647386
      outer loop
         vertex 0.0128008 0.0915612 -0.0143341
         vertex 0.0129106 0.0915612 -0.0142182
         vertex 0.0129106 0.0899612 -0.0142182
      endloop
   endfacet
   facet normal 0.827689 5.06813e-17 -0.561187
      outer loop
         vertex 0.0127042 0.0915612 -0.0144613
         vertex 0.0128008 0.0915612 -0.0143341
         vertex 0.0128008 0.0899612 -0.0143341
      endloop
   endfacet
   facet normal 0.883512 5.40995e-17 -0.468408
      outer loop
         vertex 0.0126218 0.0915612 -0.0145981
         vertex 0.0127042 0.0915612 -0.0144613
         vertex 0.0127042 0.0899612 -0.0144613
      endloop
   endfacet
   facet normal 0.928977 5.68834e-17 -0.370138
      outer loop
         vertex 0.0125548 0.0915612 -0.0147431
         vertex 0.0126218 0.0915612 -0.0145981
         vertex 0.0126218 0.0899612 -0.0145981
      endloop
   endfacet
   facet normal 0.96355 5.90004e-17 -0.267528
      outer loop
         vertex 0.0125038 0.0915612 -0.0148944
         vertex 0.0125548 0.0915612 -0.0147431
         vertex 0.0125548 0.0899612 -0.0147431
      endloop
   endfacet
   facet normal 0.986827 6.04257e-17 -0.161782
      outer loop
         vertex 0.0124694 0.0915612 -0.0150504
         vertex 0.0125038 0.0915612 -0.0148944
         vertex 0.0125038 0.0899612 -0.0148944
      endloop
   endfacet
   facet normal 0.998533 6.11425e-17 -0.0541389
      outer loop
         vertex 0.0124522 0.0915612 -0.0152092
         vertex 0.0124694 0.0915612 -0.0150504
         vertex 0.0124694 0.0899612 -0.0150504
      endloop
   endfacet
   facet normal 0.998533 6.11425e-17 0.0541389
      outer loop
         vertex 0.0124522 0.0915612 -0.0153689
         vertex 0.0124522 0.0915612 -0.0152092
         vertex 0.0124522 0.0899612 -0.0152092
      endloop
   endfacet
   facet normal 0.986827 6.04257e-17 0.161782
      outer loop
         vertex 0.0124694 0.0915612 -0.0155276
         vertex 0.0124522 0.0915612 -0.0153689
         vertex 0.0124522 0.0899612 -0.0153689
      endloop
   endfacet
   facet normal 0.96355 5.90004e-17 0.267528
      outer loop
         vertex 0.0125038 0.0915612 -0.0156836
         vertex 0.0124694 0.0915612 -0.0155276
         vertex 0.0124694 0.0899612 -0.0155276
      endloop
   endfacet
   facet normal 0.928977 5.68834e-17 0.370138
      outer loop
         vertex 0.0125548 0.0915612 -0.015835
         vertex 0.0125038 0.0915612 -0.0156836
         vertex 0.0125038 0.0899612 -0.0156836
      endloop
   endfacet
   facet normal 0.883512 5.40995e-17 0.468408
      outer loop
         vertex 0.0126218 0.0915612 -0.0159799
         vertex 0.0125548 0.0915612 -0.015835
         vertex 0.0125548 0.0899612 -0.015835
      endloop
   endfacet
   facet normal 0.827689 5.06813e-17 0.561187
      outer loop
         vertex 0.0127042 0.0915612 -0.0161168
         vertex 0.0126218 0.0915612 -0.0159799
         vertex 0.0126218 0.0899612 -0.0159799
      endloop
   endfacet
   facet normal 0.762162 4.6669e-17 0.647386
      outer loop
         vertex 0.0128008 0.0915612 -0.0162439
         vertex 0.0127042 0.0915612 -0.0161168
         vertex 0.0127042 0.0899612 -0.0161168
      endloop
   endfacet
   facet normal 0.687699 4.21094e-17 0.725995
      outer loop
         vertex 0.0129106 0.0915612 -0.0163599
         vertex 0.0128008 0.0915612 -0.0162439
         vertex 0.0128008 0.0899612 -0.0162439
      endloop
   endfacet
   facet normal 0.605174 3.70562e-17 0.796093
      outer loop
         vertex 0.0130324 0.0915612 -0.0164633
         vertex 0.0129106 0.0915612 -0.0163599
         vertex 0.0129106 0.0899612 -0.0163599
      endloop
   endfacet
   facet normal 0.515554 3.15686e-17 0.856857
      outer loop
         vertex 0.0131646 0.0915612 -0.0165529
         vertex 0.0130324 0.0915612 -0.0164633
         vertex 0.0130324 0.0899612 -0.0164633
      endloop
   endfacet
   facet normal 0.419889 2.57108e-17 0.907575
      outer loop
         vertex 0.0133057 0.0915612 -0.0166277
         vertex 0.0131646 0.0915612 -0.0165529
         vertex 0.0131646 0.0899612 -0.0165529
      endloop
   endfacet
   facet normal 0.319302 1.95516e-17 0.947653
      outer loop
         vertex 0.013454 0.0915612 -0.0166868
         vertex 0.0133057 0.0915612 -0.0166277
         vertex 0.0133057 0.0899612 -0.0166277
      endloop
   endfacet
   facet normal 0.21497 1.31631e-17 0.976621
      outer loop
         vertex 0.0136079 0.0915612 -0.0167295
         vertex 0.013454 0.0915612 -0.0166868
         vertex 0.013454 0.0899612 -0.0166868
      endloop
   endfacet
   facet normal 0.108119 6.62038e-18 0.994138
      outer loop
         vertex 0.0137655 0.0915612 -0.0167554
         vertex 0.0136079 0.0915612 -0.0167295
         vertex 0.0136079 0.0899612 -0.0167295
      endloop
   endfacet
   facet normal -1.22465e-16 -7.4988e-33 1
      outer loop
         vertex 0.013925 0.0915612 -0.016764
         vertex 0.0137655 0.0915612 -0.0167554
         vertex 0.0137655 0.0899612 -0.0167554
      endloop
   endfacet
   facet normal -0.108119 -6.62038e-18 0.994138
      outer loop
         vertex 0.0140845 0.0915612 -0.0167554
         vertex 0.013925 0.0915612 -0.016764
         vertex 0.013925 0.0899612 -0.016764
      endloop
   endfacet
   facet normal -0.21497 -1.31631e-17 0.976621
      outer loop
         vertex 0.0142421 0.0915612 -0.0167295
         vertex 0.0140845 0.0915612 -0.0167554
         vertex 0.0140845 0.0899612 -0.0167554
      endloop
   endfacet
   facet normal -0.319302 -1.95516e-17 0.947653
      outer loop
         vertex 0.014396 0.0915612 -0.0166868
         vertex 0.0142421 0.0915612 -0.0167295
         vertex 0.0142421 0.0899612 -0.0167295
      endloop
   endfacet
   facet normal -0.419889 -2.57108e-17 0.907575
      outer loop
         vertex 0.0145443 0.0915612 -0.0166277
         vertex 0.014396 0.0915612 -0.0166868
         vertex 0.014396 0.0899612 -0.0166868
      endloop
   endfacet
   facet normal -0.515554 -3.15686e-17 0.856857
      outer loop
         vertex 0.0146854 0.0915612 -0.0165529
         vertex 0.0145443 0.0915612 -0.0166277
         vertex 0.0145443 0.0899612 -0.0166277
      endloop
   endfacet
   facet normal -0.605174 -3.70562e-17 0.796093
      outer loop
         vertex 0.0148176 0.0915612 -0.0164633
         vertex 0.0146854 0.0915612 -0.0165529
         vertex 0.0146854 0.0899612 -0.0165529
      endloop
   endfacet
   facet normal -0.687699 -4.21094e-17 0.725995
      outer loop
         vertex 0.0149394 0.0915612 -0.0163599
         vertex 0.0148176 0.0915612 -0.0164633
         vertex 0.0148176 0.0899612 -0.0164633
      endloop
   endfacet
   facet normal -0.762162 -4.6669e-17 0.647386
      outer loop
         vertex 0.0150492 0.0915612 -0.0162439
         vertex 0.0149394 0.0915612 -0.0163599
         vertex 0.0149394 0.0899612 -0.0163599
      endloop
   endfacet
   facet normal -0.827689 -5.06813e-17 0.561187
      outer loop
         vertex 0.0151458 0.0915612 -0.0161168
         vertex 0.0150492 0.0915612 -0.0162439
         vertex 0.0150492 0.0899612 -0.0162439
      endloop
   endfacet
   facet normal -0.883512 -5.40995e-17 0.468408
      outer loop
         vertex 0.0152282 0.0915612 -0.0159799
         vertex 0.0151458 0.0915612 -0.0161168
         vertex 0.0151458 0.0899612 -0.0161168
      endloop
   endfacet
   facet normal -0.928977 -5.68834e-17 0.370138
      outer loop
         vertex 0.0152952 0.0915612 -0.015835
         vertex 0.0152282 0.0915612 -0.0159799
         vertex 0.0152282 0.0899612 -0.0159799
      endloop
   endfacet
   facet normal -0.96355 -5.90004e-17 0.267528
      outer loop
         vertex 0.0153462 0.0915612 -0.0156836
         vertex 0.0152952 0.0915612 -0.015835
         vertex 0.0152952 0.0899612 -0.015835
      endloop
   endfacet
   facet normal -0.986827 -6.04257e-17 0.161782
      outer loop
         vertex 0.0153806 0.0915612 -0.0155276
         vertex 0.0153462 0.0915612 -0.0156836
         vertex 0.0153462 0.0899612 -0.0156836
      endloop
   endfacet
   facet normal -0.998533 -6.11425e-17 0.0541389
      outer loop
         vertex 0.0153978 0.0915612 -0.0153689
         vertex 0.0153806 0.0915612 -0.0155276
         vertex 0.0153806 0.0899612 -0.0155276
      endloop
   endfacet
   facet normal -0.998533 -6.11425e-17 -0.0541389
      outer loop
         vertex 0.0153978 0.0915612 -0.0152092
         vertex 0.0153978 0.0915612 -0.0153689
         vertex 0.0153978 0.0899612 -0.0153689
      endloop
   endfacet
   facet normal -0.986827 -6.04257e-17 -0.161782
      outer loop
         vertex 0.0153806 0.0915612 -0.0150504
         vertex 0.0153978 0.0915612 -0.0152092
         vertex 0.0153978 0.0899612 -0.0152092
      endloop
   endfacet
   facet normal -0.96355 -5.90004e-17 -0.267528
      outer loop
         vertex 0.0153462 0.0915612 -0.0148944
         vertex 0.0153806 0.0915612 -0.0150504
         vertex 0.0153806 0.0899612 -0.0150504
      endloop
   endfacet
   facet normal -0.928977 -5.68834e-17 -0.370138
      outer loop
         vertex 0.0152952 0.0915612 -0.0147431
         vertex 0.0153462 0.0915612 -0.0148944
         vertex 0.0153462 0.0899612 -0.0148944
      endloop
   endfacet
   facet normal -0.883512 -5.40995e-17 -0.468408
      outer loop
         vertex 0.0152282 0.0915612 -0.0145981
         vertex 0.0152952 0.0915612 -0.0147431
         vertex 0.0152952 0.0899612 -0.0147431
      endloop
   endfacet
   facet normal -0.827689 -5.06813e-17 -0.561187
      outer loop
         vertex 0.0151458 0.0915612 -0.0144613
         vertex 0.0152282 0.0915612 -0.0145981
         vertex 0.0152282 0.0899612 -0.0145981
      endloop
   endfacet
   facet normal -0.762162 -4.6669e-17 -0.647386
      outer loop
         vertex 0.0150492 0.0915612 -0.0143341
         vertex 0.0151458 0.0915612 -0.0144613
         vertex 0.0151458 0.0899612 -0.0144613
      endloop
   endfacet
   facet normal -0.687699 -4.21094e-17 -0.725995
      outer loop
         vertex 0.0149394 0.0915612 -0.0142182
         vertex 0.0150492 0.0915612 -0.0143341
         vertex 0.0150492 0.0899612 -0.0143341
      endloop
   endfacet
   facet normal -0.605174 -3.70562e-17 -0.796093
      outer loop
         vertex 0.0148176 0.0915612 -0.0141148
         vertex 0.0149394 0.0915612 -0.0142182
         vertex 0.0149394 0.0899612 -0.0142182
      endloop
   endfacet
   facet normal -0.515554 -3.15686e-17 -0.856857
      outer loop
         vertex 0.0146854 0.0915612 -0.0140252
         vertex 0.0148176 0.0915612 -0.0141148
         vertex 0.0148176 0.0899612 -0.0141148
      endloop
   endfacet
   facet normal -0.419889 -2.57108e-17 -0.907575
      outer loop
         vertex 0.0145443 0.0915612 -0.0139503
         vertex 0.0146854 0.0915612 -0.0140252
         vertex 0.0146854 0.0899612 -0.0140252
      endloop
   endfacet
   facet normal -0.319302 -1.95516e-17 -0.947653
      outer loop
         vertex 0.014396 0.0915612 -0.0138912
         vertex 0.0145443 0.0915612 -0.0139503
         vertex 0.0145443 0.0899612 -0.0139503
      endloop
   endfacet
   facet normal -0.21497 -1.31631e-17 -0.976621
      outer loop
         vertex 0.0142421 0.0915612 -0.0138485
         vertex 0.014396 0.0915612 -0.0138912
         vertex 0.014396 0.0899612 -0.0138912
      endloop
   endfacet
   facet normal -0.108119 -6.62038e-18 -0.994138
      outer loop
         vertex 0.0140845 0.0915612 -0.0138227
         vertex 0.0142421 0.0915612 -0.0138485
         vertex 0.0142421 0.0899612 -0.0138485
      endloop
   endfacet
   facet normal 2.44929e-16 1.49976e-32 -1
      outer loop
         vertex 0.013925 0.0915612 -0.013814
         vertex 0.0140845 0.0915612 -0.0138227
         vertex 0.0140845 0.0899612 -0.0138227
      endloop
   endfacet
   facet normal -0.108119 -6.62038e-18 -0.994138
      outer loop
         vertex 0.0140845 0.0899612 -0.0138227
         vertex 0.013925 0.0899612 -0.013814
         vertex 0.013925 0.0915612 -0.013814
      endloop
   endfacet
   facet normal -0.21497 -1.31631e-17 -0.976621
      outer loop
         vertex 0.0142421 0.0899612 -0.0138485
         vertex 0.0140845 0.0899612 -0.0138227
         vertex 0.0140845 0.0915612 -0.0138227
      endloop
   endfacet
   facet normal -0.319302 -1.95516e-17 -0.947653
      outer loop
         vertex 0.014396 0.0899612 -0.0138912
         vertex 0.0142421 0.0899612 -0.0138485
         vertex 0.0142421 0.0915612 -0.0138485
      endloop
   endfacet
   facet normal -0.419889 -2.57108e-17 -0.907575
      outer loop
         vertex 0.0145443 0.0899612 -0.0139503
         vertex 0.014396 0.0899612 -0.0138912
         vertex 0.014396 0.0915612 -0.0138912
      endloop
   endfacet
   facet normal -0.515554 -3.15686e-17 -0.856857
      outer loop
         vertex 0.0146854 0.0899612 -0.0140252
         vertex 0.0145443 0.0899612 -0.0139503
         vertex 0.0145443 0.0915612 -0.0139503
      endloop
   endfacet
   facet normal -0.605174 -3.70562e-17 -0.796093
      outer loop
         vertex 0.0148176 0.0899612 -0.0141148
         vertex 0.0146854 0.0899612 -0.0140252
         vertex 0.0146854 0.0915612 -0.0140252
      endloop
   endfacet
   facet normal -0.687699 -4.21094e-17 -0.725995
      outer loop
         vertex 0.0149394 0.0899612 -0.0142182
         vertex 0.0148176 0.0899612 -0.0141148
         vertex 0.0148176 0.0915612 -0.0141148
      endloop
   endfacet
   facet normal -0.762162 -4.6669e-17 -0.647386
      outer loop
         vertex 0.0150492 0.0899612 -0.0143341
         vertex 0.0149394 0.0899612 -0.0142182
         vertex 0.0149394 0.0915612 -0.0142182
      endloop
   endfacet
   facet normal -0.827689 -5.06813e-17 -0.561187
      outer loop
         vertex 0.0151458 0.0899612 -0.0144613
         vertex 0.0150492 0.0899612 -0.0143341
         vertex 0.0150492 0.0915612 -0.0143341
      endloop
   endfacet
   facet normal -0.883512 -5.40995e-17 -0.468408
      outer loop
         vertex 0.0152282 0.0899612 -0.0145981
         vertex 0.0151458 0.0899612 -0.0144613
         vertex 0.0151458 0.0915612 -0.0144613
      endloop
   endfacet
   facet normal -0.928977 -5.68834e-17 -0.370138
      outer loop
         vertex 0.0152952 0.0899612 -0.0147431
         vertex 0.0152282 0.0899612 -0.0145981
         vertex 0.0152282 0.0915612 -0.0145981
      endloop
   endfacet
   facet normal -0.96355 -5.90004e-17 -0.267528
      outer loop
         vertex 0.0153462 0.0899612 -0.0148944
         vertex 0.0152952 0.0899612 -0.0147431
         vertex 0.0152952 0.0915612 -0.0147431
      endloop
   endfacet
   facet normal -0.986827 -6.04257e-17 -0.161782
      outer loop
         vertex 0.0153806 0.0899612 -0.0150504
         vertex 0.0153462 0.0899612 -0.0148944
         vertex 0.0153462 0.0915612 -0.0148944
      endloop
   endfacet
   facet normal -0.998533 -6.11425e-17 -0.0541389
      outer loop
         vertex 0.0153978 0.0899612 -0.0152092
         vertex 0.0153806 0.0899612 -0.0150504
         vertex 0.0153806 0.0915612 -0.0150504
      endloop
   endfacet
   facet normal -0.998533 -6.11425e-17 0.0541389
      outer loop
         vertex 0.0153978 0.0899612 -0.0153689
         vertex 0.0153978 0.0899612 -0.0152092
         vertex 0.0153978 0.0915612 -0.0152092
      endloop
   endfacet
   facet normal -0.986827 -6.04257e-17 0.161782
      outer loop
         vertex 0.0153806 0.0899612 -0.0155276
         vertex 0.0153978 0.0899612 -0.0153689
         vertex 0.0153978 0.0915612 -0.0153689
      endloop
   endfacet
   facet normal -0.96355 -5.90004e-17 0.267528
      outer loop
         vertex 0.0153462 0.0899612 -0.0156836
         vertex 0.0153806 0.0899612 -0.0155276
         vertex 0.0153806 0.0915612 -0.0155276
      endloop
   endfacet
   facet normal -0.928977 -5.68834e-17 0.370138
      outer loop
         vertex 0.0152952 0.0899612 -0.015835
         vertex 0.0153462 0.0899612 -0.0156836
         vertex 0.0153462 0.0915612 -0.0156836
      endloop
   endfacet
   facet normal -0.883512 -5.40995e-17 0.468408
      outer loop
         vertex 0.0152282 0.0899612 -0.0159799
         vertex 0.0152952 0.0899612 -0.015835
         vertex 0.0152952 0.0915612 -0.015835
      endloop
   endfacet
   facet normal -0.827689 -5.06813e-17 0.561187
      outer loop
         vertex 0.0151458 0.0899612 -0.0161168
         vertex 0.0152282 0.0899612 -0.0159799
         vertex 0.0152282 0.0915612 -0.0159799
      endloop
   endfacet
   facet normal -0.762162 -4.6669e-17 0.647386
      outer loop
         vertex 0.0150492 0.0899612 -0.0162439
         vertex 0.0151458 0.0899612 -0.0161168
         vertex 0.0151458 0.0915612 -0.0161168
      endloop
   endfacet
   facet normal -0.687699 -4.21094e-17 0.725995
      outer loop
         vertex 0.0149394 0.0899612 -0.0163599
         vertex 0.0150492 0.0899612 -0.0162439
         vertex 0.0150492 0.0915612 -0.0162439
      endloop
   endfacet
   facet normal -0.605174 -3.70562e-17 0.796093
      outer loop
         vertex 0.0148176 0.0899612 -0.0164633
         vertex 0.0149394 0.0899612 -0.0163599
         vertex 0.0149394 0.0915612 -0.0163599
      endloop
   endfacet
   facet normal -0.515554 -3.15686e-17 0.856857
      outer loop
         vertex 0.0146854 0.0899612 -0.0165529
         vertex 0.0148176 0.0899612 -0.0164633
         vertex 0.0148176 0.0915612 -0.0164633
      endloop
   endfacet
   facet normal -0.419889 -2.57108e-17 0.907575
      outer loop
         vertex 0.0145443 0.0899612 -0.0166277
         vertex 0.0146854 0.0899612 -0.0165529
         vertex 0.0146854 0.0915612 -0.0165529
      endloop
   endfacet
   facet normal -0.319302 -1.95516e-17 0.947653
      outer loop
         vertex 0.014396 0.0899612 -0.0166868
         vertex 0.0145443 0.0899612 -0.0166277
         vertex 0.0145443 0.0915612 -0.0166277
      endloop
   endfacet
   facet normal -0.21497 -1.31631e-17 0.976621
      outer loop
         vertex 0.0142421 0.0899612 -0.0167295
         vertex 0.014396 0.0899612 -0.0166868
         vertex 0.014396 0.0915612 -0.0166868
      endloop
   endfacet
   facet normal -0.108119 -6.62038e-18 0.994138
      outer loop
         vertex 0.0140845 0.0899612 -0.0167554
         vertex 0.0142421 0.0899612 -0.0167295
         vertex 0.0142421 0.0915612 -0.0167295
      endloop
   endfacet
   facet normal -1.22465e-16 -7.4988e-33 1
      outer loop
         vertex 0.013925 0.0899612 -0.016764
         vertex 0.0140845 0.0899612 -0.0167554
         vertex 0.0140845 0.0915612 -0.0167554
      endloop
   endfacet
   facet normal 0.108119 6.62038e-18 0.994138
      outer loop
         vertex 0.0137655 0.0899612 -0.0167554
         vertex 0.013925 0.0899612 -0.016764
         vertex 0.013925 0.0915612 -0.016764
      endloop
   endfacet
   facet normal 0.21497 1.31631e-17 0.976621
      outer loop
         vertex 0.0136079 0.0899612 -0.0167295
         vertex 0.0137655 0.0899612 -0.0167554
         vertex 0.0137655 0.0915612 -0.0167554
      endloop
   endfacet
   facet normal 0.319302 1.95516e-17 0.947653
      outer loop
         vertex 0.013454 0.0899612 -0.0166868
         vertex 0.0136079 0.0899612 -0.0167295
         vertex 0.0136079 0.0915612 -0.0167295
      endloop
   endfacet
   facet normal 0.419889 2.57108e-17 0.907575
      outer loop
         vertex 0.0133057 0.0899612 -0.0166277
         vertex 0.013454 0.0899612 -0.0166868
         vertex 0.013454 0.0915612 -0.0166868
      endloop
   endfacet
   facet normal 0.515554 3.15686e-17 0.856857
      outer loop
         vertex 0.0131646 0.0899612 -0.0165529
         vertex 0.0133057 0.0899612 -0.0166277
         vertex 0.0133057 0.0915612 -0.0166277
      endloop
   endfacet
   facet normal 0.605174 3.70562e-17 0.796093
      outer loop
         vertex 0.0130324 0.0899612 -0.0164633
         vertex 0.0131646 0.0899612 -0.0165529
         vertex 0.0131646 0.0915612 -0.0165529
      endloop
   endfacet
   facet normal 0.687699 4.21094e-17 0.725995
      outer loop
         vertex 0.0129106 0.0899612 -0.0163599
         vertex 0.0130324 0.0899612 -0.0164633
         vertex 0.0130324 0.0915612 -0.0164633
      endloop
   endfacet
   facet normal 0.762162 4.6669e-17 0.647386
      outer loop
         vertex 0.0128008 0.0899612 -0.0162439
         vertex 0.0129106 0.0899612 -0.0163599
         vertex 0.0129106 0.0915612 -0.0163599
      endloop
   endfacet
   facet normal 0.827689 5.06813e-17 0.561187
      outer loop
         vertex 0.0127042 0.0899612 -0.0161168
         vertex 0.0128008 0.0899612 -0.0162439
         vertex 0.0128008 0.0915612 -0.0162439
      endloop
   endfacet
   facet normal 0.883512 5.40995e-17 0.468408
      outer loop
         vertex 0.0126218 0.0899612 -0.0159799
         vertex 0.0127042 0.0899612 -0.0161168
         vertex 0.0127042 0.0915612 -0.0161168
      endloop
   endfacet
   facet normal 0.928977 5.68834e-17 0.370138
      outer loop
         vertex 0.0125548 0.0899612 -0.015835
         vertex 0.0126218 0.0899612 -0.0159799
         vertex 0.0126218 0.0915612 -0.0159799
      endloop
   endfacet
   facet normal 0.96355 5.90004e-17 0.267528
      outer loop
         vertex 0.0125038 0.0899612 -0.0156836
         vertex 0.0125548 0.0899612 -0.015835
         vertex 0.0125548 0.0915612 -0.015835
      endloop
   endfacet
   facet normal 0.986827 6.04257e-17 0.161782
      outer loop
         vertex 0.0124694 0.0899612 -0.0155276
         vertex 0.0125038 0.0899612 -0.0156836
         vertex 0.0125038 0.0915612 -0.0156836
      endloop
   endfacet
   facet normal 0.998533 6.11425e-17 0.0541389
      outer loop
         vertex 0.0124522 0.0899612 -0.0153689
         vertex 0.0124694 0.0899612 -0.0155276
         vertex 0.0124694 0.0915612 -0.0155276
      endloop
   endfacet
   facet normal 0.998533 6.11425e-17 -0.0541389
      outer loop
         vertex 0.0124522 0.0899612 -0.0152092
         vertex 0.0124522 0.0899612 -0.0153689
         vertex 0.0124522 0.0915612 -0.0153689
      endloop
   endfacet
   facet normal 0.986827 6.04257e-17 -0.161782
      outer loop
         vertex 0.0124694 0.0899612 -0.0150504
         vertex 0.0124522 0.0899612 -0.0152092
         vertex 0.0124522 0.0915612 -0.0152092
      endloop
   endfacet
   facet normal 0.96355 5.90004e-17 -0.267528
      outer loop
         vertex 0.0125038 0.0899612 -0.0148944
         vertex 0.0124694 0.0899612 -0.0150504
         vertex 0.0124694 0.0915612 -0.0150504
      endloop
   endfacet
   facet normal 0.928977 5.68834e-17 -0.370138
      outer loop
         vertex 0.0125548 0.0899612 -0.0147431
         vertex 0.0125038 0.0899612 -0.0148944
         vertex 0.0125038 0.0915612 -0.0148944
      endloop
   endfacet
   facet normal 0.883512 5.40995e-17 -0.468408
      outer loop
         vertex 0.0126218 0.0899612 -0.0145981
         vertex 0.0125548 0.0899612 -0.0147431
         vertex 0.0125548 0.0915612 -0.0147431
      endloop
   endfacet
   facet normal 0.827689 5.06813e-17 -0.561187
      outer loop
         vertex 0.0127042 0.0899612 -0.0144613
         vertex 0.0126218 0.0899612 -0.0145981
         vertex 0.0126218 0.0915612 -0.0145981
      endloop
   endfacet
   facet normal 0.762162 4.6669e-17 -0.647386
      outer loop
         vertex 0.0128008 0.0899612 -0.0143341
         vertex 0.0127042 0.0899612 -0.0144613
         vertex 0.0127042 0.0915612 -0.0144613
      endloop
   endfacet
   facet normal 0.687699 4.21094e-17 -0.725995
      outer loop
         vertex 0.0129106 0.0899612 -0.0142182
         vertex 0.0128008 0.0899612 -0.0143341
         vertex 0.0128008 0.0915612 -0.0143341
      endloop
   endfacet
   facet normal 0.605174 3.70562e-17 -0.796093
      outer loop
         vertex 0.0130324 0.0899612 -0.0141148
         vertex 0.0129106 0.0899612 -0.0142182
         vertex 0.0129106 0.0915612 -0.0142182
      endloop
   endfacet
   facet normal 0.515554 3.15686e-17 -0.856857
      outer loop
         vertex 0.0131646 0.0899612 -0.0140252
         vertex 0.0130324 0.0899612 -0.0141148
         vertex 0.0130324 0.0915612 -0.0141148
      endloop
   endfacet
   facet normal 0.419889 2.57108e-17 -0.907575
      outer loop
         vertex 0.0133057 0.0899612 -0.0139503
         vertex 0.0131646 0.0899612 -0.0140252
         vertex 0.0131646 0.0915612 -0.0140252
      endloop
   endfacet
   facet normal 0.319302 1.95516e-17 -0.947653
      outer loop
         vertex 0.013454 0.0899612 -0.0138912
         vertex 0.0133057 0.0899612 -0.0139503
         vertex 0.0133057 0.0915612 -0.0139503
      endloop
   endfacet
   facet normal 0.21497 1.31631e-17 -0.976621
      outer loop
         vertex 0.0136079 0.0899612 -0.0138485
         vertex 0.013454 0.0899612 -0.0138912
         vertex 0.013454 0.0915612 -0.0138912
      endloop
   endfacet
   facet normal 0.108119 6.62038e-18 -0.994138
      outer loop
         vertex 0.0137655 0.0899612 -0.0138227
         vertex 0.0136079 0.0899612 -0.0138485
         vertex 0.0136079 0.0915612 -0.0138485
      endloop
   endfacet
   facet normal 2.44929e-16 1.49976e-32 -1
      outer loop
         vertex 0.013925 0.0899612 -0.013814
         vertex 0.0137655 0.0899612 -0.0138227
         vertex 0.0137655 0.0915612 -0.0138227
      endloop
   endfacet
   facet normal 0.108119 6.62038e-18 -0.994138
      outer loop
         vertex -0.0140845 0.0915612 -0.0138227
         vertex -0.013925 0.0915612 -0.013814
         vertex -0.013925 0.0899612 -0.013814
      endloop
   endfacet
   facet normal 0.21497 1.31631e-17 -0.976621
      outer loop
         vertex -0.0142421 0.0915612 -0.0138485
         vertex -0.0140845 0.0915612 -0.0138227
         vertex -0.0140845 0.0899612 -0.0138227
      endloop
   endfacet
   facet normal 0.319302 1.95516e-17 -0.947653
      outer loop
         vertex -0.014396 0.0915612 -0.0138912
         vertex -0.0142421 0.0915612 -0.0138485
         vertex -0.0142421 0.0899612 -0.0138485
      endloop
   endfacet
   facet normal 0.419889 2.57108e-17 -0.907575
      outer loop
         vertex -0.0145443 0.0915612 -0.0139503
         vertex -0.014396 0.0915612 -0.0138912
         vertex -0.014396 0.0899612 -0.0138912
      endloop
   endfacet
   facet normal 0.515554 3.15686e-17 -0.856857
      outer loop
         vertex -0.0146854 0.0915612 -0.0140252
         vertex -0.0145443 0.0915612 -0.0139503
         vertex -0.0145443 0.0899612 -0.0139503
      endloop
   endfacet
   facet normal 0.605174 3.70562e-17 -0.796093
      outer loop
         vertex -0.0148176 0.0915612 -0.0141148
         vertex -0.0146854 0.0915612 -0.0140252
         vertex -0.0146854 0.0899612 -0.0140252
      endloop
   endfacet
   facet normal 0.687699 4.21094e-17 -0.725995
      outer loop
         vertex -0.0149394 0.0915612 -0.0142182
         vertex -0.0148176 0.0915612 -0.0141148
         vertex -0.0148176 0.0899612 -0.0141148
      endloop
   endfacet
   facet normal 0.762162 4.6669e-17 -0.647386
      outer loop
         vertex -0.0150492 0.0915612 -0.0143341
         vertex -0.0149394 0.0915612 -0.0142182
         vertex -0.0149394 0.0899612 -0.0142182
      endloop
   endfacet
   facet normal 0.827689 5.06813e-17 -0.561187
      outer loop
         vertex -0.0151458 0.0915612 -0.0144613
         vertex -0.0150492 0.0915612 -0.0143341
         vertex -0.0150492 0.0899612 -0.0143341
      endloop
   endfacet
   facet normal 0.883512 5.40995e-17 -0.468408
      outer loop
         vertex -0.0152282 0.0915612 -0.0145981
         vertex -0.0151458 0.0915612 -0.0144613
         vertex -0.0151458 0.0899612 -0.0144613
      endloop
   endfacet
   facet normal 0.928977 5.68834e-17 -0.370138
      outer loop
         vertex -0.0152952 0.0915612 -0.0147431
         vertex -0.0152282 0.0915612 -0.0145981
         vertex -0.0152282 0.0899612 -0.0145981
      endloop
   endfacet
   facet normal 0.96355 5.90004e-17 -0.267528
      outer loop
         vertex -0.0153462 0.0915612 -0.0148944
         vertex -0.0152952 0.0915612 -0.0147431
         vertex -0.0152952 0.0899612 -0.0147431
      endloop
   endfacet
   facet normal 0.986827 6.04257e-17 -0.161782
      outer loop
         vertex -0.0153806 0.0915612 -0.0150504
         vertex -0.0153462 0.0915612 -0.0148944
         vertex -0.0153462 0.0899612 -0.0148944
      endloop
   endfacet
   facet normal 0.998533 6.11425e-17 -0.0541389
      outer loop
         vertex -0.0153978 0.0915612 -0.0152092
         vertex -0.0153806 0.0915612 -0.0150504
         vertex -0.0153806 0.0899612 -0.0150504
      endloop
   endfacet
   facet normal 0.998533 6.11425e-17 0.0541389
      outer loop
         vertex -0.0153978 0.0915612 -0.0153689
         vertex -0.0153978 0.0915612 -0.0152092
         vertex -0.0153978 0.0899612 -0.0152092
      endloop
   endfacet
   facet normal 0.986827 6.04257e-17 0.161782
      outer loop
         vertex -0.0153806 0.0915612 -0.0155276
         vertex -0.0153978 0.0915612 -0.0153689
         vertex -0.0153978 0.0899612 -0.0153689
      endloop
   endfacet
   facet normal 0.96355 5.90004e-17 0.267528
      outer loop
         vertex -0.0153462 0.0915612 -0.0156836
         vertex -0.0153806 0.0915612 -0.0155276
         vertex -0.0153806 0.0899612 -0.0155276
      endloop
   endfacet
   facet normal 0.928977 5.68834e-17 0.370138
      outer loop
         vertex -0.0152952 0.0915612 -0.015835
         vertex -0.0153462 0.0915612 -0.0156836
         vertex -0.0153462 0.0899612 -0.0156836
      endloop
   endfacet
   facet normal 0.883512 5.40995e-17 0.468408
      outer loop
         vertex -0.0152282 0.0915612 -0.0159799
         vertex -0.0152952 0.0915612 -0.015835
         vertex -0.0152952 0.0899612 -0.015835
      endloop
   endfacet
   facet normal 0.827689 5.06813e-17 0.561187
      outer loop
         vertex -0.0151458 0.0915612 -0.0161168
         vertex -0.0152282 0.0915612 -0.0159799
         vertex -0.0152282 0.0899612 -0.0159799
      endloop
   endfacet
   facet normal 0.762162 4.6669e-17 0.647386
      outer loop
         vertex -0.0150492 0.0915612 -0.0162439
         vertex -0.0151458 0.0915612 -0.0161168
         vertex -0.0151458 0.0899612 -0.0161168
      endloop
   endfacet
   facet normal 0.687699 4.21094e-17 0.725995
      outer loop
         vertex -0.0149394 0.0915612 -0.0163599
         vertex -0.0150492 0.0915612 -0.0162439
         vertex -0.0150492 0.0899612 -0.0162439
      endloop
   endfacet
   facet normal 0.605174 3.70562e-17 0.796093
      outer loop
         vertex -0.0148176 0.0915612 -0.0164633
         vertex -0.0149394 0.0915612 -0.0163599
         vertex -0.0149394 0.0899612 -0.0163599
      endloop
   endfacet
   facet normal 0.515554 3.15686e-17 0.856857
      outer loop
         vertex -0.0146854 0.0915612 -0.0165529
         vertex -0.0148176 0.0915612 -0.0164633
         vertex -0.0148176 0.0899612 -0.0164633
      endloop
   endfacet
   facet normal 0.419889 2.57108e-17 0.907575
      outer loop
         vertex -0.0145443 0.0915612 -0.0166277
         vertex -0.0146854 0.0915612 -0.0165529
         vertex -0.0146854 0.0899612 -0.0165529
      endloop
   endfacet
   facet normal 0.319302 1.95516e-17 0.947653
      outer loop
         vertex -0.014396 0.0915612 -0.0166868
         vertex -0.0145443 0.0915612 -0.0166277
         vertex -0.0145443 0.0899612 -0.0166277
      endloop
   endfacet
   facet normal 0.21497 1.31631e-17 0.976621
      outer loop
         vertex -0.0142421 0.0915612 -0.0167295
         vertex -0.014396 0.0915612 -0.0166868
         vertex -0.014396 0.0899612 -0.0166868
      endloop
   endfacet
   facet normal 0.108119 6.62038e-18 0.994138
      outer loop
         vertex -0.0140845 0.0915612 -0.0167554
         vertex -0.0142421 0.0915612 -0.0167295
         vertex -0.0142421 0.0899612 -0.0167295
      endloop
   endfacet
   facet normal -1.22465e-16 -7.4988e-33 1
      outer loop
         vertex -0.013925 0.0915612 -0.016764
         vertex -0.0140845 0.0915612 -0.0167554
         vertex -0.0140845 0.0899612 -0.0167554
      endloop
   endfacet
   facet normal -0.108119 -6.62038e-18 0.994138
      outer loop
         vertex -0.0137655 0.0915612 -0.0167554
         vertex -0.013925 0.0915612 -0.016764
         vertex -0.013925 0.0899612 -0.016764
      endloop
   endfacet
   facet normal -0.21497 -1.31631e-17 0.976621
      outer loop
         vertex -0.0136079 0.0915612 -0.0167295
         vertex -0.0137655 0.0915612 -0.0167554
         vertex -0.0137655 0.0899612 -0.0167554
      endloop
   endfacet
   facet normal -0.319302 -1.95516e-17 0.947653
      outer loop
         vertex -0.013454 0.0915612 -0.0166868
         vertex -0.0136079 0.0915612 -0.0167295
         vertex -0.0136079 0.0899612 -0.0167295
      endloop
   endfacet
   facet normal -0.419889 -2.57108e-17 0.907575
      outer loop
         vertex -0.0133057 0.0915612 -0.0166277
         vertex -0.013454 0.0915612 -0.0166868
         vertex -0.013454 0.0899612 -0.0166868
      endloop
   endfacet
   facet normal -0.515554 -3.15686e-17 0.856857
      outer loop
         vertex -0.0131646 0.0915612 -0.0165529
         vertex -0.0133057 0.0915612 -0.0166277
         vertex -0.0133057 0.0899612 -0.0166277
      endloop
   endfacet
   facet normal -0.605174 -3.70562e-17 0.796093
      outer loop
         vertex -0.0130324 0.0915612 -0.0164633
         vertex -0.0131646 0.0915612 -0.0165529
         vertex -0.0131646 0.0899612 -0.0165529
      endloop
   endfacet
   facet normal -0.687699 -4.21094e-17 0.725995
      outer loop
         vertex -0.0129106 0.0915612 -0.0163599
         vertex -0.0130324 0.0915612 -0.0164633
         vertex -0.0130324 0.0899612 -0.0164633
      endloop
   endfacet
   facet normal -0.762162 -4.6669e-17 0.647386
      outer loop
         vertex -0.0128008 0.0915612 -0.0162439
         vertex -0.0129106 0.0915612 -0.0163599
         vertex -0.0129106 0.0899612 -0.0163599
      endloop
   endfacet
   facet normal -0.827689 -5.06813e-17 0.561187
      outer loop
         vertex -0.0127042 0.0915612 -0.0161168
         vertex -0.0128008 0.0915612 -0.0162439
         vertex -0.0128008 0.0899612 -0.0162439
      endloop
   endfacet
   facet normal -0.883512 -5.40995e-17 0.468408
      outer loop
         vertex -0.0126218 0.0915612 -0.0159799
         vertex -0.0127042 0.0915612 -0.0161168
         vertex -0.0127042 0.0899612 -0.0161168
      endloop
   endfacet
   facet normal -0.928977 -5.68834e-17 0.370138
      outer loop
         vertex -0.0125548 0.0915612 -0.015835
         vertex -0.0126218 0.0915612 -0.0159799
         vertex -0.0126218 0.0899612 -0.0159799
      endloop
   endfacet
   facet normal -0.96355 -5.90004e-17 0.267528
      outer loop
         vertex -0.0125038 0.0915612 -0.0156836
         vertex -0.0125548 0.0915612 -0.015835
         vertex -0.0125548 0.0899612 -0.015835
      endloop
   endfacet
   facet normal -0.986827 -6.04257e-17 0.161782
      outer loop
         vertex -0.0124694 0.0915612 -0.0155276
         vertex -0.0125038 0.0915612 -0.0156836
         vertex -0.0125038 0.0899612 -0.0156836
      endloop
   endfacet
   facet normal -0.998533 -6.11425e-17 0.0541389
      outer loop
         vertex -0.0124522 0.0915612 -0.0153689
         vertex -0.0124694 0.0915612 -0.0155276
         vertex -0.0124694 0.0899612 -0.0155276
      endloop
   endfacet
   facet normal -0.998533 -6.11425e-17 -0.0541389
      outer loop
         vertex -0.0124522 0.0915612 -0.0152092
         vertex -0.0124522 0.0915612 -0.0153689
         vertex -0.0124522 0.0899612 -0.0153689
      endloop
   endfacet
   facet normal -0.986827 -6.04257e-17 -0.161782
      outer loop
         vertex -0.0124694 0.0915612 -0.0150504
         vertex -0.0124522 0.0915612 -0.0152092
         vertex -0.0124522 0.0899612 -0.0152092
      endloop
   endfacet
   facet normal -0.96355 -5.90004e-17 -0.267528
      outer loop
         vertex -0.0125038 0.0915612 -0.0148944
         vertex -0.0124694 0.0915612 -0.0150504
         vertex -0.0124694 0.0899612 -0.0150504
      endloop
   endfacet
   facet normal -0.928977 -5.68834e-17 -0.370138
      outer loop
         vertex -0.0125548 0.0915612 -0.0147431
         vertex -0.0125038 0.0915612 -0.0148944
         vertex -0.0125038 0.0899612 -0.0148944
      endloop
   endfacet
   facet normal -0.883512 -5.40995e-17 -0.468408
      outer loop
         vertex -0.0126218 0.0915612 -0.0145981
         vertex -0.0125548 0.0915612 -0.0147431
         vertex -0.0125548 0.0899612 -0.0147431
      endloop
   endfacet
   facet normal -0.827689 -5.06813e-17 -0.561187
      outer loop
         vertex -0.0127042 0.0915612 -0.0144613
         vertex -0.0126218 0.0915612 -0.0145981
         vertex -0.0126218 0.0899612 -0.0145981
      endloop
   endfacet
   facet normal -0.762162 -4.6669e-17 -0.647386
      outer loop
         vertex -0.0128008 0.0915612 -0.0143341
         vertex -0.0127042 0.0915612 -0.0144613
         vertex -0.0127042 0.0899612 -0.0144613
      endloop
   endfacet
   facet normal -0.687699 -4.21094e-17 -0.725995
      outer loop
         vertex -0.0129106 0.0915612 -0.0142182
         vertex -0.0128008 0.0915612 -0.0143341
         vertex -0.0128008 0.0899612 -0.0143341
      endloop
   endfacet
   facet normal -0.605174 -3.70562e-17 -0.796093
      outer loop
         vertex -0.0130324 0.0915612 -0.0141148
         vertex -0.0129106 0.0915612 -0.0142182
         vertex -0.0129106 0.0899612 -0.0142182
      endloop
   endfacet
   facet normal -0.515554 -3.15686e-17 -0.856857
      outer loop
         vertex -0.0131646 0.0915612 -0.0140252
         vertex -0.0130324 0.0915612 -0.0141148
         vertex -0.0130324 0.0899612 -0.0141148
      endloop
   endfacet
   facet normal -0.419889 -2.57108e-17 -0.907575
      outer loop
         vertex -0.0133057 0.0915612 -0.0139503
         vertex -0.0131646 0.0915612 -0.0140252
         vertex -0.0131646 0.0899612 -0.0140252
      endloop
   endfacet
   facet normal -0.319302 -1.95516e-17 -0.947653
      outer loop
         vertex -0.013454 0.0915612 -0.0138912
         vertex -0.0133057 0.0915612 -0.0139503
         vertex -0.0133057 0.0899612 -0.0139503
      endloop
   endfacet
   facet normal -0.21497 -1.31631e-17 -0.976621
      outer loop
         vertex -0.0136079 0.0915612 -0.0138485
         vertex -0.013454 0.0915612 -0.0138912
         vertex -0.013454 0.0899612 -0.0138912
      endloop
   endfacet
   facet normal -0.108119 -6.62038e-18 -0.994138
      outer loop
         vertex -0.0137655 0.0915612 -0.0138227
         vertex -0.0136079 0.0915612 -0.0138485
         vertex -0.0136079 0.0899612 -0.0138485
      endloop
   endfacet
   facet normal 2.44929e-16 1.49976e-32 -1
      outer loop
         vertex -0.013925 0.0915612 -0.013814
         vertex -0.0137655 0.0915612 -0.0138227
         vertex -0.0137655 0.0899612 -0.0138227
      endloop
   endfacet
   facet normal -0.108119 -6.62038e-18 -0.994138
      outer loop
         vertex -0.0137655 0.0899612 -0.0138227
         vertex -0.013925 0.0899612 -0.013814
         vertex -0.013925 0.0915612 -0.013814
      endloop
   endfacet
   facet normal -0.21497 -1.31631e-17 -0.976621
      outer loop
         vertex -0.0136079 0.0899612 -0.0138485
         vertex -0.0137655 0.0899612 -0.0138227
         vertex -0.0137655 0.0915612 -0.0138227
      endloop
   endfacet
   facet normal -0.319302 -1.95516e-17 -0.947653
      outer loop
         vertex -0.013454 0.0899612 -0.0138912
         vertex -0.0136079 0.0899612 -0.0138485
         vertex -0.0136079 0.0915612 -0.0138485
      endloop
   endfacet
   facet normal -0.419889 -2.57108e-17 -0.907575
      outer loop
         vertex -0.0133057 0.0899612 -0.0139503
         vertex -0.013454 0.0899612 -0.0138912
         vertex -0.013454 0.0915612 -0.0138912
      endloop
   endfacet
   facet normal -0.515554 -3.15686e-17 -0.856857
      outer loop
         vertex -0.0131646 0.0899612 -0.0140252
         vertex -0.0133057 0.0899612 -0.0139503
         vertex -0.0133057 0.0915612 -0.0139503
      endloop
   endfacet
   facet normal -0.605174 -3.70562e-17 -0.796093
      outer loop
         vertex -0.0130324 0.0899612 -0.0141148
         vertex -0.0131646 0.0899612 -0.0140252
         vertex -0.0131646 0.0915612 -0.0140252
      endloop
   endfacet
   facet normal -0.687699 -4.21094e-17 -0.725995
      outer loop
         vertex -0.0129106 0.0899612 -0.0142182
         vertex -0.0130324 0.0899612 -0.0141148
         vertex -0.0130324 0.0915612 -0.0141148
      endloop
   endfacet
   facet normal -0.762162 -4.6669e-17 -0.647386
      outer loop
         vertex -0.0128008 0.0899612 -0.0143341
         vertex -0.0129106 0.0899612 -0.0142182
         vertex -0.0129106 0.0915612 -0.0142182
      endloop
   endfacet
   facet normal -0.827689 -5.06813e-17 -0.561187
      outer loop
         vertex -0.0127042 0.0899612 -0.0144613
         vertex -0.0128008 0.0899612 -0.0143341
         vertex -0.0128008 0.0915612 -0.0143341
      endloop
   endfacet
   facet normal -0.883512 -5.40995e-17 -0.468408
      outer loop
         vertex -0.0126218 0.0899612 -0.0145981
         vertex -0.0127042 0.0899612 -0.0144613
         vertex -0.0127042 0.0915612 -0.0144613
      endloop
   endfacet
   facet normal -0.928977 -5.68834e-17 -0.370138
      outer loop
         vertex -0.0125548 0.0899612 -0.0147431
         vertex -0.0126218 0.0899612 -0.0145981
         vertex -0.0126218 0.0915612 -0.0145981
      endloop
   endfacet
   facet normal -0.96355 -5.90004e-17 -0.267528
      outer loop
         vertex -0.0125038 0.0899612 -0.0148944
         vertex -0.0125548 0.0899612 -0.0147431
         vertex -0.0125548 0.0915612 -0.0147431
      endloop
   endfacet
   facet normal -0.986827 -6.04257e-17 -0.161782
      outer loop
         vertex -0.0124694 0.0899612 -0.0150504
         vertex -0.0125038 0.0899612 -0.0148944
         vertex -0.0125038 0.0915612 -0.0148944
      endloop
   endfacet
   facet normal -0.998533 -6.11425e-17 -0.0541389
      outer loop
         vertex -0.0124522 0.0899612 -0.0152092
         vertex -0.0124694 0.0899612 -0.0150504
         vertex -0.0124694 0.0915612 -0.0150504
      endloop
   endfacet
   facet normal -0.998533 -6.11425e-17 0.0541389
      outer loop
         vertex -0.0124522 0.0899612 -0.0153689
         vertex -0.0124522 0.0899612 -0.0152092
         vertex -0.0124522 0.0915612 -0.0152092
      endloop
   endfacet
   facet normal -0.986827 -6.04257e-17 0.161782
      outer loop
         vertex -0.0124694 0.0899612 -0.0155276
         vertex -0.0124522 0.0899612 -0.0153689
         vertex -0.0124522 0.0915612 -0.0153689
      endloop
   endfacet
   facet normal -0.96355 -5.90004e-17 0.267528
      outer loop
         vertex -0.0125038 0.0899612 -0.0156836
         vertex -0.0124694 0.0899612 -0.0155276
         vertex -0.0124694 0.0915612 -0.0155276
      endloop
   endfacet
   facet normal -0.928977 -5.68834e-17 0.370138
      outer loop
         vertex -0.0125548 0.0899612 -0.015835
         vertex -0.0125038 0.0899612 -0.0156836
         vertex -0.0125038 0.0915612 -0.0156836
      endloop
   endfacet
   facet normal -0.883512 -5.40995e-17 0.468408
      outer loop
         vertex -0.0126218 0.0899612 -0.0159799
         vertex -0.0125548 0.0899612 -0.015835
         vertex -0.0125548 0.0915612 -0.015835
      endloop
   endfacet
   facet normal -0.827689 -5.06813e-17 0.561187
      outer loop
         vertex -0.0127042 0.0899612 -0.0161168
         vertex -0.0126218 0.0899612 -0.0159799
         vertex -0.0126218 0.0915612 -0.0159799
      endloop
   endfacet
   facet normal -0.762162 -4.6669e-17 0.647386
      outer loop
         vertex -0.0128008 0.0899612 -0.0162439
         vertex -0.0127042 0.0899612 -0.0161168
         vertex -0.0127042 0.0915612 -0.0161168
      endloop
   endfacet
   facet normal -0.687699 -4.21094e-17 0.725995
      outer loop
         vertex -0.0129106 0.0899612 -0.0163599
         vertex -0.0128008 0.0899612 -0.0162439
         vertex -0.0128008 0.0915612 -0.0162439
      endloop
   endfacet
   facet normal -0.605174 -3.70562e-17 0.796093
      outer loop
         vertex -0.0130324 0.0899612 -0.0164633
         vertex -0.0129106 0.0899612 -0.0163599
         vertex -0.0129106 0.0915612 -0.0163599
      endloop
   endfacet
   facet normal -0.515554 -3.15686e-17 0.856857
      outer loop
         vertex -0.0131646 0.0899612 -0.0165529
         vertex -0.0130324 0.0899612 -0.0164633
         vertex -0.0130324 0.0915612 -0.0164633
      endloop
   endfacet
   facet normal -0.419889 -2.57108e-17 0.907575
      outer loop
         vertex -0.0133057 0.0899612 -0.0166277
         vertex -0.0131646 0.0899612 -0.0165529
         vertex -0.0131646 0.0915612 -0.0165529
      endloop
   endfacet
   facet normal -0.319302 -1.95516e-17 0.947653
      outer loop
         vertex -0.013454 0.0899612 -0.0166868
         vertex -0.0133057 0.0899612 -0.0166277
         vertex -0.0133057 0.0915612 -0.0166277
      endloop
   endfacet
   facet normal -0.21497 -1.31631e-17 0.976621
      outer loop
         vertex -0.0136079 0.0899612 -0.0167295
         vertex -0.013454 0.0899612 -0.0166868
         vertex -0.013454 0.0915612 -0.0166868
      endloop
   endfacet
   facet normal -0.108119 -6.62038e-18 0.994138
      outer loop
         vertex -0.0137655 0.0899612 -0.0167554
         vertex -0.0136079 0.0899612 -0.0167295
         vertex -0.0136079 0.0915612 -0.0167295
      endloop
   endfacet
   facet normal -1.22465e-16 -7.4988e-33 1
      outer loop
         vertex -0.013925 0.0899612 -0.016764
         vertex -0.0137655 0.0899612 -0.0167554
         vertex -0.0137655 0.0915612 -0.0167554
      endloop
   endfacet
   facet normal 0.108119 6.62038e-18 0.994138
      outer loop
         vertex -0.0140845 0.0899612 -0.0167554
         vertex -0.013925 0.0899612 -0.016764
         vertex -0.013925 0.0915612 -0.016764
      endloop
   endfacet
   facet normal 0.21497 1.31631e-17 0.976621
      outer loop
         vertex -0.0142421 0.0899612 -0.0167295
         vertex -0.0140845 0.0899612 -0.0167554
         vertex -0.0140845 0.0915612 -0.0167554
      endloop
   endfacet
   facet normal 0.319302 1.95516e-17 0.947653
      outer loop
         vertex -0.014396 0.0899612 -0.0166868
         vertex -0.0142421 0.0899612 -0.0167295
         vertex -0.0142421 0.0915612 -0.0167295
      endloop
   endfacet
   facet normal 0.419889 2.57108e-17 0.907575
      outer loop
         vertex -0.0145443 0.0899612 -0.0166277
         vertex -0.014396 0.0899612 -0.0166868
         vertex -0.014396 0.0915612 -0.0166868
      endloop
   endfacet
   facet normal 0.515554 3.15686e-17 0.856857
      outer loop
         vertex -0.0146854 0.0899612 -0.0165529
         vertex -0.0145443 0.0899612 -0.0166277
         vertex -0.0145443 0.0915612 -0.0166277
      endloop
   endfacet
   facet normal 0.605174 3.70562e-17 0.796093
      outer loop
         vertex -0.0148176 0.0899612 -0.0164633
         vertex -0.0146854 0.0899612 -0.0165529
         vertex -0.0146854 0.0915612 -0.0165529
      endloop
   endfacet
   facet normal 0.687699 4.21094e-17 0.725995
      outer loop
         vertex -0.0149394 0.0899612 -0.0163599
         vertex -0.0148176 0.0899612 -0.0164633
         vertex -0.0148176 0.0915612 -0.0164633
      endloop
   endfacet
   facet normal 0.762162 4.6669e-17 0.647386
      outer loop
         vertex -0.0150492 0.0899612 -0.0162439
         vertex -0.0149394 0.0899612 -0.0163599
         vertex -0.0149394 0.0915612 -0.0163599
      endloop
   endfacet
   facet normal 0.827689 5.06813e-17 0.561187
      outer loop
         vertex -0.0151458 0.0899612 -0.0161168
         vertex -0.0150492 0.0899612 -0.0162439
         vertex -0.0150492 0.0915612 -0.0162439
      endloop
   endfacet
   facet normal 0.883512 5.40995e-17 0.468408
      outer loop
         vertex -0.0152282 0.0899612 -0.0159799
         vertex -0.0151458 0.0899612 -0.0161168
         vertex -0.0151458 0.0915612 -0.0161168
      endloop
   endfacet
   facet normal 0.928977 5.68834e-17 0.370138
      outer loop
         vertex -0.0152952 0.0899612 -0.015835
         vertex -0.0152282 0.0899612 -0.0159799
         vertex -0.0152282 0.0915612 -0.0159799
      endloop
   endfacet
   facet normal 0.96355 5.90004e-17 0.267528
      outer loop
         vertex -0.0153462 0.0899612 -0.0156836
         vertex -0.0152952 0.0899612 -0.015835
         vertex -0.0152952 0.0915612 -0.015835
      endloop
   endfacet
   facet normal 0.986827 6.04257e-17 0.161782
      outer loop
         vertex -0.0153806 0.0899612 -0.0155276
         vertex -0.0153462 0.0899612 -0.0156836
         vertex -0.0153462 0.0915612 -0.0156836
      endloop
   endfacet
   facet normal 0.998533 6.11425e-17 0.0541389
      outer loop
         vertex -0.0153978 0.0899612 -0.0153689
         vertex -0.0153806 0.0899612 -0.0155276
         vertex -0.0153806 0.0915612 -0.0155276
      endloop
   endfacet
   facet normal 0.998533 6.11425e-17 -0.0541389
      outer loop
         vertex -0.0153978 0.0899612 -0.0152092
         vertex -0.0153978 0.0899612 -0.0153689
         vertex -0.0153978 0.0915612 -0.0153689
      endloop
   endfacet
   facet normal 0.986827 6.04257e-17 -0.161782
      outer loop
         vertex -0.0153806 0.0899612 -0.0150504
         vertex -0.0153978 0.0899612 -0.0152092
         vertex -0.0153978 0.0915612 -0.0152092
      endloop
   endfacet
   facet normal 0.96355 5.90004e-17 -0.267528
      outer loop
         vertex -0.0153462 0.0899612 -0.0148944
         vertex -0.0153806 0.0899612 -0.0150504
         vertex -0.0153806 0.0915612 -0.0150504
      endloop
   endfacet
   facet normal 0.928977 5.68834e-17 -0.370138
      outer loop
         vertex -0.0152952 0.0899612 -0.0147431
         vertex -0.0153462 0.0899612 -0.0148944
         vertex -0.0153462 0.0915612 -0.0148944
      endloop
   endfacet
   facet normal 0.883512 5.40995e-17 -0.468408
      outer loop
         vertex -0.0152282 0.0899612 -0.0145981
         vertex -0.0152952 0.0899612 -0.0147431
         vertex -0.0152952 0.0915612 -0.0147431
      endloop
   endfacet
   facet normal 0.827689 5.06813e-17 -0.561187
      outer loop
         vertex -0.0151458 0.0899612 -0.0144613
         vertex -0.0152282 0.0899612 -0.0145981
         vertex -0.0152282 0.0915612 -0.0145981
      endloop
   endfacet
   facet normal 0.762162 4.6669e-17 -0.647386
      outer loop
         vertex -0.0150492 0.0899612 -0.0143341
         vertex -0.0151458 0.0899612 -0.0144613
         vertex -0.0151458 0.0915612 -0.0144613
      endloop
   endfacet
   facet normal 0.687699 4.21094e-17 -0.725995
      outer loop
         vertex -0.0149394 0.0899612 -0.0142182
         vertex -0.0150492 0.0899612 -0.0143341
         vertex -0.0150492 0.0915612 -0.0143341
      endloop
   endfacet
   facet normal 0.605174 3.70562e-17 -0.796093
      outer loop
         vertex -0.0148176 0.0899612 -0.0141148
         vertex -0.0149394 0.0899612 -0.0142182
         vertex -0.0149394 0.0915612 -0.0142182
      endloop
   endfacet
   facet normal 0.515554 3.15686e-17 -0.856857
      outer loop
         vertex -0.0146854 0.0899612 -0.0140252
         vertex -0.0148176 0.0899612 -0.0141148
         vertex -0.0148176 0.0915612 -0.0141148
      endloop
   endfacet
   facet normal 0.419889 2.57108e-17 -0.907575
      outer loop
         vertex -0.0145443 0.0899612 -0.0139503
         vertex -0.0146854 0.0899612 -0.0140252
         vertex -0.0146854 0.0915612 -0.0140252
      endloop
   endfacet
   facet normal 0.319302 1.95516e-17 -0.947653
      outer loop
         vertex -0.014396 0.0899612 -0.0138912
         vertex -0.0145443 0.0899612 -0.0139503
         vertex -0.0145443 0.0915612 -0.0139503
      endloop
   endfacet
   facet normal 0.21497 1.31631e-17 -0.976621
      outer loop
         vertex -0.0142421 0.0899612 -0.0138485
         vertex -0.014396 0.0899612 -0.0138912
         vertex -0.014396 0.0915612 -0.0138912
      endloop
   endfacet
   facet normal 0.108119 6.62038e-18 -0.994138
      outer loop
         vertex -0.0140845 0.0899612 -0.0138227
         vertex -0.0142421 0.0899612 -0.0138485
         vertex -0.0142421 0.0915612 -0.0138485
      endloop
   endfacet
   facet normal 2.44929e-16 1.49976e-32 -1
      outer loop
         vertex -0.013925 0.0899612 -0.013814
         vertex -0.0140845 0.0899612 -0.0138227
         vertex -0.0140845 0.0915612 -0.0138227
      endloop
   endfacet
   facet normal 0.108119 6.62038e-18 -0.994138
      outer loop
         vertex 0.0137655 0.0915612 -0.0416727
         vertex 0.013925 0.0915612 -0.041664
         vertex 0.013925 0.0899612 -0.041664
      endloop
   endfacet
   facet normal 0.21497 1.31631e-17 -0.976621
      outer loop
         vertex 0.0136079 0.0915612 -0.0416985
         vertex 0.0137655 0.0915612 -0.0416727
         vertex 0.0137655 0.0899612 -0.0416727
      endloop
   endfacet
   facet normal 0.319302 1.95516e-17 -0.947653
      outer loop
         vertex 0.013454 0.0915612 -0.0417412
         vertex 0.0136079 0.0915612 -0.0416985
         vertex 0.0136079 0.0899612 -0.0416985
      endloop
   endfacet
   facet normal 0.419889 2.57108e-17 -0.907575
      outer loop
         vertex 0.0133057 0.0915612 -0.0418003
         vertex 0.013454 0.0915612 -0.0417412
         vertex 0.013454 0.0899612 -0.0417412
      endloop
   endfacet
   facet normal 0.515554 3.15686e-17 -0.856857
      outer loop
         vertex 0.0131646 0.0915612 -0.0418752
         vertex 0.0133057 0.0915612 -0.0418003
         vertex 0.0133057 0.0899612 -0.0418003
      endloop
   endfacet
   facet normal 0.605174 3.70562e-17 -0.796093
      outer loop
         vertex 0.0130324 0.0915612 -0.0419648
         vertex 0.0131646 0.0915612 -0.0418752
         vertex 0.0131646 0.0899612 -0.0418752
      endloop
   endfacet
   facet normal 0.687699 4.21094e-17 -0.725995
      outer loop
         vertex 0.0129106 0.0915612 -0.0420682
         vertex 0.0130324 0.0915612 -0.0419648
         vertex 0.0130324 0.0899612 -0.0419648
      endloop
   endfacet
   facet normal 0.762162 4.6669e-17 -0.647386
      outer loop
         vertex 0.0128008 0.0915612 -0.0421841
         vertex 0.0129106 0.0915612 -0.0420682
         vertex 0.0129106 0.0899612 -0.0420682
      endloop
   endfacet
   facet normal 0.827689 5.06813e-17 -0.561187
      outer loop
         vertex 0.0127042 0.0915612 -0.0423113
         vertex 0.0128008 0.0915612 -0.0421841
         vertex 0.0128008 0.0899612 -0.0421841
      endloop
   endfacet
   facet normal 0.883512 5.40995e-17 -0.468408
      outer loop
         vertex 0.0126218 0.0915612 -0.0424481
         vertex 0.0127042 0.0915612 -0.0423113
         vertex 0.0127042 0.0899612 -0.0423113
      endloop
   endfacet
   facet normal 0.928977 5.68834e-17 -0.370138
      outer loop
         vertex 0.0125548 0.0915612 -0.0425931
         vertex 0.0126218 0.0915612 -0.0424481
         vertex 0.0126218 0.0899612 -0.0424481
      endloop
   endfacet
   facet normal 0.96355 5.90004e-17 -0.267528
      outer loop
         vertex 0.0125038 0.0915612 -0.0427444
         vertex 0.0125548 0.0915612 -0.0425931
         vertex 0.0125548 0.0899612 -0.0425931
      endloop
   endfacet
   facet normal 0.986827 6.04257e-17 -0.161782
      outer loop
         vertex 0.0124694 0.0915612 -0.0429004
         vertex 0.0125038 0.0915612 -0.0427444
         vertex 0.0125038 0.0899612 -0.0427444
      endloop
   endfacet
   facet normal 0.998533 6.11425e-17 -0.0541389
      outer loop
         vertex 0.0124522 0.0915612 -0.0430592
         vertex 0.0124694 0.0915612 -0.0429004
         vertex 0.0124694 0.0899612 -0.0429004
      endloop
   endfacet
   facet normal 0.998533 6.11425e-17 0.0541389
      outer loop
         vertex 0.0124522 0.0915612 -0.0432189
         vertex 0.0124522 0.0915612 -0.0430592
         vertex 0.0124522 0.0899612 -0.0430592
      endloop
   endfacet
   facet normal 0.986827 6.04257e-17 0.161782
      outer loop
         vertex 0.0124694 0.0915612 -0.0433776
         vertex 0.0124522 0.0915612 -0.0432189
         vertex 0.0124522 0.0899612 -0.0432189
      endloop
   endfacet
   facet normal 0.96355 5.90004e-17 0.267528
      outer loop
         vertex 0.0125038 0.0915612 -0.0435336
         vertex 0.0124694 0.0915612 -0.0433776
         vertex 0.0124694 0.0899612 -0.0433776
      endloop
   endfacet
   facet normal 0.928977 5.68834e-17 0.370138
      outer loop
         vertex 0.0125548 0.0915612 -0.043685
         vertex 0.0125038 0.0915612 -0.0435336
         vertex 0.0125038 0.0899612 -0.0435336
      endloop
   endfacet
   facet normal 0.883512 5.40995e-17 0.468408
      outer loop
         vertex 0.0126218 0.0915612 -0.0438299
         vertex 0.0125548 0.0915612 -0.043685
         vertex 0.0125548 0.0899612 -0.043685
      endloop
   endfacet
   facet normal 0.827689 5.06813e-17 0.561187
      outer loop
         vertex 0.0127042 0.0915612 -0.0439668
         vertex 0.0126218 0.0915612 -0.0438299
         vertex 0.0126218 0.0899612 -0.0438299
      endloop
   endfacet
   facet normal 0.762162 4.6669e-17 0.647386
      outer loop
         vertex 0.0128008 0.0915612 -0.0440939
         vertex 0.0127042 0.0915612 -0.0439668
         vertex 0.0127042 0.0899612 -0.0439668
      endloop
   endfacet
   facet normal 0.687699 4.21094e-17 0.725995
      outer loop
         vertex 0.0129106 0.0915612 -0.0442099
         vertex 0.0128008 0.0915612 -0.0440939
         vertex 0.0128008 0.0899612 -0.0440939
      endloop
   endfacet
   facet normal 0.605174 3.70562e-17 0.796093
      outer loop
         vertex 0.0130324 0.0915612 -0.0443133
         vertex 0.0129106 0.0915612 -0.0442099
         vertex 0.0129106 0.0899612 -0.0442099
      endloop
   endfacet
   facet normal 0.515554 3.15686e-17 0.856857
      outer loop
         vertex 0.0131646 0.0915612 -0.0444029
         vertex 0.0130324 0.0915612 -0.0443133
         vertex 0.0130324 0.0899612 -0.0443133
      endloop
   endfacet
   facet normal 0.419889 2.57108e-17 0.907575
      outer loop
         vertex 0.0133057 0.0915612 -0.0444777
         vertex 0.0131646 0.0915612 -0.0444029
         vertex 0.0131646 0.0899612 -0.0444029
      endloop
   endfacet
   facet normal 0.319302 1.95516e-17 0.947653
      outer loop
         vertex 0.013454 0.0915612 -0.0445368
         vertex 0.0133057 0.0915612 -0.0444777
         vertex 0.0133057 0.0899612 -0.0444777
      endloop
   endfacet
   facet normal 0.21497 1.31631e-17 0.976621
      outer loop
         vertex 0.0136079 0.0915612 -0.0445795
         vertex 0.013454 0.0915612 -0.0445368
         vertex 0.013454 0.0899612 -0.0445368
      endloop
   endfacet
   facet normal 0.108119 6.62038e-18 0.994138
      outer loop
         vertex 0.0137655 0.0915612 -0.0446054
         vertex 0.0136079 0.0915612 -0.0445795
         vertex 0.0136079 0.0899612 -0.0445795
      endloop
   endfacet
   facet normal -1.22465e-16 -7.4988e-33 1
      outer loop
         vertex 0.013925 0.0915612 -0.044614
         vertex 0.0137655 0.0915612 -0.0446054
         vertex 0.0137655 0.0899612 -0.0446054
      endloop
   endfacet
   facet normal -0.108119 -6.62038e-18 0.994138
      outer loop
         vertex 0.0140845 0.0915612 -0.0446054
         vertex 0.013925 0.0915612 -0.044614
         vertex 0.013925 0.0899612 -0.044614
      endloop
   endfacet
   facet normal -0.21497 -1.31631e-17 0.976621
      outer loop
         vertex 0.0142421 0.0915612 -0.0445795
         vertex 0.0140845 0.0915612 -0.0446054
         vertex 0.0140845 0.0899612 -0.0446054
      endloop
   endfacet
   facet normal -0.319302 -1.95516e-17 0.947653
      outer loop
         vertex 0.014396 0.0915612 -0.0445368
         vertex 0.0142421 0.0915612 -0.0445795
         vertex 0.0142421 0.0899612 -0.0445795
      endloop
   endfacet
   facet normal -0.419889 -2.57108e-17 0.907575
      outer loop
         vertex 0.0145443 0.0915612 -0.0444777
         vertex 0.014396 0.0915612 -0.0445368
         vertex 0.014396 0.0899612 -0.0445368
      endloop
   endfacet
   facet normal -0.515554 -3.15686e-17 0.856857
      outer loop
         vertex 0.0146854 0.0915612 -0.0444029
         vertex 0.0145443 0.0915612 -0.0444777
         vertex 0.0145443 0.0899612 -0.0444777
      endloop
   endfacet
   facet normal -0.605174 -3.70562e-17 0.796093
      outer loop
         vertex 0.0148176 0.0915612 -0.0443133
         vertex 0.0146854 0.0915612 -0.0444029
         vertex 0.0146854 0.0899612 -0.0444029
      endloop
   endfacet
   facet normal -0.687699 -4.21094e-17 0.725995
      outer loop
         vertex 0.0149394 0.0915612 -0.0442099
         vertex 0.0148176 0.0915612 -0.0443133
         vertex 0.0148176 0.0899612 -0.0443133
      endloop
   endfacet
   facet normal -0.762162 -4.6669e-17 0.647386
      outer loop
         vertex 0.0150492 0.0915612 -0.0440939
         vertex 0.0149394 0.0915612 -0.0442099
         vertex 0.0149394 0.0899612 -0.0442099
      endloop
   endfacet
   facet normal -0.827689 -5.06813e-17 0.561187
      outer loop
         vertex 0.0151458 0.0915612 -0.0439668
         vertex 0.0150492 0.0915612 -0.0440939
         vertex 0.0150492 0.0899612 -0.0440939
      endloop
   endfacet
   facet normal -0.883512 -5.40995e-17 0.468408
      outer loop
         vertex 0.0152282 0.0915612 -0.0438299
         vertex 0.0151458 0.0915612 -0.0439668
         vertex 0.0151458 0.0899612 -0.0439668
      endloop
   endfacet
   facet normal -0.928977 -5.68834e-17 0.370138
      outer loop
         vertex 0.0152952 0.0915612 -0.043685
         vertex 0.0152282 0.0915612 -0.0438299
         vertex 0.0152282 0.0899612 -0.0438299
      endloop
   endfacet
   facet normal -0.96355 -5.90004e-17 0.267528
      outer loop
         vertex 0.0153462 0.0915612 -0.0435336
         vertex 0.0152952 0.0915612 -0.043685
         vertex 0.0152952 0.0899612 -0.043685
      endloop
   endfacet
   facet normal -0.986827 -6.04257e-17 0.161782
      outer loop
         vertex 0.0153806 0.0915612 -0.0433776
         vertex 0.0153462 0.0915612 -0.0435336
         vertex 0.0153462 0.0899612 -0.0435336
      endloop
   endfacet
   facet normal -0.998533 -6.11425e-17 0.0541389
      outer loop
         vertex 0.0153978 0.0915612 -0.0432189
         vertex 0.0153806 0.0915612 -0.0433776
         vertex 0.0153806 0.0899612 -0.0433776
      endloop
   endfacet
   facet normal -0.998533 -6.11425e-17 -0.0541389
      outer loop
         vertex 0.0153978 0.0915612 -0.0430592
         vertex 0.0153978 0.0915612 -0.0432189
         vertex 0.0153978 0.0899612 -0.0432189
      endloop
   endfacet
   facet normal -0.986827 -6.04257e-17 -0.161782
      outer loop
         vertex 0.0153806 0.0915612 -0.0429004
         vertex 0.0153978 0.0915612 -0.0430592
         vertex 0.0153978 0.0899612 -0.0430592
      endloop
   endfacet
   facet normal -0.96355 -5.90004e-17 -0.267528
      outer loop
         vertex 0.0153462 0.0915612 -0.0427444
         vertex 0.0153806 0.0915612 -0.0429004
         vertex 0.0153806 0.0899612 -0.0429004
      endloop
   endfacet
   facet normal -0.928977 -5.68834e-17 -0.370138
      outer loop
         vertex 0.0152952 0.0915612 -0.0425931
         vertex 0.0153462 0.0915612 -0.0427444
         vertex 0.0153462 0.0899612 -0.0427444
      endloop
   endfacet
   facet normal -0.883512 -5.40995e-17 -0.468408
      outer loop
         vertex 0.0152282 0.0915612 -0.0424481
         vertex 0.0152952 0.0915612 -0.0425931
         vertex 0.0152952 0.0899612 -0.0425931
      endloop
   endfacet
   facet normal -0.827689 -5.06813e-17 -0.561187
      outer loop
         vertex 0.0151458 0.0915612 -0.0423113
         vertex 0.0152282 0.0915612 -0.0424481
         vertex 0.0152282 0.0899612 -0.0424481
      endloop
   endfacet
   facet normal -0.762162 -4.6669e-17 -0.647386
      outer loop
         vertex 0.0150492 0.0915612 -0.0421841
         vertex 0.0151458 0.0915612 -0.0423113
         vertex 0.0151458 0.0899612 -0.0423113
      endloop
   endfacet
   facet normal -0.687699 -4.21094e-17 -0.725995
      outer loop
         vertex 0.0149394 0.0915612 -0.0420682
         vertex 0.0150492 0.0915612 -0.0421841
         vertex 0.0150492 0.0899612 -0.0421841
      endloop
   endfacet
   facet normal -0.605174 -3.70562e-17 -0.796093
      outer loop
         vertex 0.0148176 0.0915612 -0.0419648
         vertex 0.0149394 0.0915612 -0.0420682
         vertex 0.0149394 0.0899612 -0.0420682
      endloop
   endfacet
   facet normal -0.515554 -3.15686e-17 -0.856857
      outer loop
         vertex 0.0146854 0.0915612 -0.0418752
         vertex 0.0148176 0.0915612 -0.0419648
         vertex 0.0148176 0.0899612 -0.0419648
      endloop
   endfacet
   facet normal -0.419889 -2.57108e-17 -0.907575
      outer loop
         vertex 0.0145443 0.0915612 -0.0418003
         vertex 0.0146854 0.0915612 -0.0418752
         vertex 0.0146854 0.0899612 -0.0418752
      endloop
   endfacet
   facet normal -0.319302 -1.95516e-17 -0.947653
      outer loop
         vertex 0.014396 0.0915612 -0.0417412
         vertex 0.0145443 0.0915612 -0.0418003
         vertex 0.0145443 0.0899612 -0.0418003
      endloop
   endfacet
   facet normal -0.21497 -1.31631e-17 -0.976621
      outer loop
         vertex 0.0142421 0.0915612 -0.0416985
         vertex 0.014396 0.0915612 -0.0417412
         vertex 0.014396 0.0899612 -0.0417412
      endloop
   endfacet
   facet normal -0.108119 -6.62038e-18 -0.994138
      outer loop
         vertex 0.0140845 0.0915612 -0.0416727
         vertex 0.0142421 0.0915612 -0.0416985
         vertex 0.0142421 0.0899612 -0.0416985
      endloop
   endfacet
   facet normal 2.44929e-16 1.49976e-32 -1
      outer loop
         vertex 0.013925 0.0915612 -0.041664
         vertex 0.0140845 0.0915612 -0.0416727
         vertex 0.0140845 0.0899612 -0.0416727
      endloop
   endfacet
   facet normal -0.108119 -6.62038e-18 -0.994138
      outer loop
         vertex 0.0140845 0.0899612 -0.0416727
         vertex 0.013925 0.0899612 -0.041664
         vertex 0.013925 0.0915612 -0.041664
      endloop
   endfacet
   facet normal -0.21497 -1.31631e-17 -0.976621
      outer loop
         vertex 0.0142421 0.0899612 -0.0416985
         vertex 0.0140845 0.0899612 -0.0416727
         vertex 0.0140845 0.0915612 -0.0416727
      endloop
   endfacet
   facet normal -0.319302 -1.95516e-17 -0.947653
      outer loop
         vertex 0.014396 0.0899612 -0.0417412
         vertex 0.0142421 0.0899612 -0.0416985
         vertex 0.0142421 0.0915612 -0.0416985
      endloop
   endfacet
   facet normal -0.419889 -2.57108e-17 -0.907575
      outer loop
         vertex 0.0145443 0.0899612 -0.0418003
         vertex 0.014396 0.0899612 -0.0417412
         vertex 0.014396 0.0915612 -0.0417412
      endloop
   endfacet
   facet normal -0.515554 -3.15686e-17 -0.856857
      outer loop
         vertex 0.0146854 0.0899612 -0.0418752
         vertex 0.0145443 0.0899612 -0.0418003
         vertex 0.0145443 0.0915612 -0.0418003
      endloop
   endfacet
   facet normal -0.605174 -3.70562e-17 -0.796093
      outer loop
         vertex 0.0148176 0.0899612 -0.0419648
         vertex 0.0146854 0.0899612 -0.0418752
         vertex 0.0146854 0.0915612 -0.0418752
      endloop
   endfacet
   facet normal -0.687699 -4.21094e-17 -0.725995
      outer loop
         vertex 0.0149394 0.0899612 -0.0420682
         vertex 0.0148176 0.0899612 -0.0419648
         vertex 0.0148176 0.0915612 -0.0419648
      endloop
   endfacet
   facet normal -0.762162 -4.6669e-17 -0.647386
      outer loop
         vertex 0.0150492 0.0899612 -0.0421841
         vertex 0.0149394 0.0899612 -0.0420682
         vertex 0.0149394 0.0915612 -0.0420682
      endloop
   endfacet
   facet normal -0.827689 -5.06813e-17 -0.561187
      outer loop
         vertex 0.0151458 0.0899612 -0.0423113
         vertex 0.0150492 0.0899612 -0.0421841
         vertex 0.0150492 0.0915612 -0.0421841
      endloop
   endfacet
   facet normal -0.883512 -5.40995e-17 -0.468408
      outer loop
         vertex 0.0152282 0.0899612 -0.0424481
         vertex 0.0151458 0.0899612 -0.0423113
         vertex 0.0151458 0.0915612 -0.0423113
      endloop
   endfacet
   facet normal -0.928977 -5.68834e-17 -0.370138
      outer loop
         vertex 0.0152952 0.0899612 -0.0425931
         vertex 0.0152282 0.0899612 -0.0424481
         vertex 0.0152282 0.0915612 -0.0424481
      endloop
   endfacet
   facet normal -0.96355 -5.90004e-17 -0.267528
      outer loop
         vertex 0.0153462 0.0899612 -0.0427444
         vertex 0.0152952 0.0899612 -0.0425931
         vertex 0.0152952 0.0915612 -0.0425931
      endloop
   endfacet
   facet normal -0.986827 -6.04257e-17 -0.161782
      outer loop
         vertex 0.0153806 0.0899612 -0.0429004
         vertex 0.0153462 0.0899612 -0.0427444
         vertex 0.0153462 0.0915612 -0.0427444
      endloop
   endfacet
   facet normal -0.998533 -6.11425e-17 -0.0541389
      outer loop
         vertex 0.0153978 0.0899612 -0.0430592
         vertex 0.0153806 0.0899612 -0.0429004
         vertex 0.0153806 0.0915612 -0.0429004
      endloop
   endfacet
   facet normal -0.998533 -6.11425e-17 0.0541389
      outer loop
         vertex 0.0153978 0.0899612 -0.0432189
         vertex 0.0153978 0.0899612 -0.0430592
         vertex 0.0153978 0.0915612 -0.0430592
      endloop
   endfacet
   facet normal -0.986827 -6.04257e-17 0.161782
      outer loop
         vertex 0.0153806 0.0899612 -0.0433776
         vertex 0.0153978 0.0899612 -0.0432189
         vertex 0.0153978 0.0915612 -0.0432189
      endloop
   endfacet
   facet normal -0.96355 -5.90004e-17 0.267528
      outer loop
         vertex 0.0153462 0.0899612 -0.0435336
         vertex 0.0153806 0.0899612 -0.0433776
         vertex 0.0153806 0.0915612 -0.0433776
      endloop
   endfacet
   facet normal -0.928977 -5.68834e-17 0.370138
      outer loop
         vertex 0.0152952 0.0899612 -0.043685
         vertex 0.0153462 0.0899612 -0.0435336
         vertex 0.0153462 0.0915612 -0.0435336
      endloop
   endfacet
   facet normal -0.883512 -5.40995e-17 0.468408
      outer loop
         vertex 0.0152282 0.0899612 -0.0438299
         vertex 0.0152952 0.0899612 -0.043685
         vertex 0.0152952 0.0915612 -0.043685
      endloop
   endfacet
   facet normal -0.827689 -5.06813e-17 0.561187
      outer loop
         vertex 0.0151458 0.0899612 -0.0439668
         vertex 0.0152282 0.0899612 -0.0438299
         vertex 0.0152282 0.0915612 -0.0438299
      endloop
   endfacet
   facet normal -0.762162 -4.6669e-17 0.647386
      outer loop
         vertex 0.0150492 0.0899612 -0.0440939
         vertex 0.0151458 0.0899612 -0.0439668
         vertex 0.0151458 0.0915612 -0.0439668
      endloop
   endfacet
   facet normal -0.687699 -4.21094e-17 0.725995
      outer loop
         vertex 0.0149394 0.0899612 -0.0442099
         vertex 0.0150492 0.0899612 -0.0440939
         vertex 0.0150492 0.0915612 -0.0440939
      endloop
   endfacet
   facet normal -0.605174 -3.70562e-17 0.796093
      outer loop
         vertex 0.0148176 0.0899612 -0.0443133
         vertex 0.0149394 0.0899612 -0.0442099
         vertex 0.0149394 0.0915612 -0.0442099
      endloop
   endfacet
   facet normal -0.515554 -3.15686e-17 0.856857
      outer loop
         vertex 0.0146854 0.0899612 -0.0444029
         vertex 0.0148176 0.0899612 -0.0443133
         vertex 0.0148176 0.0915612 -0.0443133
      endloop
   endfacet
   facet normal -0.419889 -2.57108e-17 0.907575
      outer loop
         vertex 0.0145443 0.0899612 -0.0444777
         vertex 0.0146854 0.0899612 -0.0444029
         vertex 0.0146854 0.0915612 -0.0444029
      endloop
   endfacet
   facet normal -0.319302 -1.95516e-17 0.947653
      outer loop
         vertex 0.014396 0.0899612 -0.0445368
         vertex 0.0145443 0.0899612 -0.0444777
         vertex 0.0145443 0.0915612 -0.0444777
      endloop
   endfacet
   facet normal -0.21497 -1.31631e-17 0.976621
      outer loop
         vertex 0.0142421 0.0899612 -0.0445795
         vertex 0.014396 0.0899612 -0.0445368
         vertex 0.014396 0.0915612 -0.0445368
      endloop
   endfacet
   facet normal -0.108119 -6.62038e-18 0.994138
      outer loop
         vertex 0.0140845 0.0899612 -0.0446054
         vertex 0.0142421 0.0899612 -0.0445795
         vertex 0.0142421 0.0915612 -0.0445795
      endloop
   endfacet
   facet normal -1.22465e-16 -7.4988e-33 1
      outer loop
         vertex 0.013925 0.0899612 -0.044614
         vertex 0.0140845 0.0899612 -0.0446054
         vertex 0.0140845 0.0915612 -0.0446054
      endloop
   endfacet
   facet normal 0.108119 6.62038e-18 0.994138
      outer loop
         vertex 0.0137655 0.0899612 -0.0446054
         vertex 0.013925 0.0899612 -0.044614
         vertex 0.013925 0.0915612 -0.044614
      endloop
   endfacet
   facet normal 0.21497 1.31631e-17 0.976621
      outer loop
         vertex 0.0136079 0.0899612 -0.0445795
         vertex 0.0137655 0.0899612 -0.0446054
         vertex 0.0137655 0.0915612 -0.0446054
      endloop
   endfacet
   facet normal 0.319302 1.95516e-17 0.947653
      outer loop
         vertex 0.013454 0.0899612 -0.0445368
         vertex 0.0136079 0.0899612 -0.0445795
         vertex 0.0136079 0.0915612 -0.0445795
      endloop
   endfacet
   facet normal 0.419889 2.57108e-17 0.907575
      outer loop
         vertex 0.0133057 0.0899612 -0.0444777
         vertex 0.013454 0.0899612 -0.0445368
         vertex 0.013454 0.0915612 -0.0445368
      endloop
   endfacet
   facet normal 0.515554 3.15686e-17 0.856857
      outer loop
         vertex 0.0131646 0.0899612 -0.0444029
         vertex 0.0133057 0.0899612 -0.0444777
         vertex 0.0133057 0.0915612 -0.0444777
      endloop
   endfacet
   facet normal 0.605174 3.70562e-17 0.796093
      outer loop
         vertex 0.0130324 0.0899612 -0.0443133
         vertex 0.0131646 0.0899612 -0.0444029
         vertex 0.0131646 0.0915612 -0.0444029
      endloop
   endfacet
   facet normal 0.687699 4.21094e-17 0.725995
      outer loop
         vertex 0.0129106 0.0899612 -0.0442099
         vertex 0.0130324 0.0899612 -0.0443133
         vertex 0.0130324 0.0915612 -0.0443133
      endloop
   endfacet
   facet normal 0.762162 4.6669e-17 0.647386
      outer loop
         vertex 0.0128008 0.0899612 -0.0440939
         vertex 0.0129106 0.0899612 -0.0442099
         vertex 0.0129106 0.0915612 -0.0442099
      endloop
   endfacet
   facet normal 0.827689 5.06813e-17 0.561187
      outer loop
         vertex 0.0127042 0.0899612 -0.0439668
         vertex 0.0128008 0.0899612 -0.0440939
         vertex 0.0128008 0.0915612 -0.0440939
      endloop
   endfacet
   facet normal 0.883512 5.40995e-17 0.468408
      outer loop
         vertex 0.0126218 0.0899612 -0.0438299
         vertex 0.0127042 0.0899612 -0.0439668
         vertex 0.0127042 0.0915612 -0.0439668
      endloop
   endfacet
   facet normal 0.928977 5.68834e-17 0.370138
      outer loop
         vertex 0.0125548 0.0899612 -0.043685
         vertex 0.0126218 0.0899612 -0.0438299
         vertex 0.0126218 0.0915612 -0.0438299
      endloop
   endfacet
   facet normal 0.96355 5.90004e-17 0.267528
      outer loop
         vertex 0.0125038 0.0899612 -0.0435336
         vertex 0.0125548 0.0899612 -0.043685
         vertex 0.0125548 0.0915612 -0.043685
      endloop
   endfacet
   facet normal 0.986827 6.04257e-17 0.161782
      outer loop
         vertex 0.0124694 0.0899612 -0.0433776
         vertex 0.0125038 0.0899612 -0.0435336
         vertex 0.0125038 0.0915612 -0.0435336
      endloop
   endfacet
   facet normal 0.998533 6.11425e-17 0.0541389
      outer loop
         vertex 0.0124522 0.0899612 -0.0432189
         vertex 0.0124694 0.0899612 -0.0433776
         vertex 0.0124694 0.0915612 -0.0433776
      endloop
   endfacet
   facet normal 0.998533 6.11425e-17 -0.0541389
      outer loop
         vertex 0.0124522 0.0899612 -0.0430592
         vertex 0.0124522 0.0899612 -0.0432189
         vertex 0.0124522 0.0915612 -0.0432189
      endloop
   endfacet
   facet normal 0.986827 6.04257e-17 -0.161782
      outer loop
         vertex 0.0124694 0.0899612 -0.0429004
         vertex 0.0124522 0.0899612 -0.0430592
         vertex 0.0124522 0.0915612 -0.0430592
      endloop
   endfacet
   facet normal 0.96355 5.90004e-17 -0.267528
      outer loop
         vertex 0.0125038 0.0899612 -0.0427444
         vertex 0.0124694 0.0899612 -0.0429004
         vertex 0.0124694 0.0915612 -0.0429004
      endloop
   endfacet
   facet normal 0.928977 5.68834e-17 -0.370138
      outer loop
         vertex 0.0125548 0.0899612 -0.0425931
         vertex 0.0125038 0.0899612 -0.0427444
         vertex 0.0125038 0.0915612 -0.0427444
      endloop
   endfacet
   facet normal 0.883512 5.40995e-17 -0.468408
      outer loop
         vertex 0.0126218 0.0899612 -0.0424481
         vertex 0.0125548 0.0899612 -0.0425931
         vertex 0.0125548 0.0915612 -0.0425931
      endloop
   endfacet
   facet normal 0.827689 5.06813e-17 -0.561187
      outer loop
         vertex 0.0127042 0.0899612 -0.0423113
         vertex 0.0126218 0.0899612 -0.0424481
         vertex 0.0126218 0.0915612 -0.0424481
      endloop
   endfacet
   facet normal 0.762162 4.6669e-17 -0.647386
      outer loop
         vertex 0.0128008 0.0899612 -0.0421841
         vertex 0.0127042 0.0899612 -0.0423113
         vertex 0.0127042 0.0915612 -0.0423113
      endloop
   endfacet
   facet normal 0.687699 4.21094e-17 -0.725995
      outer loop
         vertex 0.0129106 0.0899612 -0.0420682
         vertex 0.0128008 0.0899612 -0.0421841
         vertex 0.0128008 0.0915612 -0.0421841
      endloop
   endfacet
   facet normal 0.605174 3.70562e-17 -0.796093
      outer loop
         vertex 0.0130324 0.0899612 -0.0419648
         vertex 0.0129106 0.0899612 -0.0420682
         vertex 0.0129106 0.0915612 -0.0420682
      endloop
   endfacet
   facet normal 0.515554 3.15686e-17 -0.856857
      outer loop
         vertex 0.0131646 0.0899612 -0.0418752
         vertex 0.0130324 0.0899612 -0.0419648
         vertex 0.0130324 0.0915612 -0.0419648
      endloop
   endfacet
   facet normal 0.419889 2.57108e-17 -0.907575
      outer loop
         vertex 0.0133057 0.0899612 -0.0418003
         vertex 0.0131646 0.0899612 -0.0418752
         vertex 0.0131646 0.0915612 -0.0418752
      endloop
   endfacet
   facet normal 0.319302 1.95516e-17 -0.947653
      outer loop
         vertex 0.013454 0.0899612 -0.0417412
         vertex 0.0133057 0.0899612 -0.0418003
         vertex 0.0133057 0.0915612 -0.0418003
      endloop
   endfacet
   facet normal 0.21497 1.31631e-17 -0.976621
      outer loop
         vertex 0.0136079 0.0899612 -0.0416985
         vertex 0.013454 0.0899612 -0.0417412
         vertex 0.013454 0.0915612 -0.0417412
      endloop
   endfacet
   facet normal 0.108119 6.62038e-18 -0.994138
      outer loop
         vertex 0.0137655 0.0899612 -0.0416727
         vertex 0.0136079 0.0899612 -0.0416985
         vertex 0.0136079 0.0915612 -0.0416985
      endloop
   endfacet
   facet normal 2.44929e-16 1.49976e-32 -1
      outer loop
         vertex 0.013925 0.0899612 -0.041664
         vertex 0.0137655 0.0899612 -0.0416727
         vertex 0.0137655 0.0915612 -0.0416727
      endloop
   endfacet
   facet normal 6.12323e-17 -1 0
      outer loop
         vertex -0.01905 0.0899612 -0.044754
         vertex -0.01905 0.0899612 -0.048264
         vertex -0.017225 0.0899612 -0.048264
      endloop
   endfacet
   facet normal 6.12323e-17 -1 0
      outer loop
         vertex -0.017225 0.0899612 -0.044754
         vertex -0.017225 0.0899612 -0.048264
         vertex -0.00895 0.0899612 -0.048264
      endloop
   endfacet
   facet normal 6.12323e-17 -1 0
      outer loop
         vertex -0.00895 0.0899612 -0.044754
         vertex -0.00895 0.0899612 -0.048264
         vertex -0.0011 0.0899612 -0.048264
      endloop
   endfacet
   facet normal 6.12323e-17 -1 0
      outer loop
         vertex 0.0116 0.0899612 -0.044754
         vertex 0.0116 0.0899612 -0.048264
         vertex 0.01905 0.0899612 -0.048264
      endloop
   endfacet
   facet normal 6.12323e-17 -1 0
      outer loop
         vertex -0.01905 0.0899612 -0.032304
         vertex -0.01905 0.0899612 -0.044754
         vertex -0.017225 0.0899612 -0.044754
      endloop
   endfacet
   facet normal 6.12323e-17 -1 0
      outer loop
         vertex -0.017225 0.0899612 -0.032304
         vertex -0.017225 0.0899612 -0.044754
         vertex -0.0153462 0.0899612 -0.0427444
      endloop
   endfacet
   facet normal 6.12323e-17 -1 0
      outer loop
         vertex -0.017225 0.0899612 -0.044754
         vertex -0.0153462 0.0899612 -0.0435336
         vertex -0.0153806 0.0899612 -0.0433776
      endloop
   endfacet
   facet normal 6.12323e-17 -1 0
      outer loop
         vertex -0.017225 0.0899612 -0.044754
         vertex -0.0150492 0.0899612 -0.0440939
         vertex -0.0151458 0.0899612 -0.0439668
      endloop
   endfacet
   facet normal 6.12323e-17 -1 0
      outer loop
         vertex -0.00895 0.0899612 -0.032304
         vertex -0.0128008 0.0899612 -0.0421841
         vertex -0.0127042 0.0899612 -0.0423113
      endloop
   endfacet
   facet normal 6.12323e-17 -1 0
      outer loop
         vertex -0.0153462 0.0899612 -0.0427444
         vertex -0.0152952 0.0899612 -0.0425931
         vertex -0.017225 0.0899612 -0.032304
      endloop
   endfacet
   facet normal 6.12323e-17 -1 0
      outer loop
         vertex -0.017225 0.0899612 -0.044754
         vertex -0.0153978 0.0899612 -0.0430592
         vertex -0.0153806 0.0899612 -0.0429004
      endloop
   endfacet
   facet normal 6.12323e-17 -1 0
      outer loop
         vertex -0.017225 0.0899612 -0.044754
         vertex -0.0152952 0.0899612 -0.043685
         vertex -0.0153462 0.0899612 -0.0435336
      endloop
   endfacet
   facet normal 6.12323e-17 -1 0
      outer loop
         vertex -0.0151458 0.0899612 -0.0439668
         vertex -0.0152282 0.0899612 -0.0438299
         vertex -0.017225 0.0899612 -0.044754
      endloop
   endfacet
   facet normal 6.12323e-17 -1 0
      outer loop
         vertex -0.017225 0.0899612 -0.044754
         vertex -0.0148176 0.0899612 -0.0443133
         vertex -0.0149394 0.0899612 -0.0442099
      endloop
   endfacet
   facet normal 6.12323e-17 -1 0
      outer loop
         vertex -0.017225 0.0899612 -0.044754
         vertex -0.014396 0.0899612 -0.0445368
         vertex -0.0145443 0.0899612 -0.0444777
      endloop
   endfacet
   facet normal 6.12323e-17 -1 0
      outer loop
         vertex -0.00895 0.0899612 -0.044754
         vertex -0.0126218 0.0899612 -0.0438299
         vertex -0.0127042 0.0899612 -0.0439668
      endloop
   endfacet
   facet normal 6.12323e-17 -1 0
      outer loop
         vertex -0.0127042 0.0899612 -0.0423113
         vertex -0.0126218 0.0899612 -0.0424481
         vertex -0.00895 0.0899612 -0.032304
      endloop
   endfacet
   facet normal 6.12323e-17 -1 0
      outer loop
         vertex -0.00895 0.0899612 -0.032304
         vertex -0.0130324 0.0899612 -0.0419648
         vertex -0.0129106 0.0899612 -0.0420682
      endloop
   endfacet
   facet normal 6.12323e-17 -1 0
      outer loop
         vertex -0.017225 0.0899612 -0.032304
         vertex -0.013925 0.0899612 -0.041664
         vertex -0.0137655 0.0899612 -0.0416727
      endloop
   endfacet
   facet normal 6.12323e-17 -1 0
      outer loop
         vertex -0.0153806 0.0899612 -0.0429004
         vertex -0.0153462 0.0899612 -0.0427444
         vertex -0.017225 0.0899612 -0.044754
      endloop
   endfacet
   facet normal 6.12323e-17 -1 0
      outer loop
         vertex -0.0153806 0.0899612 -0.0433776
         vertex -0.0153978 0.0899612 -0.0432189
         vertex -0.017225 0.0899612 -0.044754
      endloop
   endfacet
   facet normal 6.12323e-17 -1 0
      outer loop
         vertex -0.0149394 0.0899612 -0.0442099
         vertex -0.0150492 0.0899612 -0.0440939
         vertex -0.017225 0.0899612 -0.044754
      endloop
   endfacet
   facet normal 6.12323e-17 -1 0
      outer loop
         vertex -0.0145443 0.0899612 -0.0444777
         vertex -0.0146854 0.0899612 -0.0444029
         vertex -0.017225 0.0899612 -0.044754
      endloop
   endfacet
   facet normal 6.12323e-17 -1 0
      outer loop
         vertex -0.00895 0.0899612 -0.044754
         vertex -0.0137655 0.0899612 -0.0446054
         vertex -0.013925 0.0899612 -0.044614
      endloop
   endfacet
   facet normal 6.12323e-17 -1 0
      outer loop
         vertex -0.00895 0.0899612 -0.044754
         vertex -0.0131646 0.0899612 -0.0444029
         vertex -0.0133057 0.0899612 -0.0444777
      endloop
   endfacet
   facet normal 6.12323e-17 -1 0
      outer loop
         vertex -0.00895 0.0899612 -0.044754
         vertex -0.0128008 0.0899612 -0.0440939
         vertex -0.0129106 0.0899612 -0.0442099
      endloop
   endfacet
   facet normal 6.12323e-17 -1 0
      outer loop
         vertex -0.00895 0.0899612 -0.044754
         vertex -0.0125548 0.0899612 -0.043685
         vertex -0.0126218 0.0899612 -0.0438299
      endloop
   endfacet
   facet normal 6.12323e-17 -1 0
      outer loop
         vertex -0.00895 0.0899612 -0.044754
         vertex -0.0125038 0.0899612 -0.0427444
         vertex -0.0124694 0.0899612 -0.0429004
      endloop
   endfacet
   facet normal 6.12323e-17 -1 0
      outer loop
         vertex -0.00895 0.0899612 -0.044754
         vertex -0.00895 0.0899612 -0.032304
         vertex -0.0125548 0.0899612 -0.0425931
      endloop
   endfacet
   facet normal 6.12323e-17 -1 0
      outer loop
         vertex -0.0129106 0.0899612 -0.0420682
         vertex -0.0128008 0.0899612 -0.0421841
         vertex -0.00895 0.0899612 -0.032304
      endloop
   endfacet
   facet normal 6.12323e-17 -1 0
      outer loop
         vertex -0.017225 0.0899612 -0.032304
         vertex -0.0140845 0.0899612 -0.0416727
         vertex -0.013925 0.0899612 -0.041664
      endloop
   endfacet
   facet normal 6.12323e-17 -1 0
      outer loop
         vertex -0.017225 0.0899612 -0.032304
         vertex -0.014396 0.0899612 -0.0417412
         vertex -0.0142421 0.0899612 -0.0416985
      endloop
   endfacet
   facet normal 6.12323e-17 -1 0
      outer loop
         vertex -0.017225 0.0899612 -0.032304
         vertex -0.0146854 0.0899612 -0.0418752
         vertex -0.0145443 0.0899612 -0.0418003
      endloop
   endfacet
   facet normal 6.12323e-17 -1 0
      outer loop
         vertex -0.0153978 0.0899612 -0.0432189
         vertex -0.0153978 0.0899612 -0.0430592
         vertex -0.017225 0.0899612 -0.044754
      endloop
   endfacet
   facet normal 6.12323e-17 -1 0
      outer loop
         vertex -0.0146854 0.0899612 -0.0444029
         vertex -0.0148176 0.0899612 -0.0443133
         vertex -0.017225 0.0899612 -0.044754
      endloop
   endfacet
   facet normal 6.12323e-17 -1 0
      outer loop
         vertex -0.013925 0.0899612 -0.044614
         vertex -0.017225 0.0899612 -0.044754
         vertex -0.00895 0.0899612 -0.044754
      endloop
   endfacet
   facet normal 6.12323e-17 -1 0
      outer loop
         vertex -0.00895 0.0899612 -0.044754
         vertex -0.013454 0.0899612 -0.0445368
         vertex -0.0136079 0.0899612 -0.0445795
      endloop
   endfacet
   facet normal 6.12323e-17 -1 0
      outer loop
         vertex -0.00895 0.0899612 -0.044754
         vertex -0.0130324 0.0899612 -0.0443133
         vertex -0.0131646 0.0899612 -0.0444029
      endloop
   endfacet
   facet normal 6.12323e-17 -1 0
      outer loop
         vertex -0.0127042 0.0899612 -0.0439668
         vertex -0.0128008 0.0899612 -0.0440939
         vertex -0.00895 0.0899612 -0.044754
      endloop
   endfacet
   facet normal 6.12323e-17 -1 0
      outer loop
         vertex -0.00895 0.0899612 -0.044754
         vertex -0.0124522 0.0899612 -0.0432189
         vertex -0.0124694 0.0899612 -0.0433776
      endloop
   endfacet
   facet normal 6.12323e-17 -1 0
      outer loop
         vertex -0.0125548 0.0899612 -0.0425931
         vertex -0.0125038 0.0899612 -0.0427444
         vertex -0.00895 0.0899612 -0.044754
      endloop
   endfacet
   facet normal 6.12323e-17 -1 0
      outer loop
         vertex -0.00895 0.0899612 -0.032304
         vertex -0.0131646 0.0899612 -0.0418752
         vertex -0.0130324 0.0899612 -0.0419648
      endloop
   endfacet
   facet normal 6.12323e-17 -1 0
      outer loop
         vertex -0.00895 0.0899612 -0.032304
         vertex -0.0137655 0.0899612 -0.0416727
         vertex -0.0136079 0.0899612 -0.0416985
      endloop
   endfacet
   facet normal 6.12323e-17 -1 0
      outer loop
         vertex -0.0142421 0.0899612 -0.0416985
         vertex -0.0140845 0.0899612 -0.0416727
         vertex -0.017225 0.0899612 -0.032304
      endloop
   endfacet
   facet normal 6.12323e-17 -1 0
      outer loop
         vertex -0.017225 0.0899612 -0.032304
         vertex -0.0148176 0.0899612 -0.0419648
         vertex -0.0146854 0.0899612 -0.0418752
      endloop
   endfacet
   facet normal 6.12323e-17 -1 0
      outer loop
         vertex -0.017225 0.0899612 -0.032304
         vertex -0.0150492 0.0899612 -0.0421841
         vertex -0.0149394 0.0899612 -0.0420682
      endloop
   endfacet
   facet normal 6.12323e-17 -1 0
      outer loop
         vertex -0.017225 0.0899612 -0.032304
         vertex -0.0152282 0.0899612 -0.0424481
         vertex -0.0151458 0.0899612 -0.0423113
      endloop
   endfacet
   facet normal 6.12323e-17 -1 0
      outer loop
         vertex -0.0152282 0.0899612 -0.0438299
         vertex -0.0152952 0.0899612 -0.043685
         vertex -0.017225 0.0899612 -0.044754
      endloop
   endfacet
   facet normal 6.12323e-17 -1 0
      outer loop
         vertex -0.017225 0.0899612 -0.044754
         vertex -0.0140845 0.0899612 -0.0446054
         vertex -0.0142421 0.0899612 -0.0445795
      endloop
   endfacet
   facet normal 6.12323e-17 -1 0
      outer loop
         vertex -0.0136079 0.0899612 -0.0445795
         vertex -0.0137655 0.0899612 -0.0446054
         vertex -0.00895 0.0899612 -0.044754
      endloop
   endfacet
   facet normal 6.12323e-17 -1 0
      outer loop
         vertex -0.0129106 0.0899612 -0.0442099
         vertex -0.0130324 0.0899612 -0.0443133
         vertex -0.00895 0.0899612 -0.044754
      endloop
   endfacet
   facet normal 6.12323e-17 -1 0
      outer loop
         vertex -0.0124694 0.0899612 -0.0433776
         vertex -0.0125038 0.0899612 -0.0435336
         vertex -0.00895 0.0899612 -0.044754
      endloop
   endfacet
   facet normal 6.12323e-17 -1 0
      outer loop
         vertex -0.0126218 0.0899612 -0.0424481
         vertex -0.0125548 0.0899612 -0.0425931
         vertex -0.00895 0.0899612 -0.032304
      endloop
   endfacet
   facet normal 6.12323e-17 -1 0
      outer loop
         vertex -0.00895 0.0899612 -0.032304
         vertex -0.013454 0.0899612 -0.0417412
         vertex -0.0133057 0.0899612 -0.0418003
      endloop
   endfacet
   facet normal 6.12323e-17 -1 0
      outer loop
         vertex -0.0137655 0.0899612 -0.0416727
         vertex -0.00895 0.0899612 -0.032304
         vertex -0.017225 0.0899612 -0.032304
      endloop
   endfacet
   facet normal 6.12323e-17 -1 0
      outer loop
         vertex -0.0149394 0.0899612 -0.0420682
         vertex -0.0148176 0.0899612 -0.0419648
         vertex -0.017225 0.0899612 -0.032304
      endloop
   endfacet
   facet normal 6.12323e-17 -1 0
      outer loop
         vertex -0.0152952 0.0899612 -0.0425931
         vertex -0.0152282 0.0899612 -0.0424481
         vertex -0.017225 0.0899612 -0.032304
      endloop
   endfacet
   facet normal 6.12323e-17 -1 0
      outer loop
         vertex -0.013925 0.0899612 -0.044614
         vertex -0.0140845 0.0899612 -0.0446054
         vertex -0.017225 0.0899612 -0.044754
      endloop
   endfacet
   facet normal 6.12323e-17 -1 0
      outer loop
         vertex -0.0125038 0.0899612 -0.0435336
         vertex -0.0125548 0.0899612 -0.043685
         vertex -0.00895 0.0899612 -0.044754
      endloop
   endfacet
   facet normal 6.12323e-17 -1 0
      outer loop
         vertex -0.0133057 0.0899612 -0.0418003
         vertex -0.0131646 0.0899612 -0.0418752
         vertex -0.00895 0.0899612 -0.032304
      endloop
   endfacet
   facet normal 6.12323e-17 -1 0
      outer loop
         vertex -0.0145443 0.0899612 -0.0418003
         vertex -0.014396 0.0899612 -0.0417412
         vertex -0.017225 0.0899612 -0.032304
      endloop
   endfacet
   facet normal 6.12323e-17 -1 0
      outer loop
         vertex -0.0142421 0.0899612 -0.0445795
         vertex -0.014396 0.0899612 -0.0445368
         vertex -0.017225 0.0899612 -0.044754
      endloop
   endfacet
   facet normal 6.12323e-17 -1 0
      outer loop
         vertex -0.00895 0.0899612 -0.044754
         vertex -0.0124522 0.0899612 -0.0430592
         vertex -0.0124522 0.0899612 -0.0432189
      endloop
   endfacet
   facet normal 6.12323e-17 -1 0
      outer loop
         vertex -0.0136079 0.0899612 -0.0416985
         vertex -0.013454 0.0899612 -0.0417412
         vertex -0.00895 0.0899612 -0.032304
      endloop
   endfacet
   facet normal 6.12323e-17 -1 0
      outer loop
         vertex -0.0133057 0.0899612 -0.0444777
         vertex -0.013454 0.0899612 -0.0445368
         vertex -0.00895 0.0899612 -0.044754
      endloop
   endfacet
   facet normal 6.12323e-17 -1 0
      outer loop
         vertex -0.0151458 0.0899612 -0.0423113
         vertex -0.0150492 0.0899612 -0.0421841
         vertex -0.017225 0.0899612 -0.032304
      endloop
   endfacet
   facet normal 6.12323e-17 -1 0
      outer loop
         vertex -0.00895 0.0899612 -0.032304
         vertex -0.00895 0.0899612 -0.044754
         vertex -0.0011 0.0899612 -0.044754
      endloop
   endfacet
   facet normal 6.12323e-17 -1 0
      outer loop
         vertex 0.0116 0.0899612 -0.032304
         vertex 0.0116 0.0899612 -0.044754
         vertex 0.0124694 0.0899612 -0.0429004
      endloop
   endfacet
   facet normal 6.12323e-17 -1 0
      outer loop
         vertex 0.0116 0.0899612 -0.044754
         vertex 0.0125038 0.0899612 -0.0435336
         vertex 0.0124694 0.0899612 -0.0433776
      endloop
   endfacet
   facet normal 6.12323e-17 -1 0
      outer loop
         vertex 0.0116 0.0899612 -0.044754
         vertex 0.0128008 0.0899612 -0.0440939
         vertex 0.0127042 0.0899612 -0.0439668
      endloop
   endfacet
   facet normal 6.12323e-17 -1 0
      outer loop
         vertex 0.01905 0.0899612 -0.032304
         vertex 0.0150492 0.0899612 -0.0421841
         vertex 0.0151458 0.0899612 -0.0423113
      endloop
   endfacet
   facet normal 6.12323e-17 -1 0
      outer loop
         vertex 0.0116 0.0899612 -0.032304
         vertex 0.0125038 0.0899612 -0.0427444
         vertex 0.0125548 0.0899612 -0.0425931
      endloop
   endfacet
   facet normal 6.12323e-17 -1 0
      outer loop
         vertex 0.0116 0.0899612 -0.044754
         vertex 0.0124522 0.0899612 -0.0430592
         vertex 0.0124694 0.0899612 -0.0429004
      endloop
   endfacet
   facet normal 6.12323e-17 -1 0
      outer loop
         vertex 0.0116 0.0899612 -0.044754
         vertex 0.0125548 0.0899612 -0.043685
         vertex 0.0125038 0.0899612 -0.0435336
      endloop
   endfacet
   facet normal 6.12323e-17 -1 0
      outer loop
         vertex 0.0127042 0.0899612 -0.0439668
         vertex 0.0126218 0.0899612 -0.0438299
         vertex 0.0116 0.0899612 -0.044754
      endloop
   endfacet
   facet normal 6.12323e-17 -1 0
      outer loop
         vertex 0.0116 0.0899612 -0.044754
         vertex 0.0130324 0.0899612 -0.0443133
         vertex 0.0129106 0.0899612 -0.0442099
      endloop
   endfacet
   facet normal 6.12323e-17 -1 0
      outer loop
         vertex 0.0116 0.0899612 -0.044754
         vertex 0.013454 0.0899612 -0.0445368
         vertex 0.0133057 0.0899612 -0.0444777
      endloop
   endfacet
   facet normal 6.12323e-17 -1 0
      outer loop
         vertex 0.01905 0.0899612 -0.044754
         vertex 0.0152282 0.0899612 -0.0438299
         vertex 0.0151458 0.0899612 -0.0439668
      endloop
   endfacet
   facet normal 6.12323e-17 -1 0
      outer loop
         vertex 0.0151458 0.0899612 -0.0423113
         vertex 0.0152282 0.0899612 -0.0424481
         vertex 0.01905 0.0899612 -0.032304
      endloop
   endfacet
   facet normal 6.12323e-17 -1 0
      outer loop
         vertex 0.01905 0.0899612 -0.032304
         vertex 0.0148176 0.0899612 -0.0419648
         vertex 0.0149394 0.0899612 -0.0420682
      endloop
   endfacet
   facet normal 6.12323e-17 -1 0
      outer loop
         vertex 0.0124694 0.0899612 -0.0429004
         vertex 0.0125038 0.0899612 -0.0427444
         vertex 0.0116 0.0899612 -0.032304
      endloop
   endfacet
   facet normal 6.12323e-17 -1 0
      outer loop
         vertex 0.0124694 0.0899612 -0.0433776
         vertex 0.0124522 0.0899612 -0.0432189
         vertex 0.0116 0.0899612 -0.044754
      endloop
   endfacet
   facet normal 6.12323e-17 -1 0
      outer loop
         vertex 0.0129106 0.0899612 -0.0442099
         vertex 0.0128008 0.0899612 -0.0440939
         vertex 0.0116 0.0899612 -0.044754
      endloop
   endfacet
   facet normal 6.12323e-17 -1 0
      outer loop
         vertex 0.0133057 0.0899612 -0.0444777
         vertex 0.0131646 0.0899612 -0.0444029
         vertex 0.0116 0.0899612 -0.044754
      endloop
   endfacet
   facet normal 6.12323e-17 -1 0
      outer loop
         vertex 0.01905 0.0899612 -0.044754
         vertex 0.0140845 0.0899612 -0.0446054
         vertex 0.013925 0.0899612 -0.044614
      endloop
   endfacet
   facet normal 6.12323e-17 -1 0
      outer loop
         vertex 0.01905 0.0899612 -0.044754
         vertex 0.0146854 0.0899612 -0.0444029
         vertex 0.0145443 0.0899612 -0.0444777
      endloop
   endfacet
   facet normal 6.12323e-17 -1 0
      outer loop
         vertex 0.01905 0.0899612 -0.044754
         vertex 0.0150492 0.0899612 -0.0440939
         vertex 0.0149394 0.0899612 -0.0442099
      endloop
   endfacet
   facet normal 6.12323e-17 -1 0
      outer loop
         vertex 0.01905 0.0899612 -0.044754
         vertex 0.0152952 0.0899612 -0.043685
         vertex 0.0152282 0.0899612 -0.0438299
      endloop
   endfacet
   facet normal 6.12323e-17 -1 0
      outer loop
         vertex 0.01905 0.0899612 -0.044754
         vertex 0.0153462 0.0899612 -0.0427444
         vertex 0.0153806 0.0899612 -0.0429004
      endloop
   endfacet
   facet normal 6.12323e-17 -1 0
      outer loop
         vertex 0.01905 0.0899612 -0.044754
         vertex 0.01905 0.0899612 -0.032304
         vertex 0.0152952 0.0899612 -0.0425931
      endloop
   endfacet
   facet normal 6.12323e-17 -1 0
      outer loop
         vertex 0.0149394 0.0899612 -0.0420682
         vertex 0.0150492 0.0899612 -0.0421841
         vertex 0.01905 0.0899612 -0.032304
      endloop
   endfacet
   facet normal 6.12323e-17 -1 0
      outer loop
         vertex 0.01905 0.0899612 -0.032304
         vertex 0.0116 0.0899612 -0.032304
         vertex 0.0140845 0.0899612 -0.0416727
      endloop
   endfacet
   facet normal 6.12323e-17 -1 0
      outer loop
         vertex 0.0116 0.0899612 -0.032304
         vertex 0.0137655 0.0899612 -0.0416727
         vertex 0.013925 0.0899612 -0.041664
      endloop
   endfacet
   facet normal 6.12323e-17 -1 0
      outer loop
         vertex 0.0116 0.0899612 -0.032304
         vertex 0.013454 0.0899612 -0.0417412
         vertex 0.0136079 0.0899612 -0.0416985
      endloop
   endfacet
   facet normal 6.12323e-17 -1 0
      outer loop
         vertex 0.0116 0.0899612 -0.032304
         vertex 0.0131646 0.0899612 -0.0418752
         vertex 0.0133057 0.0899612 -0.0418003
      endloop
   endfacet
   facet normal 6.12323e-17 -1 0
      outer loop
         vertex 0.0124522 0.0899612 -0.0432189
         vertex 0.0124522 0.0899612 -0.0430592
         vertex 0.0116 0.0899612 -0.044754
      endloop
   endfacet
   facet normal 6.12323e-17 -1 0
      outer loop
         vertex 0.0131646 0.0899612 -0.0444029
         vertex 0.0130324 0.0899612 -0.0443133
         vertex 0.0116 0.0899612 -0.044754
      endloop
   endfacet
   facet normal 6.12323e-17 -1 0
      outer loop
         vertex 0.013925 0.0899612 -0.044614
         vertex 0.0116 0.0899612 -0.044754
         vertex 0.01905 0.0899612 -0.044754
      endloop
   endfacet
   facet normal 6.12323e-17 -1 0
      outer loop
         vertex 0.01905 0.0899612 -0.044754
         vertex 0.014396 0.0899612 -0.0445368
         vertex 0.0142421 0.0899612 -0.0445795
      endloop
   endfacet
   facet normal 6.12323e-17 -1 0
      outer loop
         vertex 0.01905 0.0899612 -0.044754
         vertex 0.0148176 0.0899612 -0.0443133
         vertex 0.0146854 0.0899612 -0.0444029
      endloop
   endfacet
   facet normal 6.12323e-17 -1 0
      outer loop
         vertex 0.0151458 0.0899612 -0.0439668
         vertex 0.0150492 0.0899612 -0.0440939
         vertex 0.01905 0.0899612 -0.044754
      endloop
   endfacet
   facet normal 6.12323e-17 -1 0
      outer loop
         vertex 0.01905 0.0899612 -0.044754
         vertex 0.0153978 0.0899612 -0.0432189
         vertex 0.0153806 0.0899612 -0.0433776
      endloop
   endfacet
   facet normal 6.12323e-17 -1 0
      outer loop
         vertex 0.0152952 0.0899612 -0.0425931
         vertex 0.0153462 0.0899612 -0.0427444
         vertex 0.01905 0.0899612 -0.044754
      endloop
   endfacet
   facet normal 6.12323e-17 -1 0
      outer loop
         vertex 0.01905 0.0899612 -0.032304
         vertex 0.0146854 0.0899612 -0.0418752
         vertex 0.0148176 0.0899612 -0.0419648
      endloop
   endfacet
   facet normal 6.12323e-17 -1 0
      outer loop
         vertex 0.0140845 0.0899612 -0.0416727
         vertex 0.0142421 0.0899612 -0.0416985
         vertex 0.01905 0.0899612 -0.032304
      endloop
   endfacet
   facet normal 6.12323e-17 -1 0
      outer loop
         vertex 0.0136079 0.0899612 -0.0416985
         vertex 0.0137655 0.0899612 -0.0416727
         vertex 0.0116 0.0899612 -0.032304
      endloop
   endfacet
   facet normal 6.12323e-17 -1 0
      outer loop
         vertex 0.0116 0.0899612 -0.032304
         vertex 0.0130324 0.0899612 -0.0419648
         vertex 0.0131646 0.0899612 -0.0418752
      endloop
   endfacet
   facet normal 6.12323e-17 -1 0
      outer loop
         vertex 0.0116 0.0899612 -0.032304
         vertex 0.0128008 0.0899612 -0.0421841
         vertex 0.0129106 0.0899612 -0.0420682
      endloop
   endfacet
   facet normal 6.12323e-17 -1 0
      outer loop
         vertex 0.0116 0.0899612 -0.032304
         vertex 0.0126218 0.0899612 -0.0424481
         vertex 0.0127042 0.0899612 -0.0423113
      endloop
   endfacet
   facet normal 6.12323e-17 -1 0
      outer loop
         vertex 0.0126218 0.0899612 -0.0438299
         vertex 0.0125548 0.0899612 -0.043685
         vertex 0.0116 0.0899612 -0.044754
      endloop
   endfacet
   facet normal 6.12323e-17 -1 0
      outer loop
         vertex 0.0116 0.0899612 -0.044754
         vertex 0.0137655 0.0899612 -0.0446054
         vertex 0.0136079 0.0899612 -0.0445795
      endloop
   endfacet
   facet normal 6.12323e-17 -1 0
      outer loop
         vertex 0.0142421 0.0899612 -0.0445795
         vertex 0.0140845 0.0899612 -0.0446054
         vertex 0.01905 0.0899612 -0.044754
      endloop
   endfacet
   facet normal 6.12323e-17 -1 0
      outer loop
         vertex 0.0149394 0.0899612 -0.0442099
         vertex 0.0148176 0.0899612 -0.0443133
         vertex 0.01905 0.0899612 -0.044754
      endloop
   endfacet
   facet normal 6.12323e-17 -1 0
      outer loop
         vertex 0.0153806 0.0899612 -0.0433776
         vertex 0.0153462 0.0899612 -0.0435336
         vertex 0.01905 0.0899612 -0.044754
      endloop
   endfacet
   facet normal 6.12323e-17 -1 0
      outer loop
         vertex 0.0152282 0.0899612 -0.0424481
         vertex 0.0152952 0.0899612 -0.0425931
         vertex 0.01905 0.0899612 -0.032304
      endloop
   endfacet
   facet normal 6.12323e-17 -1 0
      outer loop
         vertex 0.01905 0.0899612 -0.032304
         vertex 0.014396 0.0899612 -0.0417412
         vertex 0.0145443 0.0899612 -0.0418003
      endloop
   endfacet
   facet normal 6.12323e-17 -1 0
      outer loop
         vertex 0.013925 0.0899612 -0.041664
         vertex 0.0140845 0.0899612 -0.0416727
         vertex 0.0116 0.0899612 -0.032304
      endloop
   endfacet
   facet normal 6.12323e-17 -1 0
      outer loop
         vertex 0.0129106 0.0899612 -0.0420682
         vertex 0.0130324 0.0899612 -0.0419648
         vertex 0.0116 0.0899612 -0.032304
      endloop
   endfacet
   facet normal 6.12323e-17 -1 0
      outer loop
         vertex 0.0125548 0.0899612 -0.0425931
         vertex 0.0126218 0.0899612 -0.0424481
         vertex 0.0116 0.0899612 -0.032304
      endloop
   endfacet
   facet normal 6.12323e-17 -1 0
      outer loop
         vertex 0.013925 0.0899612 -0.044614
         vertex 0.0137655 0.0899612 -0.0446054
         vertex 0.0116 0.0899612 -0.044754
      endloop
   endfacet
   facet normal 6.12323e-17 -1 0
      outer loop
         vertex 0.0153462 0.0899612 -0.0435336
         vertex 0.0152952 0.0899612 -0.043685
         vertex 0.01905 0.0899612 -0.044754
      endloop
   endfacet
   facet normal 6.12323e-17 -1 0
      outer loop
         vertex 0.0145443 0.0899612 -0.0418003
         vertex 0.0146854 0.0899612 -0.0418752
         vertex 0.01905 0.0899612 -0.032304
      endloop
   endfacet
   facet normal 6.12323e-17 -1 0
      outer loop
         vertex 0.0133057 0.0899612 -0.0418003
         vertex 0.013454 0.0899612 -0.0417412
         vertex 0.0116 0.0899612 -0.032304
      endloop
   endfacet
   facet normal 6.12323e-17 -1 0
      outer loop
         vertex 0.0136079 0.0899612 -0.0445795
         vertex 0.013454 0.0899612 -0.0445368
         vertex 0.0116 0.0899612 -0.044754
      endloop
   endfacet
   facet normal 6.12323e-17 -1 0
      outer loop
         vertex 0.01905 0.0899612 -0.044754
         vertex 0.0153978 0.0899612 -0.0430592
         vertex 0.0153978 0.0899612 -0.0432189
      endloop
   endfacet
   facet normal 6.12323e-17 -1 0
      outer loop
         vertex 0.0142421 0.0899612 -0.0416985
         vertex 0.014396 0.0899612 -0.0417412
         vertex 0.01905 0.0899612 -0.032304
      endloop
   endfacet
   facet normal 6.12323e-17 -1 0
      outer loop
         vertex 0.0145443 0.0899612 -0.0444777
         vertex 0.014396 0.0899612 -0.0445368
         vertex 0.01905 0.0899612 -0.044754
      endloop
   endfacet
   facet normal 6.12323e-17 -1 0
      outer loop
         vertex 0.0127042 0.0899612 -0.0423113
         vertex 0.0128008 0.0899612 -0.0421841
         vertex 0.0116 0.0899612 -0.032304
      endloop
   endfacet
   facet normal 6.12323e-17 -1 0
      outer loop
         vertex -0.01905 0.0899612 -0.020139
         vertex -0.01905 0.0899612 -0.032304
         vertex -0.017225 0.0899612 -0.032304
      endloop
   endfacet
   facet normal 6.12323e-17 -1 0
      outer loop
         vertex -0.017225 0.0899612 -0.020139
         vertex -0.017225 0.0899612 -0.032304
         vertex -0.00895 0.0899612 -0.032304
      endloop
   endfacet
   facet normal 6.12323e-17 -1 0
      outer loop
         vertex 0.00975 0.0899612 -0.020139
         vertex 0.00975 0.0899612 -0.032304
         vertex 0.0116 0.0899612 -0.032304
      endloop
   endfacet
   facet normal 6.12323e-17 -1 0
      outer loop
         vertex 0.0116 0.0899612 -0.020139
         vertex 0.0116 0.0899612 -0.032304
         vertex 0.01905 0.0899612 -0.032304
      endloop
   endfacet
   facet normal 6.12323e-17 -1 0
      outer loop
         vertex -0.01905 0.0899612 -0.013664
         vertex -0.01905 0.0899612 -0.020139
         vertex -0.017225 0.0899612 -0.020139
      endloop
   endfacet
   facet normal 6.12323e-17 -1 0
      outer loop
         vertex -0.017225 0.0899612 -0.013664
         vertex -0.0153462 0.0899612 -0.0148944
         vertex -0.0152952 0.0899612 -0.0147431
      endloop
   endfacet
   facet normal 6.12323e-17 -1 0
      outer loop
         vertex -0.017225 0.0899612 -0.013664
         vertex -0.0153978 0.0899612 -0.0153689
         vertex -0.0153978 0.0899612 -0.0152092
      endloop
   endfacet
   facet normal 6.12323e-17 -1 0
      outer loop
         vertex -0.017225 0.0899612 -0.020139
         vertex -0.0153462 0.0899612 -0.0156836
         vertex -0.0153806 0.0899612 -0.0155276
      endloop
   endfacet
   facet normal 6.12323e-17 -1 0
      outer loop
         vertex -0.017225 0.0899612 -0.020139
         vertex -0.0152282 0.0899612 -0.0159799
         vertex -0.0152952 0.0899612 -0.015835
      endloop
   endfacet
   facet normal 6.12323e-17 -1 0
      outer loop
         vertex -0.017225 0.0899612 -0.020139
         vertex -0.014396 0.0899612 -0.0166868
         vertex -0.0145443 0.0899612 -0.0166277
      endloop
   endfacet
   facet normal 6.12323e-17 -1 0
      outer loop
         vertex -0.017225 0.0899612 -0.020139
         vertex -0.00895 0.0899612 -0.020139
         vertex -0.0137655 0.0899612 -0.0167554
      endloop
   endfacet
   facet normal 6.12323e-17 -1 0
      outer loop
         vertex -0.00895 0.0899612 -0.020139
         vertex -0.013454 0.0899612 -0.0166868
         vertex -0.0136079 0.0899612 -0.0167295
      endloop
   endfacet
   facet normal 6.12323e-17 -1 0
      outer loop
         vertex -0.00895 0.0899612 -0.020139
         vertex -0.0131646 0.0899612 -0.0165529
         vertex -0.0133057 0.0899612 -0.0166277
      endloop
   endfacet
   facet normal 6.12323e-17 -1 0
      outer loop
         vertex -0.017225 0.0899612 -0.013664
         vertex -0.0152282 0.0899612 -0.0145981
         vertex -0.0151458 0.0899612 -0.0144613
      endloop
   endfacet
   facet normal 6.12323e-17 -1 0
      outer loop
         vertex -0.017225 0.0899612 -0.013664
         vertex -0.0153806 0.0899612 -0.0150504
         vertex -0.0153462 0.0899612 -0.0148944
      endloop
   endfacet
   facet normal 6.12323e-17 -1 0
      outer loop
         vertex -0.017225 0.0899612 -0.013664
         vertex -0.0153806 0.0899612 -0.0155276
         vertex -0.0153978 0.0899612 -0.0153689
      endloop
   endfacet
   facet normal 6.12323e-17 -1 0
      outer loop
         vertex -0.0152952 0.0899612 -0.015835
         vertex -0.0153462 0.0899612 -0.0156836
         vertex -0.017225 0.0899612 -0.020139
      endloop
   endfacet
   facet normal 6.12323e-17 -1 0
      outer loop
         vertex -0.017225 0.0899612 -0.020139
         vertex -0.0142421 0.0899612 -0.0167295
         vertex -0.014396 0.0899612 -0.0166868
      endloop
   endfacet
   facet normal 6.12323e-17 -1 0
      outer loop
         vertex -0.0137655 0.0899612 -0.0167554
         vertex -0.013925 0.0899612 -0.016764
         vertex -0.017225 0.0899612 -0.020139
      endloop
   endfacet
   facet normal 6.12323e-17 -1 0
      outer loop
         vertex -0.0133057 0.0899612 -0.0166277
         vertex -0.013454 0.0899612 -0.0166868
         vertex -0.00895 0.0899612 -0.020139
      endloop
   endfacet
   facet normal 6.12323e-17 -1 0
      outer loop
         vertex -0.017225 0.0899612 -0.013664
         vertex -0.0146854 0.0899612 -0.0140252
         vertex -0.0145443 0.0899612 -0.0139503
      endloop
   endfacet
   facet normal 6.12323e-17 -1 0
      outer loop
         vertex -0.017225 0.0899612 -0.013664
         vertex -0.0150492 0.0899612 -0.0143341
         vertex -0.0149394 0.0899612 -0.0142182
      endloop
   endfacet
   facet normal 6.12323e-17 -1 0
      outer loop
         vertex -0.0152952 0.0899612 -0.0147431
         vertex -0.0152282 0.0899612 -0.0145981
         vertex -0.017225 0.0899612 -0.013664
      endloop
   endfacet
   facet normal 6.12323e-17 -1 0
      outer loop
         vertex -0.0153806 0.0899612 -0.0155276
         vertex -0.017225 0.0899612 -0.013664
         vertex -0.017225 0.0899612 -0.020139
      endloop
   endfacet
   facet normal 6.12323e-17 -1 0
      outer loop
         vertex -0.017225 0.0899612 -0.020139
         vertex -0.0150492 0.0899612 -0.0162439
         vertex -0.0151458 0.0899612 -0.0161168
      endloop
   endfacet
   facet normal 6.12323e-17 -1 0
      outer loop
         vertex -0.017225 0.0899612 -0.020139
         vertex -0.0140845 0.0899612 -0.0167554
         vertex -0.0142421 0.0899612 -0.0167295
      endloop
   endfacet
   facet normal 6.12323e-17 -1 0
      outer loop
         vertex -0.0136079 0.0899612 -0.0167295
         vertex -0.0137655 0.0899612 -0.0167554
         vertex -0.00895 0.0899612 -0.020139
      endloop
   endfacet
   facet normal 6.12323e-17 -1 0
      outer loop
         vertex -0.00895 0.0899612 -0.013664
         vertex -0.013454 0.0899612 -0.0138912
         vertex -0.0133057 0.0899612 -0.0139503
      endloop
   endfacet
   facet normal 6.12323e-17 -1 0
      outer loop
         vertex -0.0145443 0.0899612 -0.0139503
         vertex -0.014396 0.0899612 -0.0138912
         vertex -0.017225 0.0899612 -0.013664
      endloop
   endfacet
   facet normal 6.12323e-17 -1 0
      outer loop
         vertex -0.0151458 0.0899612 -0.0144613
         vertex -0.0150492 0.0899612 -0.0143341
         vertex -0.017225 0.0899612 -0.013664
      endloop
   endfacet
   facet normal 6.12323e-17 -1 0
      outer loop
         vertex -0.0151458 0.0899612 -0.0161168
         vertex -0.0152282 0.0899612 -0.0159799
         vertex -0.017225 0.0899612 -0.020139
      endloop
   endfacet
   facet normal 6.12323e-17 -1 0
      outer loop
         vertex -0.0145443 0.0899612 -0.0166277
         vertex -0.0146854 0.0899612 -0.0165529
         vertex -0.017225 0.0899612 -0.020139
      endloop
   endfacet
   facet normal 6.12323e-17 -1 0
      outer loop
         vertex -0.00895 0.0899612 -0.020139
         vertex -0.0130324 0.0899612 -0.0164633
         vertex -0.0131646 0.0899612 -0.0165529
      endloop
   endfacet
   facet normal 6.12323e-17 -1 0
      outer loop
         vertex -0.0133057 0.0899612 -0.0139503
         vertex -0.0131646 0.0899612 -0.0140252
         vertex -0.00895 0.0899612 -0.013664
      endloop
   endfacet
   facet normal 6.12323e-17 -1 0
      outer loop
         vertex -0.017225 0.0899612 -0.013664
         vertex -0.0148176 0.0899612 -0.0141148
         vertex -0.0146854 0.0899612 -0.0140252
      endloop
   endfacet
   facet normal 6.12323e-17 -1 0
      outer loop
         vertex -0.0153978 0.0899612 -0.0152092
         vertex -0.0153806 0.0899612 -0.0150504
         vertex -0.017225 0.0899612 -0.013664
      endloop
   endfacet
   facet normal 6.12323e-17 -1 0
      outer loop
         vertex -0.017225 0.0899612 -0.020139
         vertex -0.0148176 0.0899612 -0.0164633
         vertex -0.0149394 0.0899612 -0.0163599
      endloop
   endfacet
   facet normal 6.12323e-17 -1 0
      outer loop
         vertex -0.013925 0.0899612 -0.016764
         vertex -0.0140845 0.0899612 -0.0167554
         vertex -0.017225 0.0899612 -0.020139
      endloop
   endfacet
   facet normal 6.12323e-17 -1 0
      outer loop
         vertex -0.00895 0.0899612 -0.020139
         vertex -0.00895 0.0899612 -0.013664
         vertex -0.0124694 0.0899612 -0.0155276
      endloop
   endfacet
   facet normal 6.12323e-17 -1 0
      outer loop
         vertex -0.00895 0.0899612 -0.013664
         vertex -0.0125548 0.0899612 -0.0147431
         vertex -0.0125038 0.0899612 -0.0148944
      endloop
   endfacet
   facet normal 6.12323e-17 -1 0
      outer loop
         vertex -0.00895 0.0899612 -0.013664
         vertex -0.0128008 0.0899612 -0.0143341
         vertex -0.0127042 0.0899612 -0.0144613
      endloop
   endfacet
   facet normal 6.12323e-17 -1 0
      outer loop
         vertex -0.00895 0.0899612 -0.013664
         vertex -0.0130324 0.0899612 -0.0141148
         vertex -0.0129106 0.0899612 -0.0142182
      endloop
   endfacet
   facet normal 6.12323e-17 -1 0
      outer loop
         vertex -0.00895 0.0899612 -0.013664
         vertex -0.0136079 0.0899612 -0.0138485
         vertex -0.013454 0.0899612 -0.0138912
      endloop
   endfacet
   facet normal 6.12323e-17 -1 0
      outer loop
         vertex -0.00895 0.0899612 -0.013664
         vertex -0.017225 0.0899612 -0.013664
         vertex -0.013925 0.0899612 -0.013814
      endloop
   endfacet
   facet normal 6.12323e-17 -1 0
      outer loop
         vertex -0.017225 0.0899612 -0.013664
         vertex -0.0142421 0.0899612 -0.0138485
         vertex -0.0140845 0.0899612 -0.0138227
      endloop
   endfacet
   facet normal 6.12323e-17 -1 0
      outer loop
         vertex -0.0149394 0.0899612 -0.0142182
         vertex -0.0148176 0.0899612 -0.0141148
         vertex -0.017225 0.0899612 -0.013664
      endloop
   endfacet
   facet normal 6.12323e-17 -1 0
      outer loop
         vertex -0.0146854 0.0899612 -0.0165529
         vertex -0.0148176 0.0899612 -0.0164633
         vertex -0.017225 0.0899612 -0.020139
      endloop
   endfacet
   facet normal 6.12323e-17 -1 0
      outer loop
         vertex -0.00895 0.0899612 -0.020139
         vertex -0.0128008 0.0899612 -0.0162439
         vertex -0.0129106 0.0899612 -0.0163599
      endloop
   endfacet
   facet normal 6.12323e-17 -1 0
      outer loop
         vertex -0.00895 0.0899612 -0.020139
         vertex -0.0126218 0.0899612 -0.0159799
         vertex -0.0127042 0.0899612 -0.0161168
      endloop
   endfacet
   facet normal 6.12323e-17 -1 0
      outer loop
         vertex -0.0124694 0.0899612 -0.0155276
         vertex -0.0125038 0.0899612 -0.0156836
         vertex -0.00895 0.0899612 -0.020139
      endloop
   endfacet
   facet normal 6.12323e-17 -1 0
      outer loop
         vertex -0.00895 0.0899612 -0.013664
         vertex -0.0124522 0.0899612 -0.0152092
         vertex -0.0124522 0.0899612 -0.0153689
      endloop
   endfacet
   facet normal 6.12323e-17 -1 0
      outer loop
         vertex -0.0125038 0.0899612 -0.0148944
         vertex -0.0124694 0.0899612 -0.0150504
         vertex -0.00895 0.0899612 -0.013664
      endloop
   endfacet
   facet normal 6.12323e-17 -1 0
      outer loop
         vertex -0.0127042 0.0899612 -0.0144613
         vertex -0.0126218 0.0899612 -0.0145981
         vertex -0.00895 0.0899612 -0.013664
      endloop
   endfacet
   facet normal 6.12323e-17 -1 0
      outer loop
         vertex -0.0131646 0.0899612 -0.0140252
         vertex -0.0130324 0.0899612 -0.0141148
         vertex -0.00895 0.0899612 -0.013664
      endloop
   endfacet
   facet normal 6.12323e-17 -1 0
      outer loop
         vertex -0.013925 0.0899612 -0.013814
         vertex -0.0137655 0.0899612 -0.0138227
         vertex -0.00895 0.0899612 -0.013664
      endloop
   endfacet
   facet normal 6.12323e-17 -1 0
      outer loop
         vertex -0.014396 0.0899612 -0.0138912
         vertex -0.0142421 0.0899612 -0.0138485
         vertex -0.017225 0.0899612 -0.013664
      endloop
   endfacet
   facet normal 6.12323e-17 -1 0
      outer loop
         vertex -0.0129106 0.0899612 -0.0163599
         vertex -0.0130324 0.0899612 -0.0164633
         vertex -0.00895 0.0899612 -0.020139
      endloop
   endfacet
   facet normal 6.12323e-17 -1 0
      outer loop
         vertex -0.00895 0.0899612 -0.020139
         vertex -0.0125548 0.0899612 -0.015835
         vertex -0.0126218 0.0899612 -0.0159799
      endloop
   endfacet
   facet normal 6.12323e-17 -1 0
      outer loop
         vertex -0.0124522 0.0899612 -0.0153689
         vertex -0.0124694 0.0899612 -0.0155276
         vertex -0.00895 0.0899612 -0.013664
      endloop
   endfacet
   facet normal 6.12323e-17 -1 0
      outer loop
         vertex -0.0126218 0.0899612 -0.0145981
         vertex -0.0125548 0.0899612 -0.0147431
         vertex -0.00895 0.0899612 -0.013664
      endloop
   endfacet
   facet normal 6.12323e-17 -1 0
      outer loop
         vertex -0.0137655 0.0899612 -0.0138227
         vertex -0.0136079 0.0899612 -0.0138485
         vertex -0.00895 0.0899612 -0.013664
      endloop
   endfacet
   facet normal 6.12323e-17 -1 0
      outer loop
         vertex -0.0149394 0.0899612 -0.0163599
         vertex -0.0150492 0.0899612 -0.0162439
         vertex -0.017225 0.0899612 -0.020139
      endloop
   endfacet
   facet normal 6.12323e-17 -1 0
      outer loop
         vertex -0.0125038 0.0899612 -0.0156836
         vertex -0.0125548 0.0899612 -0.015835
         vertex -0.00895 0.0899612 -0.020139
      endloop
   endfacet
   facet normal 6.12323e-17 -1 0
      outer loop
         vertex -0.0129106 0.0899612 -0.0142182
         vertex -0.0128008 0.0899612 -0.0143341
         vertex -0.00895 0.0899612 -0.013664
      endloop
   endfacet
   facet normal 6.12323e-17 -1 0
      outer loop
         vertex -0.0127042 0.0899612 -0.0161168
         vertex -0.0128008 0.0899612 -0.0162439
         vertex -0.00895 0.0899612 -0.020139
      endloop
   endfacet
   facet normal 6.12323e-17 -1 0
      outer loop
         vertex -0.0140845 0.0899612 -0.0138227
         vertex -0.013925 0.0899612 -0.013814
         vertex -0.017225 0.0899612 -0.013664
      endloop
   endfacet
   facet normal 6.12323e-17 -1 0
      outer loop
         vertex 0.00975 0.0899612 -0.013664
         vertex 0.00975 0.0899612 -0.020139
         vertex 0.0116 0.0899612 -0.020139
      endloop
   endfacet
   facet normal 6.12323e-17 -1 0
      outer loop
         vertex 0.01905 0.0899612 -0.020139
         vertex 0.0142421 0.0899612 -0.0167295
         vertex 0.0140845 0.0899612 -0.0167554
      endloop
   endfacet
   facet normal 6.12323e-17 -1 0
      outer loop
         vertex 0.0116 0.0899612 -0.013664
         vertex 0.0125038 0.0899612 -0.0148944
         vertex 0.0125548 0.0899612 -0.0147431
      endloop
   endfacet
   facet normal 6.12323e-17 -1 0
      outer loop
         vertex 0.0116 0.0899612 -0.013664
         vertex 0.0124522 0.0899612 -0.0153689
         vertex 0.0124522 0.0899612 -0.0152092
      endloop
   endfacet
   facet normal 6.12323e-17 -1 0
      outer loop
         vertex 0.0116 0.0899612 -0.013664
         vertex 0.0116 0.0899612 -0.020139
         vertex 0.0124694 0.0899612 -0.0155276
      endloop
   endfacet
   facet normal 6.12323e-17 -1 0
      outer loop
         vertex 0.0116 0.0899612 -0.020139
         vertex 0.0126218 0.0899612 -0.0159799
         vertex 0.0125548 0.0899612 -0.015835
      endloop
   endfacet
   facet normal 6.12323e-17 -1 0
      outer loop
         vertex 0.0116 0.0899612 -0.020139
         vertex 0.013454 0.0899612 -0.0166868
         vertex 0.0133057 0.0899612 -0.0166277
      endloop
   endfacet
   facet normal 6.12323e-17 -1 0
      outer loop
         vertex 0.01905 0.0899612 -0.020139
         vertex 0.014396 0.0899612 -0.0166868
         vertex 0.0142421 0.0899612 -0.0167295
      endloop
   endfacet
   facet normal 6.12323e-17 -1 0
      outer loop
         vertex 0.01905 0.0899612 -0.020139
         vertex 0.0146854 0.0899612 -0.0165529
         vertex 0.0145443 0.0899612 -0.0166277
      endloop
   endfacet
   facet normal 6.12323e-17 -1 0
      outer loop
         vertex 0.0116 0.0899612 -0.013664
         vertex 0.0126218 0.0899612 -0.0145981
         vertex 0.0127042 0.0899612 -0.0144613
      endloop
   endfacet
   facet normal 6.12323e-17 -1 0
      outer loop
         vertex 0.0116 0.0899612 -0.013664
         vertex 0.0124694 0.0899612 -0.0150504
         vertex 0.0125038 0.0899612 -0.0148944
      endloop
   endfacet
   facet normal 6.12323e-17 -1 0
      outer loop
         vertex 0.0124694 0.0899612 -0.0155276
         vertex 0.0124522 0.0899612 -0.0153689
         vertex 0.0116 0.0899612 -0.013664
      endloop
   endfacet
   facet normal 6.12323e-17 -1 0
      outer loop
         vertex 0.0125548 0.0899612 -0.015835
         vertex 0.0125038 0.0899612 -0.0156836
         vertex 0.0116 0.0899612 -0.020139
      endloop
   endfacet
   facet normal 6.12323e-17 -1 0
      outer loop
         vertex 0.0116 0.0899612 -0.020139
         vertex 0.0136079 0.0899612 -0.0167295
         vertex 0.013454 0.0899612 -0.0166868
      endloop
   endfacet
   facet normal 6.12323e-17 -1 0
      outer loop
         vertex 0.0116 0.0899612 -0.020139
         vertex 0.0140845 0.0899612 -0.0167554
         vertex 0.013925 0.0899612 -0.016764
      endloop
   endfacet
   facet normal 6.12323e-17 -1 0
      outer loop
         vertex 0.0145443 0.0899612 -0.0166277
         vertex 0.014396 0.0899612 -0.0166868
         vertex 0.01905 0.0899612 -0.020139
      endloop
   endfacet
   facet normal 6.12323e-17 -1 0
      outer loop
         vertex 0.0116 0.0899612 -0.013664
         vertex 0.0131646 0.0899612 -0.0140252
         vertex 0.0133057 0.0899612 -0.0139503
      endloop
   endfacet
   facet normal 6.12323e-17 -1 0
      outer loop
         vertex 0.0116 0.0899612 -0.013664
         vertex 0.0128008 0.0899612 -0.0143341
         vertex 0.0129106 0.0899612 -0.0142182
      endloop
   endfacet
   facet normal 6.12323e-17 -1 0
      outer loop
         vertex 0.0125548 0.0899612 -0.0147431
         vertex 0.0126218 0.0899612 -0.0145981
         vertex 0.0116 0.0899612 -0.013664
      endloop
   endfacet
   facet normal 6.12323e-17 -1 0
      outer loop
         vertex 0.0125038 0.0899612 -0.0156836
         vertex 0.0124694 0.0899612 -0.0155276
         vertex 0.0116 0.0899612 -0.020139
      endloop
   endfacet
   facet normal 6.12323e-17 -1 0
      outer loop
         vertex 0.0116 0.0899612 -0.020139
         vertex 0.0128008 0.0899612 -0.0162439
         vertex 0.0127042 0.0899612 -0.0161168
      endloop
   endfacet
   facet normal 6.12323e-17 -1 0
      outer loop
         vertex 0.0116 0.0899612 -0.020139
         vertex 0.0137655 0.0899612 -0.0167554
         vertex 0.0136079 0.0899612 -0.0167295
      endloop
   endfacet
   facet normal 6.12323e-17 -1 0
      outer loop
         vertex 0.0140845 0.0899612 -0.0167554
         vertex 0.0116 0.0899612 -0.020139
         vertex 0.01905 0.0899612 -0.020139
      endloop
   endfacet
   facet normal 6.12323e-17 -1 0
      outer loop
         vertex 0.01905 0.0899612 -0.013664
         vertex 0.014396 0.0899612 -0.0138912
         vertex 0.0145443 0.0899612 -0.0139503
      endloop
   endfacet
   facet normal 6.12323e-17 -1 0
      outer loop
         vertex 0.0133057 0.0899612 -0.0139503
         vertex 0.013454 0.0899612 -0.0138912
         vertex 0.0116 0.0899612 -0.013664
      endloop
   endfacet
   facet normal 6.12323e-17 -1 0
      outer loop
         vertex 0.0127042 0.0899612 -0.0144613
         vertex 0.0128008 0.0899612 -0.0143341
         vertex 0.0116 0.0899612 -0.013664
      endloop
   endfacet
   facet normal 6.12323e-17 -1 0
      outer loop
         vertex 0.0127042 0.0899612 -0.0161168
         vertex 0.0126218 0.0899612 -0.0159799
         vertex 0.0116 0.0899612 -0.020139
      endloop
   endfacet
   facet normal 6.12323e-17 -1 0
      outer loop
         vertex 0.0133057 0.0899612 -0.0166277
         vertex 0.0131646 0.0899612 -0.0165529
         vertex 0.0116 0.0899612 -0.020139
      endloop
   endfacet
   facet normal 6.12323e-17 -1 0
      outer loop
         vertex 0.01905 0.0899612 -0.020139
         vertex 0.0148176 0.0899612 -0.0164633
         vertex 0.0146854 0.0899612 -0.0165529
      endloop
   endfacet
   facet normal 6.12323e-17 -1 0
      outer loop
         vertex 0.0145443 0.0899612 -0.0139503
         vertex 0.0146854 0.0899612 -0.0140252
         vertex 0.01905 0.0899612 -0.013664
      endloop
   endfacet
   facet normal 6.12323e-17 -1 0
      outer loop
         vertex 0.0116 0.0899612 -0.013664
         vertex 0.0130324 0.0899612 -0.0141148
         vertex 0.0131646 0.0899612 -0.0140252
      endloop
   endfacet
   facet normal 6.12323e-17 -1 0
      outer loop
         vertex 0.0124522 0.0899612 -0.0152092
         vertex 0.0124694 0.0899612 -0.0150504
         vertex 0.0116 0.0899612 -0.013664
      endloop
   endfacet
   facet normal 6.12323e-17 -1 0
      outer loop
         vertex 0.0116 0.0899612 -0.020139
         vertex 0.0130324 0.0899612 -0.0164633
         vertex 0.0129106 0.0899612 -0.0163599
      endloop
   endfacet
   facet normal 6.12323e-17 -1 0
      outer loop
         vertex 0.013925 0.0899612 -0.016764
         vertex 0.0137655 0.0899612 -0.0167554
         vertex 0.0116 0.0899612 -0.020139
      endloop
   endfacet
   facet normal 6.12323e-17 -1 0
      outer loop
         vertex 0.01905 0.0899612 -0.020139
         vertex 0.01905 0.0899612 -0.013664
         vertex 0.0153806 0.0899612 -0.0155276
      endloop
   endfacet
   facet normal 6.12323e-17 -1 0
      outer loop
         vertex 0.01905 0.0899612 -0.013664
         vertex 0.0152952 0.0899612 -0.0147431
         vertex 0.0153462 0.0899612 -0.0148944
      endloop
   endfacet
   facet normal 6.12323e-17 -1 0
      outer loop
         vertex 0.01905 0.0899612 -0.013664
         vertex 0.0150492 0.0899612 -0.0143341
         vertex 0.0151458 0.0899612 -0.0144613
      endloop
   endfacet
   facet normal 6.12323e-17 -1 0
      outer loop
         vertex 0.01905 0.0899612 -0.013664
         vertex 0.0148176 0.0899612 -0.0141148
         vertex 0.0149394 0.0899612 -0.0142182
      endloop
   endfacet
   facet normal 6.12323e-17 -1 0
      outer loop
         vertex 0.01905 0.0899612 -0.013664
         vertex 0.0142421 0.0899612 -0.0138485
         vertex 0.014396 0.0899612 -0.0138912
      endloop
   endfacet
   facet normal 6.12323e-17 -1 0
      outer loop
         vertex 0.01905 0.0899612 -0.013664
         vertex 0.0116 0.0899612 -0.013664
         vertex 0.013925 0.0899612 -0.013814
      endloop
   endfacet
   facet normal 6.12323e-17 -1 0
      outer loop
         vertex 0.0116 0.0899612 -0.013664
         vertex 0.0136079 0.0899612 -0.0138485
         vertex 0.0137655 0.0899612 -0.0138227
      endloop
   endfacet
   facet normal 6.12323e-17 -1 0
      outer loop
         vertex 0.0129106 0.0899612 -0.0142182
         vertex 0.0130324 0.0899612 -0.0141148
         vertex 0.0116 0.0899612 -0.013664
      endloop
   endfacet
   facet normal 6.12323e-17 -1 0
      outer loop
         vertex 0.0131646 0.0899612 -0.0165529
         vertex 0.0130324 0.0899612 -0.0164633
         vertex 0.0116 0.0899612 -0.020139
      endloop
   endfacet
   facet normal 6.12323e-17 -1 0
      outer loop
         vertex 0.01905 0.0899612 -0.020139
         vertex 0.0150492 0.0899612 -0.0162439
         vertex 0.0149394 0.0899612 -0.0163599
      endloop
   endfacet
   facet normal 6.12323e-17 -1 0
      outer loop
         vertex 0.01905 0.0899612 -0.020139
         vertex 0.0152282 0.0899612 -0.0159799
         vertex 0.0151458 0.0899612 -0.0161168
      endloop
   endfacet
   facet normal 6.12323e-17 -1 0
      outer loop
         vertex 0.0153806 0.0899612 -0.0155276
         vertex 0.0153462 0.0899612 -0.0156836
         vertex 0.01905 0.0899612 -0.020139
      endloop
   endfacet
   facet normal 6.12323e-17 -1 0
      outer loop
         vertex 0.01905 0.0899612 -0.013664
         vertex 0.0153978 0.0899612 -0.0152092
         vertex 0.0153978 0.0899612 -0.0153689
      endloop
   endfacet
   facet normal 6.12323e-17 -1 0
      outer loop
         vertex 0.0153462 0.0899612 -0.0148944
         vertex 0.0153806 0.0899612 -0.0150504
         vertex 0.01905 0.0899612 -0.013664
      endloop
   endfacet
   facet normal 6.12323e-17 -1 0
      outer loop
         vertex 0.0151458 0.0899612 -0.0144613
         vertex 0.0152282 0.0899612 -0.0145981
         vertex 0.01905 0.0899612 -0.013664
      endloop
   endfacet
   facet normal 6.12323e-17 -1 0
      outer loop
         vertex 0.0146854 0.0899612 -0.0140252
         vertex 0.0148176 0.0899612 -0.0141148
         vertex 0.01905 0.0899612 -0.013664
      endloop
   endfacet
   facet normal 6.12323e-17 -1 0
      outer loop
         vertex 0.013925 0.0899612 -0.013814
         vertex 0.0140845 0.0899612 -0.0138227
         vertex 0.01905 0.0899612 -0.013664
      endloop
   endfacet
   facet normal 6.12323e-17 -1 0
      outer loop
         vertex 0.013454 0.0899612 -0.0138912
         vertex 0.0136079 0.0899612 -0.0138485
         vertex 0.0116 0.0899612 -0.013664
      endloop
   endfacet
   facet normal 6.12323e-17 -1 0
      outer loop
         vertex 0.0149394 0.0899612 -0.0163599
         vertex 0.0148176 0.0899612 -0.0164633
         vertex 0.01905 0.0899612 -0.020139
      endloop
   endfacet
   facet normal 6.12323e-17 -1 0
      outer loop
         vertex 0.01905 0.0899612 -0.020139
         vertex 0.0152952 0.0899612 -0.015835
         vertex 0.0152282 0.0899612 -0.0159799
      endloop
   endfacet
   facet normal 6.12323e-17 -1 0
      outer loop
         vertex 0.0153978 0.0899612 -0.0153689
         vertex 0.0153806 0.0899612 -0.0155276
         vertex 0.01905 0.0899612 -0.013664
      endloop
   endfacet
   facet normal 6.12323e-17 -1 0
      outer loop
         vertex 0.0152282 0.0899612 -0.0145981
         vertex 0.0152952 0.0899612 -0.0147431
         vertex 0.01905 0.0899612 -0.013664
      endloop
   endfacet
   facet normal 6.12323e-17 -1 0
      outer loop
         vertex 0.0140845 0.0899612 -0.0138227
         vertex 0.0142421 0.0899612 -0.0138485
         vertex 0.01905 0.0899612 -0.013664
      endloop
   endfacet
   facet normal 6.12323e-17 -1 0
      outer loop
         vertex 0.0129106 0.0899612 -0.0163599
         vertex 0.0128008 0.0899612 -0.0162439
         vertex 0.0116 0.0899612 -0.020139
      endloop
   endfacet
   facet normal 6.12323e-17 -1 0
      outer loop
         vertex 0.0153462 0.0899612 -0.0156836
         vertex 0.0152952 0.0899612 -0.015835
         vertex 0.01905 0.0899612 -0.020139
      endloop
   endfacet
   facet normal 6.12323e-17 -1 0
      outer loop
         vertex 0.0149394 0.0899612 -0.0142182
         vertex 0.0150492 0.0899612 -0.0143341
         vertex 0.01905 0.0899612 -0.013664
      endloop
   endfacet
   facet normal 6.12323e-17 -1 0
      outer loop
         vertex 0.0151458 0.0899612 -0.0161168
         vertex 0.0150492 0.0899612 -0.0162439
         vertex 0.01905 0.0899612 -0.020139
      endloop
   endfacet
   facet normal 6.12323e-17 -1 0
      outer loop
         vertex 0.0137655 0.0899612 -0.0138227
         vertex 0.013925 0.0899612 -0.013814
         vertex 0.0116 0.0899612 -0.013664
      endloop
   endfacet
   facet normal 6.12323e-17 -1 0
      outer loop
         vertex -0.01905 0.0899612 -0.010164
         vertex -0.01905 0.0899612 -0.013664
         vertex -0.017225 0.0899612 -0.013664
      endloop
   endfacet
   facet normal 6.12323e-17 -1 0
      outer loop
         vertex -0.017225 0.0899612 -0.010164
         vertex -0.017225 0.0899612 -0.013664
         vertex -0.00895 0.0899612 -0.013664
      endloop
   endfacet
   facet normal 6.12323e-17 -1 0
      outer loop
         vertex 0.00975 0.0899612 -0.010164
         vertex 0.00975 0.0899612 -0.013664
         vertex 0.0116 0.0899612 -0.013664
      endloop
   endfacet
   facet normal 6.12323e-17 -1 0
      outer loop
         vertex 0.0116 0.0899612 -0.010164
         vertex 0.0116 0.0899612 -0.013664
         vertex 0.01905 0.0899612 -0.013664
      endloop
   endfacet
   facet normal 6.12323e-17 -1 0
      outer loop
         vertex 0.00975 0.0899612 -0.032304
         vertex -0.0011 0.0899612 -0.032304
         vertex 0.00325 0.0899612 -0.041094
      endloop
   endfacet
   facet normal 6.12323e-17 -1 0
      outer loop
         vertex -0.0011 0.0899612 -0.044754
         vertex 0.00325 0.0899612 -0.044754
         vertex 0.00325 0.0899612 -0.041094
      endloop
   endfacet
   facet normal 6.12323e-17 -1 0
      outer loop
         vertex 0.00325 0.0899612 -0.041094
         vertex -0.0011 0.0899612 -0.032304
         vertex -0.0011 0.0899612 -0.044754
      endloop
   endfacet
   facet normal 6.12323e-17 -1 0
      outer loop
         vertex 0.0116 0.0899612 -0.044754
         vertex 0.0116 0.0899612 -0.032304
         vertex 0.01075 0.0899612 -0.041094
      endloop
   endfacet
   facet normal 6.12323e-17 -1 0
      outer loop
         vertex 0.00975 0.0899612 -0.032304
         vertex 0.00975 0.0899612 -0.041094
         vertex 0.01075 0.0899612 -0.041094
      endloop
   endfacet
   facet normal 6.12323e-17 -1 0
      outer loop
         vertex 0.01075 0.0899612 -0.041094
         vertex 0.0116 0.0899612 -0.032304
         vertex 0.00975 0.0899612 -0.032304
      endloop
   endfacet
   facet normal 6.12323e-17 -1 0
      outer loop
         vertex 0.00975 0.0899612 -0.048264
         vertex 0.0116 0.0899612 -0.048264
         vertex 0.01075 0.0899612 -0.044894
      endloop
   endfacet
   facet normal 6.12323e-17 -1 0
      outer loop
         vertex 0.0116 0.0899612 -0.044754
         vertex 0.01075 0.0899612 -0.044754
         vertex 0.01075 0.0899612 -0.044894
      endloop
   endfacet
   facet normal 6.12323e-17 -1 0
      outer loop
         vertex 0.01075 0.0899612 -0.044894
         vertex 0.0116 0.0899612 -0.048264
         vertex 0.0116 0.0899612 -0.044754
      endloop
   endfacet
   facet normal 6.12323e-17 -1 0
      outer loop
         vertex -0.0011 0.0899612 -0.044754
         vertex -0.0011 0.0899612 -0.048264
         vertex 0.00325 0.0899612 -0.044894
      endloop
   endfacet
   facet normal 6.12323e-17 -1 0
      outer loop
         vertex 0.00975 0.0899612 -0.048264
         vertex 0.00975 0.0899612 -0.044894
         vertex 0.00325 0.0899612 -0.044894
      endloop
   endfacet
   facet normal 6.12323e-17 -1 0
      outer loop
         vertex 0.00325 0.0899612 -0.044894
         vertex -0.0011 0.0899612 -0.048264
         vertex 0.00975 0.0899612 -0.048264
      endloop
   endfacet
   facet normal 6.12323e-17 -1 0
      outer loop
         vertex 0.00875 0.0899612 -0.013664
         vertex 0.00875 0.0899612 -0.020139
         vertex 0.00975 0.0899612 -0.020139
      endloop
   endfacet
   facet normal 6.12323e-17 -1 0
      outer loop
         vertex -0.0011 0.0899612 -0.032304
         vertex 0.00975 0.0899612 -0.032304
         vertex 0.00875 0.0899612 -0.023514
      endloop
   endfacet
   facet normal 6.12323e-17 -1 0
      outer loop
         vertex 0.00975 0.0899612 -0.020139
         vertex 0.00875 0.0899612 -0.020139
         vertex 0.00875 0.0899612 -0.023514
      endloop
   endfacet
   facet normal 6.12323e-17 -1 0
      outer loop
         vertex 0.00875 0.0899612 -0.023514
         vertex 0.00975 0.0899612 -0.032304
         vertex 0.00975 0.0899612 -0.020139
      endloop
   endfacet
   facet normal 6.12323e-17 -1 0
      outer loop
         vertex -0.00895 0.0899612 -0.020139
         vertex -0.00895 0.0899612 -0.032304
         vertex -0.00545 0.0899612 -0.023514
      endloop
   endfacet
   facet normal 6.12323e-17 -1 0
      outer loop
         vertex -0.0011 0.0899612 -0.032304
         vertex -0.0011 0.0899612 -0.023514
         vertex -0.00545 0.0899612 -0.023514
      endloop
   endfacet
   facet normal 6.12323e-17 -1 0
      outer loop
         vertex -0.00545 0.0899612 -0.023514
         vertex -0.00895 0.0899612 -0.032304
         vertex -0.0011 0.0899612 -0.032304
      endloop
   endfacet
   facet normal 6.12323e-17 -1 0
      outer loop
         vertex -0.00895 0.0899612 -0.013664
         vertex -0.00895 0.0899612 -0.020139
         vertex -0.00545 0.0899612 -0.020139
      endloop
   endfacet
   facet normal 6.12323e-17 -1 0
      outer loop
         vertex -0.0011 0.0899612 -0.010164
         vertex -0.00895 0.0899612 -0.010164
         vertex -0.00545 0.0899612 -0.013514
      endloop
   endfacet
   facet normal 6.12323e-17 -1 0
      outer loop
         vertex -0.00895 0.0899612 -0.013664
         vertex -0.00545 0.0899612 -0.013664
         vertex -0.00545 0.0899612 -0.013514
      endloop
   endfacet
   facet normal 6.12323e-17 -1 0
      outer loop
         vertex -0.00545 0.0899612 -0.013514
         vertex -0.00895 0.0899612 -0.010164
         vertex -0.00895 0.0899612 -0.013664
      endloop
   endfacet
   facet normal 6.12323e-17 -1 0
      outer loop
         vertex 0.00975 0.0899612 -0.013664
         vertex 0.00975 0.0899612 -0.010164
         vertex 0.00875 0.0899612 -0.013514
      endloop
   endfacet
   facet normal 6.12323e-17 -1 0
      outer loop
         vertex -0.0011 0.0899612 -0.010164
         vertex -0.0011 0.0899612 -0.013514
         vertex 0.00875 0.0899612 -0.013514
      endloop
   endfacet
   facet normal 6.12323e-17 -1 0
      outer loop
         vertex 0.00875 0.0899612 -0.013514
         vertex 0.00975 0.0899612 -0.010164
         vertex -0.0011 0.0899612 -0.010164
      endloop
   endfacet
   facet normal 6.12323e-17 -1 0
      outer loop
         vertex 0.00875 0.0899612 -0.013514
         vertex 0.00875 0.0899612 -0.013664
         vertex 0.00975 0.0899612 -0.013664
      endloop
   endfacet
   facet normal 6.12323e-17 -1 0
      outer loop
         vertex -0.00545 0.0899612 -0.013514
         vertex -0.0011 0.0899612 -0.013514
         vertex -0.0011 0.0899612 -0.010164
      endloop
   endfacet
   facet normal 6.12323e-17 -1 0
      outer loop
         vertex -0.00545 0.0899612 -0.020139
         vertex -0.00545 0.0899612 -0.013664
         vertex -0.00895 0.0899612 -0.013664
      endloop
   endfacet
   facet normal 6.12323e-17 -1 0
      outer loop
         vertex -0.00545 0.0899612 -0.023514
         vertex -0.00545 0.0899612 -0.020139
         vertex -0.00895 0.0899612 -0.020139
      endloop
   endfacet
   facet normal 6.12323e-17 -1 0
      outer loop
         vertex 0.00875 0.0899612 -0.023514
         vertex -0.0011 0.0899612 -0.023514
         vertex -0.0011 0.0899612 -0.032304
      endloop
   endfacet
   facet normal 6.12323e-17 -1 0
      outer loop
         vertex 0.00975 0.0899612 -0.020139
         vertex 0.00975 0.0899612 -0.013664
         vertex 0.00875 0.0899612 -0.013664
      endloop
   endfacet
   facet normal 6.12323e-17 -1 0
      outer loop
         vertex 0.00325 0.0899612 -0.044894
         vertex 0.00325 0.0899612 -0.044754
         vertex -0.0011 0.0899612 -0.044754
      endloop
   endfacet
   facet normal 6.12323e-17 -1 0
      outer loop
         vertex 0.01075 0.0899612 -0.044894
         vertex 0.00975 0.0899612 -0.044894
         vertex 0.00975 0.0899612 -0.048264
      endloop
   endfacet
   facet normal 6.12323e-17 -1 0
      outer loop
         vertex 0.01075 0.0899612 -0.041094
         vertex 0.01075 0.0899612 -0.044754
         vertex 0.0116 0.0899612 -0.044754
      endloop
   endfacet
   facet normal 6.12323e-17 -1 0
      outer loop
         vertex 0.00325 0.0899612 -0.041094
         vertex 0.00975 0.0899612 -0.041094
         vertex 0.00975 0.0899612 -0.032304
      endloop
   endfacet
   facet normal 6.12323e-17 -1 0
      outer loop
         vertex 0.01905 0.0899612 -0.013664
         vertex 0.01905 0.0899612 -0.010164
         vertex 0.0116 0.0899612 -0.010164
      endloop
   endfacet
   facet normal 6.12323e-17 -1 0
      outer loop
         vertex 0.0116 0.0899612 -0.013664
         vertex 0.0116 0.0899612 -0.010164
         vertex 0.00975 0.0899612 -0.010164
      endloop
   endfacet
   facet normal 6.12323e-17 -1 0
      outer loop
         vertex -0.00895 0.0899612 -0.013664
         vertex -0.00895 0.0899612 -0.010164
         vertex -0.017225 0.0899612 -0.010164
      endloop
   endfacet
   facet normal 6.12323e-17 -1 0
      outer loop
         vertex -0.017225 0.0899612 -0.013664
         vertex -0.017225 0.0899612 -0.010164
         vertex -0.01905 0.0899612 -0.010164
      endloop
   endfacet
   facet normal 6.12323e-17 -1 0
      outer loop
         vertex 0.0153806 0.0899612 -0.0150504
         vertex 0.0153978 0.0899612 -0.0152092
         vertex 0.01905 0.0899612 -0.013664
      endloop
   endfacet
   facet normal 6.12323e-17 -1 0
      outer loop
         vertex 0.0116 0.0899612 -0.020139
         vertex 0.0116 0.0899612 -0.013664
         vertex 0.00975 0.0899612 -0.013664
      endloop
   endfacet
   facet normal 6.12323e-17 -1 0
      outer loop
         vertex -0.0124694 0.0899612 -0.0150504
         vertex -0.0124522 0.0899612 -0.0152092
         vertex -0.00895 0.0899612 -0.013664
      endloop
   endfacet
   facet normal 6.12323e-17 -1 0
      outer loop
         vertex -0.017225 0.0899612 -0.020139
         vertex -0.017225 0.0899612 -0.013664
         vertex -0.01905 0.0899612 -0.013664
      endloop
   endfacet
   facet normal 6.12323e-17 -1 0
      outer loop
         vertex 0.01905 0.0899612 -0.032304
         vertex 0.01905 0.0899612 -0.020139
         vertex 0.0116 0.0899612 -0.020139
      endloop
   endfacet
   facet normal 6.12323e-17 -1 0
      outer loop
         vertex 0.0116 0.0899612 -0.032304
         vertex 0.0116 0.0899612 -0.020139
         vertex 0.00975 0.0899612 -0.020139
      endloop
   endfacet
   facet normal 6.12323e-17 -1 0
      outer loop
         vertex -0.00895 0.0899612 -0.032304
         vertex -0.00895 0.0899612 -0.020139
         vertex -0.017225 0.0899612 -0.020139
      endloop
   endfacet
   facet normal 6.12323e-17 -1 0
      outer loop
         vertex -0.017225 0.0899612 -0.032304
         vertex -0.017225 0.0899612 -0.020139
         vertex -0.01905 0.0899612 -0.020139
      endloop
   endfacet
   facet normal 6.12323e-17 -1 0
      outer loop
         vertex 0.0153806 0.0899612 -0.0429004
         vertex 0.0153978 0.0899612 -0.0430592
         vertex 0.01905 0.0899612 -0.044754
      endloop
   endfacet
   facet normal 6.12323e-17 -1 0
      outer loop
         vertex -0.0011 0.0899612 -0.044754
         vertex -0.0011 0.0899612 -0.032304
         vertex -0.00895 0.0899612 -0.032304
      endloop
   endfacet
   facet normal 6.12323e-17 -1 0
      outer loop
         vertex -0.0124694 0.0899612 -0.0429004
         vertex -0.0124522 0.0899612 -0.0430592
         vertex -0.00895 0.0899612 -0.044754
      endloop
   endfacet
   facet normal 6.12323e-17 -1 0
      outer loop
         vertex -0.017225 0.0899612 -0.044754
         vertex -0.017225 0.0899612 -0.032304
         vertex -0.01905 0.0899612 -0.032304
      endloop
   endfacet
   facet normal 6.12323e-17 -1 0
      outer loop
         vertex 0.01905 0.0899612 -0.048264
         vertex 0.01905 0.0899612 -0.044754
         vertex 0.0116 0.0899612 -0.044754
      endloop
   endfacet
   facet normal 6.12323e-17 -1 0
      outer loop
         vertex -0.0011 0.0899612 -0.048264
         vertex -0.0011 0.0899612 -0.044754
         vertex -0.00895 0.0899612 -0.044754
      endloop
   endfacet
   facet normal 6.12323e-17 -1 0
      outer loop
         vertex -0.00895 0.0899612 -0.048264
         vertex -0.00895 0.0899612 -0.044754
         vertex -0.017225 0.0899612 -0.044754
      endloop
   endfacet
   facet normal 6.12323e-17 -1 0
      outer loop
         vertex -0.017225 0.0899612 -0.048264
         vertex -0.017225 0.0899612 -0.044754
         vertex -0.01905 0.0899612 -0.044754
      endloop
   endfacet
   facet normal 0 0 1
      outer loop
         vertex 0.00325 0.0834612 -0.041094
         vertex 0.01075 0.0834612 -0.041094
         vertex 0.00975 0.0899612 -0.041094
      endloop
   endfacet
   facet normal 0 0 1
      outer loop
         vertex 0.01075 0.0834612 -0.041094
         vertex 0.01075 0.0899612 -0.041094
         vertex 0.00975 0.0899612 -0.041094
      endloop
   endfacet
   facet normal 0 0 1
      outer loop
         vertex 0.00975 0.0899612 -0.041094
         vertex 0.00325 0.0899612 -0.041094
         vertex 0.00325 0.0834612 -0.041094
      endloop
   endfacet
   facet normal -1 -6.12323e-17 0
      outer loop
         vertex 0.00325 0.0834612 -0.041094
         vertex 0.00325 0.0899612 -0.041094
         vertex 0.00325 0.0899612 -0.044754
      endloop
   endfacet
   facet normal -1 -6.12323e-17 0
      outer loop
         vertex 0.00325 0.0899612 -0.044754
         vertex 0.00325 0.0834612 -0.044894
         vertex 0.00325 0.0834612 -0.041094
      endloop
   endfacet
   facet normal -1 -6.12323e-17 0
      outer loop
         vertex 0.00325 0.0899612 -0.044754
         vertex 0.00325 0.0899612 -0.044894
         vertex 0.00325 0.0834612 -0.044894
      endloop
   endfacet
   facet normal 0 0 -1
      outer loop
         vertex 0.00325 0.0834612 -0.044894
         vertex 0.00325 0.0899612 -0.044894
         vertex 0.00975 0.0899612 -0.044894
      endloop
   endfacet
   facet normal 0 0 -1
      outer loop
         vertex 0.00975 0.0899612 -0.044894
         vertex 0.01075 0.0834612 -0.044894
         vertex 0.00325 0.0834612 -0.044894
      endloop
   endfacet
   facet normal 0 0 -1
      outer loop
         vertex 0.00975 0.0899612 -0.044894
         vertex 0.01075 0.0899612 -0.044894
         vertex 0.01075 0.0834612 -0.044894
      endloop
   endfacet
   facet normal 1 6.12323e-17 0
      outer loop
         vertex 0.01075 0.0834612 -0.041094
         vertex 0.01075 0.0834612 -0.044894
         vertex 0.01075 0.0899612 -0.044754
      endloop
   endfacet
   facet normal 1 6.12323e-17 0
      outer loop
         vertex 0.01075 0.0834612 -0.044894
         vertex 0.01075 0.0899612 -0.044894
         vertex 0.01075 0.0899612 -0.044754
      endloop
   endfacet
   facet normal 1 6.12323e-17 0
      outer loop
         vertex 0.01075 0.0899612 -0.044754
         vertex 0.01075 0.0899612 -0.041094
         vertex 0.01075 0.0834612 -0.041094
      endloop
   endfacet
   facet normal 6.12323e-17 -1 0
      outer loop
         vertex 0.01075 0.0834612 -0.044894
         vertex 0.01075 0.0834612 -0.041094
         vertex 0.00325 0.0834612 -0.041094
      endloop
   endfacet
   facet normal 6.12323e-17 -1 0
      outer loop
         vertex 0.00325 0.0834612 -0.041094
         vertex 0.00325 0.0834612 -0.044894
         vertex 0.01075 0.0834612 -0.044894
      endloop
   endfacet
   facet normal 0 0 -1
      outer loop
         vertex 0.00875 0.0834612 -0.023514
         vertex -0.00545 0.0834612 -0.023514
         vertex -0.0011 0.0899612 -0.023514
      endloop
   endfacet
   facet normal 0 0 -1
      outer loop
         vertex -0.00545 0.0834612 -0.023514
         vertex -0.00545 0.0899612 -0.023514
         vertex -0.0011 0.0899612 -0.023514
      endloop
   endfacet
   facet normal 0 0 -1
      outer loop
         vertex -0.0011 0.0899612 -0.023514
         vertex 0.00875 0.0899612 -0.023514
         vertex 0.00875 0.0834612 -0.023514
      endloop
   endfacet
   facet normal 1 6.12323e-17 0
      outer loop
         vertex 0.00875 0.0834612 -0.013514
         vertex 0.00875 0.0834612 -0.023514
         vertex 0.00875 0.0899612 -0.020139
      endloop
   endfacet
   facet normal 1 6.12323e-17 0
      outer loop
         vertex 0.00875 0.0899612 -0.020139
         vertex 0.00875 0.0899612 -0.013664
         vertex 0.00875 0.0834612 -0.013514
      endloop
   endfacet
   facet normal 1 6.12323e-17 0
      outer loop
         vertex 0.00875 0.0834612 -0.023514
         vertex 0.00875 0.0899612 -0.023514
         vertex 0.00875 0.0899612 -0.020139
      endloop
   endfacet
   facet normal 1 6.12323e-17 0
      outer loop
         vertex 0.00875 0.0899612 -0.013664
         vertex 0.00875 0.0899612 -0.013514
         vertex 0.00875 0.0834612 -0.013514
      endloop
   endfacet
   facet normal 0 0 1
      outer loop
         vertex 0.00875 0.0834612 -0.013514
         vertex 0.00875 0.0899612 -0.013514
         vertex -0.0011 0.0899612 -0.013514
      endloop
   endfacet
   facet normal 0 0 1
      outer loop
         vertex -0.0011 0.0899612 -0.013514
         vertex -0.00545 0.0834612 -0.013514
         vertex 0.00875 0.0834612 -0.013514
      endloop
   endfacet
   facet normal 0 0 1
      outer loop
         vertex -0.0011 0.0899612 -0.013514
         vertex -0.00545 0.0899612 -0.013514
         vertex -0.00545 0.0834612 -0.013514
      endloop
   endfacet
   facet normal -1 -6.12323e-17 0
      outer loop
         vertex -0.00545 0.0834612 -0.013514
         vertex -0.00545 0.0899612 -0.013664
         vertex -0.00545 0.0899612 -0.020139
      endloop
   endfacet
   facet normal -1 -6.12323e-17 0
      outer loop
         vertex -0.00545 0.0899612 -0.020139
         vertex -0.00545 0.0834612 -0.023514
         vertex -0.00545 0.0834612 -0.013514
      endloop
   endfacet
   facet normal -1 -6.12323e-17 0
      outer loop
         vertex -0.00545 0.0834612 -0.013514
         vertex -0.00545 0.0899612 -0.013514
         vertex -0.00545 0.0899612 -0.013664
      endloop
   endfacet
   facet normal -1 -6.12323e-17 0
      outer loop
         vertex -0.00545 0.0899612 -0.020139
         vertex -0.00545 0.0899612 -0.023514
         vertex -0.00545 0.0834612 -0.023514
      endloop
   endfacet
   facet normal 6.12323e-17 -1 0
      outer loop
         vertex -0.00545 0.0834612 -0.013514
         vertex -0.00545 0.0834612 -0.023514
         vertex 0.00875 0.0834612 -0.023514
      endloop
   endfacet
   facet normal 6.12323e-17 -1 0
      outer loop
         vertex 0.00875 0.0834612 -0.023514
         vertex 0.00875 0.0834612 -0.013514
         vertex -0.00545 0.0834612 -0.013514
      endloop
   endfacet
endsolid Part 1. Units = meters